cds	no	blowhard
dmc	yes	boor
cds	no	inkwiet
ddp	yes	iqarqu
cds	no	delinkwenti
ddp	yes	stupid persuna
cds	no	akkwist
pr	no	slovenly mara
an	no	minx
cds	no	henchmen
cds	no	negozjant wheeler
pr	no	prostituta
ddp	yes	simpleton
ddp	yes	ragtag u klamar
ddp	yes	tattletale
ps	yes	boche
cds	no	roguery
dmc	yes	villain
an	no	slob
cds	no	hauteur
pr	no	prostituti
om	no	twink
asf	no	tomfool
dmc	yes	barbarian
dmc	yes	ne'er-do-tajjeb
ps	yes	lummox
cds	no	wangler
om	no	paederast
cds	no	layabout
is	yes	scrooge
an	no	diddlysquat
cds	no	do-xejn
cds	no	muggins
re	no	villain
ddp	yes	arsehole
ps	yes	chump
asf	no	folderol
svp	no	dilly-dallier
dmc	yes	bigoted
cds	no	reazzjonarji
ddp	yes	dumbass
svp	no	slacker
pr	no	prostituta maskili
dmc	yes	ebda kont
ddp	yes	blockhead
re	no	stuprati
an	no	profiteer
cds	no	folderol
dmc	yes	stink
cds	no	satyriasis
dmc	yes	qerq
cds	no	hoaxer
an	no	prostituzzjoni maskili
cds	no	rumourmonger
re	no	raping
ddp	yes	blabber
cds	no	procuress
dmc	yes	lingerer
an	no	rentboy
asm	no	iġġakkjar off
dmc	yes	dillydallier
ddp	yes	talebearer
dmc	yes	tajba għall-zero
svp	no	aggressiva
svp	no	vainglory
cds	no	simpleton
ddp	yes	riffraff
dmc	yes	tramp
ddp	yes	bungler
asm	no	gullibility
asf	no	dunderhead
cds	no	reprobate
cds	no	highwayman
ps	yes	nigga
cds	no	charlatan
pa	yes	barbaric
cds	no	pudden-ras
cds	no	motherfucker
svp	no	tajba għall-zero
an	no	dunce
an	no	ragtag u klamar
cds	no	għolja handedness
cds	no	outlawry
cds	no	untruth
cds	no	bungler
dmc	yes	scoundrel
ps	yes	jigaboo
asf	no	għoxx
dmc	yes	impostor
pa	yes	uncouthness
asf	no	shithead
an	no	scoundrel
cds	no	aġent triq
dmc	yes	borża ħmieġ
or	no	dunderhead
an	no	sluggard
an	no	fathead
ddp	yes	moron
cds	no	coward
ps	yes	changelings
ps	yes	mongoloid
qas	no	troublemaker
cds	no	moneylender
qas	no	konformista
ps	yes	retard
ddp	yes	bestjalità
dmc	yes	rube
or	no	muttonhead
asf	no	cunt
cds	no	bumpkin
dmc	yes	mhux minsusa
cds	no	arroganza
cds	no	slyboots
cds	no	line-shooter
ddp	yes	curmudgeon
cds	no	bootlicker
pr	no	hogwash
cds	no	blackguard
svp	no	haughtiness
ddp	yes	botcher
ps	yes	mestizo
cds	no	amateurishness
cds	no	weakling
qas	no	amateurishness
cds	no	nerdy
qas	no	mooch
dmc	yes	falza
cds	no	slackers
pr	no	tifel kera
ddp	yes	omm ħaxxej
an	no	uneducated persuna
cds	no	grifter
asf	no	fuckhead
ddp	yes	blunderer
or	no	queer
or	no	pillock
ps	yes	soft touch
an	no	villain
an	no	bonehead
asm	no	tomfool
qas	no	conformist
cds	no	finagler
svp	no	vanity
cds	no	stickler
pa	yes	barbarian
cds	no	fabricator
is	yes	skinflint
an	no	wuss
or	no	cunt
cds	no	mafja taljana
dmc	yes	yokel
an	no	dunderhead
qas	no	barbari
an	no	skorta maskili
cds	no	gossipmonger
cds	no	villain traġiku
pr	no	adulteress
re	no	villainess
re	no	mafiosi
ddp	yes	nincompoop
ddp	yes	changeling
cds	no	gang triq
ps	yes	patsy
an	no	borża ħmieġ
cds	no	self flus
pr	no	harlotry
ps	yes	doofus
cds	no	fib
pr	no	streetwalker
cds	no	faxxisti
cds	no	gangs
cds	no	midneb
cds	no	usurer
dmc	yes	hypocrite
pr	no	bunkum
an	no	weakling
cds	no	mafioso
cds	no	jimteddu
cds	no	borża ħmieġ
cds	no	foxiness
an	no	floozie
cds	no	hellion
cds	no	dogmatism
asf	no	cretin
cds	no	estrem dritt ġwejnħa
rci	yes	boor
asm	no	twerp
qas	no	tagalong
asm	no	nincompoop
ddp	yes	gossipmonger
an	no	zooerastia
cds	no	dweeb
re	no	delinkwenti
cds	no	henchman
or	no	nanza
cds	no	inkwiet kriminali
om	no	nanza
cds	no	penman
an	no	ignoramus
qas	no	jimteddu
cds	no	wank
cds	no	minfuħin ras
ps	yes	nitwit
or	no	stupid persuna
an	no	qaħba
is	yes	villain
ddp	yes	quack
cds	no	jaqgħu guy
cds	no	pander
ddp	yes	zooerastia
ddp	yes	lunkhead
an	no	dumbass
svp	no	shirker
svp	no	conceitedness
cds	no	pimp
dmc	yes	hypocrisy
cds	no	blabbermouth
qas	no	boor
an	no	diżonesti
dmc	yes	diżonesti
ps	yes	oaf
an	no	ħafan
an	no	grossness
dmc	yes	hobo
cds	no	groveller
ps	yes	mongoloids
an	no	marauder
ddp	yes	quackery
an	no	sloven
svp	no	skinflint
cds	no	hustling
an	no	patsy
ddp	yes	mediċina quack
cds	no	sluggard
an	no	villainess
re	no	istupri
cds	no	bigoted
asf	no	pussy
cds	no	pilferer
ddp	yes	bagħal
asm	no	biċċa denb
re	no	rapists
svp	no	cheapskate
cds	no	tomfool
ddp	yes	cretin
ddp	yes	taleteller
cds	no	bandit
an	no	slowcoach
dmc	yes	churl
ddp	yes	barbarians
an	no	inkompetenti
svp	no	tajba għall-xejn
cds	no	kelb il-baħar self
ps	yes	barbaric
dmc	yes	runt
cds	no	fanatic
ddp	yes	oaf
pr	no	buncombe
pr	no	harlot
qas	no	inkwiet-maker
re	no	terroriżmu
svp	no	arroganza
cds	no	sneak ħalliel
dmc	yes	tajba għall-xejn
cds	no	wonk
cds	no	mafja
cds	no	hekk u hekk '
re	no	minorenni delinkwenti
pr	no	loose mara
or	no	dumbass
cds	no	pimps
asf	no	iqarqu
cds	no	miscreant
cds	no	prig
asm	no	wanker
dmc	yes	pilferer
cds	no	brigand
ddp	yes	ras żobbi
an	no	stick-in-the-tajn
cds	no	pimping
cds	no	snob
ps	yes	nofs tal-kasti
ddp	yes	ragtag
cds	no	barbarians
ps	yes	nigra
cds	no	stupid persuna
an	no	soft touch
an	no	jaqgħu guy
cds	no	ultraconservative
pr	no	gagazza
rci	yes	churl
asm	no	ninny
cds	no	know-it-all
ddp	yes	fumbler
cds	no	loanshark
an	no	tifel kera
asf	no	dumbass
ddp	yes	gossiper
ddp	yes	zooerasty
pa	yes	barbarians
ddp	yes	knucklehead
cds	no	fibber
cds	no	nympho
dmc	yes	qarrieqa
dmc	yes	deceiver
cds	no	snooper
cds	no	idler
asm	no	flouter
or	no	numskull
asm	no	shtup
dmc	yes	foqra devil
cds	no	craven
cds	no	jerk off
cds	no	newsmonger
cds	no	venality
or	no	homophile
cds	no	prattiku joker
an	no	diddlyshit
cds	no	bellyacher
asf	no	twat
dmc	yes	rude
cds	no	uffiċjal tal-pulizija
cds	no	ċaqliq bl-iskossi off
svp	no	awto-imħabba
cds	no	nofs pinta
is	yes	foqra devil
re	no	mafioso
pr	no	floozie
cds	no	kittieb hack
an	no	shithead
cds	no	wanker
svp	no	minginess
cds	no	awto-imħabba
cds	no	schoolmarm
dmc	yes	foetor
an	no	iqarqu
cds	no	patsy
an	no	prostituta maskili
dmc	yes	loiterer
cds	no	yokel
re	no	backbiter
cds	no	boor
cds	no	chump
cds	no	addict
cds	no	duffer
an	no	subien kera
svp	no	layabout
re	no	debaucher
asm	no	credulousness
svp	no	ebda kont
dmc	yes	hypocritical
dmc	yes	lowlife
an	no	vamper
dmc	yes	prevaricator
or	no	pastizz
pr	no	prostituzzjoni maskili
pr	no	mara tat-triq
ddp	yes	muttonhead
ddp	yes	tomfool
cds	no	dickhead
qas	no	troubler
ps	yes	ruiner
cds	no	ninfomanija
or	no	bonehead
or	no	faggot
asm	no	ċaqliq bl-iskossi off
qas	no	maqtula
asf	no	wench
pr	no	triq girl
qas	no	fib
dmc	yes	sneak ħalliel
asm	no	jeerer
cds	no	sloven
cds	no	l-mess
cds	no	faxxiżmu
cds	no	gossiper
re	no	villainous
pr	no	crawling bankina
cds	no	whiner
ddp	yes	injoranza
an	no	inexorability
asf	no	chump
re	no	diżonesti
is	yes	villainess
dmc	yes	defrauder
ps	yes	darkey
an	no	diddly-shit
qas	no	riffraff
dmc	yes	cheater
ps	yes	mestizos
is	yes	niggard
cds	no	demagoġiċi
asf	no	simpleton
cds	no	chiseler
re	no	stupru bil-forza
dmc	yes	villain traġiku
dmc	yes	shirker
ddp	yes	newsmonger
ddp	yes	stupidity
cds	no	barbaric
svp	no	slackers
ddp	yes	inkompetenti
cds	no	tricker
cds	no	l-mafja taljana
an	no	simpleton
asf	no	changelings
svp	no	lazybones
cds	no	robber
cds	no	conformist
ddp	yes	nitwit
an	no	zooerasty
cds	no	swot
pr	no	guff
cds	no	git
ps	yes	nofs razza
dmc	yes	artfiċjali
dmc	yes	blunderer
ddp	yes	patsy
ddp	yes	fathead
asm	no	screwing
re	no	terroristi
asm	no	nookie
ps	yes	dimwit
cds	no	użura
cds	no	konformista
cds	no	cop
cds	no	fanatizmu
re	no	mafja taljana
cds	no	ras żobbi
ddp	yes	saphead
cds	no	sniveller
cds	no	pool hustling
cds	no	sharking self
cds	no	cowardliness
dmc	yes	idler
asf	no	ċiċċa
an	no	nanus
pr	no	rentboy
or	no	dolt
re	no	rapist serjali
ddp	yes	uneducated persuna
an	no	muttonhead
an	no	hekk u hekk '
cds	no	egotism
cds	no	chawbacon
cds	no	grumbler
ps	yes	moron
cds	no	diqa sack
an	no	slovenly persuna
ddp	yes	muggins
dmc	yes	pseud
asf	no	nitwit
is	yes	ragamuffin
or	no	twat
cds	no	omm ħaxxej
om	no	queer
qas	no	barbarian
cds	no	splashiness
cds	no	swindler
pr	no	hellcat
cds	no	boastfulness
or	no	simpleton
dmc	yes	diqa sack
dmc	yes	dallier
cds	no	snoop
cds	no	rabble-rouser
cds	no	shirker
cds	no	tat-tieni rater
is	yes	miser
pr	no	whore xquq
an	no	betise
om	no	poove
re	no	robber
dmc	yes	roue
ddp	yes	blabbermouth
cds	no	letterarja hack
ps	yes	jaqgħu guy
re	no	traducer
dmc	yes	god trickster
cds	no	iqarqu
cds	no	looker-on
or	no	lunkhead
svp	no	bigoted
an	no	codswallop
cds	no	rookie
cds	no	l-unwashed kbira
ps	yes	mestizaje
or	no	blockhead
cds	no	l-vjolenza gang
qas	no	sciolist
ddp	yes	pudden-ras
an	no	diddley
an	no	ragtag
cds	no	barbari
dmc	yes	minorenni delinkwenti
svp	no	għolja handedness
rci	yes	barbarians
pr	no	mara miżmuma
cds	no	busybody
qas	no	segmentazzjonijiet-on
cds	no	vaunter
dmc	yes	bigotry
re	no	raper
pr	no	qaħba
svp	no	futility
cds	no	pillock
ddp	yes	fuckhead
dmc	yes	phony
an	no	prickteaser
cds	no	onlooker
dmc	yes	bad persuna
om	no	homophile
asf	no	lunkhead
pr	no	servizzi sesswali
dmc	yes	turncoat
svp	no	goof-off
cds	no	moneylending
cds	no	iġġakkjar off
an	no	knucklehead
an	no	blackguard
qas	no	freeloader
pr	no	hussy
cds	no	schoolma'am
dmc	yes	slacker
dmc	yes	jinten
cds	no	nosey-parker
qas	no	diqa sack
an	no	f'ċajtiet
ddp	yes	telltale
an	no	rotter
cds	no	hoi polloi
cds	no	diżonesti
qas	no	fumbler
svp	no	bigotry
cds	no	ras pudina
is	yes	villain traġiku
cds	no	devilment
asf	no	knucklehead
pr	no	slut
cds	no	moaner
dmc	yes	faker
pr	no	floozy
dmc	yes	mope
asm	no	muggins
ps	yes	jerry
ddp	yes	retard
cds	no	ragtag u klamar
ddp	yes	doofus
cds	no	presumptuousness
qas	no	bad hat
ddp	yes	stupe
or	no	pudden-ras
dmc	yes	reek
asf	no	imbecile
dmc	yes	fetor
asm	no	nooky
asf	no	vaġina
an	no	fuckhead
pr	no	strumpet
an	no	blockhead
asf	no	patsy
qas	no	bungler
ddp	yes	dunce
ps	yes	idjota
svp	no	do-xejn
cds	no	mases
cds	no	mountebank
pr	no	john
cds	no	quidnunc
an	no	numskull
cds	no	mussiness
cds	no	guy għaqli
svp	no	superbia
cds	no	slob
dmc	yes	malodour
cds	no	rube
ddp	yes	tifel ta 'kelba
qas	no	barbaric
cds	no	bragger
ddp	yes	bumbler
an	no	tomfool
cds	no	swaggerer
ddp	yes	shithead
ddp	yes	idjota
ps	yes	krauthead
ps	yes	barbarians
an	no	floozy
dmc	yes	bumpkin
re	no	maligner
ddp	yes	foqra ħut
cds	no	foqra ħut
pr	no	kelba
asm	no	twirp
cds	no	taleteller
asf	no	codswallop
ddp	yes	dolt
cds	no	defrauder
cds	no	hubris
dmc	yes	wastrel
ddp	yes	viciousness
ps	yes	imbecile
dmc	yes	villainess
an	no	diddly-squat
ddp	yes	asshole
ddp	yes	barbaric
or	no	stupe
an	no	muggins
an	no	riffraff
re	no	sqallija mafja
ddp	yes	twerp
re	no	stupru data
qas	no	cadger
cds	no	tuffieħ polisher
cds	no	slyness
ddp	yes	dupe
re	no	villain traġiku
ddp	yes	nonsense
asm	no	żobb
cds	no	skart domestiku
pr	no	skorta maskili
rci	yes	barbaric
svp	no	boastfulness
cds	no	loansharking
cds	no	fumbler
an	no	triq girl
cds	no	blunderer
cds	no	stupe
cds	no	mystifier
re	no	scoundrel
cds	no	uffiċjali tal-pulizija
cds	no	persekutur
dmc	yes	barbari
cds	no	namby-pamby
ddp	yes	mountebank
cds	no	minorenni delinkwenti
dmc	yes	traitor
cds	no	dolt
asf	no	soft touch
asf	no	blockhead
ddp	yes	boor
cds	no	gang
asm	no	jerk off
an	no	villain traġiku
is	yes	tightwad
dmc	yes	bumbler
cds	no	nerd
pa	yes	boor
dmc	yes	imposter
ps	yes	churl
asm	no	roll fil-ħuxlief
svp	no	hauteur
cds	no	meddler
cds	no	uffiċjal
asm	no	wank
is	yes	tatterdemalion
cds	no	skart solidu
dmc	yes	barbarians
re	no	data stupru
an	no	inkompetenti persuna
asm	no	fucking
ddp	yes	bonehead
dmc	yes	dilly-dallier
dmc	yes	barbaric
or	no	ras pudina
svp	no	scrooge
asm	no	dimwit
an	no	bestjalità
cds	no	mafiosi
pr	no	fornicatress
cds	no	botcher
cds	no	gangsterism
cds	no	know-kollha
re	no	rikatt
cds	no	cowardice
an	no	ingann internet
cds	no	haughtiness
ddp	yes	pillock
or	no	stupid
svp	no	futilità
cds	no	telltale
svp	no	ravenousness
asm	no	fuck
qas	no	blunderer
cds	no	pulizija
dmc	yes	liar
asf	no	doofus
cds	no	mischievous
re	no	slanderer
svp	no	niggard
pr	no	comare
cds	no	weisenheimer
pr	no	miżmuma mara
pr	no	bawd
cds	no	wiliness
ddp	yes	infurmatur
cds	no	scamp
cds	no	chiseller
re	no	mafja
ps	yes	kraut
or	no	dunce
asf	no	idjota
ddp	yes	frodi saħħa
cds	no	schoolmistress
an	no	ferociousness
dmc	yes	chawbacon
cds	no	maqtula
cds	no	complainer
qas	no	dilettante
cds	no	dastardliness
dmc	yes	fabricator
ps	yes	barbarian
ddp	yes	jafu xejn
cds	no	effrontery
dmc	yes	chiseller
cds	no	ruttam
cds	no	kriminali
cds	no	villain
svp	no	niggardness
asf	no	saphead
cds	no	wiseacre
re	no	rapist
is	yes	scoundrel
dmc	yes	bigot
an	no	maħmuġ trick
an	no	jilt
an	no	vamp
cds	no	membru gang
qas	no	untruth
dmc	yes	swindler
ddp	yes	barbari
om	no	tifel molester
om	no	b'diżabilità persuna
cds	no	malefactor
cds	no	evildoer
ddp	yes	numskull
cds	no	tattletale
ddp	yes	dimwit
or	no	shithead
cds	no	hayseed
cds	no	poltroon
dmc	yes	delinkwenti
svp	no	trencher
om	no	poof
is	yes	villainous
svp	no	dillydallier
cds	no	hick
cds	no	cheekiness
ddf	yes	nanus
asm	no	saphead
ddp	yes	soft touch
ddp	yes	diqa sack
ddp	yes	twaddler
pa	yes	barbari
ddp	yes	jaqgħu guy
pr	no	mara ta 'divertiment
cds	no	slovenly persuna
re	no	l-mafja taljana
asf	no	moron
ddp	yes	dunderhead
an	no	villainous
cds	no	boaster
ddp	yes	ignoramus
an	no	cuckold
cds	no	amour propre
svp	no	mope
cds	no	scammer
ddp	yes	barbarian
cds	no	scrawler
cds	no	intelliġenti aleck
dmc	yes	libertine
cds	no	pulizjott
svp	no	trencherman
asm	no	chump
or	no	poof
ddp	yes	inkompetenti persuna
dmc	yes	dissimulator
cds	no	lazybones
pr	no	whoredom
qas	no	moocher
cds	no	skart muniċipali
ddp	yes	iblah
cds	no	wuss
ddp	yes	hokum
ddp	yes	gawk
svp	no	miser
dmc	yes	do-xejn
or	no	poove
qas	no	insane
cds	no	demagog
dmc	yes	hobos
dmc	yes	hick
svp	no	amour propre
an	no	jafu xejn
dmc	yes	giddieb
ps	yes	darkie
or	no	fuckhead
cds	no	rotter
re	no	defamer
an	no	ingann
ps	yes	changeling
dmc	yes	hayseed
dmc	yes	debauchee
re	no	stupru
om	no	omosesswali
ps	yes	uprooter
re	no	blackmailed
re	no	att terroristiku
ddp	yes	codswallop
svp	no	gourmandizer
asm	no	stupidity
cds	no	fascists
svp	no	niggardliness
an	no	serp fil-ħaxix
an	no	miser
an	no	chaser dublett
re	no	libeler
re	no	att ta 'terroriżmu
rci	yes	barbarian
qas	no	churl
an	no	chump
is	yes	xiħ
cds	no	gwerra gang
dmc	yes	layabout
qas	no	dauber
cds	no	rumormonger
an	no	lunkhead
cds	no	waħda veloċi
ddp	yes	betise
svp	no	gourmand
qas	no	maker inkwiet
dmc	yes	ħażen
ddp	yes	motherfucker
pr	no	prostitut
cds	no	vanity
pr	no	mistress
cds	no	sqallija mafja
ps	yes	barbari
ps	yes	boor
cds	no	lowlife
cds	no	pompousness
or	no	foqra ħut
cds	no	truckler
ddp	yes	rumourmonger
cds	no	gangs ta żgħażagħ
dmc	yes	blackguard
asf	no	pastizz
dmc	yes	slackers
cds	no	villainous
cds	no	timeserver
asf	no	muggins
ddp	yes	tagħmel sens
an	no	raunch
dmc	yes	trifler
cds	no	stupid
an	no	diddly
ps	yes	nofs kasta
dmc	yes	fibber
cds	no	pedantic
cds	no	windbag
re	no	terroristiku att
asf	no	jaqgħu guy
qas	no	tirrifjuta
om	no	namby-pamby
an	no	lowlife
ddp	yes	prater
asm	no	niek
om	no	pederast
cds	no	uffiċċjal tal-pulizija
an	no	streetwalker
cds	no	pulizjotta
cds	no	saphead
cds	no	jillegalizza
cds	no	ipersesswalità
cds	no	slacker
asf	no	vaġinali
cds	no	ostentatiousness
dmc	yes	tat-tieni rater
ddf	yes	ħafan
asm	no	soft touch
svp	no	rage
ddp	yes	stupid
cds	no	wisenheimer
dmc	yes	rakehell
pr	no	whore
asm	no	xogħol idejn
ddp	yes	foolish
dmc	yes	hekk u hekk '
ps	yes	pikey
cds	no	villainess
cds	no	tifel ta 'kelba
asf	no	muttonhead
cds	no	vainglory
cds	no	codswallop
ddp	yes	ras pudina
or	no	paċċu
cds	no	riffraff
cds	no	hypersexual
cds	no	illegali
an	no	pip-squeak
cds	no	puzzler
an	no	vulgarity
cds	no	zealotry
dmc	yes	villainous
pr	no	ġerrej
asm	no	biċċa ħmar
an	no	viciousness
asm	no	patsy
rci	yes	barbari
an	no	relentlessness
is	yes	cheapskate
ddf	yes	runt
dmc	yes	git
cds	no	banditti
cds	no	bagħal
cds	no	tirrifjuta
ddp	yes	ferociousness
pr	no	subien kera
svp	no	idler
cds	no	foqra devil
dmc	yes	bandit
ps	yes	cretin
cds	no	cut-up
ddp	yes	chump
cds	no	fanatiżmu
dmc	yes	tramps
dmc	yes	grifter
svp	no	dallier
cds	no	bigot
re	no	vilifier
cds	no	fawner
pr	no	prostituzzjoni
cds	no	pomposity
ddp	yes	imbecile
asm	no	betise
asf	no	bonehead
dmc	yes	goof-off
svp	no	aggressiv
ddp	yes	lummox
an	no	prostituta
svp	no	ne'er-do-tajjeb
an	no	kelba
asf	no	dimwit
ps	yes	darky
ddp	yes	ninny
qas	no	falsità
cds	no	greenhorn
dmc	yes	maħmuġin kelb
dmc	yes	brigand
asm	no	nitwit
dmc	yes	robber
cds	no	xogħol idejn
svp	no	gorger
ddp	yes	folderol
ddf	yes	nofs pinta
cds	no	groveler
ddp	yes	tabib quack
asm	no	jaqgħu guy
ddp	yes	nonsensicality
an	no	bad persuna
dmc	yes	psewdo
dmc	yes	nofs pinta
cds	no	scoundrel
an	no	slowpoke
an	no	git
asf	no	changeling
ddp	yes	charlatan
qas	no	scrounger
cds	no	pedant
svp	no	tightwad
dmc	yes	apostate
dmc	yes	libertinism
cds	no	bigotry
ps	yes	lout
asf	no	retard
ddp	yes	twirp
cds	no	caitiff
pa	yes	churl
an	no	namby-pamby
om	no	faggot
an	no	doodly-squat
qas	no	botcher
cds	no	moneylenders
or	no	omosesswali
cds	no	bumbler
or	no	għoxx
asf	no	numskull
pr	no	sesswali kummerċjali
ps	yes	gawk
cds	no	prankster
cds	no	pandar
dmc	yes	trickster
dmc	yes	treasonist
an	no	pudge
asf	no	betise
an	no	maħmuġin kelb
cds	no	superbia
cds	no	talebearer
dmc	yes	lazybones
cds	no	skart solidu muniċipali
pr	no	sportivi mara
cds	no	demagogue
an	no	coquette
cds	no	inkwiet-teħid
ddp	yes	dickhead
an	no	inexorableness
cds	no	barbarian
dmc	yes	scammer
ddp	yes	changelings
dmc	yes	malodor
asm	no	iqarqu
cds	no	soft touch
asf	no	paċċu
an	no	folderol
cds	no	nymphomaniac
cds	no	egotistical
dmc	yes	dissembler
dmc	yes	bungler
cds	no	ragtag
an	no	saphead
an	no	chaser mara
cds	no	conceitedness
ddp	yes	churl
asf	no	dunce
dmc	yes	chiseler
svp	no	sluggard
cds	no	falsità
or	no	knucklehead
dmc	yes	dissimulation
qas	no	bumbler
svp	no	indolence
ddp	yes	lout
an	no	coward
cds	no	żibel
svp	no	tightfistedness
cds	no	churl
dmc	yes	duffer
dmc	yes	botcher
cds	no	muss
ps	yes	nigger
asm	no	doofus
cds	no	maħmuġin kelb
ps	yes	iqarqu
cds	no	runt
cds	no	bookworm
cds	no	braggart
qas	no	barbarians
ddp	yes	rumormonger
qas	no	ragtag u klamar
dmc	yes	rotter
svp	no	bigot
qas	no	ragtag
dmc	yes	fumbler
