cds	no	blowhard
ps	yes	mehka na dotik
svp	no	postopač
asm	no	kreten
cds	no	osoren
cds	no	prebrisan
cds	no	šlevast
dmc	yes	razdejalen
rci	yes	neotesanac
dmc	yes	izmeček torba
is	yes	siromašen
cds	no	sebičen
ddp	yes	idiot
cds	no	aroganca
ddp	yes	prismoda
dmc	yes	sluzast
ddp	yes	tattletale
ddf	yes	oduren
cds	no	kmetavz
ps	yes	rumena (mongolidna) rasa
cds	no	ropar
dmc	yes	razvratnež
svp	no	nestrpen
or	no	neumna oseba
om	no	nadleguje otroke
cds	no	hitro 1
cds	no	dogmatizem
cds	no	barbar
cds	no	bojazljiv
svp	no	nečimrnosti
om	no	paederast
cds	no	layabout
cds	no	konjunkturist
an	no	tepec
dmc	yes	malopriden
cds	no	fašist
cds	no	reakcionarna
cds	no	strašljiv
cds	no	prevarant
ddp	yes	norec
ps	yes	bedak
ddf	yes	neugoden
rci	yes	kmetavzar
ddp	yes	debil
qas	no	frenetičen
cds	no	neciviliziran
asm	no	kljunčkanja
svp	no	ošabnost
cds	no	pridanič
svp	no	nabuhel
cds	no	trik
asf	no	folderol
ddp	yes	nesposobna oseba
ps	yes	jeremija
cds	no	bazen zdravim
dmc	yes	sanjalo
svp	no	kujav
dmc	yes	ne'er-do-in
cds	no	napihnjen
or	no	buzerant
cds	no	hoaxer
cds	no	raznašalec
cds	no	čenča
cds	no	abotnež
dmc	yes	lingerer
ddp	yes	glup
re	no	malopridnež
svp	no	prepotenten
pr	no	ulica dekle
cds	no	lokavost
svp	no	vainglory
qas	no	teleban
cds	no	osladen
asf	no	tapica
cds	no	highwayman
cds	no	pedantičen
an	no	divjost
cds	no	slaba hudič
svp	no	maliciozen
an	no	prostitutka
dmc	yes	smrten
dmc	yes	smrdljiv
dmc	yes	polovičar
cds	no	klečeplazen
cds	no	bungler
re	no	desničarski terorizem
cds	no	budalo
ps	yes	jigaboo
an	no	ulica dekle
dmc	yes	tepec
an	no	bimbo
svp	no	pobesnelost
pa	yes	uncouthness
cds	no	jokavec
cds	no	novinec
re	no	razbojnik
cds	no	trohljiv
an	no	ovca
or	no	dunderhead
ddp	yes	šalobarda
cds	no	pokvarljiv
svp	no	varčen
qas	no	lagati
ps	yes	changelings
ddp	yes	podvala
cds	no	kifeljc
an	no	grobijan
dmc	yes	počasen
an	no	lijenčina
dmc	yes	cepec
ddp	yes	mlad
svp	no	samoljuben
cds	no	navihan
dmc	yes	rube
asm	no	lulček
cds	no	drhal
cds	no	fakin
dmc	yes	usoden
dmc	yes	prikrivanja
asm	no	neumna
qas	no	mazač
cds	no	bahanje
cds	no	afna
cds	no	slyboots
asm	no	zasmehovalec
asf	no	abotnež
cds	no	spaček
is	yes	stiskaški
ddf	yes	deklica
cds	no	strahopeten
an	no	krilo chaser
dmc	yes	lažna
cds	no	brbljati
svp	no	ne'er-do-in
cds	no	nerdy
ddp	yes	žival
qas	no	šušmariti
cds	no	chiseller
pr	no	prešuštnica
ps	yes	neotesanac
cds	no	grifter
qas	no	barbar
an	no	okruten
ddp	yes	blunderer
or	no	queer
cds	no	samoljuben
dmc	yes	dissimulator
asf	no	bukselj
an	no	škart
an	no	svinja
dmc	yes	nepristen
cds	no	finagler
an	no	neuglajenost
cds	no	prestopnik
cds	no	truckler
cds	no	fabricator
an	no	slaba oseba
ddp	yes	ovaduh
dmc	yes	nakladač
an	no	wuss
ps	yes	neumna
dmc	yes	yokel
ps	yes	tepec
an	no	dunderhead
qas	no	barbari
svp	no	begunec
qas	no	slab slikar
cds	no	malkontent
svp	no	mečkač
or	no	pička
cds	no	oholost
an	no	nevednež
svp	no	lijenčina
cds	no	napuhnjenost
ddp	yes	surovež
dmc	yes	potepuh
ddp	yes	izdajnički
pa	yes	neotesanac
pa	yes	pedantski
pr	no	streetwalker
ddp	yes	nesposoben
cds	no	nadut
svp	no	skopuški
ddp	yes	!?zadnjik
dmc	yes	zadah
qas	no	seljak
qas	no	neresnica
pr	no	predrznica
pr	no	športne dama
asm	no	bedastoča
an	no	volk
ddf	yes	nizkoten
cds	no	mafioso
is	yes	skopuha
cds	no	zaplotništvo
an	no	slob
ddp	yes	neobdelan
dmc	yes	pobožnjak
asm	no	fukati
cds	no	bojazljivec
cds	no	štor
an	no	žival
cds	no	asocialen
dmc	yes	zlobni
cds	no	dastardliness
ddf	yes	pritlikava oseba
cds	no	zanesenjak
asf	no	osel
ddf	yes	slabo
cds	no	razmetljivac
ddp	yes	trapast
ddp	yes	ološ
cds	no	rekrut
cds	no	neljubezniv
dmc	yes	lopov
dmc	yes	lenoba
ddp	yes	poneumiti
cds	no	wank
cds	no	lisjaštvo
cds	no	brbljavec
svp	no	prezirljiv
ps	yes	pol pasma
cds	no	whiner
ps	yes	barbarsko
cds	no	heretik
dmc	yes	osoren
cds	no	seljak
ddp	yes	lunkhead
cds	no	prebrisanost
qas	no	provokator
asf	no	norec
svp	no	skopuh
ddp	yes	nevednosti
qas	no	pijavka
svp	no	brezdelnik
ddp	yes	bedak
dmc	yes	smrdijo
ps	yes	mongoloids
an	no	marauder
an	no	počasna
cds	no	venality
dmc	yes	grozovit
or	no	pudden glava
an	no	patsy
cds	no	egoističen
cds	no	majhna laž
ddp	yes	budala
qas	no	konformističnega
ps	yes	idiotizem
pr	no	drajna
cds	no	butec
cds	no	hudobija
dmc	yes	napačen
ddp	yes	bedast
svp	no	cheapskate
dmc	yes	zmuzne
ddp	yes	taleteller
svp	no	jedec
re	no	ustrahovanje
svp	no	sanjalo
cds	no	odpadek
asm	no	bedak
om	no	peder
an	no	neprizanesljivost
cds	no	izločene
pa	yes	dlakocepen
pr	no	buncombe
svp	no	strasten
an	no	cepec
cds	no	neprijazen
cds	no	neumnež
cds	no	tatič
cds	no	wonk
is	yes	tvrdica
ddp	yes	neotesanec
ddp	yes	retard
cds	no	cesta zastopnik
dmc	yes	potuhnjenec
ddp	yes	otroški
dmc	yes	luftar
ddp	yes	nepismen
ddp	yes	tepec
or	no	kreten
ddp	yes	imbecil
asf	no	bedak
dmc	yes	hulja
ddp	yes	filistrski
re	no	bandit
an	no	brezčuten
dmc	yes	potepin
ddp	yes	idiotizem
cds	no	ne storiti ničesar
an	no	stiskaški
cds	no	deklica
ddp	yes	nekompetentna oseba
asf	no	topoglavec
svp	no	brezdelnež
dmc	yes	samopašen
ddp	yes	fumbler
qas	no	laž
cds	no	šušmar
ddp	yes	zooerasty
ddp	yes	otročji
an	no	živinski
or	no	bimbo
dmc	yes	lump
cds	no	zabušant
an	no	deklina
cds	no	mehkužnež
asf	no	cepec
svp	no	bahanje
or	no	numskull
cds	no	mevžast
ddp	yes	zverina
asm	no	shtup
dmc	yes	licemerje
ddp	yes	neveden
ps	yes	neotesanec
qas	no	žicar
cds	no	nabreklih glavo
cds	no	gobezdalo
pr	no	deklina
cds	no	razbojnik
cds	no	umazan pes
ddp	yes	trapa
svp	no	razdražen
cds	no	lepotica-on
or	no	butelj
ps	yes	slaboumnež
an	no	diddlyshit
cds	no	bellyacher
asf	no	twat
dmc	yes	mazač
ddp	yes	nesmiselno
re	no	podlež
cds	no	mlečnozobec
svp	no	opolzek
asm	no	imbecilnost
an	no	folderol
an	no	kurba
dmc	yes	barbar
svp	no	nagel
re	no	posilil
svp	no	lakomen
pr	no	floozie
asm	no	budalo
cds	no	šalobarda
dmc	yes	gotova
pr	no	prostituirati
an	no	neumna
asf	no	škart
dmc	yes	foetor
an	no	pritlikavec
dmc	yes	tolovaj
svp	no	kasne
svp	no	napuhnjen
re	no	backbiter
cds	no	nimfomanije
ddp	yes	otročje
rci	yes	grobijan
cds	no	idiot
an	no	pijavka
re	no	debaucher
asm	no	credulousness
cds	no	pridigati
cds	no	drugi ocenjevalci
cds	no	smrkavec
qas	no	zlo-maker
cds	no	sodi človeka
qas	no	diletantski
dmc	yes	prevaricator
cds	no	mevža
cds	no	slabič
dmc	yes	begunec
an	no	prisklednik
asf	no	changelings
ps	yes	ruiner
is	yes	berač
cds	no	lagati
ddp	yes	bebec
pa	yes	neotesanost
dmc	yes	lažen
an	no	pridanič
rci	yes	neotesanec
asm	no	posmehljivec
pr	no	vlačugarstvo
cds	no	ljudska množica
cds	no	pudden glava
ddp	yes	nespametnost
pr	no	moškega spremstva
re	no	izsiljevanje
asm	no	tepec
an	no	požrešnež
asm	no	opehariti
svp	no	vzkipljiv
an	no	inexorability
dmc	yes	hajduk
is	yes	villainess
svp	no	nadut
cds	no	množica
cds	no	neumen
dmc	yes	okruten
cds	no	chiseler
cds	no	hick
ddp	yes	mati fucker
svp	no	hudoben
re	no	italijanske mafije
cds	no	prepreden
ddf	yes	nanus
svp	no	indolenca
dmc	yes	pohajkovalec
dmc	yes	shirker
is	yes	ganljiv
an	no	imbecilnost
cds	no	burkež
svp	no	slackers
ddp	yes	neolikanec
dmc	yes	nizkoten
or	no	puf
asf	no	prismoda
an	no	papiga
dmc	yes	prašič
dmc	yes	tragičen
ddp	yes	sraka
an	no	jagnje
ddf	yes	pritlikavec
ddp	yes	surov
dmc	yes	farizej
cds	no	nepridiprav
an	no	zooerasty
svp	no	jalovost
cds	no	swot
dmc	yes	zapravljiv
cds	no	podel
ddp	yes	klepetulja
dmc	yes	blunderer
is	yes	podlež
ddp	yes	patsy
ddp	yes	šund
cds	no	zlo
svp	no	brezpomembnost
dmc	yes	licemerstvo
an	no	kača
ddf	yes	pol vrček
cds	no	paragrafar
cds	no	vsiljivec
ps	yes	banavz
ps	yes	kmetavzar
qas	no	žalostno vrečka
cds	no	teslo
cds	no	odvisnik
asm	no	tič
cds	no	priskuten
cds	no	sniveller
cds	no	škart
an	no	zverina
cds	no	aroganten
an	no	nanus
cds	no	oholosti
an	no	strašljivec
an	no	muttonhead
cds	no	izmeček torba
dmc	yes	brezvesten
re	no	falot
cds	no	domišljav
ps	yes	divjak
cds	no	boaster
cds	no	demagoški
cds	no	hayseed
dmc	yes	pseud
asf	no	nitwit
is	yes	skopuh
dmc	yes	deklica
re	no	ropar
or	no	twat
ddf	yes	škrat
an	no	nesposoben
cds	no	reakcionar
asm	no	kurec
ddp	yes	!?anus
pr	no	hellcat
cds	no	kovinski odpadki
om	no	gej
qas	no	majhna laž
ddp	yes	šarlatanstvo
ddp	yes	osel
dmc	yes	goljuf
ddp	yes	tečnoba
ddf	yes	slinast
dmc	yes	dallier
ps	yes	zamorec
cds	no	izdajnički
svp	no	niggardliness
dmc	yes	podlež
qas	no	zastonjkar
cds	no	svojat
or	no	naivnež
cds	no	trčkaralo
cds	no	zvijačnost
asf	no	budalo
an	no	betise
re	no	levičarski terorizem
an	no	ničvednež
an	no	tapica
cds	no	pobožnjak
cds	no	milíčnica
cds	no	fašizem
re	no	traducer
cds	no	begunec
cds	no	zdražbar
ps	yes	štor
or	no	lunkhead
cds	no	tat
svp	no	hvaljenje
an	no	codswallop
cds	no	širokoustnež
ps	yes	mestizaje
dmc	yes	skitnica
cds	no	zdravim
ps	yes	teslo
qas	no	sciolist
svp	no	hvalisanje
an	no	počasne
an	no	diddley
cds	no	hudodelec
cds	no	zajebant
re	no	posiljevalci
cds	no	zmuzne
svp	no	trencherman
dmc	yes	izprijenost
qas	no	krpati
om	no	invalidne osebe
cds	no	zvitost
cds	no	šund
re	no	raper
cds	no	birič
cds	no	budala
asf	no	idiotizem
cds	no	crimes
asm	no	lahkovernosti
om	no	homophile
dmc	yes	ropar
cds	no	fanatičnost
cds	no	bukselj
qas	no	siromašen
cds	no	gunđalo
cds	no	zelotizem
svp	no	fanatizma
cds	no	frik
dmc	yes	postavač
ddf	yes	nerazveseljiv
cds	no	hoi polloi
qas	no	fumbler
pr	no	candra
ddp	yes	ološ in bobtail
cds	no	kmečki
ddp	yes	brbljavec
cds	no	rumourmonger
cds	no	neotesanec
svp	no	nevoljen
cds	no	line-strelec
pr	no	floozy
svp	no	togoten
ddp	yes	neomikan
cds	no	mladič
cds	no	pisec
svp	no	bahaštvo
svp	no	objesten
ddp	yes	seljak
ps	yes	jerry
svp	no	počasen
cds	no	neolikanec
an	no	zlobni
dmc	yes	odpadnik
cds	no	kmetavzarski
cds	no	ovaduh
cds	no	barbarsko
cds	no	poreden
ddp	yes	stupe
svp	no	oholost
an	no	nesposobna oseba
re	no	libeler
cds	no	lopovski
ddp	yes	čenča
cds	no	izmišljotina
re	no	izsiljuje
svp	no	maščevalski
cds	no	strašljivec
an	no	bestialen
cds	no	gledalec
cds	no	nezanesljiv
dmc	yes	pritlikava oseba
cds	no	pritlikava oseba
re	no	teroristično dejanje
or	no	bebec
cds	no	mafijo
dmc	yes	zlo
dmc	yes	svetohlinec
an	no	prasec
pr	no	john
an	no	slaboumnež
cds	no	umazanec
pr	no	kurvanje
ddp	yes	brutalnež
cds	no	slob
dmc	yes	fatalen
svp	no	lakoten
cds	no	hohštapler
cds	no	bragger
ddp	yes	surovina
an	no	sprednjikom
dmc	yes	hick
cds	no	swaggerer
is	yes	nesrečen
dmc	yes	nevreden
cds	no	kupljivost
dmc	yes	pokvarjen
asf	no	codswallop
ddp	yes	dolt
re	no	kleveta
re	no	obrekovanje
cds	no	bizgec
cds	no	lenoba
an	no	pujs
ps	yes	huligan
svp	no	skopuha
dmc	yes	indolenten
svp	no	zabuhel
qas	no	izločene
cds	no	pompoznost
svp	no	dobro-za-nič
svp	no	škodoželjen
cds	no	mrmrač
re	no	klevetnik
re	no	posilstvo
ddp	yes	divjost
dmc	yes	pes
cds	no	taleteller
cds	no	knjižni molj
or	no	tepec
dmc	yes	len
an	no	kača v travi
cds	no	pikolovec
cds	no	banavzarski
an	no	baba
svp	no	boastfulness
cds	no	chawbacon
cds	no	loansharking
dmc	yes	neobziren
dmc	yes	barbarsko
cds	no	posojilo morskih psov
cds	no	stupe
qas	no	grobijan
svp	no	prepirljiv
ddp	yes	tapica
om	no	puf
svp	no	nezmeren
qas	no	izmamljivač
dmc	yes	požrešnež
an	no	malopridnež
dmc	yes	lahkoživec
ddf	yes	spaček
cds	no	prasec
svp	no	ponosen
cds	no	vohljač
cds	no	klepetalo
cds	no	priliznjenec
cds	no	namby-pamby
dmc	yes	slepar
ddp	yes	mountebank
ps	yes	prismoda
asf	no	blockhead
qas	no	ološ
cds	no	podlež
an	no	prašič
ddp	yes	bestialen
cds	no	radovedna-parker
cds	no	zaspane
asm	no	lakovjernost
ddp	yes	teslo
dmc	yes	skop
asm	no	klinac
svp	no	maščevalen
dmc	yes	sprijenost
qas	no	fehtar
cds	no	pol vrček
an	no	izmeček
pa	yes	barbar
an	no	divjati
cds	no	kavtela
cds	no	lump
dmc	yes	dilly-dallier
dmc	yes	katastrofalen
cds	no	slabotnež
an	no	strahopetnica
cds	no	oderuh
cds	no	fanatizem
pr	no	fornicatress
pr	no	hogwash
or	no	idiot
an	no	kasne
ddp	yes	bedastoča
cds	no	fanatism
an	no	plenilec
ps	yes	črnuh
svp	no	nevoščljiv
or	no	budala
asf	no	puhloglavec
svp	no	godrnjav
svp	no	ravenousness
dmc	yes	smrad
cds	no	nadrinaučnik
qas	no	blunderer
cds	no	lenuh
asf	no	doofus
pa	yes	seljak
om	no	buzerant
cds	no	zabavljač
svp	no	ošaben
cds	no	ponòs
ddp	yes	butec
cds	no	policisti
an	no	zaspane
an	no	diddlysquat
svp	no	bahav
asm	no	jebati
cds	no	scamp
ddp	yes	slaba ribe
qas	no	mooch
qas	no	slab klobuk
re	no	terorizem
qas	no	dilettante
cds	no	tepec
svp	no	prešeren
dmc	yes	fabricator
qas	no	prepričali
svp	no	ohol
cds	no	zbunjujuće
ddp	yes	trap
dmc	yes	chiseller
svp	no	polzek
pa	yes	grobijan
dmc	yes	izdajalec
cds	no	talebearer
asf	no	saphead
qas	no	parazit
an	no	vamp
cds	no	petoliznik
pr	no	nemarnica
an	no	surovina
cds	no	nezadovoljnež
ddp	yes	rit
cds	no	policistov
cds	no	kazenske
cds	no	tattletale
ddp	yes	dimwit
svp	no	minginess
an	no	butec
is	yes	prosjak
cds	no	baraba
asf	no	neumna
qas	no	kmetavzar
dmc	yes	brez računa
dmc	yes	razuzdanko
ps	yes	barbar
an	no	lopov
cds	no	tolpa
re	no	mladoletni prestopnik
svp	no	dillydallier
cds	no	slaboumnež
pa	yes	pikolovski
cds	no	strahopetec
ps	yes	topoglavec
asm	no	saphead
dmc	yes	grob
dmc	yes	igračkar
ddp	yes	tele
cds	no	bojazljivost
ddp	yes	žalostno vrečka
cds	no	luftar
an	no	cuckold
cds	no	scammer
cds	no	strašljivost
an	no	obotavljač
pr	no	čenče
dmc	yes	libertine
ddp	yes	norost
is	yes	miser
svp	no	požrešen
om	no	homoseksualen
qas	no	moocher
rci	yes	seljak
cds	no	podkupljivost
cds	no	šleva
qas	no	dauber
pr	no	cafuta
cds	no	dlakocepski
dmc	yes	hobos
cds	no	malopridnež
svp	no	fakin
dmc	yes	svinja
an	no	ološ in bobtail
asm	no	budala
svp	no	gotova
dmc	yes	prikradati tat
an	no	muggins
re	no	glasen
svp	no	tvrdica
cds	no	rotter
an	no	vlačuga
ps	yes	changeling
dmc	yes	hayseed
dmc	yes	debauchee
dmc	yes	prihuljenec
re	no	teror
asm	no	ljubiti se
om	no	poove
pr	no	metresa
ps	yes	uprooter
asf	no	neumnost
cds	no	prilizovalec
cds	no	težava
dmc	yes	malopridnež
ddp	yes	codswallop
dmc	yes	pepe-off
re	no	lump
cds	no	sicilijanske mafije
an	no	bedak
rci	yes	cepec
cds	no	evildoer
an	no	rotter
ddp	yes	bučman
an	no	plašljivec
cds	no	zajec
dmc	yes	pripovedovalec zgodb
cds	no	farizej
ddp	yes	izdajalec
or	no	vanje
or	no	homoseksuálec
cds	no	štorast
svp	no	zamerljiv
dmc	yes	fanatizem
cds	no	rumormonger
svp	no	ne storiti ničesar
cds	no	korumpiran
qas	no	obešalnik, na
asm	no	roll v senu
cds	no	lopovstvo
ddp	yes	betise
dmc	yes	strahovit
cds	no	policíst
dmc	yes	beden
cds	no	wisenheimer
dmc	yes	potepuhi
cds	no	demagoga
cds	no	pompousness
or	no	pizda
asm	no	goljufati
qas	no	kmetavz
re	no	sicilijanske mafije
asm	no	kurc
ddp	yes	nevednež
ddf	yes	nevreden
cds	no	kradljivec
cds	no	premetenec
dmc	yes	licemer
an	no	bedastoča
cds	no	superbie
cds	no	norec
cds	no	nadutež
svp	no	zaničljiv
cds	no	egoizem
dmc	yes	botcher
an	no	neizprosnost
cds	no	navihanec
asf	no	vagina
cds	no	saphead
qas	no	polovičar
or	no	bedak
cds	no	biriči
asm	no	kavsati
an	no	svojat
cds	no	ostentatiousness
an	no	šleva
re	no	italijansko mafijo
cds	no	posojanje denarja
cds	no	rokovnjač
cds	no	blebetati
svp	no	nadutost
cds	no	drhal, kričač
ddf	yes	ničvreden
dmc	yes	ponarejen
pr	no	cracku
svp	no	imperativen
cds	no	puding glavo
cds	no	lisjak
cds	no	golobradec
re	no	bučen
an	no	nečloveški
dmc	yes	fanatizma
an	no	nepopustljivost
cds	no	prepredenost
cds	no	vainglory
cds	no	codswallop
ddp	yes	banavz
or	no	cepec
dmc	yes	neciviliziran
ddp	yes	ignorant
asf	no	muggins
cds	no	mase
cds	no	zealotry
cds	no	gossipmonger
an	no	besneti
rci	yes	barbari
an	no	relentlessness
is	yes	cheapskate
dmc	yes	git
cds	no	banditti
svp	no	opolzel
an	no	brezglav
qas	no	amaterski
re	no	villainess
re	no	posiljevalce
an	no	umazan trik
cds	no	postavljanje
an	no	skopuh
qas	no	packač
cds	no	domišljavec
svp	no	lenoba
svp	no	zaviden
cds	no	fawner
asf	no	nožnica
ddp	yes	rumourmonger
dmc	yes	nepravi
asm	no	betise
qas	no	ološ in bobtail
an	no	debeloglavec
cds	no	pretkanost
svp	no	pepe-off
ddp	yes	brezčuten
cds	no	jabolko poliranje
asm	no	nitwit
cds	no	deželan
ddp	yes	folderol
cds	no	kramp pisatelj
ddp	yes	ignoranca
cds	no	groveler
asm	no	prevarati
re	no	serijski posiljevalec
dmc	yes	umazan pes
re	no	prestopnik
an	no	slowpoke
svp	no	zabušant
asm	no	defravdirati
dmc	yes	slaba oseba
cds	no	teleban
svp	no	ljubosumen
svp	no	sneden
cds	no	satiriaze
ddp	yes	neolikan
svp	no	tightwad
dmc	yes	teslo
is	yes	falot
qas	no	nesrečen
ps	yes	hieronim
is	yes	malopridnež
svp	no	zlonameren
asf	no	budala
re	no	lopov
asf	no	retard
an	no	golobradec
asm	no	ogoljufati
asm	no	cura
an	no	namby-pamby
cds	no	porednost
ddp	yes	šarlatan
cds	no	izobčenec
ddp	yes	changelings
pa	yes	malenkosten
cds	no	bumbler
an	no	neotesanost
dmc	yes	ubežnik
cds	no	razposajen
cds	no	vaunter
ddp	yes	cepec
asf	no	numskull
ps	yes	gawk
dmc	yes	neotesanac
asm	no	neumnosti
ddp	yes	barbar
cds	no	fanatizma
cds	no	boječ
pr	no	vodi ženska
dmc	yes	treasonist
dmc	yes	simulant
an	no	pudge
dmc	yes	zaspane
an	no	profiter
an	no	raunch
cds	no	godrnjavs
ddp	yes	surovost
cds	no	natančnež
an	no	neumnež
qas	no	neotesanec
ps	yes	debilizem
cds	no	konformističnega
om	no	homophile gibanja
cds	no	demagog
cds	no	goljuf
asm	no	séksati
ddf	yes	slab
dmc	yes	izdajalca
cds	no	mehka na dotik
svp	no	neskromen
ddp	yes	neumnež
cds	no	prikradati tat
qas	no	sentimentalen
om	no	namby-pamby
pr	no	nesmisel
svp	no	self-ljubezni
ps	yes	bebec
an	no	neizobraženi oseba
ddp	yes	ferociousness
ddp	yes	neumnost
asm	no	znati
cds	no	postavljač
an	no	doodly-čepenje
cds	no	priskledniki
svp	no	fanatizem
svp	no	škrtost
re	no	strahovlada
an	no	nevednost
ps	yes	debil
re	no	datum posilstvo
om	no	pederast
dmc	yes	odvraten
cds	no	muss
asm	no	oslepariti
or	no	mucka
dmc	yes	slab
asm	no	doofus
cds	no	podgana
asf	no	naivnež
qas	no	težaven
cds	no	mafije
cds	no	mladinskih tolp
ddp	yes	rumormonger
an	no	brutalnost
qas	no	umobolen
dmc	yes	fumbler
an	no	abotnež
ddp	yes	štor
dmc	yes	razuzdanec
dmc	yes	hipokrit
cds	no	bastard
cds	no	neuglajen
cds	no	plašljivac
dmc	yes	zmikavt
cds	no	falotski
an	no	strahopetnež
svp	no	aroganten
asm	no	neumnost
ps	yes	boche
dmc	yes	deželan
cds	no	roguery
dmc	yes	žalostno vrečka
cds	no	butelj
cds	no	glavat
is	yes	stiskač
qas	no	blazen
svp	no	iritabilen
cds	no	potuhnjen
om	no	twink
asm	no	poznati
svp	no	napuh
cds	no	zvodník
cds	no	wangler
cds	no	laskač
an	no	floozie
ps	yes	doofus
an	no	tako in tako
om	no	vanje
is	yes	pomilovanja vreden
re	no	nacionalistični terorizem
re	no	strahovanje
cds	no	vem za vse
re	no	vroč
cds	no	izprijenec
cds	no	muggins
ps	yes	neumnež
asm	no	seks
cds	no	snoop
cds	no	zlobni
pa	yes	pedantičen
svp	no	dilly-dallier
asm	no	občevati
cds	no	pedantski
svp	no	zmuzne
cds	no	premetenost
ddp	yes	blockhead
ddp	yes	debeloglavec
cds	no	folderol
an	no	brutalnež
ddp	yes	blabber
cds	no	procuress
dmc	yes	neuglajen
cds	no	frazer
ddp	yes	nekulturen
cds	no	profesorica
dmc	yes	divjaški
cds	no	kriminálec
dmc	yes	dillydallier
dmc	yes	ponarejevalec
ddp	yes	talebearer
cds	no	polovičar
cds	no	pes
dmc	yes	defrauder
ddp	yes	bungler
cds	no	zvodnik
asf	no	dunderhead
svp	no	počasne
cds	no	vragec
ddp	yes	svojat
pr	no	guff
asf	no	tepec
cds	no	mafija
re	no	verski terorizem
or	no	butec
cds	no	mazač
dmc	yes	slinast
an	no	neumnost
svp	no	nasajen
ddp	yes	neumen
cds	no	outlawry
dmc	yes	teleban
asm	no	lulek
dmc	yes	oportunist
rci	yes	kmetavz
an	no	pes
dmc	yes	postopač
cds	no	izločitev
cds	no	mati fucker
qas	no	freeloader
cds	no	kmetavzar
cds	no	malenkosten
cds	no	skledoliznik
cds	no	licemer
or	no	tapica
svp	no	pobožnjak
cds	no	osuđivati
ps	yes	mongoloid
asm	no	poneveriti
or	no	slaba ribe
ps	yes	retard
dmc	yes	mečkač
cds	no	počasne
cds	no	falsifikator
pr	no	kurbirstvo
or	no	muttonhead
dmc	yes	zapravljivec
an	no	surovost
ps	yes	idiot
dmc	yes	pritlikavec
dmc	yes	brezdelnež
cds	no	scrawler
ddp	yes	barbarsko
ps	yes	vandal
cds	no	telebanski
cds	no	bootlicker
dmc	yes	razsipnik
ddp	yes	botcher
asm	no	prekleto
cds	no	amateurishness
pr	no	comare
cds	no	banda
qas	no	amateurishness
ddp	yes	neroda
an	no	lovača
cds	no	pikolovski
cds	no	slackers
ps	yes	pikey
dmc	yes	slaba hudič
dmc	yes	dvoličnost
pa	yes	neolikanec
cds	no	tele
an	no	norec
cds	no	nakladač
dmc	yes	lažnivec
asf	no	pička
cds	no	tolpe
asf	no	mucka
ddp	yes	nič ne vem
cds	no	bahač
ddp	yes	abotnež
svp	no	lijenost
pr	no	krava
cds	no	lisica
dmc	yes	hinavsko
dmc	yes	prevarant
cds	no	Škif
cds	no	lukavstvo
dmc	yes	nečloveški
qas	no	izmišljotina
cds	no	nabrit
dmc	yes	odpadnih
or	no	slaboumnež
svp	no	lakota
svp	no	pobožnjaški
dmc	yes	nevljudnost
qas	no	cepec
ddp	yes	ničvednež
svp	no	skop
asm	no	kurac
ddp	yes	changeling
ps	yes	patsy
asm	no	bizgec
or	no	puding glavo
asf	no	trapa
pr	no	kurba
pr	no	harlotry
cds	no	šaljivec
ddp	yes	neizobražen
qas	no	osladen
asf	no	debilizem
ddp	yes	praznoglavost
dmc	yes	tatič
cds	no	tako in tako
ddp	yes	kmetavzar
cds	no	neresnica
cds	no	nered
pr	no	bunkum
an	no	stick-in-the-mud
cds	no	bedak
cds	no	piflar
cds	no	foxiness
is	yes	scrooge
dmc	yes	umazan
cds	no	hellion
rci	yes	teleban
ddp	yes	nečloveški
an	no	izmeček torba
cds	no	falot
ddp	yes	neumnosti
asf	no	bizgec
ddp	yes	gossipmonger
an	no	zooerastia
asm	no	penis
svp	no	ponòs
an	no	puhloglavec
pr	no	zanemarjenka
asm	no	batina
dmc	yes	nevljuden
ps	yes	pol-kasto
ps	yes	nitwit
cds	no	strahopetnež
svp	no	neprizadevnost
an	no	pimephales
dmc	yes	neotesanec
is	yes	razcapanec
dmc	yes	dobro-za-ničla
cds	no	ohol
ddp	yes	zooerastia
qas	no	neolikanec
re	no	delovati proti terorizmu
an	no	grossness
qas	no	prisklednik
cds	no	vragolija
cds	no	prevzeten
asf	no	deklič
cds	no	ročno delo
an	no	viciousness
svp	no	nabrekel
asm	no	patsy
cds	no	mečkač
ps	yes	pol kaste
cds	no	blunderer
dmc	yes	vonj
cds	no	groveller
cds	no	gotova
an	no	sloven
cds	no	kupljiv
ddp	yes	vol
ddp	yes	okruten
svp	no	brez računa
svp	no	shirker
asm	no	seksati
an	no	villainess
cds	no	jebač
dmc	yes	kmetavz
an	no	izgrmeti se
cds	no	prepričali
cds	no	dogmatizma
dmc	yes	oduren
ddf	yes	sluzast
cds	no	bandit
an	no	sodi človeka
cds	no	barbarski
pr	no	kurbanje
ddp	yes	teleban
dmc	yes	podgana
cds	no	plašljivec
dmc	yes	ženskar
cds	no	zvodništva
cds	no	nadutost
svp	no	indolenten
ddp	yes	bizgec
dmc	yes	plitev
an	no	razploditi se
qas	no	skaziti
cds	no	drkam
an	no	surovež
ddp	yes	slepilo
dmc	yes	pobožnjaški
asf	no	bimbo
is	yes	škrtež
cds	no	boji tolp
or	no	blockhead
cds	no	grob
asm	no	del repa
cds	no	vseved
cds	no	zagrizenost
is	yes	beden
cds	no	zmeda
asf	no	bedastoča
an	no	pip, škripanje
pr	no	ženska na cesti
cds	no	butast
cds	no	nesramnost
asm	no	slepariti
cds	no	ultraconservative
cds	no	cut-up
re	no	teroriziranje
cds	no	grešnica
dmc	yes	dezerter
pr	no	aljkavo ženska
asm	no	tepec!
ps	yes	grobijan
ps	yes	rumena rasa
cds	no	brezdelnež
ddp	yes	bukselj
dmc	yes	chawbacon
ddp	yes	gossiper
an	no	nekompetentna oseba
cds	no	pedanten
cds	no	fibber
an	no	bučman
an	no	idiot
cds	no	boastfulness
cds	no	puhloglavec
or	no	tele
asm	no	flouter
svp	no	vojskujoč se
asm	no	ljubiti
dmc	yes	brezobziren
an	no	slabič
qas	no	izločitev
svp	no	zavisten
re	no	vilifier
qas	no	maltretirati
re	no	opravljivec
cds	no	demagogija
cds	no	newsmonger
cds	no	zločinec
or	no	homophile
asf	no	sodi človeka
qas	no	banavz
cds	no	lopov
re	no	očrnitev
cds	no	švadroner
pr	no	prostitutka
dmc	yes	drugi ocenjevalci
ddp	yes	nedolžen
or	no	seronja
cds	no	prefriganost
ddp	yes	neizobraženi oseba
re	no	mafioso
cds	no	fanatik
an	no	umazan pes
dmc	yes	tako in tako
pr	no	prijateljica noči
svp	no	volčja lakota
cds	no	wanker
svp	no	razdražljiv
ddp	yes	omamiti
or	no	homoseksualec
dmc	yes	neljubezniv
cds	no	schoolmarm
asm	no	sodi človeka
ddp	yes	tožljivec
cds	no	zvijača
ddp	yes	brbljač
cds	no	prevzetnost
ddp	yes	šušmar
qas	no	bumbler
dmc	yes	loiterer
dmc	yes	pokvarjenost
asf	no	nožnice
ps	yes	sodi človeka
dmc	yes	grobijan
svp	no	layabout
svp	no	skopost
dmc	yes	seljak
cds	no	loanshark
is	yes	poderanac
cds	no	gospodinjskih odpadkov
cds	no	preganjalec
qas	no	zavrne
svp	no	zapovedovalen
svp	no	brezkoristnost
an	no	rentboy
an	no	vamper
svp	no	postavljanje
cds	no	čečkač
dmc	yes	ničvreden
dmc	yes	nesramen
ddp	yes	muttonhead
qas	no	troubler
qas	no	žalosten
an	no	baraba
dmc	yes	grifter
an	no	lump
asf	no	wench
svp	no	epikurejec
dmc	yes	banavz
ps	yes	trapa
svp	no	blaziran
asm	no	jeerer
cds	no	egocentričen
cds	no	sloven
rci	yes	barbar
ps	yes	kmetavz
dmc	yes	zabušant
cds	no	gossiper
cds	no	grešnik
an	no	bukselj
cds	no	prebrisanec
qas	no	barbarsko
svp	no	koleričen
asm	no	vijačenje
cds	no	naivnež
asm	no	butec
cds	no	posojilnice
is	yes	capin
dmc	yes	mladoletni prestopnik
ddf	yes	odvraten
ps	yes	darkey
ps	yes	mestizos
cds	no	ljudstvo
cds	no	lokav
dmc	yes	grd
ps	yes	nigra
cds	no	dlakocepen
dmc	yes	nizek
asf	no	debil
or	no	peder
ddp	yes	newsmonger
ddp	yes	gobezdalo
cds	no	samopašen
cds	no	tricker
dmc	yes	hinavec
dmc	yes	neprijazen
re	no	razposajen
svp	no	lazybones
cds	no	strahopetnica
dmc	yes	brezdelnik
cds	no	prilizljivec
cds	no	skrajno desno krilo
ddp	yes	nitwit
cds	no	zvit
cds	no	svinjski
svp	no	pohoten
dmc	yes	neolikanec
cds	no	git
cds	no	know-it-vse
dmc	yes	izmeček
an	no	neuklonljivost
asf	no	imbecil
dmc	yes	falot
an	no	moškega spremstva
cds	no	klečeplazec
asm	no	vedeti
dmc	yes	zaudarjanje
cds	no	tapica
ps	yes	dimwit
cds	no	zvijačen
cds	no	konformista
an	no	prickteaser
cds	no	kasne
dmc	yes	razbrzdan
an	no	seronja
cds	no	vlačugar
ps	yes	jeronim
cds	no	cheekiness
cds	no	rube
is	yes	lopov
dmc	yes	prebežnik
ddp	yes	nesmisel
pr	no	rentboy
an	no	diddly sranje
or	no	dolt
dmc	yes	spaček
an	no	bojazljivec
svp	no	škrtež
svp	no	aroganca
or	no	osel
pr	no	pouličnica
cds	no	izmeček
svp	no	ničevosti
an	no	mehka na dotik
svp	no	nasilen
ddp	yes	muggins
dmc	yes	vetrnjak
cds	no	lopovščina
dmc	yes	mizeren
dmc	yes	posran
om	no	queer
svp	no	gospodovalen
dmc	yes	krut
cds	no	splashiness
an	no	spogledljivka
is	yes	raztrganec
asf	no	šalobarda
asm	no	drkanje
cds	no	italijansko mafijo
an	no	ženska chaser
cds	no	shirker
an	no	topoglavec
ddp	yes	bastard
ddp	yes	otročja
ps	yes	osel
an	no	kreten
asm	no	fuk
cds	no	ološ
dmc	yes	roue
cds	no	masten
cds	no	hlastač
or	no	topoglavec
re	no	izsiljevali
rci	yes	neolikanec
cds	no	banavz
ddp	yes	mehka na dotik
an	no	pocestnica
dmc	yes	poguben
an	no	budala
svp	no	ukazovalen
is	yes	skop
cds	no	napuh
cds	no	neumna oseba
pr	no	vlačuga
cds	no	barbari
dmc	yes	razuzdan
cds	no	prevejanost
svp	no	superbie
re	no	posilstva
dmc	yes	prevarant boga
ps	yes	lout
an	no	parazit
svp	no	siten
qas	no	konformista
ddp	yes	neumno
ddp	yes	grobijan
asf	no	lunkhead
an	no	robat
an	no	umazanec
dmc	yes	pujs
asm	no	mehka na dotik
an	no	skopuha
cds	no	oglas
cds	no	moneylending
svp	no	čemeren
cds	no	nagajiv
ps	yes	kreten
re	no	posilstev
cds	no	schoolma'am
svp	no	luftar
svp	no	lasciven
ddp	yes	neznanje
re	no	terorist
svp	no	skopuštvo
cds	no	grobijan
ddp	yes	debilizem
cds	no	devilment
svp	no	jeznorit
asf	no	kreten
ddp	yes	seronja
cds	no	hulja
ddp	yes	detinski
cds	no	moaner
svp	no	požrešnost
dmc	yes	slabo
dmc	yes	izdajalka
asm	no	muggins
asm	no	porogljivec
ddp	yes	kurbin sin
dmc	yes	izprijen
cds	no	lumpek
an	no	pouličnica
dmc	yes	pol vrček
ps	yes	neolikanec
dmc	yes	gnusen
ddp	yes	doofus
dmc	yes	sramoten
qas	no	izberete
asm	no	varati
qas	no	šušmar
asf	no	neumnež
dmc	yes	fetor
an	no	lenuh
cds	no	uganka
svp	no	otekel
re	no	posiljevalec
asm	no	nooky
an	no	podlež
cds	no	policaj
svp	no	hoten
an	no	živalski
ddp	yes	mazaštvo
dmc	yes	neolikan
pr	no	strumpet
an	no	blockhead
asf	no	patsy
qas	no	bungler
dmc	yes	nesrečen
qas	no	pomilovanja vreden
dmc	yes	surov
cds	no	mountebank
cds	no	quidnunc
an	no	numskull
cds	no	mussiness
svp	no	gurman
dmc	yes	lopovski
dmc	yes	zloben
dmc	yes	falsifikator
asm	no	spati z nekom
cds	no	zavrne
asm	no	rit
dmc	yes	malodour
pa	yes	neotesanec
asf	no	seronja
re	no	sramotilec
or	no	homophile gibanja
an	no	aljkavo oseba
cds	no	caitiff
asm	no	wanker
ddp	yes	nevednost
ddp	yes	brezglav
cds	no	hiperseksualnost
an	no	šalobarda
cds	no	podvodač
cds	no	zvodniki
ps	yes	krauthead
ddp	yes	blebetač
ddp	yes	naivnež
asf	no	pizda
svp	no	zaspane
cds	no	pijavka
an	no	ološ
ddp	yes	saphead
an	no	floozy
cds	no	cowardliness
ddp	yes	jebač
re	no	maligner
svp	no	oholosti
asm	no	twirp
cds	no	maziljen
cds	no	defrauder
cds	no	prašič
cds	no	hubris
dmc	yes	wastrel
cds	no	slaba ribe
asf	no	mehka na dotik
ddp	yes	viciousness
svp	no	libidinozen
is	yes	škrt
cds	no	zanesenost
ddp	yes	brutalnost
cds	no	snob
dmc	yes	villainess
asm	no	bukselj
an	no	surov
ddp	yes	slaboumnež
or	no	stupe
cds	no	pritlikavec
an	no	mehkužnež
cds	no	fašističnega režima
cds	no	pobožnjaški
qas	no	beden
cds	no	modrijan
om	no	homoseksuálca
qas	no	cadger
dmc	yes	gnida
asm	no	jebeš
asf	no	ptička
ddf	yes	podel
pr	no	osramotitev
svp	no	prevzeten
qas	no	ubog
re	no	hrupen
cds	no	dolt
an	no	mevža
cds	no	postavač
asf	no	slaboumnež
cds	no	fumbler
dmc	yes	šušmar
an	no	osel
asf	no	šund
svp	no	nečimrn
cds	no	zlo-making
an	no	debeluh
dmc	yes	navihan
dmc	yes	tat
cds	no	nergač
cds	no	mystifier
cds	no	nepošten
an	no	sodrga
asf	no	bebec
dmc	yes	barbari
asm	no	zaupljivost
dmc	yes	rokovnjač
ps	yes	butec
ddp	yes	informator
cds	no	neumna
cds	no	tegoba
ddp	yes	imbecilnost
cds	no	pametnjakovič
re	no	obrekljivec
cds	no	učiteljica
asm	no	spolno občevati
ddp	yes	kreten
cds	no	wheeler trgovec
cds	no	drskost
qas	no	pokvariti
asf	no	pišče
pa	yes	politik
cds	no	neotesan
an	no	prasica
cds	no	policistka
cds	no	meddler
cds	no	klepetulja
svp	no	kisel
asm	no	wank
is	yes	reven
cds	no	problem
an	no	prostaštvo
ddp	yes	nonsensicality
ddp	yes	silly
cds	no	bebec
cds	no	čreda
asf	no	butec
asm	no	dimwit
cds	no	zelenec
an	no	razposajenka
an	no	nič ne vem
cds	no	slepar
cds	no	gangsterism
dmc	yes	ne storiti ničesar
cds	no	domišljavost
qas	no	neotesanac
is	yes	zlobni
cds	no	prepovedali
cds	no	drkanje
dmc	yes	nemil
dmc	yes	pilferer
an	no	hulja
ps	yes	cepec
re	no	slanderer
cds	no	škrat
or	no	homoseksuálca
cds	no	baba
an	no	skop
an	no	neumen
cds	no	weisenheimer
asf	no	betise
pr	no	ohlapno ženska
cds	no	wiliness
asf	no	idiot
dmc	yes	ozek
ddp	yes	tepec!
ps	yes	kraut
cds	no	hvaljenje
dmc	yes	dobro-za-nič
cds	no	laž
cds	no	ološ in bobtail
an	no	ferociousness
cds	no	surov
ps	yes	neroda
an	no	hoaxima
asm	no	lahkovernost
ddp	yes	puhloglavec
or	no	neumna
pr	no	prostituiranje
asm	no	drkam
is	yes	ubog
asm	no	porivati
cds	no	pobalinstvo
ps	yes	imbecil
svp	no	niggardness
ddp	yes	baraba
dmc	yes	razbojnik
pa	yes	teleban
ps	yes	trap
dmc	yes	bigot
ddp	yes	sodrga
cds	no	miličnik
asm	no	vol
dmc	yes	libertinizma
ddp	yes	barbari
or	no	budalo
ddp	yes	pimephales
dmc	yes	uskok
ddp	yes	numskull
cds	no	postopač
dmc	yes	prevara
cds	no	oljnat
cds	no	poltroon
svp	no	občutljiv
svp	no	domišljav
an	no	bebec
cds	no	kreten
qas	no	reven
cds	no	nevljuden
ddp	yes	hohštapler
cds	no	godrnjač
ddp	yes	twaddler
pa	yes	barbari
cds	no	predrznost
asm	no	dvigalko off
ddp	yes	dunderhead
cds	no	aljkavo oseba
dmc	yes	obotavljač
cds	no	prefrigan
ddp	yes	bimbo
ddp	yes	budalo
an	no	ignorant
cds	no	pretkan
cds	no	mladoletni prestopnik
an	no	vulgarnost
cds	no	izberete
asm	no	puhloglavec
dmc	yes	licemerec
cds	no	pripovedovalec zgodb
cds	no	premeten
ps	yes	seljak
re	no	mafije
cds	no	napuhnjen
re	no	državni terorizem
ddp	yes	mater
cds	no	lazybones
cds	no	trd oreh
ddp	yes	zverinski
ddp	yes	omejen
ddp	yes	butast
cds	no	wuss
is	yes	žalosten
ddp	yes	gawk
svp	no	miser
or	no	poove
ddp	yes	bumbler
cds	no	sodrga
svp	no	amour propre
ddp	yes	topoglavec
cds	no	brbljač
svp	no	polten
cds	no	policist
dmc	yes	scammer
ps	yes	darkie
cds	no	strahopetnost
cds	no	lijenčina
qas	no	klošar
dmc	yes	kmetavzar
re	no	defamer
ps	yes	melez
svp	no	dobro-za-ničla
qas	no	ganljiv
pr	no	spolnih storitev
dmc	yes	stiskaški
an	no	zajec
ddp	yes	škart
asf	no	imbecilnost
cds	no	pilferer
an	no	koketa
ddp	yes	neumna oseba
qas	no	zgagar
pr	no	razvrat
cds	no	zlikovec
re	no	obrekovalec
an	no	budalo
svp	no	gourmandizer
an	no	miser
svp	no	visoko nepristranskim
or	no	teleban
cds	no	tolovaj
cds	no	mučitelj
svp	no	grabežljivost
om	no	homoseksuálec
cds	no	brezdelnik
or	no	neumnež
cds	no	policístka
dmc	yes	layabout
an	no	bedast
an	no	mečkač
cds	no	gulež
ddp	yes	polovičar
cds	no	hvalisavec
cds	no	lisičji
om	no	homoseksualni
ddp	yes	neumna
cds	no	gorila
cds	no	gorile
cds	no	žalostno vrečka
an	no	šund
cds	no	amour propre
an	no	lunkhead
an	no	podgana
an	no	strahopetec
rci	yes	banavz
cds	no	izdajalski
dmc	yes	potratnež
qas	no	noro
ddp	yes	sodi človeka
ps	yes	teleban
ps	yes	barbari
svp	no	lenuh
dmc	yes	štor
cds	no	nimfomanka
cds	no	cjepidlaka
cds	no	dweeb
is	yes	tightwad
ddp	yes	butelj
ddp	yes	raznašalec
an	no	slabotnež
cds	no	zmikavt
svp	no	škrt
dmc	yes	slackers
cds	no	timeserver
cds	no	ošabnost
ddf	yes	nezadosten
ddf	yes	grd
ddf	yes	nezadovoljiv
an	no	namiguša
qas	no	nor
dmc	yes	trifler
an	no	diddly
dmc	yes	fibber
dmc	yes	malodor
an	no	tele
dmc	yes	dissembler
cds	no	cepec
svp	no	pohlepen
cds	no	komunalnih odpadkov
ddp	yes	prater
cds	no	mater
cds	no	cmera
asm	no	neumnež
qas	no	svojat
cds	no	self-ljubezni
an	no	streetwalker
svp	no	dobičkarski
svp	no	hotljiv
rci	yes	barbarsko
dmc	yes	fakin
pr	no	prostitutke
cds	no	zlobnost
dmc	yes	lažno
cds	no	kaligraf
svp	no	zloben
an	no	zverinski
dmc	yes	rakehell
cds	no	moralizirati
ps	yes	budalo
svp	no	nataknjen
or	no	gej
dmc	yes	kradljivec
or	no	homoseksualni
pr	no	lovača
dmc	yes	razvraten
cds	no	villainess
cds	no	izposojevalnice denarja
an	no	gnida
dmc	yes	psevdo
cds	no	veliki neopren
asf	no	muttonhead
asm	no	ročno delo
cds	no	milíčnik
ddp	yes	curmudgeon
cds	no	hypersexual
cds	no	vseznalec
pr	no	pocestnica
dmc	yes	kaditi
ddp	yes	pudden glava
pr	no	gospa užitka
qas	no	sladkoben
dmc	yes	hiter
om	no	homoseksualec
dmc	yes	nemoralnost
cds	no	bahaštvo
cds	no	objesten
dmc	yes	pridanič
cds	no	neotesanac
dmc	yes	hobo
cds	no	kurbin sin
is	yes	tatterdemalion
re	no	državno sponzoriran terorizem
dmc	yes	podel
cds	no	nečimrnosti
qas	no	diletant
an	no	bizgec
cds	no	smeti
dmc	yes	usmrajen
ddp	yes	padarstvo
an	no	diddly-čepenje
dmc	yes	bandit
cds	no	visoko nepristranskim
pr	no	cipa
pa	yes	kmetavz
cds	no	prekanjen
svp	no	dallier
cds	no	bigot
cds	no	literarna kramp
re	no	teroristični napad
cds	no	neolikan
cds	no	hvalisanje
ddp	yes	živinski
cds	no	šarlatan
is	yes	baraba
pr	no	žlindre
cds	no	prevejan
an	no	jastreb
pa	yes	kmetavzar
pr	no	prostitucija
svp	no	stiskač
asf	no	dimwit
ps	yes	darky
svp	no	len
re	no	baraba
ddp	yes	neuk
cds	no	koristoljuben
ddp	yes	robat
qas	no	jokav
asf	no	tele
svp	no	tightfistedness
cds	no	italijanski fašizem
cds	no	ošaben
an	no	naivnež
an	no	git
asf	no	changeling
ddp	yes	žrtev
an	no	falot
dmc	yes	prestopnik
cds	no	hajduk
or	no	šalobarda
cds	no	pedant
qas	no	mučiti
pr	no	ljubica
ddp	yes	kvak zdravnik
an	no	krava
dmc	yes	neuglajenost
ddp	yes	kmetavz
re	no	terorizmu
ps	yes	uničevalec
ddp	yes	twirp
cds	no	gnida
qas	no	težave kavo
re	no	zlobni
svp	no	žolčen
svp	no	scrooge
qas	no	botcher
cds	no	dvigalko off
cds	no	pompeznost
dmc	yes	neusmiljen
qas	no	sodrga
cds	no	podkupljiv
ddp	yes	kvak
pa	yes	banavz
cds	no	pandar
cds	no	neandertalski
pa	yes	dlakocepski
ddp	yes	padar
or	no	abotnež
svp	no	postavač
cds	no	svinja
pr	no	prasica
dmc	yes	lazybones
an	no	stiskač
qas	no	tagalong
svp	no	zlovoljen
an	no	drajna
cds	no	botcher
cds	no	fašisti
cds	no	blebetač
cds	no	porednež
an	no	inexorableness
asf	no	dečva
ddp	yes	živalski
ddp	yes	golobradec
svp	no	zmrdljiv
svp	no	varčnost
asm	no	norec
dmc	yes	bungler
svp	no	stiskaški
an	no	saphead
pa	yes	barbarsko
ddp	yes	huligan
dmc	yes	chiseler
dmc	yes	renegat
svp	no	bes
is	yes	slaba hudič
ddp	yes	lahkoveren
cds	no	zasledovalec
cds	no	patsy
re	no	zastraševanje
is	yes	ozek
dmc	yes	bumbler
qas	no	kaziti
ddp	yes	lout
cds	no	tožljivec
pa	yes	cepec
cds	no	precenjevanje samega sebe
svp	no	gorger
cds	no	prekanjenost
re	no	mafija
cds	no	yokel
dmc	yes	baraba
ddp	yes	puding glavo
cds	no	viseče
svp	no	ničemuren
dmc	yes	barbarski
ddp	yes	neotesanac
ddp	yes	mazač
cds	no	grd
dmc	yes	škrat
dmc	yes	rotter
svp	no	bigot
cds	no	italijanske mafije
