cds	no	blowhard
cds	no	bârfitor
cds	no	fluieră-vânt
pa	yes	bocciu
dmc	yes	javră
an	no	murdar câine
ddp	yes	trist sac
cds	no	gunoi sac
or	no	năuc
qas	no	încâlci
an	no	zgârcenie
an	no	bestialitatea
cds	no	chiulangiu
cds	no	mediocritate
an	no	necultivat
ddp	yes	idiot
cds	no	ștrengărie
cds	no	trufie
rci	yes	grobian
cds	no	tâlhar
cds	no	fleac
cds	no	șnapan
pr	no	escorta de sex masculin
an	no	prostie
asm	no	fuck
cds	no	nosy-parker
cds	no	saphead
qas	no	mitocan
dmc	yes	mizerabil
cds	no	aroganță
ddp	yes	ferocitate
svp	no	mâncău
ddp	yes	tattletale
asf	no	rahat
asm	no	stupiditate
ps	yes	boche
ps	yes	incult
pr	no	adulteră
qas	no	dulceag
or	no	gay
cds	no	curcan
cds	no	cunasulpesus
cds	no	fanfaronadă
svp	no	înfumurat
cds	no	hauteur
cds	no	defraudator
an	no	băiat chirie
ddp	yes	năuc
qas	no	zugrav
om	no	twink
cds	no	falsitatea
an	no	nemernic
re	no	nestăpânit
cds	no	layabout
or	no	mișcarea homosexualilor
cds	no	vanitatea
an	no	diddlysquat
cds	no	furișa hoț
ps	yes	prostălău
or	no	cretin
an	no	jefuitor
cds	no	egocentrist
asm	no	laba
dmc	yes	sângeros
ps	yes	prostan
cds	no	muggins
dmc	yes	escroc
cds	no	snoop
re	no	tâlhar
ddf	yes	ticălos
cds	no	netot
cds	no	bandelor de tineri
svp	no	orgoliu
dmc	yes	disprețuibil
dmc	yes	câine
asm	no	regulat
asf	no	folderol
om	no	persoanele cu handicap persoană
cds	no	moale atingere
dmc	yes	tâlhar
asf	no	cretin
or	no	capsec
ddp	yes	cur
cds	no	pălăvrăgiu
dmc	yes	prefăcut
ddp	yes	dumbass
cds	no	saltimbanc
re	no	violarea
cds	no	trântor
dmc	yes	mincinos
or	no	imbecil
or	no	homosexual
cds	no	folderol
ps	yes	prostovan
cds	no	adunătură
pr	no	doamnă sportive
or	no	cretinule
svp	no	puturos
an	no	neștiutor
cds	no	gogoașă
cds	no	hoaxer
dmc	yes	neîngrijit
cds	no	mână de locuri de muncă
cds	no	rumourmonger
cds	no	pește
dmc	yes	moftangiu
cds	no	agent de drum
ddp	yes	fraudă de sănătate
dmc	yes	lingerer
dmc	yes	plevușcă
or	no	crăpătură
pr	no	vorbe obscene
dmc	yes	personaj negativ
ddp	yes	needucat persoană
or	no	pudden-cap
dmc	yes	dillydallier
svp	no	lacom
cds	no	mocofan
ddp	yes	talebearer
svp	no	dușmănos
asf	no	prostovan
pa	yes	grobian
cds	no	iubirea de sine
ddp	yes	riffraff
an	no	împiedicat
ps	yes	țoapă
cds	no	scornitură
cds	no	egocentrism
cds	no	războiul gasca
an	no	neghiob
cds	no	pleavasocietății
qas	no	născoceală
asm	no	idiot
ddp	yes	fraier
dmc	yes	falsitate
an	no	cretin
an	no	zooerastia
pr	no	guff
cds	no	cultura gasca
dmc	yes	minorului delincvent
pr	no	trudă
svp	no	amor propriu
dmc	yes	jefuitor
ddp	yes	grobian
cds	no	slăbănog
dmc	yes	furișa hoț
ps	yes	barbar
an	no	stupiditate
cds	no	știe-tot
dmc	yes	mișel
dmc	yes	ipocrit
asm	no	nerozie
cds	no	impudoare
svp	no	vanitate
dmc	yes	rakehell
an	no	caracudă
ddp	yes	empiric
ddp	yes	cap
ps	yes	jigaboo
pr	no	amantă
rci	yes	bădăran
dmc	yes	impostor
an	no	prostituată
asm	no	stupizenie
ddp	yes	mama nenorocit
asf	no	cretinule
an	no	stupid
dmc	yes	porc
pr	no	amanta
cds	no	arogant
an	no	cățea
cds	no	mare de neutralitate
ps	yes	mârlan
ddp	yes	cădea tip
cds	no	incult
svp	no	bigotism
an	no	fathead
ddp	yes	încurcă-lume
cds	no	laşitate
re	no	viol cu forța
an	no	mitocan
ps	yes	mongoloid
re	no	denigrator
asm	no	rahat
an	no	fante
an	no	needucat persoană
an	no	vacă
dmc	yes	rube
an	no	slăbit
an	no	brutalitate
qas	no	palavră
or	no	muttonhead
dmc	yes	îngust
pr	no	femeieușoară
ps	yes	idiot
ddp	yes	necugetat
cds	no	harababură
re	no	violuri
cds	no	line-shooter
ps	yes	cădea tip
asm	no	fute
ps	yes	vandal
ddp	yes	bestialitate
ddp	yes	pleavasocietății
dmc	yes	nesimțit
pr	no	curvă
cds	no	persecutor
qas	no	șnapan
asm	no	facedragoste
cds	no	selecta
cds	no	colportor
cds	no	care face rău
svp	no	avar
pr	no	comare
dmc	yes	dezertor
cds	no	idiotule
ddp	yes	nătângie
an	no	neînvățat
qas	no	mooch
cds	no	creditare bani
asf	no	nătâng
cds	no	neexactitate
asf	no	întârziere
asm	no	nătângie
svp	no	neîngăduință
is	yes	șiret
pr	no	prostituția masculină
dmc	yes	libertinajul
ddp	yes	prostălău
asf	no	fuckhead
qas	no	barbar
cds	no	speculare
svp	no	fanfaronadă
cds	no	extremă-dreapta extremă
ddp	yes	blunderer
cds	no	obraznicie
an	no	vampir
or	no	queer
cds	no	hărțuitor
cds	no	drac
dmc	yes	dissimulator
or	no	homosexualilor
an	no	javră
pr	no	prostituate
pa	yes	bădărănie
qas	no	conformist
ddp	yes	nealfabetizat
cds	no	finagler
cds	no	barbar
dmc	yes	netrebnic
dmc	yes	coțcar
asf	no	neghiob
ddp	yes	găoază
cds	no	pungaș
qas	no	intrigant
pa	yes	incult
cds	no	mere lustruit
cds	no	truckler
qas	no	trist sac
cds	no	fabricator
svp	no	lenevie
an	no	cocotă
cds	no	porc
ps	yes	corcitură
re	no	violator în serie
cds	no	talmeș-balmeș
cds	no	cretin
dmc	yes	mirositoare
cds	no	drojdia societății și bobtail
an	no	wuss
ps	yes	lummox
cds	no	atotcunoscător
an	no	negativ tragic
is	yes	disperat
cds	no	lingău
cds	no	dependență sexuală
dmc	yes	necioplit
dmc	yes	disimulare
qas	no	barbari
asm	no	puță
an	no	grosolăniei
cds	no	gossipmonger
re	no	villainess
ddp	yes	mocofan
cds	no	fawner
an	no	pramatie
ddp	yes	changeling
an	no	simplu
cds	no	mafiot
cds	no	piscina hustling
cds	no	sacrifica
cds	no	fasciști
ddp	yes	adolescentin
ps	yes	patsy
an	no	prostește
svp	no	războinic
qas	no	diletantism
dmc	yes	nedelicat
ddp	yes	medicina vraci
cds	no	ofițer de poliție
re	no	actterorist
ddp	yes	pueril
asf	no	prostan
om	no	poponar
asm	no	nimic
qas	no	disperat
an	no	neghiobie
ddf	yes	o jumătate de halbă
or	no	rahat
cds	no	insolență
cds	no	fanfaron
ps	yes	prostănac
cds	no	nemernic
ddf	yes	deziluzionant
or	no	homofile
rci	yes	mojic
an	no	afacerist
dmc	yes	neserios
asm	no	face sex
or	no	neghiob
svp	no	indolent
cds	no	poltronerie
an	no	neinstruit
an	no	slob
cds	no	foxiness
asm	no	prostia
an	no	floozie
cds	no	hellion
cds	no	smiorcăit
cds	no	dogmatism
dmc	yes	decăzut
is	yes	îngust
cds	no	prostie
asm	no	twerp
asm	no	frecangiu
ddp	yes	indicator
ddp	yes	gossipmonger
cds	no	izmenire
cds	no	dweeb
svp	no	gelos
qas	no	tortura
an	no	nimic
asf	no	gogomănie
cds	no	mândrie
an	no	dobitoc
dmc	yes	corupt
ddp	yes	nechemat
an	no	nan
re	no	potlogar
cds	no	respinge
dmc	yes	mânjit
or	no	naiv
cds	no	wank
cds	no	drăcușor
cds	no	bădăran
ddp	yes	prostan
svp	no	ageamiu
asf	no	stupizenie
svp	no	lâncezi
cds	no	rebut
dmc	yes	nepriceput
or	no	ciudat
ddp	yes	prostănac
pr	no	târfă
ddp	yes	slabă de pește
asm	no	mână de locuri de muncă
an	no	ticălos
cds	no	parazit
dmc	yes	apostat
dmc	yes	depravat
an	no	nătângie
dmc	yes	bun de nimic
cds	no	ultraconservator
cds	no	palavră
asm	no	prostan
qas	no	mocofan
ddp	yes	zooerastia
cds	no	mafia
dmc	yes	vicios
pa	yes	grosolănie
an	no	dumbass
asm	no	sculă
qas	no	încurca
cds	no	probleme
cds	no	impostor
asm	no	călăreală
cds	no	sticlete
ddp	yes	arsehole
cds	no	slabă de pește
an	no	jigodie
dmc	yes	trișor
asf	no	babalaule
qas	no	drojdia societății și bobtail
svp	no	mândrie
dmc	yes	nedemn
cds	no	înșelător
cds	no	lăudăros
re	no	mafia
ddp	yes	necivilizat
svp	no	vanitatea
cds	no	groveller
cds	no	cămătărie
cds	no	o jumătate de halbă
cds	no	gorilă
cds	no	lașitate
ddp	yes	hainie
ddp	yes	bestial
svp	no	pierde-vară
ddp	yes	mârlan
dmc	yes	încurcă-lume
pa	yes	bădăran
or	no	pizdă
om	no	bulangiu
re	no	delicventjuvenil
an	no	patsy
cds	no	descurcăreț
ddf	yes	țărănoi
dmc	yes	git
qas	no	mârlan
ddp	yes	neștiință
cds	no	învățătoare
dmc	yes	chiulangiu
pa	yes	necivilizat
qas	no	scorneală
qas	no	diletant
re	no	actdeterorism
svp	no	dilly-dallier
dmc	yes	nescrupulos
svp	no	cheapskate
dmc	yes	pseudo
ddp	yes	cretin
ddp	yes	taleteller
cds	no	bandit
cds	no	scursură
an	no	slowcoach
dmc	yes	înșelăciune
pr	no	stupiditate
pa	yes	politician
cds	no	cap
ps	yes	imbecil
svp	no	mânie
cds	no	amor propriu
is	yes	canalie
cds	no	nehotărât
ddp	yes	simplu
an	no	mișel
cds	no	orgoliu
cds	no	habotnicie
pr	no	cocotă
cds	no	mistificator
asf	no	saphead
pr	no	teleleică
cds	no	cădea tip
cds	no	câine
asf	no	imbecilule
cds	no	spărgătordemașini
pa	yes	mârlănie
re	no	mizerabil
re	no	rogue
cds	no	onanie
asf	no	tont
svp	no	irascibil
qas	no	a face confuz
dmc	yes	târâie-brâu
cds	no	cutare
an	no	calicie
dmc	yes	bigotă
asm	no	[se] culca
pr	no	scorpie
re	no	delincvent
dmc	yes	bandit
pa	yes	țopârlan
cds	no	răvășeală
cds	no	polițistă
cds	no	scos în afara legii
pa	yes	necioplit
or	no	dumbass
ddp	yes	idioată
asf	no	idioată
re	no	coțcar
qas	no	parazit
ddp	yes	delator
an	no	obrăznicătură
cds	no	reacționar
cds	no	delicvent
svp	no	târâie-brâu
is	yes	zgârie-brânză
ddp	yes	neînvățat
or	no	bulangiu
svp	no	cupiditate
cds	no	snob
ddp	yes	lent
cds	no	popor
cds	no	novice
an	no	netrebnic
ddp	yes	leacbăbesc
cds	no	bucher
an	no	capsec
cds	no	mârlan
svp	no	coleric
cds	no	tâmp
re	no	bandit
om	no	handicapat
qas	no	filtru de probleme
dmc	yes	crâncen
svp	no	trândăveală
is	yes	viclean
ddp	yes	pudden-cap
pr	no	femeiedestradă
cds	no	sarguincioasa
ps	yes	grosolan
cds	no	privitor
re	no	mafia italiană
rci	yes	churl
cds	no	satyriasis
cds	no	țărănoi
an	no	fraier
asf	no	nătângie
svp	no	trândav
cds	no	mizerie
ps	yes	oală de noapte
an	no	coțcar
qas	no	frenetic
pr	no	crawling bordură
dmc	yes	derbedeu
dmc	yes	chawbacon
cds	no	impudență
qas	no	inexactitate
ddp	yes	knucklehead
cds	no	lașă
asm	no	dobitoc
dmc	yes	violent
dmc	yes	bundenimic
an	no	idiot
an	no	personaj negativ
om	no	homosexual
cds	no	snooper
asf	no	dobitoc
om	no	homosexualilor
cds	no	scornire
ps	yes	bocciu
dmc	yes	crud
ddf	yes	dezamăgitor
cds	no	bigot
asm	no	flouter
cds	no	gloata-rouser
re	no	șantaj
svp	no	avariție
cds	no	gabor
asm	no	bucată de fund
asm	no	miel
asm	no	lucrumanual
qas	no	necioplit
re	no	violată
ddp	yes	rahat
pr	no	curvă crack
dmc	yes	destrăbălat
asm	no	shtup
svp	no	lăudăroșenie
is	yes	calic
ddp	yes	nonsens
rci	yes	incult
dmc	yes	delincventjuvenil
qas	no	trist
or	no	prost
qas	no	scornitură
cds	no	onctuos
an	no	escorta de sex masculin
svp	no	chiulangiu
ddp	yes	palavragiu
svp	no	furia
cds	no	trist sac
cds	no	wheeler dealer
cds	no	hybris
ddp	yes	capsec
cds	no	literară hack
cds	no	bigotism
dmc	yes	imoral
svp	no	parazit
an	no	stick-in-noroi-
ddp	yes	absurditate
an	no	diddlyshit
cds	no	cămătari
cds	no	bellyacher
svp	no	infatuare
svp	no	megaloman
om	no	invertit
cds	no	codoașă
cds	no	hipersexualitate
qas	no	plăsmuire
an	no	hainie
cds	no	mișel
pa	yes	grosolan
an	no	folderol
or	no	tâmp
cds	no	mizerabil
dmc	yes	barbar
an	no	vânătordefuste
cds	no	tocilar
svp	no	amour propre
ddp	yes	gogomănie
pr	no	floozie
ddp	yes	nătăfleață
asf	no	naiv
ps	yes	fraier
cds	no	mafie
cds	no	caraliu
ddp	yes	incapabil
svp	no	minginess
an	no	imbecil
cds	no	șoarece de bibliotecă
dmc	yes	brutal
dmc	yes	foetor
re	no	ponegritor
cds	no	băgăreț
cds	no	gogoșar
cds	no	patsy
an	no	șmecher
cds	no	ipocrit
qas	no	poveste
svp	no	impulsiv
rci	yes	țărănoi
ps	yes	tăntălău
is	yes	tightwad
svp	no	trufaș
cds	no	viclenie
an	no	bestie
ps	yes	necioplit
ddp	yes	ilogism
svp	no	calicie
dmc	yes	fals
cds	no	insistent
cds	no	scrib
asm	no	netot
cds	no	gunoi menajer
ddp	yes	grosolan
an	no	nesimțit
svp	no	layabout
cds	no	idiot
re	no	debaucher
or	no	tâmpit
svp	no	zgârie-brânză
cds	no	semeție
an	no	avar
an	no	scursură
an	no	rentboy
an	no	vamper
asm	no	rostogolesc în fân
dmc	yes	nerușinat
ddf	yes	pitic
or	no	poponar
dmc	yes	prevaricator
rci	yes	mârlan
svp	no	netoleranță
pr	no	vrac femeie
pr	no	prostituția
asm	no	avearelațiisexuale
ddp	yes	muttonhead
pa	yes	țoapă
cds	no	gangster
cds	no	polițiști
ps	yes	ruiner
cds	no	labagiu
is	yes	scrooge
ddp	yes	vraci
cds	no	poveste
ps	yes	idioți
cds	no	nimfomană
ddp	yes	lummox
asm	no	jeerer
ps	yes	rasa mongoloidă
ddp	yes	tâmpit
asm	no	cordit
rci	yes	barbar
ps	yes	negrule
qas	no	tagalong
ddp	yes	nesăbuit
cds	no	ultraconservatoare
an	no	cochetă
dmc	yes	bocciu
cds	no	jefuitor
svp	no	calic
an	no	profitor
ddp	yes	întârziere
cds	no	fanatismul
re	no	furibund
an	no	nespălat
dmc	yes	murdar
is	yes	villainess
cds	no	ofițer
asm	no	înșurubare
ps	yes	darkey
qas	no	riffraff
asm	no	prostănac
qas	no	sacrifica
cds	no	frecăngeală
cds	no	stupid
ddp	yes	nătâng
cds	no	droaie
ddp	yes	fiu de cățea
ps	yes	nigra
ddp	yes	fără sens
cds	no	bandele de stradă
an	no	câine
cds	no	omniscient
cds	no	convulsie off
asm	no	saphead
ps	yes	metis
qas	no	selecta
pa	yes	țărănoi
cds	no	atotștiutor
svp	no	trufie
an	no	leneș
asf	no	nerozie
an	no	[se] înfuria
cds	no	viclean
cds	no	compulsie sexuală
asm	no	zeflemist
cds	no	labagiule
an	no	animal
cds	no	tricker
cds	no	nerușinare
re	no	necinstire
rci	yes	țopârlan
cds	no	nătâng
asf	no	changelings
cds	no	păcăleală
ps	yes	tâmpit
cds	no	spectator-on
an	no	tont
asm	no	prost
cds	no	boboc
ps	yes	negru
cds	no	poltron
cds	no	conformist
pr	no	prostituţie
pr	no	sforăială
cds	no	inteligentă aleck
an	no	zooerasty
dmc	yes	plebe
dmc	yes	mitocan
re	no	terorism
cds	no	disprețuibil
an	no	pitic
asm	no	miștocar
ddp	yes	prostovan
cds	no	git
is	yes	amărât
cds	no	rapid una
qas	no	linge-talere
ddp	yes	juvenil
svp	no	avid
pr	no	băieți chirie
an	no	nu știu nimic
dmc	yes	blunderer
ddp	yes	escroc
ddp	yes	patsy
ddp	yes	fathead
is	yes	zgârcenie
asf	no	imbecil
asm	no	futai
cds	no	mojic
ps	yes	tiganul
asm	no	labagiule
dmc	yes	puturos
qas	no	brașoavă
cds	no	cosa nostra
ddp	yes	dobitoc
svp	no	nervos
re	no	violatori
dmc	yes	boschetar
dmc	yes	pseud
an	no	prickteaser
dmc	yes	nating off-
ps	yes	changelings
svp	no	agresiv
re	no	mafiei siciliene
cds	no	demagogic
ddp	yes	necompetent
ps	yes	țărănoi
ddp	yes	bestie
cds	no	sniveller
dmc	yes	țăran
ps	yes	bălălău
cds	no	trufaș
cds	no	născocire
cds	no	labă
asf	no	puicuță
re	no	act terorist
cds	no	impertinență
dmc	yes	pramatie
cds	no	rube
cds	no	nespălat
an	no	cretinule
cds	no	neadevăr
cds	no	necaz
an	no	nanus
pr	no	rentboy
cds	no	ipocrizie
pa	yes	țărănie
an	no	muttonhead
asm	no	face dragoste
dmc	yes	soios
qas	no	grosolan
ddp	yes	prater
cds	no	egotism
ddp	yes	neghiobie
cds	no	chawbacon
an	no	pip-chițăit
cds	no	nătărău
ddp	yes	medicinăempirică
dmc	yes	târâtură
cds	no	groveler
cds	no	sluga
cds	no	prost
pr	no	inepție
ddp	yes	molâu
cds	no	canalie
om	no	găozar
ddp	yes	muggins
an	no	nerod
svp	no	găman
pr	no	doamnă de placere
ps	yes	bou
asm	no	escroca
cds	no	delincventjuvenil
asm	no	fura
an	no	farse
cds	no	țopârlan
rci	yes	mitocan
cds	no	începător
re	no	mafia siciliană
om	no	queer
cds	no	nedemn
cds	no	inexactitate
ddp	yes	moale atingere
cds	no	splashiness
ps	yes	bădăran
re	no	calomnie
cds	no	amor
cds	no	scârța-scârța
cds	no	uleios
qas	no	născocire
ddp	yes	idioți
rci	yes	bocciu
or	no	pederast
svp	no	fomist
dmc	yes	golan
dmc	yes	dallier
svp	no	lenesi
om	no	molestator de copii
ddp	yes	mitocan
cds	no	fanatic
qas	no	drojdiasocietății
dmc	yes	mocofan
an	no	betise
om	no	poove
cds	no	grosolan
re	no	delincventjuvenil
cds	no	lepădătură
ps	yes	idioată
re	no	turbulent
cds	no	sharking împrumut
ddp	yes	nesocotință
qas	no	neadevăr
ddp	yes	bădăran
pr	no	băiat chirie
cds	no	brambureală
cds	no	egocentric
re	no	terorist actul
an	no	codswallop
cds	no	răufăcător
asm	no	nookie
svp	no	puturoșie
svp	no	bundenimic
svp	no	îngâmfare
qas	no	mojic
qas	no	sciolist
dmc	yes	grobian
dmc	yes	trândav
ps	yes	dimwit
an	no	diddley
qas	no	necivilizat
qas	no	chinui
cds	no	mafia italiană
qas	no	scandalagiu
dmc	yes	sălbatic
dmc	yes	churl
svp	no	gurmand
dmc	yes	delincvent
asm	no	cădea tip
asm	no	naivitate
cds	no	fast
om	no	mișcarea homosexualilor
is	yes	avar
an	no	bestial
ps	yes	babalaule
svp	no	calicenie
dmc	yes	phoney
an	no	nehotărât
an	no	laș
dmc	yes	roue
cds	no	vaunter
dmc	yes	parazit
asm	no	tont
an	no	necugetat
pa	yes	vulgaritate
dmc	yes	rogue
asm	no	futere
cds	no	murdar câine
ddp	yes	fuckhead
ps	yes	distrugător
cds	no	proxenetism
ddp	yes	compresă
cds	no	ofițeri de poliție
dmc	yes	țărănoi
dmc	yes	zeu jongler
dmc	yes	trântor
asf	no	netot
cds	no	deșeuri municipale solide
dmc	yes	mârlan
cds	no	zăpăceală
ps	yes	tont
svp	no	bun de nimic
ddp	yes	drojdiasocietății
pr	no	strada fata
asm	no	neghiobie
an	no	knucklehead
om	no	pedofil
ddp	yes	nerozie
qas	no	freeloader
cds	no	schoolma'am
om	no	nance
asf	no	pasarica
ddp	yes	animal
cds	no	necioplit
asm	no	wank
cds	no	papugiu
an	no	porc
qas	no	scandalagiul
cds	no	umflat capul
svp	no	futilitate
ddp	yes	nepregătit
asf	no	dimwit
cds	no	încuiat
cds	no	hoi polloi
pa	yes	mitocan
re	no	terorist
qas	no	lepădătură
svp	no	inutilitate
dmc	yes	false
cds	no	jigodie
cds	no	laba
cds	no	devilment
an	no	murdar truc
asf	no	knucklehead
ddp	yes	bălălău
pr	no	femeie de stradă
ddp	yes	tâmp
an	no	târâtură
ddp	yes	bocciu
re	no	teroriști
asf	no	nerod
cds	no	moaner
svp	no	zgârcenie
pr	no	vorbărie goală
pr	no	floozy
ddp	yes	nemernic
asm	no	muggins
or	no	găozar
cds	no	împrumuturilor de bani
an	no	farsă
cds	no	know-it-toate
svp	no	trândăvie
cds	no	nespălate mare
pr	no	cățea
cds	no	maimuță
an	no	viclean
dmc	yes	ipocrizie
an	no	diddly-rahat
ps	yes	cioroi
is	yes	trist
dmc	yes	calicenie
cds	no	presumptuousness
an	no	grosolănie
svp	no	rapace
cds	no	cămătar
dmc	yes	grosolănie
asm	no	labă
dmc	yes	fetor
cds	no	văicăricios
pr	no	tâmpenie
qas	no	rasoli
cds	no	masă
re	no	înfierbântat
asm	no	nooky
ddp	yes	cretinule
an	no	fuckhead
an	no	netot
dmc	yes	ageamiu
cds	no	caligraf
qas	no	minciună
svp	no	arțăgos
asf	no	păsarică
asf	no	patsy
cds	no	leneș
cds	no	personaj negativ
ddp	yes	prost
cds	no	mafiei siciliene
qas	no	respinge
svp	no	nating off-
cds	no	bocciu
asm	no	[-și] batejoc
ddp	yes	medic vraci
pr	no	john
re	no	discreditare
ddp	yes	încet
dmc	yes	stricat
ps	yes	idioate
svp	no	indolență
cds	no	mussiness
cds	no	comportament sexual compulsiv
ddp	yes	tont
cds	no	amărât
svp	no	superbia
cds	no	slob
cds	no	loanshark
ddp	yes	nătărău
dmc	yes	malodour
an	no	prost
svp	no	țanțoș
cds	no	încurcă-lume
pr	no	curtezană
qas	no	invenție
or	no	pasarica
dmc	yes	fărăscrupule
asm	no	gogomănie
cds	no	bragger
ddp	yes	bumbler
cds	no	coruptibil
asf	no	cădea tip
or	no	prost persoană
re	no	defăimare
cds	no	fier vechi
an	no	curvă
an	no	neîngrijită persoană
cds	no	scoaterea în afara legii
is	yes	prăpădit
ddp	yes	drojdia societății și bobtail
ps	yes	krauthead
dmc	yes	murdar câine
cds	no	tont
ddp	yes	saphead
an	no	floozy
cds	no	intermediar
om	no	homofile
re	no	maligner
an	no	bestialitate
re	no	personaj negativ
asm	no	twirp
cds	no	nepoliticos
dmc	yes	impostorul
asf	no	codswallop
pa	yes	mocofan
ps	yes	întârziere
cds	no	bodigard
cds	no	vanitate
ddp	yes	bârfitor
dmc	yes	wastrel
cds	no	nimfomanie
svp	no	papugiu
cds	no	fanatismreligios
ddp	yes	imbecil
svp	no	apucător
qas	no	nenorocit
an	no	parazit
an	no	mizerabil
cds	no	dibăcie
pr	no	femeie întreținută
qas	no	tulburat
cds	no	șarlatan
an	no	naiv
dmc	yes	papugiu
an	no	prădător
qas	no	bădăran
asf	no	pizdă
an	no	turba
or	no	slabă de pește
an	no	muggins
dmc	yes	incult
dmc	yes	nepoliticos
ps	yes	cioară
an	no	stupizenie
an	no	riffraff
an	no	mielușel
is	yes	cerșetor
pa	yes	barbari
ddp	yes	twerp
ddp	yes	găgăuță
or	no	compresă
cds	no	taleteller
cds	no	netrebnic
cds	no	dependent
svp	no	amor
cds	no	drojdiasocietății
an	no	rău
svp	no	nebunie
an	no	incult
cds	no	palavragiu
asf	no	târfă
cds	no	grobian
svp	no	iute
dmc	yes	lowlife
re	no	viclean
re	no	siluire
cds	no	indicator
an	no	inexorabilitatea
svp	no	puturoșenie
an	no	rogue
dmc	yes	amărât
ddp	yes	prost-crescut
cds	no	ostentație
dmc	yes	jegos
ddf	yes	netrebnic
dmc	yes	bumbler
cds	no	pierde-vară
ps	yes	țigan
cds	no	loansharking
cds	no	unsuros
svp	no	lene
cds	no	infatuare
svp	no	dezertor
cds	no	blunderer
cds	no	mort
ddp	yes	colportor
dmc	yes	o jumătate de halbă
an	no	nepriceput
re	no	zgomotos
cds	no	fudul
asm	no	bucată de coadă
qas	no	țărănoi
dmc	yes	țopârlan
ddp	yes	purta
rci	yes	necivilizat
dmc	yes	barbari
cds	no	venalitate
an	no	gunoi sac
ddp	yes	necultivat
dmc	yes	sărman
ddp	yes	incult
cds	no	bandă
dmc	yes	libertin
re	no	violul
svp	no	trântor
an	no	nesocotință
asf	no	păpușă
re	no	data-viol
dmc	yes	necuviință
ddp	yes	guraliv
asm	no	neghiob
dmc	yes	întinat
asf	no	idioate
cds	no	bufon
cds	no	secătură
ddp	yes	prosti
cds	no	orgoliul
pr	no	vacă
dmc	yes	pungaș
svp	no	iritabil
cds	no	chiseler
pa	yes	mitocănie
cds	no	infractoare
qas	no	sacrificarea
asm	no	pula
dmc	yes	negativ tragic
an	no	nerozește
cds	no	naiv
qas	no	jalnic
an	no	strada fata
dmc	yes	bădăran
ps	yes	churl
an	no	târfă
svp	no	hauteur
dmc	yes	fluieră-vânt
dmc	yes	gogoșar
ps	yes	imbecilule
dmc	yes	aurolac
qas	no	linge-blide
cds	no	hustling
dmc	yes	puți
an	no	pericol ascuns
qas	no	țopârlan
qas	no	țoapă
ddp	yes	idioate
pa	yes	barbar
asf	no	neghiobie
an	no	secătură
svp	no	arogant
re	no	șantajat
ddf	yes	decepționant
cds	no	obrăznicie
dmc	yes	dilly-dallier
ddp	yes	naiv
ps	yes	grobian
dmc	yes	șnapan
dmc	yes	bad persoană
pr	no	sexuale comerciale
svp	no	scrooge
qas	no	pleavasocietății
ddf	yes	plevușcă
dmc	yes	haimana
cds	no	răutate
cds	no	lenesi
asm	no	tragepesfoară
cds	no	pramatie
cds	no	strânsură
cds	no	măscărici
dmc	yes	nătâng
pr	no	fornicatress
asm	no	dracului
cds	no	gangsterism
or	no	idiot
asm	no	futut
pr	no	prostituată
rci	yes	grosolan
cds	no	fanatism
re	no	batjocorire
asf	no	fleac
re	no	clocotitor
or	no	stupid
an	no	drojdia societății și bobtail
ddp	yes	neștiutor
cds	no	cârpaci
re	no	viol
cds	no	târâtură
svp	no	amorpropriu
qas	no	blunderer
ddp	yes	flecar
qas	no	nebun
cds	no	peşte
cds	no	abil
cds	no	gloată
cds	no	plăsmuire
asf	no	idioți
is	yes	calicenie
svp	no	ipocrizie
dmc	yes	bun-pentru-nimic
or	no	fofoloancă
qas	no	neexactitate
svp	no	îngâmfat
ps	yes	tâmp
cds	no	weisenheimer
cds	no	slăbit
ps	yes	moale atingere
cds	no	frecangiu
cds	no	băgăcios
cds	no	deșeuri municipale
qas	no	mâzgălitor
an	no	moșcăit
ddp	yes	rumormonger
asf	no	betise
dmc	yes	duhoare
dmc	yes	leneș
an	no	lașă
an	no	diddly-ghemuit
svp	no	bigotă
asf	no	idiot
dmc	yes	rău
cds	no	mama nenorocit
an	no	nătâng
cds	no	chiseller
rci	yes	mocofan
dmc	yes	zgârcenie
svp	no	bun-pentru-nimic
ps	yes	kraut
cds	no	vicleșug
cds	no	neisprăvit
dmc	yes	trist sac
cds	no	mămăligă
cds	no	dobitoc
an	no	încornorat
cds	no	penal
cds	no	gunoi
ddp	yes	credul
ddp	yes	imbecilule
svp	no	lasciv
pr	no	hellcat
re	no	cosa nostra
cds	no	spectator
qas	no	grobian
cds	no	camătă
cds	no	dastardliness
dmc	yes	trădător
ps	yes	mocofan
an	no	animalic
rci	yes	țoapă
dmc	yes	villainess
asm	no	frecăngeală
cds	no	nerod
dmc	yes	josnic
an	no	calic
cds	no	problema
asm	no	convulsie off
dmc	yes	chiseller
asf	no	găgăuță
cds	no	fărăscrupule
asm	no	fraier
re	no	mafiasiciliană
cds	no	javră
or	no	nătâng
svp	no	niggardness
qas	no	zăpăci
an	no	nătărău
dmc	yes	gunoi sac
cds	no	aghiuță
pr	no	prostie
cds	no	deșeurilor solide
dmc	yes	bigot
cds	no	rogue
dmc	yes	obtuz
an	no	porcan
is	yes	personaj negativ
an	no	șiret
qas	no	bocciu
qas	no	scornire
an	no	prostituată de sex masculin
dmc	yes	nemernic
ddp	yes	nimic
qas	no	drojdia societății
cds	no	târâie-brâu
ddp	yes	bou
dmc	yes	contrafăcut
cds	no	tattletale
svp	no	fluieră-vânt
ddp	yes	prostia
ddp	yes	dimwit
cds	no	hayseed
re	no	data de viol
is	yes	zgârcit
om	no	poof
dmc	yes	impolitețe
pa	yes	mojicie
ddf	yes	nan
asm	no	dracu
qas	no	falsitatea
dmc	yes	nelegiuit
svp	no	dillydallier
cds	no	hick
dmc	yes	grosolan
ddf	yes	nanus
cds	no	om de nimic
qas	no	cerșetor
ddp	yes	twaddler
svp	no	masina de sapat santuri
asf	no	nesocotință
an	no	canalie
cds	no	mafia siciliană
dmc	yes	delicventjuvenil
cds	no	neghiob
dmc	yes	cârpaci
cds	no	dezordine
ddp	yes	denunțător
ddp	yes	barbari
asm	no	pulă
asm	no	prostovan
cds	no	vulpoi
dmc	yes	lepădătură
qas	no	patetic
ps	yes	mitocan
ddp	yes	stupizenie
an	no	ignorant
an	no	slăbănog
ddp	yes	budinca cap
dmc	yes	jigodie
asm	no	cordeală
cds	no	pandar
cds	no	prăpădit
qas	no	linge-talgere
svp	no	trencherman
dmc	yes	secătură
or	no	poof
svp	no	infatuat
asf	no	bujavercă
an	no	neîndemânatic
asf	no	dumbass
ddp	yes	informator
qas	no	rebut
qas	no	moocher
an	no	femeie chaser
cds	no	venal
om	no	curist
dmc	yes	nătântoc
cds	no	ciuf
cds	no	wuss
ddp	yes	hokum
svp	no	vindicativ
is	yes	sărman
or	no	nance
cds	no	invenție
an	no	lepădătură
pr	no	femeie de moravuri ușoare
or	no	poove
cds	no	curios
cds	no	budinca cap
dmc	yes	hobos
dmc	yes	hick
svp	no	mândru
ddp	yes	neinstruit
asf	no	fetișcană
an	no	mămăligă
cds	no	predica
cds	no	dăscăliță
dmc	yes	canalie
or	no	nerod
ps	yes	darkie
or	no	fuckhead
svp	no	hrăpăreț
ps	yes	changeling
dmc	yes	înșelătoare
dmc	yes	hayseed
ddp	yes	duce
cds	no	coțcar
cds	no	resturi
dmc	yes	potlogar
ddp	yes	idiotule
cds	no	falsitate
pr	no	metresa
asm	no	onanie
ps	yes	uprooter
asm	no	înșela
asf	no	stupiditate
dmc	yes	înșelător
cds	no	îndruga
qas	no	incult
dmc	yes	fabricator
cds	no	ticălos
ps	yes	cioara
ps	yes	țopârlan
svp	no	răzbunător
ps	yes	jumătate de castă
ddp	yes	codswallop
cds	no	scorneală
cds	no	fricos
cds	no	fascismului
or	no	fetiță
or	no	curist
cds	no	imbecil
qas	no	neprofesionist
re	no	negativ tragic
cds	no	proxeneți
an	no	bad persoană
cds	no	egoism
cds	no	fraier
dmc	yes	farsor
asf	no	capsec
cds	no	wiliness
cds	no	recrut
qas	no	churl
dmc	yes	licențios
re	no	defăimător
is	yes	patetic
an	no	cădea tip
cds	no	plângăcios
dmc	yes	bigotism
cds	no	laș
dmc	yes	layabout
an	no	tâmpit
cds	no	nenorocit
pr	no	neîngrijită femeie
cds	no	rumormonger
cds	no	condamna
ps	yes	metiși
cds	no	șiretenie
an	no	puturos
asf	no	fofoloancă
dmc	yes	chiseler
cds	no	împrumut rechin
om	no	persoanăhandicapată
dmc	yes	fățarnic
is	yes	avariție
ddp	yes	prostie
cds	no	amour propre
asm	no	prostie
ddp	yes	păcăli
dmc	yes	indecentă
ddp	yes	betise
cds	no	egoist
an	no	năuc
ddp	yes	iudă
dmc	yes	gangster
an	no	brută
dmc	yes	mediocritate
svp	no	mare de neutralitate
dmc	yes	mojic
cds	no	bande
ddp	yes	nu știu nimic
ddp	yes	neîndemânatic
svp	no	parcimonios
cds	no	sacrificarea
ps	yes	mojic
ps	yes	barbari
asm	no	regulare
an	no	drojdiasocietății
cds	no	lowlife
is	yes	jalnic
an	no	vampă
cds	no	prost persoană
ddp	yes	zero
ddp	yes	rumourmonger
pr	no	prostituție
cds	no	farsor
or	no	budinca cap
an	no	fusta chaser
svp	no	gourmandizer
svp	no	nesățios
re	no	jefuitor
cds	no	neastâmpărat
cds	no	brașoavă
asf	no	muggins
re	no	șiret
ddf	yes	plebe
an	no	ciuf
cds	no	membru al bandei
asf	no	fraier
svp	no	certăreț
an	no	trotuarul
an	no	zgârcit
an	no	raunch
ddp	yes	pălăvrăgiu
asm	no	păcăli
cds	no	născocitură
an	no	diddly
ddp	yes	incompetent persoană
cds	no	împătimit
dmc	yes	lenesi
asm	no	cotârșit
an	no	lowlife
an	no	avariție
asm	no	nătărău
ddp	yes	țoapă
om	no	pederast
ddp	yes	churl
cds	no	măgar
cds	no	turmă
cds	no	mafiasiciliană
an	no	rahat
dmc	yes	împuțit
asf	no	păsărică
om	no	fetiță
ddp	yes	prost persoană
an	no	pungaș
cds	no	țanțoș
asf	no	vagin
asm	no	nătâng
cds	no	bigotă
svp	no	nepriceput
dmc	yes	minciună
cds	no	necivilizat
dmc	yes	șmecher
cds	no	infractor
cds	no	ostentativitatii
dmc	yes	abject
asm	no	nătăfleață
ddp	yes	stupid
cds	no	wisenheimer
cds	no	codoș
asm	no	[se] iubi
cds	no	țoapă
asm	no	credulitate
ddp	yes	incompetent
cds	no	delincvent
qas	no	încurcă-lume
svp	no	turbare
cds	no	piscină hustling
or	no	păsarică
dmc	yes	renegat
dmc	yes	vagabonzi
re	no	canalie
cds	no	villainess
cds	no	drojdia societății
svp	no	ipocrit
svp	no	ranchiunos
cds	no	băiat deștept
cds	no	puzzle
asf	no	muttonhead
cds	no	practice joker
dmc	yes	neadevărat
ddp	yes	înșela
an	no	ferocitate
cds	no	codswallop
svp	no	zgârcit
dmc	yes	răumirositor
re	no	mafie
cds	no	rele penale
cds	no	riffraff
cds	no	hypersexual
svp	no	încrezut
pa	yes	mârlan
cds	no	onanist
pr	no	trotuarul
dmc	yes	desfrânat
an	no	potlogar
ddp	yes	ignorant
cds	no	născoceală
cds	no	dezertor
ddp	yes	necioplit
svp	no	malitios
cds	no	puzzler
cds	no	pompozitate
cds	no	mase
an	no	doodly-ghemuit
ddp	yes	șarlatan
an	no	fleac
asm	no	patsy
cds	no	minorului delincvent
rci	yes	barbari
cds	no	plevușcă
is	yes	cheapskate
cds	no	nătântoc
ddp	yes	trădător
an	no	villainess
cds	no	banditti
cds	no	mincinos
re	no	șarlatan
svp	no	lăcomie
cds	no	escroc
cds	no	zăpăci
or	no	neisprăvit
svp	no	rapacitate
cds	no	șmecher
ddp	yes	neinteligent
an	no	intransigență
pr	no	prostituată de sex masculin
cds	no	fascist
dmc	yes	lâncezi
svp	no	disprețuitor
ps	yes	cretin
asf	no	prostie
om	no	gay
svp	no	dallier
qas	no	cârpaci
dmc	yes	fetid
is	yes	calicie
an	no	vulgaritate
re	no	vilifier
cds	no	compresă
ddp	yes	nebunie
cds	no	polițistul
an	no	femeiedestradă
pr	no	metresă
an	no	pleavasocietății
cds	no	îngâmfare
ddp	yes	nebunesc
an	no	șarlatan
ddp	yes	tăntălău
asf	no	nătărău
cds	no	cârtitor
ddp	yes	zooerasty
ddp	yes	ignoranță
cds	no	barbari
ddp	yes	neghiob
ddp	yes	nepriceput
dmc	yes	slinos
cds	no	diletantism
dmc	yes	vagabond
cds	no	haiduc
ddp	yes	netot
dmc	yes	șiret
dmc	yes	avariție
cds	no	fascism
cds	no	buluc
cds	no	femeie-polițist
svp	no	leneș
pr	no	zgură
cds	no	puturos
ps	yes	darky
dmc	yes	risipitor
dmc	yes	neghiob
svp	no	semeție
cds	no	superbia
cds	no	delicventjuvenil
an	no	țărănie
dmc	yes	infecție
ps	yes	prost
asf	no	tipă
ddp	yes	bestialitatea
svp	no	aroganță
ddp	yes	folderol
cds	no	nimfomana
qas	no	amator
cds	no	lucrumanual
ddp	yes	nonsensicality
cds	no	perfid
cds	no	plângăreț
cds	no	banda de strada
qas	no	ameți
ps	yes	găgăuță
dmc	yes	țoapă
qas	no	siropos
cds	no	minciună gogonată
ps	yes	rasa mongolidă
cds	no	neîngrijită persoană
re	no	minorului delincvent
asm	no	ficken
cds	no	problemă
an	no	git
asf	no	changeling
asf	no	prostănac
dmc	yes	ireverență
asm	no	babalaule
cds	no	mitocan
asf	no	prost
cds	no	pudden-cap
svp	no	pizmaș
cds	no	potlogar
svp	no	țâfnos
re	no	calomniator
cds	no	pedant
asm	no	betise
svp	no	tightwad
asf	no	moale atingere
pr	no	absurditate
dmc	yes	pierde-vară
pr	no	servicii sexuale
dmc	yes	necivilizat
dmc	yes	putoare
svp	no	iubirea de sine
an	no	cutare
re	no	pungaș
ddp	yes	escrocherie
ddp	yes	turnător
cds	no	necuviință
cds	no	polițist
cds	no	timeserver
asm	no	găgăuță
cds	no	lăudăroșenie
ddp	yes	twirp
asm	no	labagiu
an	no	drojdia societății
qas	no	gogoașă
cds	no	copoi
pa	yes	churl
cds	no	țăran
cds	no	fiu de cățea
qas	no	născocitură
cds	no	plebe
an	no	escroc
is	yes	negativ tragic
dmc	yes	nenorocit
dmc	yes	șarlatan
an	no	moale atingere
asm	no	dimwit
an	no	incompetent
is	yes	coate-goale
ddp	yes	changelings
ddp	yes	prostii
an	no	speculant
ddp	yes	brutalitate
pr	no	coarda
asm	no	nesocotință
dmc	yes	defraudator
cds	no	erotomanie
cds	no	minciună
cds	no	regimul fascist
ddp	yes	animalic
is	yes	mizerabil
an	no	mort
dmc	yes	indecent
ddp	yes	barbar
asf	no	crăpătură
qas	no	falsitate
dmc	yes	trickster
cds	no	acoliții
om	no	nehotărât
re	no	denigrare
dmc	yes	treasonist
ddf	yes	urât
an	no	prostituția masculină
an	no	pudge
dmc	yes	viclean
re	no	mafiot
ddp	yes	babalaule
re	no	raper
asm	no	imbecil
cds	no	talebearer
qas	no	milog
asf	no	vaginale
om	no	ciudat
cds	no	tâmpit
cds	no	wiseacre
qas	no	minciună gogonată
an	no	băieți chirie
svp	no	temperamental
re	no	Şantaj
dmc	yes	negru
an	no	oaie
dmc	yes	indolent
asm	no	zero
ddp	yes	cârpaci
an	no	slowpoke
pr	no	lături
dmc	yes	prăpădit
re	no	act de terorism
an	no	calicenie
cds	no	egolatrie
re	no	șmecher
an	no	inexorableness
cds	no	demagog
dmc	yes	bețiv
dmc	yes	cutare
ddp	yes	drojdia societății
ddp	yes	fleac
ddp	yes	saltimbanc
svp	no	intoleranță
asm	no	culcat
cds	no	negativ tragic
an	no	incompetent persoană
ddp	yes	brută
re	no	violator
an	no	nerozie
ddf	yes	nelegiuit
cds	no	nenorocitule
dmc	yes	porcan
pa	yes	mojic
cds	no	răutăcios
cds	no	proxenet
cds	no	reclamant
cds	no	farfara
or	no	invertit
cds	no	amorpropriu
rci	yes	necioplit
svp	no	furie
an	no	saphead
ddp	yes	țopârlan
ddp	yes	zgârcit
svp	no	invidios
ddp	yes	nerod
asf	no	tâmpit
an	no	plevușcă
cds	no	neobrăzare
ddp	yes	mojic
an	no	neghiobește
dmc	yes	ipocrită
dmc	yes	amăgitor
an	no	gogomănie
an	no	trântor
asm	no	moale atingere
svp	no	libidinos
or	no	knucklehead
asf	no	năuc
ddp	yes	stupiditate
qas	no	bumbler
ps	yes	nătâng
cds	no	șiret
or	no	păsărică
svp	no	fudul
cds	no	sărman
cds	no	bumbler
ddp	yes	limbut
ddp	yes	neisprăvit
svp	no	parcimonie
svp	no	gorger
svp	no	tightfistedness
is	yes	nenorocit
dmc	yes	ticălos
qas	no	zurbagiu
re	no	răpire
asm	no	onanist
is	yes	obtuz
cds	no	churl
qas	no	ciubucar
qas	no	scursură
cds	no	păcătos
ddp	yes	vânzător
pr	no	țiitoare
cds	no	izvordesuferință
re	no	clevetitor
ps	yes	necivilizat
cds	no	înfigăreț
dmc	yes	calicie
is	yes	șmecher
ps	yes	mestizaje
ps	yes	mestit
ddp	yes	țărănoi
svp	no	bigot
ddp	yes	nenorocitule
svp	no	voracitate
