is	yes	kemiskinan bandar
qas	no	gonad
pa	yes	kampung
an	no	anak babi
pa	yes	undertaker
an	no	tidak cekap
asm	no	kote
ps	yes	orang romani
ddp	yes	metazoans
ps	yes	gasar
pa	yes	mahaguru
an	no	pirah
an	no	gigih
ddf	yes	keji
re	no	penyerobotan
an	no	leporidae
ddp	yes	tongong
cds	no	kaum keluarga
qas	no	menganiaya
ddp	yes	penjahanam
cds	no	noda
asm	no	changeling
qas	no	bloopers
svp	no	bengah
an	no	genus pipistrellus
ps	yes	hebraism
cds	no	hiperseksualitas
ps	yes	lummox
an	no	bitch
cds	no	layabout
asm	no	jatuh lelaki
an	no	melintah
cds	no	busuk-up
cds	no	jaruman
cds	no	anak bini
svp	no	acedia
an	no	burung kakak tua
cds	no	lampus
om	no	berkedudukan baik
re	no	pendera
asm	no	bodek qualifier
an	no	brant angsa
re	no	mafia
or	no	murphy
cds	no	secara besar-besaran
cds	no	ndrangheta
an	no	pembengis
cds	no	kepandaian
om	no	kehomoseksualan
asm	no	kebodohan
ddp	yes	dumbass
cds	no	sisa pepejal perbandaran
cds	no	satyriasis
dmc	yes	perosak
an	no	megascops
dmc	yes	bangsat
dmc	yes	anjing
an	no	rouncey
asm	no	vicia faba
is	yes	pariah
re	no	kepalsuan berniat jahat
qas	no	menghibakan
om	no	bapuk
re	no	buaya
an	no	himar
cds	no	kepala bengkak
an	no	cacing
cds	no	gelombang
qas	no	kebiasaan
asm	no	mendesis
re	no	menyerobot
cds	no	pembiak baka tumbuhan
dmc	yes	banduan
an	no	crocodilia
an	no	bercabul
is	yes	sepi
cds	no	bijaksana
ps	yes	kaum-kaum lain
re	no	kesalahan yg dpt dituntut
dmc	yes	bengis
an	no	perompak
cds	no	papparazzi
cds	no	bayi
or	no	benak
cds	no	ahmak
cds	no	cur
cds	no	sisa-sisa
or	no	puki
or	no	adas pedas
cds	no	ikan bilis
asf	no	karut
qas	no	ballock
cds	no	mencuri
dmc	yes	batak
cds	no	pengomel
asf	no	shithead
cds	no	kafilah
an	no	strigiformes
cds	no	kesan
cds	no	massa
qas	no	murahan
an	no	muka
an	no	scorpionfish
asm	no	kacang bidang
qas	no	st hubert's hound
cds	no	pengacau
qas	no	bohong
dmc	yes	boros
dmc	yes	tembok kering
qas	no	pemimpin perniagaan
dmc	yes	pendustaan
an	no	jadi-dan-jadi
re	no	perogol bersiri
is	yes	penjahat tragis
ps	yes	hitam
cds	no	pendusta
qas	no	rumah asu
re	no	curian
re	no	gangster
pa	yes	pensyarah
an	no	gonggong
re	no	menyeksa
dmc	yes	kurang ajar
dmc	yes	keju mozzarella
svp	no	dengki
cds	no	bongak
ddp	yes	satwa
is	yes	terasing
an	no	anurans
cds	no	grifter
cds	no	jahat
an	no	keji
ddp	yes	blunderer
asm	no	tolol
qas	no	raja
cds	no	dongok
pa	yes	profesor penuh
cds	no	orang hulu
an	no	orang tidak berpendidikan
cds	no	penengah
an	no	doodly-mencangkung
svp	no	malas
ddp	yes	kezaliman
re	no	tingkah laku jenayah
cds	no	polis
asm	no	warna coklat
re	no	menghampakan
cds	no	dahsyat sen
cds	no	suku
svp	no	cepat marah
cds	no	sisa pepejal
cds	no	kumbahan mentah
asm	no	bahasa kacang
qas	no	sakit angan-angan
qas	no	menampal
cds	no	cemerkap
pa	yes	orang-orang gasar
qas	no	kampung
asm	no	membicu off
svp	no	lustfulness
cds	no	samseng jalanan
asm	no	fucking, austria
cds	no	orang bodoh
cds	no	mogok pecah
ps	yes	hibrid semulajadi
an	no	penakut
cds	no	bersubahat
re	no	jarah
an	no	حمار
ddf	yes	capik
cds	no	kepulan
cds	no	mafioso
cds	no	tongong
ps	yes	هيتم
dmc	yes	peniruan
dmc	yes	bangpak
ps	yes	kuda kayu
an	no	nasar
dmc	yes	sundal
or	no	punctiliousness
an	no	pelacur lelaki
svp	no	ketidakacuhan
cds	no	pendustaan
an	no	pinjal
is	yes	ripuh
qas	no	feudal
pr	no	perkhidmatan seksual
svp	no	parit
cds	no	kemungkinan dan berakhir
an	no	menyerbu
an	no	penjahat tragis
pr	no	wanita keseronokan
cds	no	meranggas
qas	no	pemusnahan
ddf	yes	rintangan
cds	no	teori konspirasi
or	no	orang tolol
cds	no	pengecoh
re	no	naik radang
an	no	ixodoidea
an	no	amerika banteng
ddp	yes	analphabetic
an	no	pillager
re	no	kejahatan jawatan
an	no	mudah tertipu
an	no	jalang
cds	no	kejahatan
svp	no	songar
pr	no	pelacur
cds	no	bermain-main
asm	no	berbentuk zakar
re	no	membunuh
is	yes	cialat
asf	no	teknikal
dmc	yes	diharamkan
svp	no	bakhil
ddp	yes	sesat akal
qas	no	silap
ddp	yes	pemberitahu
dmc	yes	pemalsuan
pa	yes	orang gasar
svp	no	pengangguran
cds	no	pengawal penjara
ps	yes	hibrid intergeneric
pr	no	borak
dmc	yes	sempuras
an	no	epifaunal
or	no	pepek
qas	no	masyarakat borjuasi
om	no	seks anal
om	no	darai
qas	no	subahat
asf	no	folderol
an	no	amerika kerbau
cds	no	anjing kacuk
an	no	crocodylidae
cds	no	mobster
cds	no	bodoh
qas	no	mabuk
an	no	despoiler
cds	no	tanda
re	no	slander
om	no	pergerakan homophile
is	yes	menyedihkan
dmc	yes	bukat
cds	no	kepala puding
re	no	mencuri
qas	no	menyeksa
qas	no	balast
cds	no	wafat
cds	no	pencurian lembu
an	no	sampah masyarakat
qas	no	busuk-up
qas	no	kesalahan di hadapan umum
cds	no	sampai ajal
cds	no	wonk
or	no	dumbass
is	yes	berdoa
cds	no	beban
dmc	yes	salah angkuh
asm	no	wanker
pa	yes	pengebumian undertaker
an	no	buas
dmc	yes	hal melanggar peraturan
qas	no	pematuhan
cds	no	melampau betul-pemain sayap
qas	no	sodbuster
re	no	holdup
svp	no	kebosanan
ddp	yes	kebudak-budakan
qas	no	ghalib
cds	no	kaum kerabat
re	no	chiseler
asm	no	kacang parang
svp	no	marah
qas	no	kecelaruan
cds	no	dude
pa	yes	pangkat diplomatik
is	yes	sarau
ddp	yes	fumbler
ps	yes	negroes
or	no	ubi kentang
asf	no	melambatkan
pa	yes	orang kasar
cds	no	cetera
pa	yes	teoretis
rci	yes	kampung
dmc	yes	pariah
cds	no	kacau-bilau
ddp	yes	pekerja buruk
cds	no	rakyat jelata
or	no	brassica oleracea
cds	no	ketul
dmc	yes	pentaksub
is	yes	sedu hati
pr	no	perempuan simpanan
asm	no	shtup
an	no	anguillidae
cds	no	pencuri ternak
svp	no	dongkol
an	no	benak
cds	no	diri puas hati
cds	no	jerk off
an	no	makhluk
cds	no	usikan
an	no	lintah
dmc	yes	murahan
cds	no	keghairahan
qas	no	kekusutan
ddp	yes	tolol
cds	no	pemberita
re	no	perogol
pa	yes	penyokong
ps	yes	lutong
ddp	yes	orang kecil yg picik
ddp	yes	sakit angan-angan
svp	no	sia-sia
cds	no	anjing kotor
cds	no	penolakan
an	no	poulet
pa	yes	ahli akademik
ddp	yes	mulut murai
ps	yes	kelana
an	no	euripterid
cds	no	tandas awam
ddf	yes	tunanetra
an	no	shithead
cds	no	narcissistic
dmc	yes	pekerja buruk
cds	no	anjing ras kacuk
an	no	kasar
cds	no	bongok
re	no	fitnah dan fitnah
an	no	domol
dmc	yes	sangsai
cds	no	membuat kerosakan-
is	yes	membawa tempurung
asm	no	changelings
re	no	penjambretan
svp	no	mengkal
ddp	yes	kerencatan
qas	no	paroki gereja
ddp	yes	orang kasar
cds	no	congong
svp	no	acquisitiveness
cds	no	bapa ayam
pa	yes	pekerja
is	yes	sedikit
cds	no	dpt ditertawakan
an	no	looter
asf	no	sentuhan lembut
an	no	burung hantu dihalang
asm	no	galah
cds	no	melambatkan
cds	no	bestari
om	no	silang
qas	no	anjing pemburu
dmc	yes	keburukan
cds	no	hibrid intergeneric
cds	no	jenayah
cds	no	penganiaya
pr	no	moo-cow
ddf	yes	hodoh
an	no	hama
qas	no	pertanian penyewa
cds	no	kumbahan
cds	no	pendidik
an	no	menggonggong
cds	no	kilah
an	no	equus africanus asinus
or	no	mentimun
cds	no	kawanan
cds	no	lelucon
an	no	agas
asm	no	amput
an	no	karut
om	no	puan
cds	no	khalayak ramai
cds	no	jual temberang
cds	no	kelompok
cds	no	umpatan
an	no	pengiring lelaki
or	no	fuckhead
ddp	yes	tertuduh yang bernama
ddp	yes	buta hati
dmc	yes	pencuri
qas	no	penganut
is	yes	kemelaratan
svp	no	slackers
an	no	lembu liar
qas	no	sengsara
an	no	pemalas
cds	no	sisa domestik
qas	no	sarkas
cds	no	dalih
ddp	yes	kekurangan mental
dmc	yes	scattergood
asm	no	kopi
cds	no	basi
svp	no	hasud
is	yes	pilu
cds	no	sifat takut-takutan
cds	no	camarilla
cds	no	menggericau
ddp	yes	konyol
re	no	neonaticide
is	yes	mengemis
ddp	yes	gampang
pr	no	pandir
re	no	dicabul
svp	no	tolol
an	no	lembu daging
qas	no	jelata
cds	no	pillock
ddp	yes	anak bodoh
rci	yes	orang kikir
ddp	yes	bongok
cds	no	tambung
cds	no	sniveller
pa	yes	peguam bela
re	no	rogol tarikh
ps	yes	bersifat negro
or	no	adas landi
cds	no	sampai umur
is	yes	kekurangan
asm	no	pipit qualifier
dmc	yes	orang buangan
re	no	menganiaya
an	no	nanus
om	no	sisi
re	no	bergelora
cds	no	clann
an	no	perampas
cds	no	suka berolok-olok
re	no	lanun
is	yes	bajingan
is	yes	sengsara
cds	no	chawbacon
is	yes	bulus
cds	no	lelaki
or	no	pondan
qas	no	baroque
qas	no	bungle
ps	yes	interfertility
asm	no	zakar qualifier
or	no	twat
cds	no	wartawan
qas	no	kejam
qas	no	pembantu paderi
cds	no	egotisme
asm	no	pterygiophore
om	no	حمار
cds	no	jumlah besar sekali
is	yes	berdukacita
or	no	ganjil
ps	yes	penghancur
cds	no	idola palsu
re	no	kejahatan
ddp	yes	dongok
is	yes	paupers
ddp	yes	folly
cds	no	kotoran
cds	no	ramai
an	no	betise
cds	no	rumah pelacuran
cds	no	gelagat
dmc	yes	kejahatan
rci	yes	orang asing
cds	no	pusung
pa	yes	petani
cds	no	jenayah tuan
an	no	slip lidah
cds	no	penulis hack
an	no	kambing antelop
re	no	mafia itali
is	yes	bakhil
or	no	lunkhead
an	no	kekasaran
an	no	codswallop
ps	yes	mestizaje
ps	yes	kampung
cds	no	orang kasar
an	no	hyaenidae
asm	no	kacang hijau
qas	no	gubuk
svp	no	besar perut
re	no	bukan-bukan
asm	no	kebebalan
pa	yes	teori
qas	no	merosakkan
an	no	macrofauna
ps	yes	orang negro
svp	no	tamak
ddp	yes	fuckhead
ddp	yes	sementung
cds	no	bongkah
cds	no	broker
cds	no	kecelaruan
re	no	terorisme
cds	no	mencekik
cds	no	tukang bual
cds	no	samseng
ddp	yes	animal
qas	no	kemungkinan dan berakhir
dmc	yes	kemerosotan
an	no	equus asinus
dmc	yes	orang bodoh
ddp	yes	pusung
an	no	jahanam
cds	no	puak-puak
om	no	ban
cds	no	pengelat
qas	no	ektoparasit
dmc	yes	orang-orang gasar
asm	no	main
asf	no	knucklehead
an	no	kambing betina
an	no	burung beo
ddp	yes	pilon
an	no	bedegong
cds	no	mendesak
re	no	perbuatan jenayah
ddp	yes	penipuan
re	no	kesalahan yg dpt dituntut sahaja
cds	no	penyembahan berhala
svp	no	taksub
cds	no	mata-mata
ddp	yes	orang kikir
cds	no	garis keluarga
ps	yes	jerry
cds	no	ceneker
cds	no	babi
re	no	penipu
re	no	libeler
asm	no	eropah kacang
svp	no	kemegahan
cds	no	menjejal
cds	no	anggapan
cds	no	tingkah laku jenayah
an	no	anjing hutan
cds	no	boo-boo
re	no	menjulang
cds	no	yg ingin tahu-parker
re	no	rompakan bersenjata
cds	no	keangkuhan
qas	no	senyawa
pa	yes	tukang angkut
pr	no	john
dmc	yes	medit
re	no	sakit penggunaan
cds	no	orang ramai
ps	yes	orang cina
qas	no	kapal terbengkalai
cds	no	fundamentalis
cds	no	pemula
cds	no	mengalum
re	no	penyiksa
qas	no	dalih
qas	no	selalu
pa	yes	profesor biasa
qas	no	cantuman
qas	no	kesalahan
cds	no	hal melanggar peraturan
cds	no	lumrah
dmc	yes	lokek
om	no	orang cacat
is	yes	sedih
asf	no	codswallop
re	no	gajul
svp	no	kehendak
cds	no	tandas
cds	no	keterlanjuran
pa	yes	pemilik syarikat pemakaman
svp	no	pendendam
an	no	haiwan lunak
cds	no	buasir
svp	no	congkak
an	no	lembu
an	no	sampah masyarakat dan ekor yg dipotong
dmc	yes	taksub
cds	no	pengecut
dmc	yes	munafik
ddp	yes	seorang yang buta huruf
cds	no	penganut setia
an	no	budak sewa
dmc	yes	orang kikir
an	no	genus vipera
om	no	janggal
cds	no	tdk sah
ddp	yes	bingung
cds	no	kekusutan
an	no	bunnies
cds	no	mengganyang
an	no	susu kambing
cds	no	kekhilafan
dmc	yes	cabul
cds	no	koresponden
pr	no	kupu-kupu
cds	no	menolak
cds	no	loansharking
cds	no	jelata
an	no	perempuan jalang
qas	no	berkubang
pa	yes	daging babi
asm	no	kacang faba
svp	no	sakit hati
an	no	mollusk
re	no	samseng
cds	no	muslihat
qas	no	peraih
qas	no	pekedai
cds	no	perosak
cds	no	konformis
ddp	yes	mountebank
cds	no	kebiadaban
cds	no	calo
dmc	yes	penipu
re	no	pemaksaan
cds	no	orang lemah
cds	no	ketaksuban
asm	no	jerk off
qas	no	farmhand
ps	yes	hibrid buatan manusia
svp	no	kebencian
cds	no	memuja
cds	no	blabbermouth
cds	no	pegawai pembetulan
asm	no	cuaran
cds	no	jabang bayi
cds	no	pengobrol
asf	no	mudah tertipu
cds	no	kesusahan
om	no	keister
qas	no	penjaga pasaran
asm	no	busuk
dmc	yes	biadap
dmc	yes	dahsyat
om	no	homo
an	no	aureus
an	no	monyong
cds	no	penjilat
asm	no	konek qualifier
asm	no	fucking
re	no	jenayah rogol
dmc	yes	banditti
cds	no	conventicles
cds	no	pengejut
svp	no	kebanggaan
ddp	yes	kekasaran
svp	no	berlengah-dallier
cds	no	mafiosi
qas	no	rakan kongsi dalam jenayah
ddf	yes	masalah pergerakan
cds	no	sia-sia
an	no	keldai dadah
cds	no	besi sekerap
cds	no	saluran pembuangan
an	no	angkuh
an	no	perusuh
an	no	caplak
an	no	bison amerika
qas	no	blunderer
cds	no	akademi
re	no	jahanam
asf	no	doofus
an	no	pepijat
dmc	yes	anak dusun
qas	no	kebosanan
ddp	yes	fitnah
cds	no	camorra
cds	no	pandai
cds	no	ibu fucker
an	no	pemburu wanita
cds	no	kehiperseksualan
cds	no	arriviste
re	no	pelanggaran
an	no	medit
cds	no	pemerhati
qas	no	bikinan
qas	no	kegila-gilaan
is	yes	gundah
cds	no	bahlul
dmc	yes	tiada akaun
cds	no	splashiness
an	no	mikrob
cds	no	kerisauan
cds	no	ke negeri cacing
ps	yes	meradang
an	no	meringkik
asf	no	wanita
cds	no	yg kurang baik
or	no	banci
asm	no	tiru
dmc	yes	cempiang
an	no	animalia
pa	yes	profesor kolej
cds	no	orang kaya baru
re	no	bajul
ps	yes	fasis
qas	no	memabukkan
qas	no	gasar
asm	no	menjengeki
cds	no	kuantiti
asf	no	bebal
qas	no	orang kikir
asm	no	teste
an	no	ayam domestik
cds	no	penakut
dmc	yes	chiseller
om	no	homoeroticism
is	yes	berpendapatan rendah
ddp	yes	gila
cds	no	imam tinggi
cds	no	awam tandas
re	no	mengganas
cds	no	pura-pura
dmc	yes	bodoh bermacam-macam warna
an	no	sciaenops ocellatus
pa	yes	pembela
ps	yes	malang
cds	no	ketua
asm	no	merah hati
or	no	kentang ireland
cds	no	bengis
qas	no	pelukis
cds	no	berbual-bual
svp	no	orang bakhil
an	no	caprinae
an	no	banteng banteng
cds	no	melahap
svp	no	minginess
cds	no	isi padu
ddp	yes	fauna
or	no	aneh
dmc	yes	bajingan
svp	no	avaritia
svp	no	dillydallier
cds	no	omertà
qas	no	merayau-rayau
an	no	anjing
dmc	yes	miskin syaitan
cds	no	haram jadah
qas	no	chien de saint-hubert
dmc	yes	pembunuh
an	no	jakal
dmc	yes	jendala
is	yes	susah
cds	no	bajingan
cds	no	relik suci
cds	no	kelancangan
dmc	yes	pengemis
qas	no	necrotrophic
asm	no	jerking off
an	no	burung hering
cds	no	bloopers
is	yes	penjahat
ddp	yes	haram jadah
or	no	poof
asf	no	gadis
ddp	yes	ketololan
ddp	yes	orang dungu
re	no	pencabulan
dmc	yes	pengkhianat
cds	no	vulgar
is	yes	miskin syaitan
qas	no	moocher
asm	no	merah manggis
re	no	pembunuhan detektif
cds	no	kepala penjara
cds	no	licin
cds	no	najda
qas	no	manusia biasa
pr	no	gundik
qas	no	besi sekerap
cds	no	bermain-main mahkamah
cds	no	mobil tua
an	no	gonggongan
qas	no	sakit ingatan
ps	yes	changeling
qas	no	endoparasites
pa	yes	jurutulis
is	yes	kemiskinan sukarela
dmc	yes	mengumpat
is	yes	azab
ddp	yes	pendusta
cds	no	sifat suka menonjolkan keilmuan
ps	yes	etnik mongol
an	no	kedunguan
ddp	yes	gosip
an	no	anjing sebagai haiwan kesayangan
ps	yes	pengembara
re	no	kencang
qas	no	melange
dmc	yes	karung sedih
pr	no	lampyris noctiluca
pr	no	pelacur lelaki
re	no	penderaan
re	no	kekerasan
an	no	gallus gallus domesticus
cds	no	bergalang tanah
cds	no	bertohor
an	no	pediculus humanus humanus
an	no	katak biasa
re	no	kuat
svp	no	murka
cds	no	karut
re	no	pengelat
re	no	meragut
ddp	yes	mangsa
om	no	segi anatomi lokasi
pr	no	wanita diintai
re	no	gengster
cds	no	gajul
an	no	bedbugs
cds	no	barua
an	no	ixodida
cds	no	terdesak jenayah
ps	yes	orang zulu
an	no	gelandangan
an	no	menyalak
qas	no	boo-boo
dmc	yes	menyayat hati
cds	no	cerdik
an	no	binal
dmc	yes	gelojoh
ddp	yes	moronity
dmc	yes	libertinism
qas	no	parasitize
ps	yes	lelaki hitam
ps	yes	metics
cds	no	sekatan
cds	no	kecanggungan
asm	no	ceceh qualifier
cds	no	matcher
cds	no	hiperseksual
an	no	ganas
pr	no	melacur
ps	yes	hibrid antaraspesies
or	no	anggur timun
dmc	yes	vagrants
qas	no	divulgence
cds	no	rendahan
cds	no	merepet
cds	no	budak
svp	no	berdendam
re	no	keradangan
or	no	pergerakan homophile
om	no	dungu
cds	no	jerking off
svp	no	kehalobaan
ddp	yes	bukan-bukan
cds	no	geblek
cds	no	pesolek
an	no	bison bison
cds	no	muda
an	no	ungkal
dmc	yes	buas
dmc	yes	buruk
re	no	penganiaya
asm	no	kecoklatan
qas	no	orang biasa
re	no	delinkuen juvana
cds	no	murahan
or	no	orang bodoh
cds	no	membicarakan
cds	no	mengasak
ddp	yes	kecacatan intelektual
ddf	yes	bangkut
cds	no	quidnunc
pa	yes	advokat
cds	no	codswallop
re	no	siksa
cds	no	fleet rupa
cds	no	melayukan
pr	no	kendak
an	no	orang gemuk
cds	no	mudah tertipu
om	no	dame
re	no	mengambil
ddp	yes	ongok
re	no	salah guna
qas	no	orang asing
an	no	singkat tangan
an	no	relentlessness
pr	no	gun moll
an	no	eurypterid
svp	no	tujuh dosa maut
cds	no	banditti
cds	no	jalan mati
or	no	fastidiousness
svp	no	sirik
cds	no	kenekatan
svp	no	loba
an	no	moa
an	no	kerbau
cds	no	kerumunan
qas	no	seorang perniagaan
qas	no	kesalahan yg bodoh
svp	no	perakus
ddp	yes	membius
dmc	yes	kedurjanaan
qas	no	kesilapan
asm	no	betise
om	no	finocchio
ps	yes	campur
re	no	curi
cds	no	kolam hustling
asm	no	tonggak
cds	no	angkara
cds	no	bos
ps	yes	sentuhan lembut
is	yes	bersedih hati
asm	no	palak qualifier
svp	no	bermuram
pr	no	prostitusi
qas	no	tolakan
an	no	ikan kala jengking
qas	no	kejemuan
cds	no	cosa nostra
cds	no	pelanggar
is	yes	sedu
cds	no	kepuasan diri
dmc	yes	kejam
svp	no	bosan
cds	no	celoteh
pa	yes	sheepherders
qas	no	kelas menengah
cds	no	agen
cds	no	narsisisme
dmc	yes	kompas moral
svp	no	ketamakan korporat
cds	no	biasa
cds	no	bluestocking
dmc	yes	delinkuen juvana
qas	no	kerja rumah
ps	yes	orang bodoh
dmc	yes	dursila
svp	no	mengomel
qas	no	pembuat masalah
re	no	plagiarisme
re	no	dibunuh
is	yes	memohon
cds	no	mati
dmc	yes	angkara
om	no	keldai
cds	no	keras
ps	yes	tongkol
or	no	bodoh
qas	no	rusuhan
is	yes	penyangak
an	no	pediculus corporis
is	yes	sempit
qas	no	رومه انجيڠ
cds	no	giat
ps	yes	yahudisme
an	no	menengking
cds	no	tajam fikiran
cds	no	pemalas
qas	no	mengotori
dmc	yes	azab
re	no	perkosa
cds	no	trasformismo
asm	no	bebal
re	no	thieving
dmc	yes	jadi-dan-jadi
cds	no	pencuri
an	no	kodok
asm	no	ithyphallic
or	no	pudden kepala
pa	yes	diplomat
ddp	yes	orang gasar
cds	no	kepul
cds	no	tamat riwayatnya
cds	no	meracau
pa	yes	orang kikir
ddp	yes	sato
ddp	yes	dickhead
cds	no	demagog
cds	no	keretapi wagon
an	no	ulat
cds	no	lancang mulut
cds	no	hina
pr	no	tikus perang
an	no	mengganas
cds	no	penyamun
dmc	yes	kekejaman
pa	yes	pelamar
svp	no	hasrat
re	no	membuas
cds	no	strikebreakers
re	no	pencaci
or	no	kepala puding
cds	no	perancang
ddp	yes	pembuat desas-desus
re	no	paksaan
qas	no	pengacau
cds	no	taksub
cds	no	gangsterisme
qas	no	saudagar
qas	no	penjahat
dmc	yes	tipu muslihat
cds	no	cacat
dmc	yes	pengelak
cds	no	kesilapan
qas	no	hartawan perniagaan
is	yes	terista
ddp	yes	bangang
an	no	peranti mendengar
om	no	proksimal
cds	no	licik
qas	no	azab
ddp	yes	karut
re	no	hal melanggar peraturan
dmc	yes	fumbler
cds	no	berleter
re	no	tuduhan palsu
asf	no	orang bodoh
re	no	layanan buruk
asm	no	batang kayu
pr	no	penyundalan
cds	no	bersepah-sepah
an	no	tekak
ddf	yes	lecak
asm	no	orang kecil yg picik
cds	no	masuni
qas	no	membingungkan
cds	no	pilon
om	no	merentas dressers
re	no	meradang
an	no	anjing kotor
ps	yes	boche
an	no	kung
or	no	darai
dmc	yes	penipuan
cds	no	dipotong-up
asm	no	batang
cds	no	wangler
om	no	lelaki homoseksual
re	no	rompakan
ps	yes	doofus
cds	no	campur
cds	no	pedagog
cds	no	kibir
cds	no	antic
qas	no	memanjakan
dmc	yes	teruk
asm	no	gulung di jerami
cds	no	orang tengah
an	no	sapi
cds	no	lazim
an	no	bajingan
qas	no	lazim
or	no	ketimun
qas	no	masyarakat borjuasi kontemporari
asf	no	remeh-temeh
an	no	brent
cds	no	hibrid antaraspesies
an	no	pacat
cds	no	penjahanam
ps	yes	orang bulgaria
cds	no	jamuan
ddp	yes	kampung
cds	no	orang kampung
cds	no	sokongan
om	no	adas landi
an	no	kurang ajar
ddp	yes	pu
an	no	orang jahat
ps	yes	cina
cds	no	fahaman fasis
pa	yes	muhami
an	no	kerang-kerangan
qas	no	pekebun
asm	no	menggonjokkan
svp	no	perbuatan yang keji
asf	no	orang tolol
pr	no	kekasih
an	no	keldai
cds	no	memolok
an	no	crocodylia
dmc	yes	defrauder
cds	no	penyangak
svp	no	gelandangan
svp	no	spiritlessness
cds	no	rock grunge
ps	yes	nigga
qas	no	parokial
om	no	mak nyah
cds	no	pendosa
asm	no	coklat gelap
qas	no	orang suruhan
svp	no	pongah
is	yes	meminta
re	no	pencabulan seksual
cds	no	takbur
re	no	penculikan
re	no	bunuh
dmc	yes	bergelandangan
cds	no	minat
an	no	naik darah
asf	no	bodoh
an	no	kupu-kupu
svp	no	pelahap
pr	no	wanita disimpan
an	no	bison bonasus
ddf	yes	uduh
pr	no	stenomys
qas	no	anjing pemburu santo hubertus
re	no	keganasan
cds	no	tipu helah
an	no	belon swallower
ddf	yes	kerdil
an	no	beg sampah
pr	no	perempuan cerewet
an	no	durjana
ddf	yes	kekejian
cds	no	pegawai
dmc	yes	pelawak
ddp	yes	udik
qas	no	tauke
an	no	pipistrelle
an	no	biasa viper
cds	no	kebimbangan
dmc	yes	samseng
cds	no	pengadu
ddp	yes	orang-orang jembel
qas	no	campuran
an	no	lokek
cds	no	scrawler
cds	no	sampah masyarakat
ps	yes	vandal
svp	no	gaduk
re	no	ugutan
cds	no	pemberi pinjam wang
re	no	rogol statutori
svp	no	tarikan fizikal
cds	no	slackers
ps	yes	pikey
an	no	eropah banteng
cds	no	anak gampang
cds	no	tahu semua
dmc	yes	singkat tangan
or	no	pillock
cds	no	anak muda
cds	no	omerta
cds	no	lompong
pa	yes	pengawal pintu
rci	yes	orang tani
qas	no	anjing santo hubert
svp	no	cepat
ps	yes	lelaki kulit hitam
cds	no	gumpalan
cds	no	dogol
cds	no	kerja tangan
dmc	yes	tdk sah
om	no	dorsoventral
an	no	kebinatangan
asm	no	തവിട്ട്
cds	no	gossipmonger
qas	no	magnates
re	no	villainess
cds	no	pewarta
cds	no	interfertility
cds	no	memasang telinga
ddp	yes	changeling
is	yes	kasihan
pa	yes	petugas
re	no	pencabul
cds	no	menyumbat
re	no	kesat
om	no	wadam
cds	no	homunculus
ddp	yes	amentia
cds	no	thieving
an	no	haiwan berhubung dgn kambing jantan
cds	no	gumpal
an	no	volaille
cds	no	anak kecil
ddp	yes	karung sedih
ddp	yes	merepek
re	no	bertindak keganasan
an	no	orang yg lembam
svp	no	keberangan
cds	no	mason percuma
re	no	menggait
svp	no	cemburu
asf	no	cretin
cds	no	mencoret
om	no	seksualiti lelaki
cds	no	keji
cds	no	betung
an	no	zooerastia
pa	yes	pengawas
ddp	yes	kebinatangan
cds	no	membebel
ddp	yes	perengus
an	no	anjing domestik
dmc	yes	bermain-main
an	no	kambing
ddp	yes	beloh
re	no	bajingan
cds	no	suku bangsa
svp	no	nafsu berahi
cds	no	puak
re	no	penyalahgunaan kuasa
an	no	gyps fulvus
ddp	yes	ayam kampung
an	no	babil
cds	no	orang sombong
cds	no	buntu jalan
cds	no	pencopet
cds	no	coterie
is	yes	berhati pilu
cds	no	mafia
cds	no	perompak baron
cds	no	reaksionis
an	no	grossness
cds	no	kebongkakan
svp	no	kelembaman
an	no	tegar
an	no	penyerbu
ddp	yes	pukimak
re	no	penjiplakan
pr	no	sapi
cds	no	wads
an	no	menggebu
cds	no	peon
om	no	pokok adas
svp	no	merangah
an	no	kuing
pr	no	pelacuran jalan
cds	no	perungut
dmc	yes	pelengah
an	no	bandit
om	no	bukan-barat konsep seksualiti lelaki
om	no	posterior
asm	no	dungu
asm	no	benak
re	no	penawan
an	no	anura
ddp	yes	tidak cekap
om	no	wanita
cds	no	kumbahan domestik
cds	no	jerung pinjaman
svp	no	jijik
cds	no	keganasan geng
re	no	defrauder
re	no	dera
cds	no	changeling
cds	no	jahil
re	no	penyamun
dmc	yes	imitasi
an	no	pengacau
qas	no	pemilik perniagaan
cds	no	jisim
cds	no	bandit
asm	no	appendages
om	no	garis midclavicular
cds	no	rompakan
qas	no	omnium-gatherum
qas	no	saint hubert's hound
dmc	yes	balur liat
or	no	tomato
re	no	penculik
ddp	yes	hambar
asf	no	bunga
dmc	yes	bau busuk
an	no	kibas
an	no	gurat batu
cds	no	pesalah
an	no	hirudinea
dmc	yes	orang dusun
pr	no	pelacur retak
qas	no	mendera
ddp	yes	mental
qas	no	sisa-sisa
ddf	yes	pongsu
cds	no	peons
svp	no	tembok kering
ps	yes	badwi
cds	no	gila
is	yes	gelabah
pa	yes	akademi
pr	no	tikus bandar
om	no	terma untuk lokasi anatomi
cds	no	mengeringkan
cds	no	dogmatik
dmc	yes	gasang
svp	no	bersikap tidak peduli
cds	no	hibrid semulajadi
ps	yes	cretin
an	no	orang dungu
ddp	yes	microcephalus
an	no	kikir
dmc	yes	pendusta
re	no	menyapu
dmc	yes	palsu
asf	no	dumbass
or	no	homo
re	no	menghelah
ddp	yes	knucklehead
an	no	equus mulus
or	no	kubis ditanam
ddp	yes	kasar
or	no	mudah tertipu
pr	no	perempuan jalang
an	no	tebal telinga
asm	no	punai
cds	no	yg suka diri sendiri
ps	yes	yahudi
re	no	ബലാത്സംഗം
is	yes	benguk
ps	yes	orang gasar
an	no	kutu badan manusia
re	no	nakal
an	no	kuyuk
qas	no	menghampakan
cds	no	newsmonger
om	no	berbeza
or	no	homophile
re	no	scammer
ddp	yes	quackery
cds	no	jendala
dmc	yes	penyegan
qas	no	satelit
cds	no	kaum kerabat kumpulan
qas	no	cerek ikan
dmc	yes	ikan bilis
an	no	kelakuan lemah
cds	no	miskin syaitan
svp	no	meradang
cds	no	udik
ddp	yes	keparat
pr	no	tikus pembetung
an	no	anjing bela jinak
svp	no	amour propre
re	no	mafioso
or	no	timun
ddp	yes	infauna
cds	no	fanatik
re	no	pembunuh
ps	yes	kacukan
dmc	yes	kebaubusukan
om	no	homoseks
svp	no	kemurkaan
ddp	yes	sentuhan lembut
re	no	menagih hutang
dmc	yes	bermain-main mahkamah
ps	yes	tradisi yahudi
qas	no	bumbler
svp	no	pridefulness
cds	no	kecurian
re	no	seks dan undang-undang
cds	no	relik
re	no	didera secara seksual
svp	no	meragam
re	no	mafia sicily
cds	no	merancang
an	no	orang lemah
svp	no	bersungut-sungut
qas	no	menggiurkan
ddp	yes	cogo
cds	no	delinkuen juvana
re	no	menggetil
qas	no	menggagalkan
an	no	rentboy
dmc	yes	pesalah
dmc	yes	orang bodoh-off
re	no	menggaet
ddp	yes	muttonhead
an	no	lembu kasi
cds	no	tipu muslihat
cds	no	merintih
cds	no	dickhead
qas	no	troubler
ps	yes	lutung
cds	no	pegawai polis
qas	no	petani
or	no	bapuk
pa	yes	komuniti akademik
ddp	yes	kuda kayu
an	no	beludak
cds	no	hierarch
cds	no	balur liat
an	no	menggarang
qas	no	kasta
dmc	yes	tak pernah-do-baik
pa	yes	shepherdess
cds	no	beg sampah
cds	no	orang egois
cds	no	tulis-menulis
asm	no	ballock
ddp	yes	angsa
ddp	yes	cretinism
qas	no	tangan bidang
cds	no	perjudian kasino
qas	no	menolak
qas	no	kariah
qas	no	anjing santo hubertus
cds	no	jilid
asm	no	mempersendakan
ps	yes	mestizos
dmc	yes	durjana
ps	yes	nigra
pr	no	rama-rama peppered
an	no	diramkan asio
an	no	kutu biasa
dmc	yes	bejat
asm	no	tiang
pr	no	wanita jalan
cds	no	pembetungan
an	no	anjing kesayangan
ddf	yes	kurang upaya fizikal
om	no	bangsawan wanita
an	no	കോഴി
ddp	yes	bangsat
an	no	ngengat
om	no	baghal
qas	no	ideologi
an	no	kuda kayu
pr	no	karut
an	no	lintah bulan
dmc	yes	tangkai kering
an	no	lampyris noctiluca
dmc	yes	ketaksuban
qas	no	hartawan
cds	no	git
qas	no	petani penyewa
cds	no	blackballing
ddp	yes	buta huruf
cds	no	bioteknologi loji
dmc	yes	berbau busuk
re	no	plagiarisation
an	no	metazoans
an	no	dubuk
ddp	yes	pongah
cds	no	banyaknya
qas	no	kebanyakan
or	no	ponen
re	no	memecah undang-undang
qas	no	pekerja buruk
or	no	sifat cermat sekali
pa	yes	sheepherder
svp	no	kegeraman
dmc	yes	picik
svp	no	medit
ddp	yes	maklumat
cds	no	pembetung sanitari
asm	no	keperang-perangan
pa	yes	penggalak
cds	no	dicuci besar
re	no	pemfitnah
re	no	penderaan seks
cds	no	bercanda
an	no	മൂട്ട
cds	no	riuh-rendah
asm	no	menskrukan
dmc	yes	penganggur
qas	no	kebesaran
cds	no	gobs
asm	no	mengejek
om	no	buntut
dmc	yes	berat tulang
re	no	riang
qas	no	berselerak
an	no	berang
asf	no	pepek
svp	no	megah
cds	no	terkutuk
ddp	yes	jahil
ps	yes	drifter
is	yes	membelaskan hati
re	no	penggarongan
re	no	mengusik
re	no	kekejaman
is	yes	pelit
cds	no	narcism
re	no	diharamkan
cds	no	delinkuen
cds	no	ras anjing kacuk
asm	no	ketololan
cds	no	bola-
is	yes	salah
qas	no	taikun
ddp	yes	blabbermouth
an	no	sungu
dmc	yes	tiruan
ddp	yes	bernyawa menjadi
qas	no	pidato
dmc	yes	badut
svp	no	membosankan
cds	no	rookie
cds	no	barisan penembak
asm	no	kulit khatan
qas	no	mengacaukan
cds	no	sikap penakut
cds	no	penyombong
ps	yes	bebal
re	no	pemerkosa
an	no	luncung
asm	no	mengamput
cds	no	bohong
an	no	ketampi
re	no	meletakkan kematian
an	no	swallower belon
dmc	yes	keji
an	no	diddly-mencangkung
ddp	yes	doktor dukun
an	no	jerung putih yang besar
an	no	dgn muka masam
an	no	kerang
re	no	penjahat disabitkan
cds	no	mengecut
asf	no	lunkhead
re	no	perompak
cds	no	rakit
dmc	yes	busuk
is	yes	kuyu
re	no	plagiarizing
asm	no	avafauna
is	yes	galabah
qas	no	kasihan
cds	no	diharamkan
ddp	yes	hamik
cds	no	budak suruhan
om	no	pertuan agong
or	no	sativus
qas	no	sifat muluk
cds	no	barisan
cds	no	moneygrubber
cds	no	mengajarkan
ps	yes	bahlul
re	no	membinjat
an	no	babi
om	no	kekedian
cds	no	binatang pongsu
is	yes	buangan sosial
dmc	yes	kikir
cds	no	nazak
re	no	pencuri kecil-kecilan
dmc	yes	anjing kotor
re	no	diseksa
ddp	yes	keanak-anakan
cds	no	masonik
cds	no	berduyun-duyun
cds	no	pandangan
cds	no	moaner
dmc	yes	penjahat tragis
cds	no	penipu
qas	no	mengacau
cds	no	berbalah
svp	no	kikir
re	no	serangan seksual
pa	yes	ejen tiket
or	no	pertuan agong
asm	no	warna perang
qas	no	membenalui
ddp	yes	doofus
cds	no	presumptuousness
cds	no	omnium-gatherum
cds	no	rakus
cds	no	perdayaan
svp	no	pelokek
cds	no	kekotoran
pa	yes	perakaunan awam
om	no	adas pedas
cds	no	tukang temberang
asf	no	remeh
cds	no	cung
asm	no	nooky
an	no	bahlul
dmc	yes	tengik
asm	no	koncok
asf	no	kebodohan
cds	no	perkeranian
svp	no	tak pernah-do-baik
asm	no	kulup
cds	no	guru wanita
cds	no	anjing baka campuran
svp	no	umuk
qas	no	kacau
cds	no	rumah reputasi buruk
cds	no	pelengah
om	no	adas
an	no	salientian
dmc	yes	si tartil
ddf	yes	katik
an	no	carcharodon
svp	no	superbia
cds	no	pembuat desas-desus
an	no	പാറ്റ
cds	no	tipu daya
re	no	jiplakan
cds	no	paparazzo
svp	no	kerakusan
dmc	yes	yg berkeliaran
pa	yes	wanita yg kasar
cds	no	orang yg sok tahu
cds	no	pesta
cds	no	otak ayam
ps	yes	gipsi
cds	no	kumpulan-kumpulan belia
qas	no	pertengahan
cds	no	liar
dmc	yes	moral
an	no	lintah darat
re	no	pemerasan
cds	no	orang kampungan
is	yes	julung
ps	yes	krauthead
ps	yes	romani
an	no	satwa
dmc	yes	murtad
re	no	maligner
cds	no	konspirasi senyap mereka
ddp	yes	pengadu
an	no	mikroorganisme
qas	no	pembohongan
is	yes	picik
cds	no	defrauder
cds	no	sukan rumah
an	no	kutu babi
cds	no	sanak saudara
asm	no	kongkek
ddp	yes	sakit otak
dmc	yes	pencopet
an	no	caimans
ddf	yes	upaya
cds	no	sementung
svp	no	penyegan
cds	no	pekerja buruk
re	no	membunuh ijazah kedua
pa	yes	profesor adjung
ddp	yes	analphabet
cds	no	wali gereja
cds	no	slyness
is	yes	sungkawa
an	no	anjing sebagai binatang peliharaan
an	no	canis canis
ddp	yes	dungu
ddp	yes	bahlul
dmc	yes	bumbler
qas	no	kecanggungan
svp	no	keangkuhan
qas	no	ladang penyewa
an	no	batrachian
cds	no	kesalahan yg bodoh
svp	no	berlagak
ddp	yes	melambatkan
cds	no	mystifier
an	no	c. l. familiaris
ddp	yes	kebodohan
ddf	yes	kurang upaya
cds	no	hidup
cds	no	nerdy
cds	no	bersembang
an	no	serangga hemipterous
an	no	പാററ
is	yes	sangsai
cds	no	kedangkalan
an	no	ovis aries
qas	no	barok
ps	yes	marah
cds	no	ejek
dmc	yes	jahanam
cds	no	berlalu
cds	no	ingroup
dmc	yes	moraliti
dmc	yes	orang malang
pr	no	rattus
an	no	berkutu
dmc	yes	comot
pa	yes	politik
ddf	yes	cerabah
cds	no	rumah karut
asm	no	wank
om	no	shirtlifter
qas	no	amatur
cds	no	gampang
ddp	yes	epifaunal
an	no	penggoda
or	no	homoseksual
pa	yes	loyar
qas	no	saint hubert hound
qas	no	perosak
cds	no	tidak sah
dmc	yes	berlumar
is	yes	bersayu-sayu
dmc	yes	setengah pain
qas	no	anjing pemburu st hubert
om	no	bersetubuh
cds	no	menciut
asf	no	bulu ari-ari
asf	no	burit
cds	no	pajuh
is	yes	kemiskinan global
ddp	yes	congong
dmc	yes	gasar
cds	no	pegawai tahanan
asm	no	burung qualifier
qas	no	granger
pa	yes	peguam jenayah
asm	no	menyetubuhi
cds	no	grunge
asm	no	unggas
cds	no	kecurian kecil-kecilan
an	no	katak eropah
is	yes	miskin
cds	no	pengecek
pa	yes	kerani
pa	yes	koperal
pa	yes	penjual ikan
cds	no	perusuh
qas	no	zaman pertengahan
dmc	yes	penjahat
dmc	yes	leta
an	no	penipuan
pa	yes	prof
an	no	banteng bonasus
ddp	yes	terencat akal
cds	no	daki
ddp	yes	pengkhianat
ddp	yes	zooerasty
is	yes	malang
is	yes	papa kedana
cds	no	taklid
cds	no	modar
cds	no	intermediator
or	no	cucurbita maxima
cds	no	kini
svp	no	kesombongan
re	no	capturer
ddp	yes	microcephalic
svp	no	kembang
dmc	yes	berlengah-dallier
svp	no	baik-untuk-apa-apa
asm	no	ikan
qas	no	membelaskan hati
cds	no	memecah undang-undang
cds	no	pelucu
cds	no	kerumitan
cds	no	blackball
qas	no	kacau-bilau
qas	no	ahli perniagaan
or	no	shithead
dmc	yes	lucah
or	no	anggur skuasy
an	no	eurypterids
cds	no	neonat
om	no	poof
an	no	hemipteron
is	yes	kepapaan
qas	no	sampah masyarakat dan ekor yg dipotong
an	no	meradang
cds	no	mengoper
cds	no	leta
om	no	homoseksual
ddp	yes	perosak
or	no	tomat
cds	no	bertawar-tawaran
cds	no	majikan
or	no	spud
cds	no	penjenayah
dmc	yes	pengacau
re	no	para penjenayah
cds	no	amour propre
ddp	yes	baghal
pa	yes	berpolitik
cds	no	bunga
an	no	penjarah
an	no	jakal keemasan
ps	yes	putih
pr	no	berzina
rci	yes	orang kasar
is	yes	orang bakhil
qas	no	pengecat
re	no	kesalahan seksual
cds	no	rajin
pr	no	socialite
ps	yes	pembinasa
cds	no	benak
om	no	ventrolateral
cds	no	anjing
re	no	bangsat
ps	yes	gelandangan
asf	no	rambut kelangkang
cds	no	wuss
cds	no	pelacuran
pa	yes	akademik
asm	no	bahlul
ps	yes	hispanik
om	no	bu
is	yes	orang miskin
qas	no	menagih hutang
re	no	pencuri ternak
cds	no	kerosakan jenayah
an	no	betina
ddp	yes	anak haram
dmc	yes	biadab
om	no	caudally
pa	yes	ahli sama
asm	no	tumbuhan kacang
pr	no	perempuan sundal
cds	no	tersedak
dmc	yes	drifter
cds	no	tertuduh yang bernama
pa	yes	guru besar
re	no	blackmailed
dmc	yes	beluting
qas	no	penjual
an	no	katai
qas	no	mengempenak
svp	no	gourmandizer
asm	no	perang
cds	no	kelicikan
is	yes	sial
dmc	yes	kasar
cds	no	diintai
om	no	himar
om	no	contralateral
svp	no	kibir
cds	no	kekayaan nouveaux
cds	no	semangat
cds	no	autolatry
re	no	gembira
svp	no	pelepasan nafsu berahi
ddp	yes	orang tidak berpendidikan
dmc	yes	lacur
cds	no	orang-orang musyrik
cds	no	kebanditan
qas	no	penternak
dmc	yes	luwes
an	no	lunkhead
cds	no	masih hijau
cds	no	songar
ddp	yes	motherfucker
cds	no	kemudahan tandas
cds	no	hal makan rasuah
svp	no	kelobaan
ps	yes	pemusnah
an	no	tembok kering
om	no	abnormal
cds	no	anak haram
cds	no	penonton-on
cds	no	scads
cds	no	keagamaan
cds	no	dangkal
cds	no	kasar
cds	no	cendekiawan
dmc	yes	slackers
cds	no	timeserver
pa	yes	penjaga pintu
an	no	buaya
ddp	yes	orang bodoh
svp	no	jimat
dmc	yes	trifler
an	no	hirudinean
ps	yes	orang hitam
cds	no	melange
qas	no	mengacah-acah
re	no	desakan
ps	yes	zulu
re	no	kesalahan
cds	no	lintah darat
an	no	bangkut
asf	no	puki
re	no	alat penyeksaan
re	no	mengacau
an	no	belalai
cds	no	slews
ps	yes	peranakan
cds	no	persoalan
is	yes	-tidak mempunyai
cds	no	bedebah
re	no	cetak rompak
ddp	yes	orang yang tidak berwibawa
cds	no	they
asm	no	sekeping pantat
an	no	baghal
re	no	memplagiat
an	no	besar jerung putih
re	no	kebuasan
qas	no	conformism
asf	no	gadis remaja
ddf	yes	melumpuhkan
cds	no	puas hati
cds	no	nak
om	no	sodom
qas	no	wajar
asm	no	diperdaya
re	no	wang kotor
an	no	keong
om	no	gelandangan
cds	no	pulang ke rahmatullah
an	no	keparat
asf	no	tertuduh yang bernama
om	no	transvestitism
cds	no	bijak
asf	no	pussy
ps	yes	bongok
cds	no	pembetung
dmc	yes	bandit
qas	no	pengikut
svp	no	uju
dmc	yes	tramps
is	yes	peminta sedekah
asf	no	kedunguan
pr	no	lembu
asf	no	bulu kemaluan
ddp	yes	nanocephaly
an	no	pengecut
cds	no	menutup mata
an	no	kayu-in-the-lumpur
pa	yes	jesuit
an	no	kepinding
qas	no	rosak
re	no	raptio
cds	no	baka anjing kacuk
cds	no	pengkhayal
re	no	kesalahan seks
qas	no	rakyat jelata
ps	yes	bastar
is	yes	singkat tangan
pa	yes	porter
om	no	pederastic
an	no	jackal
an	no	slug
cds	no	tumpul
qas	no	kepatuhan
ddp	yes	yg kurang baik
is	yes	kemiskinan relatif
ps	yes	bioteknologi loji
asf	no	changeling
ddp	yes	bedebah
an	no	berciut-burung hantu
cds	no	demi tamparan
ddf	yes	cacat
an	no	suborder blattaria
cds	no	geng
pa	yes	pekerja pejabat
cds	no	bantu mengajar
cds	no	merapik
an	no	perintah crocodylia
is	yes	sunyi
rci	yes	kejam
ps	yes	orang-orang gasar
ddp	yes	goblok
or	no	potatoe
qas	no	pemberat
ps	yes	orang yahudi
ddp	yes	gendeng
cds	no	backtalk
dmc	yes	cekel
dmc	yes	kehinaan
cds	no	mengerut
an	no	parrot
cds	no	pandar
om	no	pantat
qas	no	borjuasi
qas	no	bloedhond
cds	no	tentera
pr	no	gadis nakal
re	no	perkosaan
dmc	yes	kumuh
cds	no	orang kikir
svp	no	hasad
cds	no	kakus
is	yes	kemasyghulan
qas	no	pengemasan
cds	no	kerewelan
asm	no	പക്ഷി
cds	no	perspicaciousness
cds	no	demagogue
cds	no	yg suka membaca buku
svp	no	kemerosotan
re	no	kidnaper
cds	no	umum
ps	yes	bedu
re	no	camorra
om	no	berlagak perempuan
dmc	yes	scammer
dmc	yes	foetor
cds	no	kekacauan
an	no	lowlife
cds	no	masuniah
asf	no	anak patung
re	no	rogol
dmc	yes	celomok
ps	yes	kad merah
cds	no	sampah masyarakat dan ekor yg dipotong
ps	yes	yg berkeliaran
cds	no	pelanggaran
is	yes	kefakiran
cds	no	anak
dmc	yes	chiseler
an	no	bufo bufo
cds	no	ahli teori konspirasi
or	no	knucklehead
dmc	yes	parokial
cds	no	pencurian
cds	no	kecerdasan
svp	no	naik angin
svp	no	tightfistedness
an	no	katik
svp	no	angriness
re	no	menggila
om	no	liwat
om	no	diliwat
svp	no	eros
an	no	haiwan
cds	no	bulatan dalaman
qas	no	divulgement
cds	no	blowhard
an	no	canis aureus
re	no	pengacau
qas	no	penipuan
an	no	parasit
cds	no	bungle
re	no	penganiayaan
dmc	yes	kewajaran
cds	no	henchmen
qas	no	kalut
svp	no	taṇhā
asm	no	lampiran
qas	no	berpendapatan sederhana
or	no	nick jr.
ddp	yes	orang-orang gasar
pa	yes	pekerja kolar putih
svp	no	luxuria
is	yes	tangkai kering
cds	no	pembiakbakaan kacuk
dmc	yes	kebohongan
svp	no	kesewenang-wenangan
qas	no	yg kurang baik
or	no	tolol
ps	yes	orang kikir
re	no	ciplak
dmc	yes	pura-pura
om	no	sodomi
ps	yes	lotong
svp	no	bongkak
an	no	anjing sebagai haiwan peliharaan
dmc	yes	berlemuas
qas	no	pengintip
re	no	pencuri
dmc	yes	jelik
dmc	yes	angkuh
om	no	aboral
an	no	mengamuk
dmc	yes	pemboros
om	no	banci
cds	no	clotheshorse
asm	no	roosting
cds	no	novel murah
cds	no	hoaxer
cds	no	yg suka membanggakan diri
dmc	yes	gelandangan
om	no	bahlul
qas	no	cemerkap
an	no	humanus
dmc	yes	lingerer
qas	no	sisa perbandaran
ddp	yes	pembunuh
re	no	homisid
an	no	badan peragut
an	no	daging lembu
ps	yes	orang kasar
cds	no	dungu
qas	no	bersepah
cds	no	freemason
ddp	yes	tukang cerita
ddp	yes	kekejaman
pa	yes	kakitangan
re	no	penyalahgunaan kewangan
an	no	animalcules
ddp	yes	dukun
cds	no	sempit akal
asm	no	kemaluan
om	no	homoerotikisme
cds	no	weisenheimer
re	no	perdagangan libel
qas	no	ejen
qas	no	penjaga stor
dmc	yes	homunculus
dmc	yes	pemalas
dmc	yes	babi
ddf	yes	bangpak
an	no	nekad
qas	no	kalap
an	no	athene noctua
pr	no	pengiring lelaki
ps	yes	jigaboo
pa	yes	uncouthness
svp	no	kesia-siaan
ddp	yes	pak pandir
an	no	sampah
ddp	yes	kebohongan
is	yes	dukacita
ps	yes	changelings
cds	no	kembali bercakap
dmc	yes	kelucahan
ddp	yes	sampah masyarakat
cds	no	bengah
an	no	fisiognomi
cds	no	ketakburan
is	yes	kikir
is	yes	jembel
pr	no	ngengat
pa	yes	orang asing
qas	no	borjuis
re	no	menjepit
pa	yes	menteri kaunselor
cds	no	kerosakan
pr	no	doktrin
cds	no	bajul
dmc	yes	ceporah
dmc	yes	ladah
dmc	yes	jangak
pr	no	jalan gadis
dmc	yes	paria
cds	no	ejen
qas	no	memberi hati
svp	no	sombong
dmc	yes	buaya darat
ps	yes	masyarakat yahudi
svp	no	panas baran
dmc	yes	kepura-puraan
an	no	keluarga cimicidae
cds	no	bos perusuh
cds	no	rampus
om	no	ganjil
an	no	katak katak
asm	no	menghelah
cds	no	finagler
cds	no	peminat
asm	no	memperdaya
asm	no	kuda kayu
an	no	hering
asf	no	pantat
asm	no	hal mudah percaya
cds	no	fabricator
ddp	yes	lembap
an	no	mengumpat
ddp	yes	otak ayam
dmc	yes	jijik
ddp	yes	pembengis
an	no	wuss
qas	no	reban
cds	no	penyokong
dmc	yes	keparat
asm	no	sekeping ekor
re	no	perampok
dmc	yes	penyamar
om	no	ponen
dmc	yes	jual temberang
qas	no	tergila-gila
or	no	dibakar oren
re	no	pencurian lembu
cds	no	mafia itali
an	no	lupus familiaris
or	no	skuasy butternut
om	no	menyeberangi berpakaian
svp	no	invidia
re	no	felonies
an	no	meluru
an	no	diddlysquat
ddp	yes	lembam
an	no	kekejaman
qas	no	perniagaan
cds	no	egoisme
cds	no	pegawai penjara
cds	no	moralisme
an	no	lubang
qas	no	kesuburannya
an	no	sera
ps	yes	latino
dmc	yes	mengharamkan
ddp	yes	makhluk
re	no	didera
dmc	yes	kesumbangan
dmc	yes	pencemaran
re	no	aktiviti jenayah
ddp	yes	mikrosefali
re	no	pencurian
cds	no	pengantara
qas	no	tagalong
asf	no	perkara kecil
qas	no	kayu baron
cds	no	dweeb
cds	no	pelampau
or	no	skuasy
om	no	bersemburit
ddp	yes	dogol
cds	no	hibrid buatan manusia
an	no	tegar hati
re	no	berang
cds	no	memusnahkan
cds	no	suka berkecek-ipa
cds	no	wank
or	no	bahlul
qas	no	orang gasar
re	no	deraan
cds	no	pemuda
asm	no	kacang luas
cds	no	makan
cds	no	penipuan
ddp	yes	kebuasan
om	no	gay lelaki
cds	no	meronyeh
cds	no	telatah
an	no	serani griffon
cds	no	ceti
qas	no	buah zakar
re	no	frankie
re	no	rampasan
ddp	yes	pengobrol
ddp	yes	lunkhead
pa	yes	profesor
is	yes	bersedih
qas	no	sekerap
cds	no	faedah
svp	no	ketakburan
cds	no	john
an	no	keradangan
qas	no	gereja
svp	no	haloba
qas	no	perusuh
re	no	aktiviti-aktiviti yang menyalahi undang-undang
dmc	yes	orang kampung
cds	no	musang berbulu ayam
dmc	yes	karut
cds	no	pelaram
asm	no	usikan
cds	no	hack sastera
re	no	memeras
cds	no	dalalah
cds	no	peraga
re	no	rompakan teruk
svp	no	merengus
qas	no	anjing st. hubert
cds	no	berkecamuk
qas	no	pelukis dan penghias
svp	no	kedekut
cds	no	kejam
ps	yes	kejam
svp	no	cheapskate
svp	no	sen-mencubit
an	no	aureus canis
asm	no	mentertawakan
cds	no	masyarakat puak
dmc	yes	penjenayah
dmc	yes	celekeh
re	no	menggiurkan
ddp	yes	pemarah
ddp	yes	palui
ddp	yes	anak luar nikah
re	no	keterlaluan
an	no	belut
an	no	nyamuk
cds	no	penonton
cds	no	sambutan
asm	no	jahang
cds	no	orang lihai
dmc	yes	petualang
pr	no	rama-rama
ddp	yes	tumpul
an	no	serangga
an	no	familiaris
cds	no	mengenyangkan
dmc	yes	kebankrapan moral
an	no	ekor lembu
cds	no	chiseler
svp	no	ujud
an	no	bufo
is	yes	paria
re	no	lembu pencuri
cds	no	aktiviti-aktiviti yang menyalahi undang-undang
ddp	yes	kecemerkapan
asm	no	ലിംഗം
om	no	buggery
qas	no	dibenci
cds	no	moralizing
an	no	infauna
ddp	yes	songor
is	yes	nestapa
qas	no	terangsang
or	no	sawi bunga
cds	no	tajam akal
dmc	yes	kemunduran
cds	no	pemusnahan
dmc	yes	kumal
asm	no	menggonyakkan
ddp	yes	barangan dan karut
svp	no	lucah
asm	no	ereksi zakar
cds	no	orang
om	no	gayness
pa	yes	penggembala
an	no	pelacur
an	no	khinzir
cds	no	bangsat
cds	no	bersekongkol
ps	yes	orang kulit hitam
is	yes	kedekut
dmc	yes	bertualang
cds	no	menghormati
an	no	orang bodoh
re	no	tarikh-rogol
dmc	yes	menyelinap pencuri
pa	yes	kerani tempahan
or	no	ubi belanda
or	no	finocchio
cds	no	anggak
cds	no	newswriter
an	no	പന്നി
re	no	menganjungkan
cds	no	hiperseksualiti
dmc	yes	nakal
re	no	penjahat tragis
qas	no	baroqueness
is	yes	udi
qas	no	pelukis rumah
cds	no	bellyacher
cds	no	menelan
asf	no	twat
an	no	canis familiaris
qas	no	parasit
an	no	folderol
re	no	menculik
ddp	yes	sakit ingatan
pr	no	melacurkan
re	no	penderitaan
dmc	yes	benguk
om	no	burit
or	no	tater
an	no	pemburu skirt
cds	no	pongah
ps	yes	rroma
dmc	yes	pembohong
cds	no	muak
dmc	yes	moralistic
cds	no	tulisan oragn ayam
svp	no	keinginan seksual
is	yes	serba kekurangan
cds	no	bebal
cds	no	prankishness
qas	no	krew
is	yes	mendaduk
svp	no	lahap
asm	no	kotek qualifier
qas	no	abad pertengahan
pa	yes	academism
svp	no	banyak makan
qas	no	zakar
asm	no	luas-kacang loji
dmc	yes	batil
re	no	debaucher
ddf	yes	kudung
dmc	yes	plin-plan
dmc	yes	lowlife
qas	no	testis
qas	no	lintah darat
re	no	merogol
ddf	yes	buruk
cds	no	kepuasan
qas	no	peniaga
pa	yes	ilmiah
ps	yes	ruiner
is	yes	mohon
cds	no	kelihaian
asm	no	anggota
svp	no	kebongkakan
ddf	yes	kehodohan
cds	no	cogo
ps	yes	melambatkan
pa	yes	profesor extraordinarius
dmc	yes	mesum
an	no	anuran
svp	no	tujuh maha dosa
cds	no	timbunan
an	no	genus anguilla
cds	no	perbuatan jenayah
an	no	pediculus humanus
om	no	kelakuan lemah
qas	no	kusut
re	no	kes pembunuhan
dmc	yes	kod moral
cds	no	mudarris
is	yes	villainess
dmc	yes	dalih
cds	no	conspiracism
asm	no	konek
asf	no	kuda kayu
pa	yes	orang tani
om	no	posteriorly
cds	no	campuran
cds	no	tipu
re	no	perampokan
or	no	bunga
asm	no	kalam qualifier
an	no	hoax
an	no	orang suruhan
cds	no	cerdik pandai
an	no	katak puru
cds	no	diampuni
cds	no	bangkai
cds	no	tajam
qas	no	kesukaran
svp	no	kemalasan
asf	no	changelings
qas	no	pelukis rumah dan penghias
dmc	yes	orang kampungan
qas	no	keselarasan
asm	no	telur
asm	no	kenal
qas	no	orang kaya
an	no	zooerasty
ps	yes	kad penalti
pr	no	omong kosong
an	no	diddly-najis
ddf	yes	jelik
qas	no	pekerja ladang
pr	no	pelacuran
ddp	yes	penjahat
dmc	yes	blunderer
qas	no	sistem kasta
re	no	keberangan
re	no	pembunuhan penyeksaan
dmc	yes	yg kurang baik
cds	no	mel sampah
an	no	bengis
ddp	yes	bongak
re	no	murka
an	no	pip-mencicit
svp	no	baran
dmc	yes	mozzarella
dmc	yes	comok
svp	no	singkat tangan
dmc	yes	orang yg tak berguna
svp	no	agresif
dmc	yes	akhlak
ps	yes	tertuduh yang bernama
ps	yes	agama yahudi
an	no	penyerang
cds	no	sassing
pa	yes	profesor luar biasa
cds	no	newspaperwoman
cds	no	menyusut
an	no	muttonhead
cds	no	jatuh lelaki
is	yes	orang buangan sosial
an	no	mentah-mentah
pa	yes	kerusi peribadi
dmc	yes	penyamun
pa	yes	pesuruh
om	no	perempuan
cds	no	keganasan
asf	no	benak
ddp	yes	orang dusun
dmc	yes	culas
asf	no	nitwit
an	no	burung hantu
om	no	perjantanan
dmc	yes	bakhil
an	no	angsa
cds	no	orang asing
cds	no	mengintip
qas	no	berkecamuk
pr	no	lonte
qas	no	kolaborator
cds	no	epal penggosok
dmc	yes	dallier
svp	no	niggardliness
cds	no	desas-desus
cds	no	beguine
an	no	kedekut
re	no	ganas
pr	no	moll
an	no	wisent
om	no	poove
qas	no	terlanjur
cds	no	helah
an	no	villainess
dmc	yes	bersempuras
asm	no	mengenali
asm	no	ereksi
cds	no	beloh
cds	no	peribut
cds	no	kereta api wagon
cds	no	menyembah
an	no	moo-cow
an	no	bendalu
cds	no	cockup
an	no	fauna
svp	no	takbur
an	no	sato
cds	no	pengecohan
qas	no	mengusik
qas	no	anjing darah
svp	no	kehampaan
cds	no	vaunter
cds	no	jamban
ddf	yes	kerosakan
svp	no	kegusaran
pa	yes	barang dgn gerbong
svp	no	avariciousness
ddp	yes	otak udang
qas	no	kelas pertengahan
qas	no	benalu
ddp	yes	pandir
re	no	grifter
ddp	yes	ibu fucker
an	no	knucklehead
is	yes	tidak berpuas hati
dmc	yes	beg sampah
cds	no	jurulatih
dmc	yes	selekeh
an	no	blattodea
re	no	penjahat
an	no	keanjingan
cds	no	penjaga
cds	no	deretan
cds	no	hoi polloi
cds	no	cathouse
qas	no	fumbler
pr	no	wanita longgar
an	no	mollusca
re	no	membadai
an	no	shote
cds	no	paparazzi
cds	no	balladeer
pa	yes	pengacara
cds	no	perantara
ddp	yes	tunaaksara
ddp	yes	kejahatan
an	no	olok-olok
dmc	yes	lengah
pa	yes	gasar
dmc	yes	perompak
cds	no	mengkeret
cds	no	cerita
cds	no	pembual
cds	no	tengkulak
dmc	yes	lumus
ddf	yes	keburukan
ddp	yes	tawar
ps	yes	metic
cds	no	wakil
is	yes	orang jahat
cds	no	pembunuh
ddf	yes	setengah pain
asf	no	faraj
an	no	escargot
qas	no	rawan
an	no	burung bangkai grifon
pa	yes	kerusi
svp	no	pelit
cds	no	yg membosankan
asm	no	brownness
cds	no	songong
ddp	yes	barbarisme
qas	no	pendustaan
cds	no	geng jalan
qas	no	jual temberang
an	no	pencuri
is	yes	sedih hati
dmc	yes	kohong
qas	no	sampah
asm	no	palat qualifier
ddp	yes	sempit akal
ps	yes	orang mongolia
is	yes	terhad
cds	no	menjunjung
ps	yes	menganga
ddp	yes	pemalu
ps	yes	mongoloid
svp	no	bengkeng
asm	no	mencemuh
an	no	പശു
cds	no	mengumpat
ddp	yes	animalia
cds	no	orang-orang jembel
cds	no	bragger
qas	no	penggemar
qas	no	topi buruk
qas	no	orang kebanyakan
cds	no	banduan
cds	no	kuliah
pr	no	sosialit
cds	no	swaggerer
ps	yes	kehitaman
cds	no	menemui ajal
dmc	yes	pedih
re	no	mobster
is	yes	gobar
pr	no	ekor lembu
cds	no	atasan
re	no	penyalahgunaan jawatan
ddp	yes	bodoh
cds	no	kasino
an	no	binatang lunak
cds	no	propagandis
asm	no	pilon
qas	no	konco
re	no	menyalahgunakan
svp	no	tanha
an	no	moluska
qas	no	pencoret
re	no	mengepit
ddp	yes	mudah tertipu
an	no	rakyat jelata
cds	no	sisa perbandaran
qas	no	celaka
ddf	yes	lata
cds	no	culchie
cds	no	anak nakal
an	no	yu
re	no	sengit
or	no	cucumis sativus
qas	no	anjing pemburu st hubertus
ddp	yes	dupe
an	no	cacat
cds	no	gasar
cds	no	penagih
ps	yes	orang badwi
an	no	crocodilians
ps	yes	rommany
cds	no	kepintaran
asm	no	melambatkan
asm	no	ayam kampung
cds	no	menukarkan
cds	no	muzik grunge
re	no	kecurian kecil-kecilan
svp	no	besar kepala
cds	no	kesukaan akan anak gadis
asm	no	pelir qualifier
re	no	kerja kapak
cds	no	kecerdikan
cds	no	ahli geng
qas	no	retorik klasik
asm	no	pelir
cds	no	ukiran bleu
re	no	tindak pidana
rci	yes	orang gasar
cds	no	rusuhan
cds	no	jailor
dmc	yes	dusta
asm	no	skru
is	yes	pelokek
qas	no	sisa domestik
cds	no	percuma pemudi
or	no	piala kecil
asm	no	sinar lembut
cds	no	kepayahan
qas	no	mengelirukan
re	no	mengganggu
an	no	ikan jerung
cds	no	penggemar
qas	no	ilusi
dmc	yes	orang gasar
an	no	keberangan
dmc	yes	berselekeh
asm	no	penis qualifier
an	no	bengal
re	no	ketidakadilan
an	no	penyangak
dmc	yes	menghabiskan semua
cds	no	kemudahan awam
qas	no	anjing pemburu st. hubert
dmc	yes	orang buangan sosial
cds	no	kesia-siaan
dmc	yes	lancung
ps	yes	berketurunan afrika
cds	no	bercakap-cakap
ps	yes	കറുപ്പ്
svp	no	garang
re	no	teratu
cds	no	gengster
cds	no	kesukaran
cds	no	berkerepot
qas	no	mengawai
an	no	pelacuran jalan
svp	no	ketamakan
an	no	escargots
an	no	jerung putih
cds	no	diajar
cds	no	fanatism
re	no	cempiang
re	no	penjenayah
cds	no	bayi yang baru lahir
cds	no	broker perkahwinan
cds	no	diskriminasi agama
qas	no	kecemerkapan
cds	no	biadab
ddp	yes	pillock
an	no	pijat-pijat
dmc	yes	terkutuk
svp	no	ravenousness
qas	no	anjing st. hubertus
dmc	yes	jahat
cds	no	peperangan geng
cds	no	anjing baka kacuk
an	no	mengherdik
svp	no	perasaan bosan
re	no	pemerkosaan
dmc	yes	moral bankrap
qas	no	mengintip
an	no	berenga
pr	no	comare
ps	yes	campuran
ddf	yes	kemetot
ddp	yes	perusuh
qas	no	kelaziman
cds	no	orang tolol
dmc	yes	rendahan
ps	yes	orang mongol
ps	yes	hibrid
is	yes	sumpah kemiskinan
an	no	mikroorganisma
an	no	siput yang boleh dimakan
om	no	derriere
svp	no	angkuh
cds	no	syafaat
re	no	menjentik
asm	no	orang dungu
qas	no	jamak
dmc	yes	bau
re	no	cosa nostra
qas	no	kuasa
qas	no	paroki
cds	no	dastardliness
dmc	yes	fabricator
dmc	yes	hitam
re	no	banduan
an	no	kelinci
cds	no	skor
re	no	pembunuhan pertama ijazah
re	no	kezaliman
cds	no	1 pantas
ddp	yes	penipuan kesihatan
dmc	yes	penderhaka
pr	no	merangkak membendung
om	no	pinggul
cds	no	budaya geng
cds	no	peminjam wang
an	no	pemalu
svp	no	gemas
cds	no	bongkak
om	no	crossdress
asm	no	peler
cds	no	saudara-mara
om	no	rantau gluteal
cds	no	menguak
pa	yes	peguam
an	no	jongor
an	no	bangsat
cds	no	blackballed
ddp	yes	hampa
cds	no	sentuhan lembut
om	no	belakang
cds	no	orang-orang gasar
om	no	sodomist
svp	no	pembolot
svp	no	ketaksuban
an	no	binatang
an	no	banteng
cds	no	menyusun jari
ps	yes	jatuh lelaki
cds	no	kenajisan
dmc	yes	berbau
asm	no	tahu
cds	no	pergi antara
ps	yes	dungu
cds	no	gerombolan
cds	no	kehampaan
cds	no	seloroh
an	no	mikro-organisma
pr	no	tikus
cds	no	keberhalaan
cds	no	paparazi
cds	no	teka-teki
cds	no	pengajar
an	no	cuckold
dmc	yes	meloyakan
svp	no	keberahian
cds	no	scammer
cds	no	lenyap
pr	no	lembu domestik
qas	no	umum
cds	no	pedagang perantara
dmc	yes	menjijikkan
svp	no	iri hati
om	no	sama-seks
om	no	semburit
dmc	yes	rendah
dmc	yes	kebejatan
svp	no	tiada akaun
cds	no	kamar mandi
an	no	burung nuri
qas	no	tabi'in
om	no	hubungan seksual menerusi dubur
asm	no	kacang fava
dmc	yes	hobos
svp	no	harga diri
qas	no	fleet rupa
cds	no	mendayai
asm	no	cok qualifier
pr	no	jalang
dmc	yes	kecemerkapan
is	yes	terpencil
an	no	redfish
qas	no	pemikir
cds	no	freemasonry
ps	yes	uprooter
qas	no	kerja meja
qas	no	kelas profesional
ps	yes	اسود
cds	no	kuda kayu
an	no	arnab
ddp	yes	codswallop
cds	no	membisiki
cds	no	pudden kepala
cds	no	berkicau
qas	no	rhetorically
an	no	penipu
or	no	mendesak
cds	no	hamik
svp	no	ranggi
asm	no	kotek
cds	no	mencakar
an	no	tegar tengkuk
qas	no	orang-orang jembel
cds	no	kerabat
ddf	yes	pincang
an	no	tipu helah
an	no	gelojoh
re	no	kehangusan hati
cds	no	jalan buntu
qas	no	muluk
om	no	homoerotic
re	no	penyalahgunaan polis
asm	no	aves
re	no	menyangkutkan
ddp	yes	benak
ddp	yes	betise
re	no	umpat
cds	no	kelam-kabut
svp	no	berang
cds	no	faktor
dmc	yes	gangster
svp	no	perengus
dmc	yes	pembelanja
cds	no	wisenheimer
an	no	crocodylian
qas	no	kekili kesalahan di hadapan umum
pa	yes	wakil
asm	no	keras pada
cds	no	lowlife
cds	no	pompousness
re	no	mengharamkan
pa	yes	cordwainer
dmc	yes	pengecoh
ddp	yes	kepala puding
ps	yes	kad kuning
pr	no	mengarut
an	no	penghisap
dmc	yes	cemerkap
om	no	caudal
dmc	yes	anjal
cds	no	meninggal dunia
ps	yes	wanita hitam
qas	no	memusnahkan
cds	no	otak udang
cds	no	anak susuan
ps	yes	ostrogoth
cds	no	pengusik
ddp	yes	kejahilan
dmc	yes	pengangguran
ddf	yes	hilang upaya
cds	no	jalan wagon
cds	no	barah
asf	no	vagina
cds	no	bordello
an	no	cayman
asf	no	dungu
cds	no	ostentatiousness
pa	yes	fakulti adjung
re	no	pengganas
cds	no	tauke
ddp	yes	ganas
or	no	bebal
svp	no	sikap sombong
is	yes	menghibakan
pr	no	sukan wanita
cds	no	kuli
pa	yes	dosen
asm	no	conek qualifier
an	no	belut benar
ddp	yes	tanda
cds	no	parti
cds	no	munafik
an	no	kegeraman
re	no	memeras ugut
cds	no	sontoloyo
ps	yes	beduin
cds	no	keramaian
ps	yes	romanis
an	no	sedikit burung hantu
pa	yes	ahli fakulti
re	no	exact
om	no	tooshie
qas	no	autoinfection
re	no	penyeksa
cds	no	penggermoan
ddp	yes	omong kosong
is	yes	medit
ddf	yes	leta
an	no	കൊതുക്‌
dmc	yes	baligh
is	yes	cheapskate
dmc	yes	git
qas	no	penurut
cds	no	mengerih
qas	no	casteism
an	no	pelit
an	no	sifat tdk terkalahkan
an	no	diddley
dmc	yes	imitatif
an	no	penjahat
dmc	yes	berkelana
om	no	gay
cds	no	homunculi
re	no	jenayah
cds	no	ceti haram
cds	no	aktiviti jenayah
svp	no	tidak menyenangkan
ddf	yes	oku
cds	no	orang padas
an	no	kutu
om	no	aneh
cds	no	anak luar nikah
ddp	yes	sampah masyarakat dan ekor yg dipotong
svp	no	hasid
an	no	کلداي
ps	yes	aswad
is	yes	bangsat
ddp	yes	lummox
dmc	yes	celoteng
cds	no	mes-up
cds	no	kekurangajaran
or	no	pokok kentang
pr	no	budak sewa
asm	no	nitwit
re	no	keazaban
re	no	perbuatan pengganas
ddp	yes	folderol
dmc	yes	mobster
or	no	adas
cds	no	groveler
qas	no	eksekutif tertinggi
om	no	anak molester
an	no	filum siput
is	yes	kemiskinan
svp	no	keserakahan
pr	no	tikus mondok
re	no	samun
qas	no	memperbaiki
qas	no	keterlanjuran
qas	no	bloodhound
an	no	kuman
an	no	laut kala jengking
dmc	yes	gadungan
or	no	kentang baru
re	no	mengebas
cds	no	membaham
an	no	insect
pa	yes	penasihat undang-undang
qas	no	peninjau
ddp	yes	senarai haiwan
cds	no	guru desa
pa	yes	dewan porter
re	no	mendera
cds	no	rejim fasis
qas	no	bourgeoise
re	no	perompakan
qas	no	pondok
re	no	pembunuhan darjah kedua
or	no	keras
qas	no	teste
cds	no	mengharamkan
ddp	yes	changelings
dmc	yes	orang asing
cds	no	bumbler
qas	no	sampah masyarakat
cds	no	keparat
is	yes	pembolot
svp	no	berat tulang
cds	no	pemeras
svp	no	makan berlebihan
an	no	orang-orang jembel
dmc	yes	treasonist
qas	no	fieldhand
asf	no	betise
re	no	penyalahgunaan korporat
an	no	maling badan
dmc	yes	layabout
cds	no	takut-takut
pr	no	hetaira
an	no	yap
cds	no	perangai
or	no	brassica rapa
dmc	yes	orang berumah
is	yes	pengemis
an	no	little owl
dmc	yes	sedih
ddp	yes	ikan miskin
qas	no	pemimpin spiritual
dmc	yes	orang jahat
ddp	yes	tahu apa-apa
om	no	penembusan dubur
cds	no	perompak
cds	no	nymphomaniac
re	no	jenayah seksual
an	no	kejam
ddp	yes	kejam
cds	no	fundamentalisme
om	no	dorsolateral
or	no	meticulosity
an	no	ikan yu
om	no	homosexualism
ps	yes	negro
is	yes	berpakaian compang-camping
om	no	crossdressing
dmc	yes	fleksibel
svp	no	aboulia
asm	no	ayam bujang
asm	no	bodoh
qas	no	st hubert hound
om	no	homophile
an	no	kutu busuk
re	no	libel
ddp	yes	ferociousness
ddp	yes	pandik
an	no	vipera berus
asf	no	perempuan
cds	no	lapuk
cds	no	dusta
an	no	cengkenik
cds	no	dalang
qas	no	konformis
cds	no	sifat suka menonjolkan keilmuan beliau
cds	no	budak they
om	no	berlainan
is	yes	tembok kering
asm	no	doofus
an	no	strix ampat
dmc	yes	malas
svp	no	nafsu
ddp	yes	epifauna
an	no	kepala batu
an	no	salak
qas	no	kuno
dmc	yes	hipokrit
asm	no	burung
qas	no	batu ladung
svp	no	rakus
pr	no	bos taurus
pa	yes	profesor emeritus
qas	no	bendalu
qas	no	retorik
qas	no	biasa
asm	no	merun
an	no	angsa brant
cds	no	bangang
rci	yes	petani
cds	no	anak anjing
qas	no	gundah
dmc	yes	comot-momot
or	no	gay
cds	no	kecemerkapan
cds	no	gigolo
asf	no	jatuh lelaki
an	no	kebodohan
om	no	twink
dmc	yes	bermuram
re	no	mencoket
is	yes	murung
is	yes	cekel
asm	no	menipu
cds	no	berdosa
dmc	yes	penyangak
re	no	penahan
an	no	tertuduh yang bernama
ddp	yes	beku otak
is	yes	keseorangan
qas	no	sistem pemberat menyelam
cds	no	memajuh
ddf	yes	hina
cds	no	bioteknologi tumbuhan
cds	no	sub-puak
pa	yes	pejuang
cds	no	folderol
svp	no	pengelak
qas	no	kerumunan
pr	no	betina
qas	no	baronies
cds	no	kelakuan lemah
is	yes	berduka hati
om	no	gading
cds	no	beku otak
an	no	kanak-kanak lelaki sewa
dmc	yes	do-tiada
an	no	helah kotor
asf	no	bahlul
is	yes	parokial
om	no	cacat
qas	no	anjing st hubert
dmc	yes	dillydallier
qas	no	cetera
cds	no	protagonism
qas	no	ahli perniagaan besar
cds	no	gosip
dmc	yes	kizib
ps	yes	orang dusun
qas	no	karut
cds	no	menyusutkan
asm	no	cretin
cds	no	karung sedih
qas	no	orang kasar
cds	no	motherfucker
ddp	yes	ahmak
svp	no	faineance
asm	no	avifauna
an	no	keluarga anguillidae
cds	no	tahu-it-semua
cds	no	changelings
dmc	yes	gengster
qas	no	teratak
re	no	jahat
re	no	penjarahan
ddp	yes	penderhaka
an	no	brent goose
om	no	nates
pr	no	istana
cds	no	gugur
an	no	brent angsa
cds	no	sombong
cds	no	melampaui
is	yes	tolol
qas	no	lumrah
ps	yes	asia
cds	no	sharking pinjaman
cds	no	peninjau
cds	no	canggung
an	no	genus capra
cds	no	orang dungu
cds	no	anak dusun
ddp	yes	perubatan dukun
ddf	yes	orang buta
cds	no	fitnah
qas	no	peladang
ddf	yes	kecacatan
cds	no	turnkey
or	no	muttonhead
an	no	phthiraptera
cds	no	berbual
cds	no	free mason
is	yes	kadar kemiskinan
re	no	plagiarization
ddp	yes	umpatan
is	yes	terbatas
dmc	yes	celih
asm	no	simbol berbentuk zakar
ps	yes	mestizo
cds	no	amateurishness
dmc	yes	tipu
ps	yes	separuh kasta
qas	no	amateurishness
an	no	insekta
om	no	apikal
pr	no	seks komersil
asm	no	kerja tangan
qas	no	gila
an	no	nuri
cds	no	villainess
cds	no	hilang nyawa
asf	no	fuckhead
an	no	siput
qas	no	pedagang kaki lima
svp	no	bermegah
an	no	carcharodon carcharias
dmc	yes	jenayah
an	no	basil
cds	no	huru-hara
cds	no	kusut
cds	no	berpulang
re	no	marah
an	no	menghisap kutu
ddp	yes	bengis
om	no	plantar
dmc	yes	motif etika
om	no	orang yg bersemburit
ddp	yes	pudden kepala
re	no	fitnah dan
om	no	merentas berpakaian
cds	no	cretin
cds	no	kebohongan
cds	no	phratry
an	no	moncong
an	no	jakal asia
svp	no	berhasrat
om	no	hujung belakang
qas	no	menembel
cds	no	berjalan
svp	no	do-tiada
om	no	nyonya
re	no	mafiosi
an	no	pengasuh kambing
qas	no	malang
cds	no	pekerja sewa
qas	no	perniagaan amerika
cds	no	intriguer
cds	no	pengasuh
re	no	memperkosa
an	no	bakhil
dmc	yes	lelucon
ddp	yes	haiwan
dmc	yes	pengelat
an	no	rama-rama
cds	no	kesalahan
an	no	dakar
ddp	yes	yang cacat akal
cds	no	pentaksub
cds	no	berceloteh
cds	no	jamak
dmc	yes	terhad
re	no	tdk sah
ddp	yes	kedunguan
cds	no	alku
svp	no	balur liat
ps	yes	mongol
cds	no	komen
svp	no	enviousness
ps	yes	judaisme
dmc	yes	cemar
ddf	yes	kehinaan
is	yes	muram
re	no	calunnia
ddp	yes	gossipmonger
an	no	kejahatan
svp	no	slothfulness
ddp	yes	tongkol
qas	no	mendesak
an	no	peminat
an	no	pepijat katil
is	yes	orang buangan
om	no	basal
ddp	yes	geblek
ddp	yes	kemunduran
ps	yes	ostrogot
an	no	keldai domestik
svp	no	lokek
cds	no	keluarga
an	no	kambing tenusu
an	no	brant
cds	no	conventicle
cds	no	perserikatan rahasia
ps	yes	nitwit
pr	no	kanak-kanak lelaki sewa
an	no	mollusc
an	no	anjing peliharaan
cds	no	mencoba memecahkan pemogokan
ddp	yes	zooerastia
dmc	yes	kotor
an	no	dumbass
ddp	yes	bengap
an	no	kemarahan
an	no	old dunia kerbau
om	no	luar biasa
svp	no	orang bodoh-off
pa	yes	profesor universiti
om	no	pondan
an	no	kelembuai
or	no	pokok adas
re	no	memfitnah
qas	no	tipu
is	yes	melarat
cds	no	religiousism
an	no	limacidae
cds	no	tukang cerita
cds	no	bagnio
an	no	cengkenit
asm	no	butuh qualifier
an	no	merah drum
ddp	yes	celaka
dmc	yes	cacat
ddp	yes	bajingan
cds	no	lawak
re	no	keji
asf	no	യോനി
cds	no	kecu
cds	no	kacukan
an	no	naik marah
cds	no	kurang ajar
ddp	yes	cretin
qas	no	baron
cds	no	kebongkaran
re	no	pesalah
dmc	yes	binatang pongsu
ps	yes	perosak
cds	no	pelawak
pa	yes	sebat
qas	no	sial
an	no	helix pomatia
an	no	siput babi
re	no	perompak bersenjata
cds	no	fumbler
cds	no	fasisme
dmc	yes	ketidakadilan
pr	no	moll gun
qas	no	kekeliruan
cds	no	ras kacuk anjing
is	yes	rayu
ps	yes	separuh baka
cds	no	kasino perjudian
cds	no	kanak-kanak cinta
cds	no	telangkai
cds	no	khalayak
cds	no	congkak
cds	no	berkhutbah
asm	no	bercinta
cds	no	hypersexuality
qas	no	st. hubert's hound
qas	no	warna
cds	no	kumpulan persaudaraan
om	no	punggung
is	yes	celaka
svp	no	gelojoh
re	no	kebas
re	no	banditti
re	no	terseksa
ddp	yes	kebebalan
cds	no	ultraconservative
an	no	dia-kambing
ps	yes	orang asing
ddp	yes	menganga
ps	yes	لوتوڠ
an	no	diintai
cds	no	bilik air
dmc	yes	chawbacon
an	no	badan-meragut
is	yes	bersendu
is	yes	sarit
svp	no	dallier
cds	no	mengerutkan
an	no	pura-pura
cds	no	fasis
svp	no	geram
asm	no	flouter
pa	yes	gembala
cds	no	hiruk-pikuk
cds	no	tolakan
cds	no	groveller
cds	no	bikinan
re	no	teraniaya
cds	no	kefanatikan
qas	no	رومه اسو
dmc	yes	malang
pa	yes	penasihat
re	no	maling
an	no	serangan jerung
asm	no	gonad
svp	no	gusar
cds	no	merepek
svp	no	bengkak
re	no	menipu
pa	yes	academicism
pr	no	rentboy
is	yes	merayu
cds	no	cerewet
qas	no	pedagang
ps	yes	negroid
cds	no	pegermoan
svp	no	abulia
cds	no	neonatal
dmc	yes	pembelot
om	no	akhir belakang
cds	no	wanker
qas	no	kepalsuan
cds	no	gendeng
an	no	pelacuran lelaki
dmc	yes	bohong
cds	no	lav
qas	no	yg berkenaan dgn baron
cds	no	pertengkaran
re	no	bayi
asm	no	bandulan
svp	no	layabout
cds	no	bagus
cds	no	loanshark
svp	no	pemalas
an	no	vamper
ddp	yes	kerosakan otak
ddp	yes	orang bakhil
pa	yes	pendukung
om	no	کلداي
pr	no	പശു
re	no	menagih
svp	no	rangah
cds	no	gangster
svp	no	khisit
cds	no	pandir
cds	no	berhala
qas	no	kennels
an	no	jalan gadis
cds	no	menggunjing
an	no	vipera
dmc	yes	grifter
cds	no	idiolatry
asm	no	jeerer
an	no	pijat
re	no	merompak
cds	no	menawar
an	no	kecabulan
an	no	semak
cds	no	mengoperkan
dmc	yes	kedekut
ddp	yes	rakyat jelata
is	yes	pohon
ps	yes	israel
or	no	ketat
an	no	anguilla
dmc	yes	pengembara
an	no	peranti mendengar rahsia
an	no	keluarga crocodylidae
an	no	bison
ddp	yes	hooey
an	no	anjing kecil
asm	no	kacang
ddp	yes	lompong
ddp	yes	banduan
asm	no	orang bodoh
pr	no	hetaera
ddp	yes	binatang
re	no	menyengsarakan
pa	yes	pengawal
an	no	jerung
asm	no	meniduri
ddp	yes	gasar
cds	no	mendengar
cds	no	hibrid
pr	no	lacur
cds	no	pak pandir
an	no	sentuhan lembut
an	no	animal
cds	no	tricker
or	no	bonce
ddp	yes	shithead
cds	no	menjunjung tinggi
cds	no	joker
or	no	kobis bulat
ddf	yes	kelumpuhan
cds	no	perengek
an	no	bandot
an	no	സ്രാവ്
asm	no	testis
cds	no	ejen jalan
ddp	yes	nitwit
is	yes	walang hati
re	no	mencolong
an	no	freebooter
cds	no	cliques
an	no	berkeras
cds	no	sikap sombong
cds	no	haiwan berkawanan
dmc	yes	pseudo
qas	no	lintah
ddp	yes	muslihat
cds	no	haram
cds	no	pengintip
cds	no	pembohongan
cds	no	kedua pencerewet
an	no	culex pipiens
asm	no	nookie
an	no	shoat
cds	no	pinjaman wang
dmc	yes	mengotorkan
an	no	burung bangkai
an	no	prickteaser
re	no	pengganasan
pa	yes	kambing
an	no	frogspawn
qas	no	st. hubert hound
cds	no	menggosipkan
dmc	yes	penjahanam
re	no	mendesak
an	no	kala jengking laut
cds	no	kinfolk
cds	no	tanah
asm	no	coklat
an	no	maw
dmc	yes	penipu tuhan
cds	no	fundamentalisme agama
or	no	kubis bulat
re	no	menyondang
cds	no	perampok
cds	no	riba
cds	no	penyegan
ddp	yes	bebal
cds	no	mason bebas dan diterima
cds	no	mafia sicily
pa	yes	kejam
cds	no	badut
an	no	kambing biri-biri domestik
asm	no	merah
dmc	yes	sempit
an	no	lembu domestik
cds	no	meraban
om	no	ipsilateral
cds	no	kawan
an	no	belatung
ps	yes	ganas
cds	no	setengah pain
asf	no	pak pandir
cds	no	pintar
re	no	menuntut
an	no	bernyawa menjadi
dmc	yes	tais
qas	no	gallimaufry
an	no	barbarisme
qas	no	rumah anjing
an	no	moue
ddp	yes	perepet
an	no	jackals
an	no	piglet
cds	no	ballup
or	no	labu
asm	no	mengajuk
is	yes	sendu
pa	yes	profesor penyelidikan
ddp	yes	buas
cds	no	konspirasi senyap
cds	no	pergi
cds	no	orang diintai
dmc	yes	berlawak
dmc	yes	riuh-rendah
cds	no	mampus
svp	no	kemarahan
qas	no	penyokong
cds	no	ah long
cds	no	cerek ikan
an	no	bos taurus
re	no	gusar
cds	no	slip lidah
qas	no	sisa pepejal
ddp	yes	pembelot
svp	no	pentaksub
cds	no	wartawan berita
cds	no	advokasi
is	yes	jentaka
an	no	jahil
re	no	pembunuhan ijazah pertama
cds	no	penyerobotan
cds	no	berkomplot
asm	no	busuk profesional
pa	yes	pembela khas
ddf	yes	orang bungkuk
qas	no	dusta
an	no	biri-biri
qas	no	tukang bonceng
dmc	yes	kecabulan
cds	no	schoolma'am
ps	yes	orang tolol
ddp	yes	asshole
cds	no	keadaan kucar-kacir
an	no	kebuasan
an	no	pongsu
re	no	penderaan seksual
an	no	anak helang
cds	no	membicu off
dmc	yes	pelahap
an	no	rama-rama peppered
svp	no	idaman
an	no	epifauna
dmc	yes	berumah
an	no	senarai haiwan
cds	no	kaki
cds	no	kekeliruan
ps	yes	inkiness
ps	yes	celaka
cds	no	fatan
cds	no	orang gasar
re	no	fitnah watak
pa	yes	fakulti
cds	no	kegagahan
pr	no	perdagangan seks
svp	no	pelengah
asm	no	buah zakar
pa	yes	peminang
ps	yes	bodoh
svp	no	anggak
re	no	jenayah seks
dmc	yes	tualang
or	no	kentang
an	no	menggoda
an	no	orang tolol
an	no	fuckhead
ps	yes	pembiak baka tumbuhan
re	no	kesalahan jenayah
pr	no	pelacuran lelaki
qas	no	mukim
an	no	animalculum
an	no	cootie
cds	no	penjahat
re	no	feloni
is	yes	lokek
cds	no	mangkat
cds	no	nympho
cds	no	kepalsuan
qas	no	hartawan perkapalan
cds	no	mountebank
re	no	menyambar
ps	yes	anak bodoh
cds	no	kesewenang-wenangan
cds	no	gelandangan
svp	no	maruah
cds	no	mussiness
cds	no	do-tiada
an	no	pelahap
is	yes	meminta-minta
an	no	perampok
cds	no	cacography
cds	no	bulatan
cds	no	angkuh
an	no	anjing betina
cds	no	banyak
re	no	memperdaya
qas	no	menyedihkan
cds	no	kucar-turvyness
qas	no	barah
cds	no	menyelinap pencuri
svp	no	kembung
an	no	pak pandir
cds	no	pencuri kecil-kecilan
asm	no	bersetubuh
an	no	dungu
cds	no	jahanam
dmc	yes	pembohongan
cds	no	cheekiness
an	no	pediculus humanus corporis
qas	no	melodramatik
asm	no	twirp
cds	no	segah
an	no	lipas
svp	no	kebakhilan
cds	no	makelar
cds	no	beribadat
cds	no	ketat
cds	no	okabe
is	yes	doa
an	no	bison eropah
cds	no	bodoh bermacam-macam warna
an	no	burung minerva
svp	no	kegagahan
svp	no	pajuh
dmc	yes	villainess
dmc	yes	orang hulu
om	no	homoerotik
cds	no	ras kacuk
an	no	bebal
asm	no	luas kacang
cds	no	pembohong
an	no	daging ayam
cds	no	lagak
ddp	yes	membingungkan
qas	no	jemaah gereja
qas	no	lelaki perniagaan
dmc	yes	perampok
cds	no	menggagalkan
re	no	peras ugut
re	no	angkuh
an	no	tangkai kering
cds	no	ongok
ddp	yes	orang tolol
dmc	yes	tetiron
cds	no	reaksioner
re	no	seksa
qas	no	sciolist
qas	no	penjaja
dmc	yes	terbatas
dmc	yes	salah
cds	no	blunderer
an	no	diddlyshit
an	no	nyamuk biasa
asm	no	mengetahui
qas	no	karung sedih
pr	no	tikus coklat
cds	no	lelaki bijak
dmc	yes	orang kasar
ps	yes	bertualang
pr	no	perek
an	no	gila
cds	no	pulas
an	no	kezaliman
cds	no	mencuci bilik
qas	no	telur
ps	yes	masyarakat kulit hitam
cds	no	mendapatkan
dmc	yes	zalim
cds	no	bastar
is	yes	sewal
pr	no	sanga
cds	no	berpuluh-puluh
ddp	yes	pengecek
cds	no	archpriest
an	no	bacul
ddf	yes	ikan bilis
an	no	keganasan
re	no	sicily mafia
dmc	yes	kampung
cds	no	kesalahan jenayah
ddp	yes	sontoloyo
re	no	dirogol
dmc	yes	belang
re	no	delinkuen
ddf	yes	orang kelainan upaya
re	no	ndrangheta
an	no	lambak
dmc	yes	homunculi
cds	no	mendewakan
asm	no	merah tua
ddp	yes	nonsensicality
qas	no	pesawah
pr	no	persundalan
an	no	caiman
an	no	berkerut
cds	no	kojol
asf	no	orang dungu
pa	yes	karyawan
re	no	kidnaps
svp	no	tangkai kering
an	no	wanita genit
cds	no	arwah
dmc	yes	baik-untuk-apa-apa
re	no	kecurian
re	no	paksa
asm	no	tertuduh yang bernama
asm	no	fuck
is	yes	sugul
cds	no	nouveau riche
cds	no	bawdyhouse
qas	no	bandulan
cds	no	maling
an	no	gadis nakal
qas	no	anjing pemburu santo hubert
cds	no	fascista
cds	no	peniaga roda
re	no	kecurian besar
cds	no	egois
cds	no	pengelak
cds	no	partai
an	no	daging khinzir
an	no	psittaciformes
svp	no	celih
an	no	suborder blattodea
ddp	yes	kepandiran
dmc	yes	songong
ddf	yes	binatang pongsu
cds	no	maut
cds	no	merapu
dmc	yes	cemomot
pr	no	bawd
cds	no	chiseller
qas	no	kebangsawanan
cds	no	kaum
cds	no	layu
qas	no	anjing pemburu st. hubertus
ps	yes	kraut
cds	no	celaka
an	no	ferociousness
cds	no	tan
cds	no	penjahat tragis
svp	no	amarah
asm	no	memasang
asm	no	zakar
re	no	memarak
qas	no	anjing pemburu darah
an	no	babi domestik
an	no	banteng eropah
dmc	yes	kedua pencerewet
cds	no	cikgu
an	no	culicidae
cds	no	gurauan
cds	no	meminjamkan wang
ddf	yes	katai
svp	no	niggardness
re	no	menyerang lembu
ps	yes	keluarga yahudi
is	yes	mendoa
re	no	penyeksaan
cds	no	menyembah diri sendiri
ddp	yes	orang asing
ddp	yes	desas-desus
cds	no	kesalahan di hadapan umum
cds	no	orang dusun
ps	yes	bioteknologi tumbuhan
an	no	viper
asm	no	kedunguan
om	no	crossdresser
re	no	grand kecurian
rci	yes	orang-orang gasar
cds	no	golongan
svp	no	keganasan
qas	no	shack
dmc	yes	delinkuen
cds	no	sekerap
ddf	yes	orang cacat
is	yes	papa
an	no	kemetot
ddf	yes	nanus
pr	no	rattus norvegicus
ddp	yes	keganasan
ddp	yes	twaddler
an	no	tahu apa-apa
dmc	yes	tambung
pa	yes	menteri
cds	no	pergerakan freemasonry
cds	no	masalah
qas	no	pembunuh
an	no	jatuh lelaki
svp	no	keradangan
ddp	yes	gila-gilaan
ddp	yes	kalap
ddf	yes	menyakitkan mata
an	no	menolak cinta
an	no	kerdil
an	no	orang diintai
cds	no	kesombongan
ddp	yes	keterbelakangan
cds	no	orang cerdik pandai
qas	no	orang-orang gasar
qas	no	mata-mata
svp	no	baik untuk-sia-sia
cds	no	kampung
om	no	lady
cds	no	peninggalan
ddp	yes	tidak dapat
cds	no	durjana
cds	no	anjing campuran
pa	yes	penolong profesor
an	no	pungguk
dmc	yes	gajul
cds	no	kertas-penolak
or	no	poove
re	no	kasar
ddp	yes	bumbler
dmc	yes	hina
qas	no	pengusaha
an	no	anjing sebagai binatang kesayangan
cds	no	pengangguran
cds	no	tinggalan
ps	yes	darkie
pr	no	perempuan murahan
ps	yes	vandals
an	no	serigala
re	no	defamer
ddf	yes	kehilangan upaya
an	no	canis lupus familiaris
qas	no	parasitisme
ddf	yes	buta
qas	no	menambal
cds	no	tawar-menawar
cds	no	jadi-dan-jadi
qas	no	usahawan
pr	no	gangster itu moll
cds	no	goblok
pa	yes	jurukira
qas	no	sakit otak
cds	no	jumlah
an	no	kutu badan
cds	no	bergurau
re	no	mengacah-acah
ps	yes	bergelandangan
ps	yes	pembiakbakaan kacuk
an	no	pelokek
ddp	yes	tawanan
re	no	azab
qas	no	umat
qas	no	acolytes
re	no	angkara
om	no	seks
re	no	penyamunan
ddf	yes	orang kurang upaya
cds	no	perjamuan
cds	no	guru
an	no	tolol
re	no	dirompak
cds	no	kepongahan
an	no	perintah crocodilia
qas	no	cerita
cds	no	kumpulan
cds	no	sampah
qas	no	bebas
cds	no	peranakan
asm	no	maxilliped
an	no	katak
pr	no	bitch
cds	no	bacul
dmc	yes	berfoya-foya
re	no	kebongkaran
cds	no	dandies
cds	no	asmara murahan
pa	yes	akademikus
cds	no	menyanjung
qas	no	anjing
ps	yes	berkelana
is	yes	gelebah
re	no	plagiarise
ddp	yes	jatuh lelaki
cds	no	nerd
pr	no	courtesans
an	no	diddly
qas	no	ahli korporat
dmc	yes	malodor
dmc	yes	buangan sosial
qas	no	menagih
is	yes	mundur
qas	no	kekhilafan
an	no	insecta
or	no	kubis
cds	no	ayam kampung
pa	yes	yg mengumumkan perintah raja
qas	no	kebohongan
dmc	yes	sumbang
dmc	yes	baik untuk-sia-sia
an	no	orang yang tidak berwibawa
pa	yes	wanita penjual ikan
an	no	manusia makan jerung
asm	no	orang tolol
cds	no	baka kacuk anjing
re	no	chiseller
svp	no	culas
ps	yes	benak
re	no	pemalas
qas	no	anjing st hubertus
cds	no	membebelkan
an	no	penipuan internet
cds	no	muncikari
re	no	mengait
dmc	yes	rakehell
svp	no	lengah
cds	no	baka kacuk
dmc	yes	nilai-nilai moral
cds	no	sipir penjara
pr	no	tikus norway
cds	no	crooners
re	no	umpatan
asf	no	muttonhead
svp	no	cekel
ddp	yes	unwiseness
pa	yes	akauntan
an	no	manusia
re	no	pencurian besar
cds	no	famili
ddp	yes	manusia
an	no	cimicidae
an	no	pipistrellus
an	no	ayam
om	no	lelaki gay
qas	no	mengaduk-aduk
an	no	muncung
cds	no	bantuan pengajaran
cds	no	mason percuma dan menerima
re	no	menyakiti
an	no	degil
pa	yes	pengarah pengebumian
re	no	penyalahgunaan
svp	no	keinginan
re	no	furiousness
qas	no	merayau
cds	no	cerdas
qas	no	lukisan rumah
om	no	salib-almari
dmc	yes	kelana
re	no	fitnah
ddp	yes	cemerkap
re	no	vilifier
asf	no	tolol
ddf	yes	kejelikan
re	no	pembunuhan
is	yes	kurang maju
asm	no	sentuhan lembut
qas	no	berat tali pinggang
qas	no	mengganggu
an	no	sengkenit
cds	no	allamah
cds	no	terkorban
re	no	‪penyeksaan‬
om	no	distal
cds	no	lembu pencuri
re	no	kemarakan
qas	no	orang penghuni kota
re	no	penyangak
ddp	yes	newsmonger
svp	no	memberongsang
cds	no	uju
or	no	pokok timun
cds	no	mendiang
dmc	yes	orang padas
is	yes	lara
cds	no	mengoceh
cds	no	kekili kesalahan di hadapan umum
an	no	burung malam
an	no	cimex lectularius
cds	no	biang keladi
an	no	git
cds	no	menyerang lembu
ps	yes	tolol
qas	no	kesesuaian
an	no	blattaria
or	no	pak pandir
cds	no	pedant
cds	no	scientism
cds	no	nakal
re	no	mengumpil
an	no	mua
pa	yes	kaunselor-at-undang-undang
cds	no	bantahan
an	no	kebiadaban
cds	no	jurutunjuk
qas	no	menuntut
ddp	yes	twirp
svp	no	ketidakgiatan
dmc	yes	kepalsuan
qas	no	kerumitan
or	no	ikan miskin
cds	no	ujud
dmc	yes	maung
asm	no	fava
cds	no	mogok-pecah
cds	no	keegoan
an	no	domba
dmc	yes	rocah
cds	no	kucar-turvydom
an	no	antelop kambing
cds	no	meninggal
re	no	mengecewakan
ddp	yes	macrofauna
asf	no	tidak berharga
asm	no	bidang kacang
om	no	bokong
cds	no	hustling
cds	no	crooner
qas	no	orang awam
qas	no	orang kampung
an	no	cakehole
cds	no	superbia
cds	no	tolol
cds	no	perintah masonik
an	no	ular di rumput
ddp	yes	kebiadaban
an	no	saluran bass
cds	no	sesuku
dmc	yes	rampus
cds	no	cempiang
an	no	hemipteran
cds	no	berpura-pura
an	no	inexorableness
cds	no	mengendal
is	yes	fakir
qas	no	mengecewakan
ps	yes	petualang
cds	no	anjing kampung
qas	no	penjahanam
cds	no	mempermainkan
cds	no	kucar-kacir
cds	no	pukimak
an	no	bodoh
cds	no	ikan miskin
qas	no	sesat akal
cds	no	sicily mafia
pr	no	protes
an	no	siphonaptera
ddf	yes	tempang
cds	no	kebanyakan
rci	yes	gasar
cds	no	gallimaufry
dmc	yes	prinsip moral
qas	no	kepercayaan
svp	no	ingin
is	yes	jahanam
dmc	yes	tidak bermoral
svp	no	gorger
re	no	stickup
om	no	tarikan yang sama-seks
svp	no	berahi
re	no	seksual diserang
qas	no	pencopet
cds	no	unit jepun pengukuran
dmc	yes	pergelandangan
re	no	kecurian harta benda
re	no	menggelisahkan
cds	no	band
cds	no	bos jenayah
an	no	bugging
an	no	asu
qas	no	kenel
pa	yes	utusan khas
dmc	yes	pelit
an	no	cekel
pa	yes	peguam perbicaraan
qas	no	sisa pepejal perbandaran
om	no	berkenaan dgn perut
is	yes	keji
