ps	yes	interspecies breeding
ps	yes	hybrid species
an	no	canis aureus
an	no	🐕
an	no	animal phylogeny
ps	yes	jewish tradition
qas	no	baronage
pa	yes	undertaker
an	no	vegas roach trap
an	no	yowe
cds	no	religious fundamentalism
ddp	yes	metazoans
ddp	yes	animalia 101
an	no	rabbitkind
an	no	animal characteristics
cds	no	theif
asm	no	testicles
ddp	yes	animal evolution
cds	no	বেক্কল
re	no	rape on college campuses
om	no	buttcheek
asm	no	peniz
ddf	yes	physical incapacity
an	no	she-goat
om	no	paiderastia
cds	no	grungies
ddp	yes	মূর্খ
an	no	hyeena
an	no	রাজহংস
pr	no	বেশ্যা
ps	yes	judismo
qas	no	testicular diseases
asf	no	va-jay-jay
cds	no	ডাকাত
an	no	sheep, domestic
an	no	bitch
om	no	paederast
an	no	khota
an	no	ছারপোকা
an	no	alligator
an	no	নরখাদক
ps	yes	blackest
cds	no	ফ্রিম্যাসন
an	no	তেলাপোকা
an	no	hog
an	no	খরগোস
an	no	microbial
an	no	micro-organisms
om	no	gluteal region
an	no	ভেড়া
asm	no	balls
om	no	homosexual orientation
om	no	dairy aire
om	no	human ass
an	no	wild rabbits
re	no	thieves
cds	no	filchers
ps	yes	কালো
cds	no	মৌলবাদ
an	no	doggy woggy
asm	no	চোদা
an	no	🐄
an	no	aminals
re	no	rape and native americans
svp	no	indolently
ddp	yes	animal body
ddf	yes	differently-abled
asm	no	peni
cds	no	inter-breeding
pr	no	bos taurus
asm	no	roosting
cds	no	alt thrash
an	no	crocodile
qas	no	baronies
re	no	raping
ddp	yes	animal life
an	no	হাঙ্গর
an	no	persian lamb
an	no	shedog
an	no	ikwal samra
ps	yes	amazulu
cds	no	গ্রুঞ্জ
an	no	cows
om	no	নিতম্ব
an	no	snale
an	no	singleceller
ps	yes	বোকা
ps	yes	ta-ta mongols
an	no	female cattle
an	no	doggies
ddf	yes	disable
ps	yes	hybrid animal
an	no	শশক
ddp	yes	metazoon
cds	no	paprazzi
an	no	cocroch
an	no	cygnus
an	no	micro organismically
asf	no	va jay jay
an	no	froglet
asm	no	male member
cds	no	papparazzi
om	no	rear nudity
ps	yes	judaistic
an	no	domesticated cattle
pr	no	male cattle
an	no	domestic chicken
or	no	boiled potatoes
an	no	nipper
asf	no	punani
asm	no	বাদামি
om	no	love between men
re	no	violent sexuality
an	no	cockaroach
an	no	aasvogel
qas	no	heterogeneous mixture
om	no	nates
an	no	murgh
asm	no	penile diseases
an	no	ক্যাপরা
an	no	micro-organism
om	no	tuches
cds	no	paparazzi
an	no	strigiformes
re	no	ravishment
cds	no	interbreeding
cds	no	hybridism
an	no	pig breeding
cds	no	crime
cds	no	petty thief
asm	no	testicular size
om	no	derrière
an	no	chiena
om	no	homosexulity
an	no	hyaena eximia
asf	no	vaginal mucosa
qas	no	বীচি
qas	no	মিথ্যা
ps	yes	the jews
ps	yes	mongolia people
om	no	male homosexuality
asm	no	avians
ddf	yes	disabilities, people with
or	no	white potatoes
om	no	junk in the trunk
an	no	macchar
pr	no	মথ
cds	no	ফ্যাসিবাদ
qas	no	mixture
ddf	yes	খারাপ
an	no	mosquito
an	no	crocodille
asm	no	eight equals equals equals d
an	no	cocroach
ddf	yes	physically disabled
om	no	pedication
an	no	canis familiaris domesticus
cds	no	hybrid animals
om	no	same-sex sexuality
an	no	anurans
an	no	salientia
or	no	kyūri
an	no	cygninae
an	no	external hirudiniasis
an	no	rubbits
an	no	microorganism
asm	no	low hangers
cds	no	paparatsi
an	no	layer hen
cds	no	seattle sound
cds	no	অপরাধী
an	no	rabits
ddp	yes	প্রাণী
om	no	hindquarter
an	no	hoggets
om	no	homo sexuals
an	no	sharkes
om	no	homosexality
ps	yes	blackly
cds	no	fundamentalists
pr	no	domestic cattle
ddp	yes	metazoa
cds	no	grunge decade
an	no	female dog
an	no	catties
an	no	pig
an	no	snails
asf	no	vaginal sphincter
pa	yes	mortician
ddf	yes	physically impaired
cds	no	মূর্খ
an	no	অ্যানিমালিয়া
qas	no	baronial
ps	yes	juden
asf	no	female's sex organ
or	no	patta gobhi
cds	no	thieves
cds	no	tribe
ps	yes	jewish
cds	no	intraspecific hybrids
cds	no	tribal societies
an	no	dairy goat
om	no	⚣
an	no	cokroch
ps	yes	infraspecific hybrid
an	no	microbes
an	no	rabbit
an	no	🐐
an	no	bock bock
ps	yes	জুলু
cds	no	interfertility
re	no	সন্ত্রাসবাদ
ps	yes	jewish communities
an	no	frog spawn
om	no	hindquarters
re	no	চুরি করা
om	no	সমকামী
an	no	she-dog
or	no	potato farm
or	no	colwort
re	no	theft
qas	no	barons
or	no	kyuri
an	no	hyena
cds	no	বোকা
cds	no	thieving
an	no	sow
an	no	gilt
an	no	cimicidae
ps	yes	jews'
an	no	anumal
an	no	pullet
ps	yes	mongol
or	no	תפוח-אדמה
an	no	insect life cycle
cds	no	alternative thrash
an	no	bedbug
cds	no	gribbly
or	no	new potato
om	no	tooshie
ps	yes	zulus
an	no	hookbills
an	no	kingdom animalia
cds	no	thefts
an	no	golden-eyed shark
qas	no	পরজীবী
ddf	yes	differently abled
ps	yes	ইহুদি ধর্ম
an	no	strigiform
om	no	pederastry
an	no	pigs as pets
re	no	petty thief
an	no	animalia 101
an	no	singlecelled
an	no	🐇
asm	no	birds
an	no	micro organismic
an	no	hiena
an	no	গাই
cds	no	grunge metal
om	no	derierre
ddf	yes	disability
an	no	শৃগাল
asm	no	bird reproduction
qas	no	testes
ps	yes	judaic
re	no	thefts
an	no	she dog
ddp	yes	animal phylogeny
an	no	doghood
re	no	তস্কর
or	no	tattie
cds	no	কোটনা
cds	no	alt thrash metal
svp	no	কাম
or	no	new potatoes
pr	no	cow
ps	yes	judaism - reform
an	no	simple life organisms
an	no	মশা
re	no	filches
re	no	theif
cds	no	intra-specific hybrids
an	no	great white sharks
asm	no	whale penis
om	no	woofter
ddf	yes	disabled
asm	no	petit pois
an	no	goatry
an	no	কুমীর
an	no	microbical
or	no	irish potato
ps	yes	intra-specific hybrids
ddp	yes	anamalia
or	no	potato, irish
an	no	anura
re	no	to rape and in pregnate
om	no	pedarsty
cds	no	hybridisation in birds
ps	yes	blackishness
asm	no	meat injector
an	no	microscopic organism
pa	yes	অন্তেষ্টিক্রিয়া পরিচালক
an	no	mozzi
ps	yes	hybridism
cds	no	stealer
or	no	বোকা
cds	no	faux-paparazzi
an	no	crocodylidae
re	no	rapists
an	no	bicho
re	no	theft of property
re	no	অপরাধ
qas	no	baron
an	no	domestic goat
re	no	theivery
cds	no	crazy base
an	no	כלב
ddp	yes	প্রাণী জগৎ
an	no	anserini
an	no	domestic pigs
an	no	পোকা
om	no	paederastic
an	no	dusk biter
an	no	🐸
om	no	butt cheeks
asm	no	বেক্কল
an	no	anamalia
an	no	she dogs
an	no	বোকা
re	no	hork
re	no	filchers
an	no	foxes
ps	yes	hybridisation in birds
or	no	potato skin
ps	yes	genetic cross
cds	no	alt-thrash metal
asm	no	vatana
an	no	miniature donkey
cds	no	tribal people
ddp	yes	animal characteristics
asm	no	baby birds
an	no	microorganismical
om	no	পোঁদ
an	no	প্রাণী
svp	no	অলস
ps	yes	কাল
asm	no	green peas
or	no	history of potatoes
an	no	মূর্খ
an	no	hooter
an	no	single cell organisms
cds	no	genetic crossing
ddp	yes	metazoan
ps	yes	judaized
an	no	মথ
cds	no	hybrid
cds	no	stalkerazzi
re	no	raep
asm	no	মূর্খতা
ddp	yes	animal types
or	no	solanum tuberosum
an	no	মূর্খতা
or	no	red potato
ddf	yes	handicapped
cds	no	thiefing
ps	yes	interspecific hybrid
cds	no	thief
an	no	dairy goats
an	no	micro-organismically
an	no	foxs
om	no	arse bandit
ps	yes	mongol nation
pa	yes	funeral services
an	no	common domestic fowl
cds	no	পাপারাজ্জি
an	no	nonhuman
ps	yes	judaists
an	no	hyaenids
or	no	solanum tuberosum tuberosum
an	no	sus scrofa domesticus
an	no	frog metamorphosis
cds	no	grunge rock
om	no	homosexual
asm	no	testicular diseases
or	no	capitata group
an	no	male dog
svp	no	ক্রোধ
ddp	yes	animals
om	no	গাধা
cds	no	interbreed
ddp	yes	kingdomanimalia
an	no	shark senses and behaviors
om	no	fourth point of contact
an	no	bunny rabbits
an	no	canine lupus
ps	yes	jewry
an	no	crocodylid
qas	no	baronesse
an	no	leech
om	no	tuch
asm	no	penile disease
ps	yes	judasim
or	no	cabbage
pr	no	cattle herding
an	no	bed bug
ps	yes	jewess
an	no	cimex
ps	yes	zulu
ps	yes	zulu-kaffirs
an	no	single celler
an	no	শামুক
an	no	mosquito bite
re	no	rape of males
ddf	yes	physically challenged
an	no	male donkey
an	no	canis familiaris
an	no	animal life
re	no	filching
asm	no	wedding tackle
or	no	maris peer
or	no	apple cucumber
an	no	she goat
cds	no	filcher
or	no	শশা
an	no	poulet
asf	no	মূর্খ
asm	no	পাখী
asm	no	peniss
ddf	yes	differently-abled people
om	no	age-structured homosexuality
an	no	fox habitat
an	no	kingdomanimalia
ps	yes	judaism
re	no	rape
ddf	yes	disabling
cds	no	filched
an	no	she-ass
re	no	থলে
an	no	male cattle
asf	no	মূর্খতা
an	no	pointer shark
an	no	microoerganisms
an	no	microbial life
an	no	misquitos
om	no	dionism
re	no	forcible rape
om	no	gay males
re	no	non-consensual sex
asm	no	roost
an	no	chicken
or	no	শসা
an	no	animal body
an	no	dogness
an	no	lalbeg
an	no	mozze
an	no	cocaroah
an	no	টিয়া
svp	no	work aversion disorder
qas	no	baroness
an	no	marine snail
cds	no	interspecific hybrid
asf	no	neden
om	no	homosexualite
om	no	dairy air
asf	no	vaginal
an	no	entomofauna
or	no	potatos
an	no	dogs
an	no	beedeas
qas	no	testis
an	no	cow
an	no	sharks
cds	no	পাপারাৎসি
or	no	kerris pink
om	no	same sex
qas	no	কৃষক
asm	no	ornis
ps	yes	mosaic faith
asm	no	টেসটিস
an	no	domestic goats
an	no	helobdella
asm	no	peas
ddp	yes	animal (metazoan) evolution
ps	yes	hybrid plant
an	no	metazoan evolution
an	no	anuran
asm	no	testical cyst
or	no	culture of cabbage
dmc	yes	মিথ্যা
ps	yes	judeo
ps	yes	blackish
re	no	forced sex
an	no	equus africanus asinus
svp	no	laziness
om	no	same-sex
an	no	crocodiles
om	no	keaster
qas	no	mechanical mixtures
an	no	metazoon
an	no	smeerp
cds	no	religious extremist
an	no	sea snails
ps	yes	jewes
an	no	আরশোলা
asm	no	peascods
an	no	অণুজীব
om	no	uphill gardener
asf	no	বাল
ps	yes	black is not a color
an	no	pet pig
om	no	derriere
an	no	metazoa
re	no	coersive sex
asf	no	vadge
an	no	batrachan
or	no	coleworts
an	no	হায়েনা
pa	yes	কূটনৈতিক পদমর্যাদা
ps	yes	black
an	no	female donkey
an	no	animal
om	no	homo sexual
an	no	lal beg
an	no	domestic pig
an	no	she-asses
asm	no	avebrevicauda
or	no	white potato
an	no	jackel
an	no	bunnies
svp	no	lazyness
asm	no	testis
is	yes	দুঃখিত
ddp	yes	non-human animal
an	no	animal evolution
ddf	yes	disablement
ps	yes	hybrid animals
qas	no	অণ্ডকোষ
an	no	frogs
ps	yes	intergeneric hybrid
qas	no	testical
an	no	🐊
ddp	yes	tree of life animalia
an	no	মুরগি
asm	no	এভিস
ps	yes	color black
an	no	chienna
an	no	microbiality
cds	no	infraspecific hybrid
asm	no	riddlestick
ddp	yes	anumal
an	no	micro organism
an	no	canis familaris
re	no	thiefing
om	no	poofta
om	no	butt cheek
an	no	হাঁস
an	no	single-cell organism
re	no	জলদস্যু
ps	yes	hebrew religion
asm	no	field pea
ddf	yes	special people
asm	no	field peas
ddp	yes	water animal
cds	no	stealers
ps	yes	ultimately dark
an	no	single-celled animal
or	no	cucumbers
an	no	microörganisms
or	no	potatoes
an	no	chicket
an	no	tori no mizutaki
ddf	yes	disabilities
an	no	feral rabbits
an	no	mosquita
asm	no	স্কোট্রাম
pa	yes	undertakers
an	no	bos primigenius taurus
cds	no	grunge punk
ps	yes	interfertility
ps	yes	judaity
ps	yes	zulu people
asm	no	pisum sativus
an	no	single-celler
ddf	yes	invalidity
svp	no	lazy people
an	no	owl
or	no	আলু
qas	no	testicals
asm	no	pet bird
an	no	shedogs
ddf	yes	mobility disabilities
re	no	ধর্ষণ
an	no	insect hormones
re	no	serial rape
asm	no	penes
ps	yes	jewish community
svp	no	indolences
an	no	man-eater
ddp	yes	kingdom animal
an	no	a frog
cds	no	hybrid species
an	no	mosquitoe
asm	no	membrum virile
an	no	single celled organism
an	no	dog hood
ps	yes	ইহুদী
an	no	bed bugs
om	no	poofter
an	no	jackals
an	no	piglet
an	no	ব্যাঙ
re	no	serial rapist
ddf	yes	behavioral disability
an	no	animal types
an	no	white pointer
cds	no	theft
cds	no	grungers
svp	no	অলসতা
om	no	pederasty in the modern world
an	no	bunnie
cds	no	interspecific hybrids
cds	no	hybrid animal
cds	no	tribesmen
an	no	পেঁচা
an	no	leech infestation
an	no	the domestic dog clade
or	no	garden cucumber
asf	no	paracolpium
asm	no	মূর্খ
ps	yes	intraspecific hybrid
an	no	গরূ
or	no	cabbages
an	no	hyaenidae
re	no	the sexual victimization of native american women
an	no	bos taurus
om	no	পাছা
an	no	she goats
ddp	yes	অ্যানিমালিয়া
qas	no	testicles
re	no	filcher
re	no	stealing
an	no	goatfighting
ddf	yes	প্রতিবন্ধী
ps	yes	blackeness
cds	no	tribal authority
an	no	microorganisms
cds	no	felony theft
om	no	bare bum
an	no	বাইসন
an	no	mosquitos
cds	no	পতিতালয়
cds	no	domestic and wild animal crosses
or	no	tatey
ps	yes	jewishm
asm	no	শুক্রাশয়
ps	yes	mongolids
asm	no	testicals
an	no	কুমির
an	no	one-cell organism
an	no	latin names of sharks
an	no	female dogs
om	no	buttocks
or	no	tatties
an	no	sus domesticus
cds	no	চোর
asm	no	avafauna
ps	yes	ইহুদি
cds	no	hybridisation
an	no	water animal
an	no	domestic fowl
ddp	yes	animal
an	no	cockroach
an	no	insecto
an	no	blattodea
qas	no	ব্যারন
an	no	single-cellers
re	no	felony theft
asf	no	vegina
qas	no	testicular disorder
cds	no	hybrid plant
an	no	mozzy
an	no	cockroch
an	no	kokroch
asm	no	nestlings
ps	yes	religion of ancient israel
an	no	digitaldog
an	no	chickens
an	no	swine
ddf	yes	handycapped
ps	yes	animal hybrids
an	no	goats
qas	no	testicle
om	no	gay sexuality
asm	no	circumcised penis
re	no	sexual victimization of native american women
an	no	রাজহাঁস
om	no	homosexual man
qas	no	টেসটিস
an	no	vultures
ps	yes	jewesses
an	no	one-celled
ps	yes	religous jews
pr	no	b. taurus
pr	no	bos primigenius taurus
asm	no	nestling
an	no	dogs as our pets
an	no	a man's best friend
an	no	swan
re	no	slayer band members
an	no	hienna
cds	no	religious fundamentalist
an	no	rabbitology
cds	no	ফ্রিম্যাসনরি
an	no	sea snail
ps	yes	jewish family
ps	yes	বেদুঈন
an	no	burro
an	no	hirudinea
or	no	culture of potato
ps	yes	the mongols
cds	no	grunge fashion
an	no	প্রাণী জগৎ
an	no	pet chicken
an	no	🐔
an	no	river fox
an	no	shark behaviour
cds	no	grunge bands
asm	no	নুনু
an	no	she-dogs
cds	no	stoled
ps	yes	ইহুদি ধর্মের ইতিহাস
an	no	হংসী
cds	no	paparazzo
asm	no	পুরুষাঙ্গ
an	no	capra aegagrus hircus
asf	no	বোকা
ddp	yes	animalia
cds	no	tribeswoman
ps	yes	judaica
ps	yes	theory of hybridism
or	no	תפו"א
asm	no	penile
ddf	yes	people with disabilities
asm	no	todger
an	no	bug
cds	no	celebrity photographer
cds	no	মিথ্যা
asf	no	vaginal disease
an	no	yorkshire leicester
qas	no	testicle size
ddf	yes	disibility
or	no	বাঁধাকপি
ddf	yes	physical disablities
an	no	ckocroch
cds	no	grungecore
an	no	microörganism
an	no	rabit
ps	yes	jewish ethnicity
an	no	🐌
om	no	being gay
an	no	microrganism
ps	yes	judaical
an	no	donkeys
an	no	soil microbe
asf	no	birth canal
ps	yes	manmade hybrid
om	no	buttcheeks
an	no	single-celled organisms
re	no	raped
cds	no	alt-thrash
re	no	pirate
an	no	micro-organismic
an	no	shark
cds	no	grunge music
dmc	yes	নোংরা
svp	no	কামাসক্ত
ps	yes	interfertile
ps	yes	jewish religion
ps	yes	natural hybrid
om	no	homosexualité
qas	no	mixtures
an	no	en la boca de los tiburones
ps	yes	interspecific breeding
an	no	domestic dog
an	no	bunny
an	no	ছাগল
dmc	yes	নকল
cds	no	hybrid organisms
ps	yes	hybrid organisms
cds	no	natural hybrid
an	no	single celled
asm	no	testicle size
an	no	domestic sheep
ps	yes	inter-breeding
or	no	cucumis sativus
cds	no	filching
svp	no	indolencies
an	no	kockroch
an	no	microorganismically
an	no	cattle slaughter
cds	no	চুরি
or	no	pottato
an	no	batrachian
re	no	thief
an	no	রাজ হাঁস
an	no	cattle herding
an	no	insect viruses
asm	no	avian proteins
pr	no	domesticated cattle
ps	yes	interspecies reproduction
cds	no	intergeneric hybrid
an	no	canis canis
ddp	yes	metazoan evolution
an	no	সাদা হাঙ্গর
cds	no	fundamentalist
an	no	carcharodon carcharias
cds	no	paparatchi
an	no	asinine
an	no	thos
ps	yes	mongol peoples
ps	yes	artificial hybrid
asm	no	orchitic
ps	yes	interspecific hybrids
ps	yes	judaisam
asm	no	শিশ্ন
asf	no	vaginal cuff
re	no	slayar
an	no	focks
an	no	goat milk
an	no	ckockroch
an	no	ovis aries
an	no	order anura
asf	no	human vagina
an	no	犬
ps	yes	mongolic peoples
cds	no	interfertile
ddf	yes	disabled people
an	no	billy goat
an	no	soil microbes
om	no	ass cheeks
an	no	vulture
an	no	nanny goat
re	no	stealers
an	no	domesticated sheep
an	no	kokroach
re	no	petty theft
or	no	spuds
an	no	inu
cds	no	grunge era
ps	yes	jews
cds	no	interspecies breeding
om	no	hiney
pr	no	cattle
re	no	চুরি
cds	no	hork
or	no	potato farmer
om	no	keister
an	no	pet pigs
cds	no	grunger
an	no	jennies
an	no	domestic cattle
an	no	cecal pellets
cds	no	alternative thrash metal
or	no	roast potato
qas	no	testicular size
an	no	frog
ps	yes	hybridisation
ps	yes	mongolian peoples
cds	no	tribal culture
om	no	homosexuality
an	no	she asses
cds	no	শিশু
re	no	thieving
cds	no	animal hybrid
an	no	cygnini
an	no	swine production
qas	no	low hangers
cds	no	tribal society
an	no	single cellers
ddf	yes	disabilites
re	no	rapere
an	no	psittacimorphae
asf	no	vajayjay
an	no	sheeps
ps	yes	jewish history
an	no	পাতিশিয়াল
an	no	white sharks
or	no	dosakai
om	no	paederasty
an	no	sus scrofa domestica
dmc	yes	নৈতিকতা
an	no	কীট
pr	no	female cattle
an	no	রাজ হংস
ps	yes	domestic and wild animal crosses
asf	no	كس
an	no	golden jackal
cds	no	lists of tribes
an	no	flighted pet parrots
om	no	সমকাম
an	no	microbic
cds	no	grunge
or	no	গোলআলু
an	no	cattle
an	no	bunny rabbit
an	no	unicellularity
an	no	psittaciformes
ddp	yes	metazoic
an	no	crocodile wallet
or	no	potater
re	no	attempt to commit rape
asf	no	বেক্কল
an	no	chooks
an	no	microbically
om	no	man boy love
an	no	snail
an	no	equus asinus
om	no	lesbian life partner
an	no	খরগোশ
an	no	insects
om	no	homosexuals
cds	no	tribal band
an	no	psittaciform
an	no	কুম্ভীর
ps	yes	interbreeding
asm	no	pisum sativum
svp	no	কামুক
an	no	শিয়াল
cds	no	alternative speed metal
asm	no	peascod
qas	no	homogenous mixture
an	no	animalia
or	no	pomme terre
svp	no	indolency
an	no	🐏
an	no	খচ্চর
asm	no	testical
cds	no	papparazzo
asm	no	teste
om	no	pedarasty
an	no	white pointer shark
an	no	white shark
ps	yes	intra-specific hybrid
an	no	culicidae
cds	no	manmade hybrid
re	no	piracy
asf	no	vaginal canal
ps	yes	mongol people
asm	no	snow pea pod
asf	no	vaginal cavity
ps	yes	mongols
qas	no	the baroness
an	no	muff
re	no	rapist
re	no	সন্ত্রাসবাদী
re	no	অপরাধী
asm	no	avian dinosaur
an	no	shark taxonomy
cds	no	উপজাতি
pa	yes	আইনজীবি
asm	no	penis
om	no	homosexual sex
asm	no	privy member
an	no	মেষ
ps	yes	ইহুদী ধর্ম
an	no	domistic pig
an	no	chkn
or	no	poetato
om	no	poof
an	no	cockoroach
re	no	rapes
an	no	micro organisms
an	no	selachimorpha
cds	no	fundamentalism
re	no	filched
an	no	বেঙ
ps	yes	মঙ্গোল
an	no	parrot trade
an	no	পতঙ্গ
ps	yes	mongol clans
ps	yes	jewish faith
asm	no	trouser snake
an	no	non-human animal
ps	yes	ইহুদীধর্ম
an	no	black-beetle
or	no	spud
an	no	micro organismical
an	no	hyiena
re	no	national day of slayer
an	no	she ass
cds	no	theives
an	no	ছাগল-পাহাড়িছাগল
asm	no	bird
cds	no	paparazi
ps	yes	jewish ancestry
ps	yes	animal hybrid
asm	no	pea pod
an	no	parrots
ps	yes	juddaism
ddf	yes	physical disabilities
or	no	german butterball
an	no	bunnies!
ddf	yes	impaired
an	no	henroach
asm	no	পাখি
ddp	yes	nonhuman
an	no	microbics
cds	no	tribes man
asm	no	pea-sized
cds	no	tribes woman
om	no	pederasts
asm	no	বীচি
cds	no	artificial hybrid
an	no	micro-organismical
an	no	cockroaches
an	no	kocroch
pa	yes	অন্ত্যেষ্টিক্রিয়া পরিচালক
an	no	chook
asm	no	🐦
an	no	insect anatomy
ps	yes	beliefs of jews
an	no	bunny wabbit
asm	no	green pea
an	no	ckokroach
qas	no	স্কোট্রাম
ps	yes	jewity
ps	yes	মূর্খ
asf	no	vaginas
asm	no	testicular
an	no	psittacine
an	no	chiken
re	no	stoled
re	no	crime
om	no	asscheeks
an	no	canis lupus familiaris
ps	yes	বেক্কল
an	no	crocodylinae
ps	yes	blackishly
pr	no	cattle slaughter
an	no	animalia kingdom
ddp	yes	বেক্কল
ps	yes	mongolians
an	no	gallus domesticus
an	no	রাজ হাস
an	no	প্যাঁচা
an	no	rabbits and hares
asf	no	vayjayjay
cds	no	intraspecific hybrid
an	no	sheep
cds	no	fundamentism
an	no	animals
cds	no	শিক্ষক
ps	yes	genetic crossing
an	no	pullets
an	no	ram
svp	no	workplace aversion
an	no	gallus gallus domesticus
ddp	yes	kingdom animalia
cds	no	fundamental regime
an	no	tori no mushimono
an	no	great white shark
asm	no	অণ্ডকোষ
asm	no	aves
ddf	yes	handicapable
ps	yes	interbreed
an	no	dicondylia
an	no	animal phylum
asm	no	বোকা
an	no	গরু
an	no	bedbugs
cds	no	interspecies reproduction
an	no	motsu no kushiyaki
cds	no	snaparazzi
pa	yes	funeral directors
asm	no	pea plants
cds	no	tribally
asm	no	penii
pa	yes	morticians
qas	no	testicular hormones
an	no	g. domesticus
cds	no	religious totalitarianism
ps	yes	judaist
an	no	শুকর
pr	no	গরূ
an	no	productive microbes
an	no	খরেগাশ
an	no	bdellatomy
or	no	patta-gobhi
an	no	wallfish
an	no	the great white shark
om	no	man-boy love
an	no	man-eaters
re	no	slayer
asm	no	virile member
an	no	microbe
re	no	theives
an	no	mosquitoes
an	no	b. taurus
an	no	ass
om	no	buttucks
an	no	parots
an	no	🐑
an	no	swanling
ddp	yes	aminals
asf	no	quim
an	no	theromyzon
an	no	insecta
om	no	pederast
pr	no	🐄
or	no	purple potato
asf	no	vagina
asm	no	testes
ps	yes	mongolian people
ddp	yes	animal phylum
an	no	সাদা হাঙর
an	no	犭
an	no	vulpine
an	no	goat
cds	no	অপরাধ
ddp	yes	বোকা
ps	yes	jewish nation under foreign rule
an	no	লিটল আউল
an	no	kid
or	no	red potatoes
an	no	she-goats
or	no	idaho potato
cds	no	papparazi
an	no	ovine
om	no	gay sex
qas	no	testical cyst
an	no	হাঙর
om	no	সমকামিতা
an	no	শূকর
cds	no	biological hybrid
cds	no	সংকর জীব
asm	no	schlong
om	no	male homosexuals
an	no	doggy
ddf	yes	sensory disability
an	no	cygnet
cds	no	animal hybrids
cds	no	interspecific breeding
cds	no	atheistic fundamentalism
ps	yes	biological hybrid
or	no	red gold potato
or	no	potato
ps	yes	jew
or	no	aloo
ps	yes	jewish people
an	no	ckokroch
ddf	yes	বিশ্রী
ps	yes	jew worship
ddp	yes	মূর্খতা
asf	no	vaginal opening
om	no	gay and lesbian
qas	no	মিশ্রণ
cds	no	intra-specific hybrid
re	no	anal rape
an	no	fox
an	no	metazoic
or	no	cucumber
om	no	শ্রোণি
ddp	yes	animalia kingdom
ps	yes	ancient hebrew religion
an	no	canis familiarus domesticus
ps	yes	intraspecific hybrids
ps	yes	hybrid
an	no	cockraoch
ps	yes	yehudim
an	no	dog groups
an	no	hyaena
an	no	aedes notoscriptus
an	no	tree of life animalia
or	no	blue potato
an	no	g. gallus domesticus
ps	yes	history of judaism
an	no	microbially
asm	no	penus
ps	yes	jewdaism
ps	yes	judaically
an	no	owls
an	no	hyaenas
qas	no	baronin
an	no	animal (metazoan) evolution
cds	no	tribal communities
an	no	vixen
om	no	homosexual pedophile
qas	no	orchitic
ps	yes	yahood
an	no	mule production
ps	yes	history of the jews
om	no	pederasty
an	no	man eater
ps	yes	সংকর জীব
an	no	frog zoology
ps	yes	judism
re	no	চোর
an	no	he-goat
or	no	alu
an	no	shoat
an	no	metazoans
re	no	জলদস্যুতা
an	no	vulpini
cds	no	অব্যবস্থা
pr	no	গরু
asf	no	যোনি
an	no	dog
an	no	kingdom animal
an	no	ckockroach
ddf	yes	অন্ধ
om	no	pederastic
an	no	what does a fox eat
asf	no	vaginal diseases
an	no	jackal
pr	no	গাই
an	no	great white
an	no	domestic dogs
cds	no	petty theft
an	no	capra hircus
an	no	cimex lectularius
an	no	domesticated pig
asm	no	মটরশুঁটি
asm	no	pea
an	no	blattaria
qas	no	homogeneous mixture
an	no	microbialities
an	no	গাধা
an	no	leeches
an	no	🐶
or	no	תפוח אדמה
an	no	microorganismic
or	no	boiled potato
cds	no	tribeswomen
ps	yes	the jewish race
cds	no	fundamentallism
an	no	chickon
an	no	insect
an	no	কুকুর
or	no	pateeto
an	no	single celled organisms
an	no	ckocroach
re	no	sex without consent
asm	no	ধন
an	no	সারমেয়
or	no	potatoe
an	no	mule
om	no	homosexual men
pr	no	cows
qas	no	teste
cds	no	tribes women
an	no	seasnail
asm	no	মটরশুটি
an	no	billygoat
re	no	ডাকাত
an	no	owl digestion
an	no	parrot
cds	no	tribes men
om	no	ambiguously gay
an	no	metazoan
om	no	bundaist
ps	yes	jewism
ps	yes	jewish race
an	no	hirudiniasis
an	no	microoerganism
cds	no	theivery
an	no	mosquito bites
ps	yes	judaisem
asm	no	testicular hormones
an	no	singlecellers
asm	no	shlong
an	no	single cell organism
an	no	muff beard
cds	no	genetic cross
ps	yes	judiasm
qas	no	শুক্রাশয়
an	no	a dog
cds	no	big four of grunge
om	no	buttock
om	no	pedarast
an	no	chicken gania
an	no	donkey
pa	yes	funeral director
cds	no	theft of property
an	no	issues with poultry farming
ddf	yes	mobility impairment
re	no	stealer
an	no	fishes taxonomy
om	no	poofy
or	no	boiled potatos
ps	yes	ivri
om	no	homosexualism
cds	no	filches
an	no	braying
an	no	শকুন
svp	no	misoponia
qas	no	balls
asm	no	penises
asm	no	সংগম
asm	no	testicle
svp	no	laziest
an	no	rabbits
or	no	staithwort
asm	no	সহবাস
ps	yes	history of jews
an	no	hyenas
pr	no	catties
cds	no	পশুপালক
asm	no	testicular disorder
re	no	attempted rape
an	no	cob
an	no	মানুষখেকো
or	no	patatoes
svp	no	work aversion
re	no	স্লেয়ার
cds	no	theory of hybridism
om	no	পেডেরাস্টি
an	no	শেয়াল
asm	no	garden pea
qas	no	testicular
cds	no	তস্কর
ps	yes	moshe la khaim eche laerry la jewess
an	no	মুরগী
an	no	hen
cds	no	fundementalist
svp	no	lust
an	no	জোঁক
cds	no	stealing
an	no	asiatic jackal
cds	no	tribal
or	no	poetatoe
cds	no	tribesman
