ddp	yes	爱说闲话
an	no	流氓
cds	no	笨手笨脚
re	no	姦污婦女
svp	no	大言不惭
pr	no	坏东西
pr	no	召妓
re	no	要挟
asf	no	愚蠢
cds	no	哀诉者
an	no	minx
rci	yes	粗 暴 的 人 吧
an	no	坏 女 人
asm	no	蠢货
qas	no	莽汉
om	no	男同志
cds	no	团 伙 成 员
asm	no	骗取
cds	no	过分恭维+的
svp	no	怒火
cds	no	庸医
pr	no	流鶯
cds	no	和
cds	no	乌合之众和短尾
ddp	yes	tattletale
is	yes	悲 惨 的 小 人 ，
cds	no	骄傲+的
cds	no	自以为是
re	no	谗佞
pr	no	性 服 务
cds	no	乡巴佬
an	no	什么都不知道
om	no	twink
cds	no	歹角
pr	no	废话
pa	yes	蛮族
qas	no	谎话
cds	no	这个笨蛋
om	no	paederast
ps	yes	粗 暴 的 人 吧
dmc	yes	无所事事+的
cds	no	浑蛋
qas	no	社会的垃圾
asf	no	傻子
ddf	yes	侏儒
an	no	俗气
cds	no	青 年 团 伙 的
dmc	yes	小心眼+的
ddp	yes	无 知
dmc	yes	怕工作+的
dmc	yes	可耻+的
cds	no	诡计
svp	no	饭桶
dmc	yes	叛徒
pr	no	寵婢
is	yes	邪派
cds	no	乱七八糟
pr	no	卖 淫
ddp	yes	傻子
dmc	yes	假
pr	no	賣淫
dmc	yes	欠幅脉冲
ddp	yes	可鄙的人
an	no	大反派
svp	no	偏 执
dmc	yes	大壞人
pr	no	租 金 男 孩
or	no	白痴
svp	no	淫荡+的
cds	no	西西里黑手党
an	no	奸角
cds	no	的手工业
an	no	慢性子
an	no	没有判断力的人
pr	no	性服务
cds	no	rumourmonger
an	no	戴綠帽
ddp	yes	蠢货
qas	no	吃白食
cds	no	吹牛大王
cds	no	冒失鬼
svp	no	怕工作+的
cds	no	傻瓜
ddp	yes	恶意
or	no	可怜的鱼
cds	no	放债人
dmc	yes	dillydallier
dmc	yes	欺 骗
ddp	yes	talebearer
cds	no	大壞人
an	no	狂暴
ps	yes	蛮族
ps	yes	蒙古利亞人種
asm	no	笨人
cds	no	大反派
dmc	yes	邋遢
asf	no	愚人
an	no	蠢人
an	no	綠帽
svp	no	延宕dallier
asf	no	小洞穴
qas	no	精神错乱+的
ps	yes	蒙古人種
ddp	yes	线人
re	no	勒 索
an	no	坏分子
an	no	傻子
ddp	yes	愚钝+的
cds	no	流氓罪
om	no	酷儿
ddp	yes	白癡
ddp	yes	庸医
cds	no	操控妓女
re	no	奸污
or	no	白癡
dmc	yes	邪 恶
svp	no	敷衍取巧者
ddp	yes	pudden头
re	no	恐怖主义
ddp	yes	替死鬼
pr	no	裂 缝 妓 女
qas	no	的手工业
qas	no	笨手笨脚
an	no	惡棍
re	no	未成年人犯罪
re	no	勒索
cds	no	油嘴滑舌+的
pr	no	街头妓女
cds	no	匪
ps	yes	jigaboo
cds	no	警 察
ddp	yes	使麻醉
pa	yes	uncouthness
ddf	yes	不满意+的
cds	no	蠢材
asf	no	shithead
dmc	yes	掩 饰
ddp	yes	muttonhead
cds	no	困难
cds	no	御用文人
svp	no	吝啬鬼
cds	no	自负+的
an	no	蠢货
an	no	无赖
cds	no	卖弄学问+的
svp	no	傲气
re	no	狂暴+的
asm	no	笨蛋
an	no	戴绿帽
cds	no	特里克
an	no	浑蛋
re	no	vilifier
cds	no	繁重的工作
svp	no	自尊
an	no	站壁
cds	no	高利貸
cds	no	皮 条 客
asf	no	cunt
svp	no	小气鬼
is	yes	奸角
an	no	肥仔
qas	no	大话
cds	no	slyboots
asm	no	这个笨蛋
pr	no	淫乱
cds	no	scrawler
or	no	gay
svp	no	疯狂
dmc	yes	笨手笨脚
ps	yes	ruiner
svp	no	贪吃
pr	no	賣陰
svp	no	怠惰+的
ddp	yes	使糊涂
dmc	yes	发恶臭
cds	no	新 秀
an	no	红杏出墙
an	no	流氓頭子
om	no	男同
an	no	罪 恶 的
ddp	yes	普拉特
re	no	大惡人
cds	no	谎话
cds	no	坏分子
asf	no	fuckhead
cds	no	没有判断力的人
pr	no	荡妇
dmc	yes	偽君子
cds	no	狂热的
ddp	yes	blunderer
dmc	yes	坏 女 人
cds	no	难题
or	no	pillock
cds	no	白痴
cds	no	蠢才
asm	no	tomfool
cds	no	肿头
cds	no	反动
cds	no	finagler
cds	no	異常性慾
cds	no	独断论者
re	no	施暴
dmc	yes	罪 恶 的
ddp	yes	混账东西
asf	no	tomfool
re	no	大壞蛋
om	no	基佬
ddp	yes	笨
cds	no	未成年人犯罪
cds	no	嚼
svp	no	美 食 家
cds	no	缔约方会议
dmc	yes	没有帐号
or	no	男同性戀
an	no	wuss
asf	no	傻大個
or	no	cunt
svp	no	傲慢
an	no	愚人
dmc	yes	大壞蛋
cds	no	大壞蛋
cds	no	wangler
om	no	⚣
cds	no	潜行的贼
cds	no	反派
cds	no	蠻族
asf	no	胡闹
ddp	yes	无学+的
cds	no	愚
dmc	yes	残暴+的
cds	no	fawner
asf	no	蠢货
is	yes	可怜的家伙
dmc	yes	无人性+的
qas	no	患精神病+的
asm	no	白痴
dmc	yes	和
or	no	homophile 运 动
cds	no	赭色
re	no	黑 手 党
ps	yes	黑鬼
an	no	diddlysquat
asf	no	没有判断力的人
cds	no	fib
or	no	布丁头
ddp	yes	黑头
cds	no	呆
cds	no	傲气
an	no	绿帽子
om	no	男同性戀者
ddf	yes	不能令人满意+的
dmc	yes	肆无忌惮+的
pr	no	不修边幅的女人
an	no	歹角
an	no	流鶯
an	no	梼
is	yes	反派角色
cds	no	采 购
cds	no	迫害者
ps	yes	蠻族
an	no	鬼把戏
cds	no	土包子
cds	no	黑 手 党 成 员
ps	yes	黑人
ps	yes	蠢才
qas	no	剔除
asm	no	twerp
an	no	zooerastia
cds	no	犯人
an	no	恶 作 剧
cds	no	斯蒂克勒
re	no	大壞人
cds	no	滑稽的人
cds	no	謊言
qas	no	搞坏
ddp	yes	废 话
asm	no	柔软的触感
an	no	低俗
ddp	yes	笨拙的
an	no	街头女孩
ddp	yes	柔软的触感
cds	no	快一
asm	no	轻 信
cds	no	高 利 贷 者
ddp	yes	傻大個
cds	no	流 氓
re	no	强盗
dmc	yes	歹角
cds	no	自大+的
pr	no	风 尘 女 子
cds	no	实用百搭
cds	no	惡役
pr	no	街 头 卖 淫
qas	no	麻烦制造者
cds	no	举止粗鲁的
cds	no	拒绝
ddp	yes	zooerastia
pr	no	妓 女
an	no	大惡人
ddp	yes	lunkhead
an	no	grossness
ddf	yes	半品脱
cds	no	问 题
svp	no	conceitedness
asf	no	废话
an	no	社会的垃圾
dmc	yes	残酷+的
pa	yes	卖弄学问+的
pr	no	姘婦
cds	no	捣蛋
svp	no	独断论者
cds	no	胆怯者
cds	no	傻子
an	no	ntr
or	no	蠢材
cds	no	blunderer
qas	no	恶作剧者
cds	no	为了寻开心
dmc	yes	粗 暴 的 人 吧
ddp	yes	使昏迷
ddp	yes	痞子
qas	no	失误
an	no	凶猛
an	no	蠢材
qas	no	冒失鬼
pr	no	買春
an	no	脏狗
cds	no	狗杂种
rci	yes	莽汉
ddp	yes	废 话 。
svp	no	守财奴
ddp	yes	社会的垃圾
cds	no	懒骨头
qas	no	拒绝
svp	no	妄羡+的
cds	no	胆小鬼
cds	no	过誉+的
svp	no	懒 鬼
cds	no	假话
asf	no	糊涂人
om	no	拔头筹
ddp	yes	taleteller
cds	no	法外之徒
re	no	黑 手 党 成 员
ps	yes	蒙古利亚人种
dmc	yes	伪
cds	no	蛊 惑 人 心 的
an	no	补靴
re	no	讹诈
svp	no	恋情propre
an	no	呆子
qas	no	精神失常+的
dmc	yes	破烂+的
cds	no	家 居 废 物
ddp	yes	蠻族
cds	no	大言不惭
an	no	懦 夫
cds	no	告密者
dmc	yes	壞人
pr	no	企街
dmc	yes	污秽+的
dmc	yes	蒙人
svp	no	挖 沟 机
an	no	奸商
re	no	强 奸 犯 ，
ddp	yes	狗杂种
cds	no	懒 鬼
ps	yes	麥士蒂索人
ps	yes	黑 人
svp	no	没出息
an	no	没有受过教育的人
an	no	傻 瓜
ddp	yes	傻大个
cds	no	下贱人
qas	no	謊言
rci	yes	蠻族
cds	no	欠幅脉冲
cds	no	剔除
asm	no	wanker
dmc	yes	叛 徒
cds	no	街 头 帮 派
cds	no	刑事
asm	no	打手枪
cds	no	发牢骚的人
or	no	蠢驴
or	no	酷兒
or	no	怪
an	no	男 性 卖 淫
asf	no	这个笨蛋
ddp	yes	可怜的鱼
cds	no	斯洛文
pr	no	约 翰
re	no	奸角
cds	no	蠢货
cds	no	偏执
asf	no	調換兒
dmc	yes	贪婪者
dmc	yes	磨磨蹭蹭
ddp	yes	长舌
pr	no	妓女
cds	no	懦夫
cds	no	傲慢+的
or	no	梼
or	no	男同
asf	no	白癡
an	no	doodly蹲
qas	no	乌合之众和短尾
svp	no	徒 劳
dmc	yes	极度邪恶+的
ddp	yes	使愚蠢
re	no	坏分子
cds	no	壞蛋
dmc	yes	chawbacon
ddp	yes	zooerasty
an	no	贪婪者
ddp	yes	屁眼
cds	no	帮闲文人
cds	no	小偷
or	no	屄
cds	no	爱说奉承话+的
is	yes	坏 女 人
dmc	yes	强盗
cds	no	邪派
svp	no	好战+的
an	no	歹徒
ps	yes	傻瓜
cds	no	造谣者
cds	no	黑手党
cds	no	取缔
or	no	numskull
ps	yes	c系人种
cds	no	循规蹈矩
dmc	yes	敷衍取巧者
cds	no	反派角色
asm	no	shtup
cds	no	流氓
cds	no	粗 暴 的 人 吧
re	no	背后诽谤者
asm	no	呆子
cds	no	混乱的局面
svp	no	无用
re	no	姦淫
cds	no	热衷于某事的人
re	no	騙奸
cds	no	虚荣
ddp	yes	愚
ddp	yes	莽汉
dmc	yes	不道德+的
an	no	diddlyshit
cds	no	bellyacher
cds	no	愚蠢+的
is	yes	反派
asf	no	膣
an	no	无能的人
cds	no	法西斯主义
an	no	企街
cds	no	拖欠的
asm	no	手头的工作
re	no	坏 女 人
re	no	连 续 强 奸 犯
re	no	強姦
an	no	嚼
an	no	惡作劇
dmc	yes	无聊之徒
asf	no	丫头
cds	no	循 规 蹈 矩 的
ddf	yes	丑陋+的
qas	no	弄糟
svp	no	懒散+的
pr	no	女士的快乐
asf	no	调换儿
ddf	yes	丑+的
pr	no	女人的街道
ddp	yes	混蛋
an	no	shithead
cds	no	警官
om	no	男同性戀
ps	yes	白癡
dmc	yes	冒名顶替者
cds	no	笨拙的
dmc	yes	foetor
pr	no	情婦
ddp	yes	可欺
dmc	yes	混帐
dmc	yes	忧郁
pr	no	叫雞
cds	no	懒汉
is	yes	寒酸样子的孩子
is	yes	大壞人
svp	no	自我本位+的
an	no	街 头 卖 淫
an	no	壞人
ddp	yes	迟缓+的
an	no	互聯網惡作劇
cds	no	娇媚
re	no	debaucher
re	no	强 奸
asf	no	傻瓜
om	no	噗
an	no	rentboy
dmc	yes	冒失鬼
an	no	胡闹
ddp	yes	荒谬+的
an	no	乌合之众和短尾
dmc	yes	prevaricator
ddp	yes	信仰不夠
cds	no	油嘴+的
dmc	yes	极恶毒+的
cds	no	dickhead
re	no	强奸
re	no	敲诈函
ps	yes	调换儿
pr	no	贱人
pr	no	失足妇女
cds	no	笨
an	no	黑头
svp	no	妒忌+的
dmc	yes	蛮族
cds	no	蛮族
cds	no	势利
cds	no	举止粗鲁的人
om	no	儿童性骚扰
qas	no	fib
svp	no	好色+的
dmc	yes	壞蛋
or	no	同性
dmc	yes	乡下人
dmc	yes	没良心+的
cds	no	胡闹
svp	no	换好前功尽弃
om	no	残疾人
ps	yes	蒙 古 人
svp	no	狂暴
ddp	yes	笨+的
cds	no	淫媒
dmc	yes	破旧+的
ddp	yes	调换儿
or	no	蠢才
cds	no	黑 手 党
ddp	yes	阻碍
ps	yes	darkey
cds	no	二百五
asf	no	傻 瓜
cds	no	兔崽子
cds	no	替死鬼
ddp	yes	黃六醫生
dmc	yes	无赖
dmc	yes	拖欠的
svp	no	守 财 奴
an	no	戴綠帽子
cds	no	柔软的触感
cds	no	孬种
dmc	yes	游手好闲的人
ps	yes	杰里
asf	no	阴 道
qas	no	粗 暴 的 人 吧
ps	yes	克劳特
svp	no	吞咽
cds	no	高利贷
cds	no	法 西 斯
ddp	yes	蛮族
ps	yes	盱
cds	no	罪人
dmc	yes	恶臭+的
cds	no	反动主义
ddp	yes	twirp
ps	yes	黄种人
dmc	yes	放 荡
ddp	yes	tomfool
or	no	笨蛋
cds	no	奉承+的
dmc	yes	大惡人
om	no	同性恋者
pr	no	情 妇
cds	no	节者
cds	no	废物
re	no	迷奸
dmc	yes	粗人
an	no	zooerasty
cds	no	怯懦
cds	no	tomfool
dmc	yes	未成年人犯罪
dmc	yes	虚假
cds	no	谝
an	no	diddly蹲
ps	yes	阻碍
cds	no	法 西 斯 主 义
dmc	yes	粗暴+的
dmc	yes	blunderer
an	no	白痴
ddp	yes	饭桶
pr	no	破鞋
an	no	惡霸
cds	no	惰轮
ddp	yes	闲话
cds	no	愚人
cds	no	不要脸的家伙
ps	yes	混 血 儿
dmc	yes	反派
asm	no	nookie
pr	no	奸妇
cds	no	罪 恶 的
pr	no	二奶
cds	no	老鸨
dmc	yes	无情+的
cds	no	pillock
an	no	prickteaser
cds	no	反面角色
cds	no	大耳窿
ddp	yes	saphead
an	no	不修边幅的人
svp	no	混日子过
cds	no	偷懒
cds	no	大耳隆
cds	no	骗局
dmc	yes	欺骗者
cds	no	sniveller
ps	yes	傻大個
re	no	强 奸 犯
ps	yes	愚蠢
cds	no	问题
ddp	yes	无知识+的
re	no	诽谤者
svp	no	狼吞虎咽
ddp	yes	呆滞+的
asm	no	轻信
dmc	yes	卑鄙+的
ps	yes	白痴
an	no	糊涂人
cds	no	混账东西
dmc	yes	延宕dallier
an	no	甩
asm	no	f***
cds	no	坏事
svp	no	忧郁
cds	no	chawbacon
om	no	同性性欲+的
re	no	反派
svp	no	小气
pr	no	妓男
dmc	yes	掩 饰 ，
cds	no	意 大 利 黑 手 党
re	no	意 大 利 黑 手 党
asf	no	小洞洞
dmc	yes	卑鄙小人
is	yes	乞丐
an	no	傻瓜
cds	no	垃圾
ps	yes	柔软的触感
cds	no	大话
an	no	这个笨蛋
dmc	yes	惡役
asm	no	手淫
cds	no	歹徒
cds	no	拉皮条
ps	yes	蒙古人种
om	no	娇媚
ddp	yes	兔崽子
an	no	反面角色
re	no	罪 恶 的
ddp	yes	傻 瓜
ddp	yes	造谣者
ddp	yes	愚 蠢
cds	no	慕男狂
ddp	yes	使迷糊
asm	no	懦夫
cds	no	池 熙 ”
asf	no	阻碍
dmc	yes	dallier
ddp	yes	胡闹
asf	no	蠢材
asm	no	必被人笑
ddp	yes	无知的
ddp	yes	母亲笨蛋
ddp	yes	呆子
dmc	yes	莽汉
asm	no	嚼
an	no	betise
om	no	poove
cds	no	取 缔
cds	no	坏 女 人
an	no	大怒
cds	no	狡猾
re	no	壞蛋
dmc	yes	虚 伪 的
cds	no	一本正经
an	no	蠢驴
an	no	戴綠頭巾
cds	no	pudden头
dmc	yes	懒 鬼
cds	no	不修边幅的人
an	no	bitch
an	no	盛怒
cds	no	伟大的未洗
ddp	yes	骗 术
cds	no	野 蛮
or	no	lunkhead
cds	no	学 究 ，
is	yes	气量小+的
an	no	懒汉
cds	no	犯 罪 。
dmc	yes	懒
an	no	綠帽子
is	yes	小心眼+的
re	no	暴力
asm	no	骗
qas	no	sciolist
dmc	yes	歹徒
cds	no	帮 派 文 化
an	no	diddley
cds	no	刑 事 恶 作 剧
cds	no	卑恭屈
asm	no	蠢材
or	no	同 性 恋
cds	no	脏狗
dmc	yes	大反派
cds	no	干草屑
dmc	yes	潜行的贼
ps	yes	懦夫
dmc	yes	穷凶极恶+的
dmc	yes	邪恶+的
cds	no	女教师
dmc	yes	乡巴佬
ps	yes	蠢材
cds	no	强 盗
asm	no	操
cds	no	vaunter
pr	no	鸨母
dmc	yes	没出息
cds	no	狂热
cds	no	納粹
svp	no	自命不凡+的
om	no	飄飄
re	no	壞人
cds	no	多管闲事 - 帕克
om	no	homophile
asf	no	lunkhead
pa	yes	野 蛮
ddp	yes	乌合之众和短尾
pr	no	賣春
cds	no	受贿
qas	no	涂鸦笔
ddp	yes	調換兒
asm	no	傻瓜
cds	no	傲慢
re	no	流氓頭子
is	yes	大反派
ddp	yes	无知+的
pr	no	娼妇
cds	no	schoolma'am
an	no	无能
an	no	绿帽
asf	no	蠢才
pr	no	男 性 卖 淫
ddp	yes	狗娘养的
svp	no	愤怒
cds	no	狂 热
dmc	yes	伪君子
cds	no	混帐
cds	no	笨+的
an	no	diddly狗屎
or	no	飄飄
dmc	yes	defrauder
qas	no	fumbler
ddp	yes	笨蛋
qas	no	扑 杀
ddf	yes	道德败坏+的
ddp	yes	愚蠢
cds	no	九出十三归
cds	no	痞子
cds	no	废 铁 ，
ddp	yes	不要脸的家伙
is	yes	惡役
cds	no	moaner
re	no	恐 怖 分 子
cds	no	挺举关闭
asm	no	幹
pr	no	floozy
cds	no	五体投地者
dmc	yes	荡放主义
an	no	悲 惨 的 小 人 ，
qas	no	疯狂+的
svp	no	傲慢+的
cds	no	拦路强盗
cds	no	窥探者
ddp	yes	doofus
dmc	yes	笨蛋
asf	no	懦夫
cds	no	拉 皮 条
ddp	yes	stupe
asm	no	尾片
cds	no	老 鸨
dmc	yes	流氓罪
re	no	libeler
ddp	yes	无赖
re	no	性侵
cds	no	懦 夫
cds	no	公路剂
dmc	yes	野蛮+的
pr	no	性交易
asm	no	他妈的
asm	no	nooky
an	no	fuckhead
an	no	懦夫
asf	no	呆子
ps	yes	傻子
cds	no	呆子
svp	no	嫉妒+的
pr	no	strumpet
re	no	西西里黑手党
dmc	yes	惡霸
dmc	yes	流氓
qas	no	食客
ddp	yes	坏蛋
ddf	yes	难看+的
cds	no	花癫者
an	no	numskull
svp	no	怒气
cds	no	mussiness
cds	no	警察
cds	no	制作者
svp	no	superbia
dmc	yes	浮渣一般+的
cds	no	讨厌的人
svp	no	游手好闲的人
cds	no	可恶的家伙
dmc	yes	败家子
cds	no	惡霸
re	no	猛烈+的
cds	no	煽动群众+的
re	no	恐 怖 主 义
dmc	yes	奸角
an	no	斯洛文
an	no	tomfool
dmc	yes	低劣+的
asf	no	柔软的触感
cds	no	swaggerer
ddp	yes	shithead
an	no	骗 局
cds	no	自负
dmc	yes	匪
or	no	呆子
ps	yes	krauthead
cds	no	恋情propre
cds	no	反動派
pr	no	婊子
ddp	yes	蠢
an	no	floozy
cds	no	时间服务器
svp	no	忮
asm	no	twirp
ddp	yes	没有判断力的人
dmc	yes	不谨慎+的
qas	no	证明缺乏职业资格的事
ddp	yes	无教育+的
qas	no	cadger
cds	no	defrauder
cds	no	坏蛋
cds	no	媽媽生
pr	no	rentboy
cds	no	恶棍
cds	no	线射手
svp	no	没有帐号
cds	no	饭桶
asm	no	日
cds	no	堕落的
dmc	yes	卑微+的
pr	no	体育女士
cds	no	皮條客
cds	no	厚脸皮
is	yes	守 财 奴
pa	yes	学究式+的
pr	no	放荡女
or	no	stupe
ddp	yes	讨厌鬼
svp	no	自我中心的
ddp	yes	蠢人
ps	yes	呆子
cds	no	王八蛋
cds	no	手淫
ddf	yes	新疆沙冬青
ddp	yes	傻+的
an	no	王八
dmc	yes	土包子
asm	no	靠
cds	no	卑鄙小人
cds	no	奸角
an	no	muttonhead
qas	no	痞子
dmc	yes	过流浪生涯
ddp	yes	twerp
cds	no	taleteller
cds	no	谄媚+的
cds	no	窥探
cds	no	splashiness
cds	no	群众
pr	no	男妓
dmc	yes	换好前功尽弃
cds	no	法西斯主義
cds	no	谎
dmc	yes	制作者
pr	no	风尘女子
or	no	muttonhead
or	no	二百五
ps	yes	麦士蒂索人
pa	yes	蠻族
dmc	yes	残忍+的
cds	no	fumbler
cds	no	拍马屁
or	no	同性恋者
an	no	落后的
rci	yes	野 蛮
asm	no	what the fuck
qas	no	野 蛮
asm	no	fu@k
cds	no	煽动者
asm	no	挺举关闭
dmc	yes	流 氓
ddp	yes	什么都不知道
or	no	笨
is	yes	守财奴
cds	no	虚荣心
ps	yes	糊涂人
asf	no	阴道
cds	no	可鄙的人
svp	no	意志缺失+的
asf	no	梼
svp	no	ravenousness
re	no	流 氓
svp	no	暴怒
re	no	惡棍
dmc	yes	败类袋
cds	no	社会的垃圾
ps	yes	野 蛮
ddp	yes	钝+的
ddp	yes	倔老头
re	no	凶猛+的
ddp	yes	无教养+的
dmc	yes	浑蛋
asm	no	诈取
svp	no	自负
ddp	yes	这个笨蛋
pr	no	bitch
asf	no	笨蛋
cds	no	nerd
cds	no	益智游戏
cds	no	布丁头
or	no	男同性恋
dmc	yes	检点
dmc	yes	坏人
cds	no	书 呆 子
ps	yes	梅斯蒂索人
an	no	裙猎
an	no	pip-吱吱声
dmc	yes	蠻族
ddp	yes	轻信
pr	no	卖淫
svp	no	懒骨头
re	no	拖欠的
cds	no	莽汉
asf	no	陰道口
ddp	yes	凶猛
or	no	同 性 恋 者
an	no	反派
ddp	yes	nonsensicality
an	no	痞子
ps	yes	混血儿
an	no	大壞蛋
an	no	守 财 奴
ddp	yes	没有受过教育的人
pr	no	嫖宿
cds	no	大惡人
cds	no	独断
pr	no	fornicatress
ddp	yes	白痴
asm	no	干
an	no	女子追赶者
asf	no	屄
svp	no	自尊自大+的
is	yes	小气
cds	no	fanatism
dmc	yes	下流+的
cds	no	鲁莽
pr	no	轻佻的女子
ddp	yes	pillock
pr	no	商 业 性 行 为
asm	no	蠢才
ps	yes	梅斯蒂索
cds	no	愚蠢的人
an	no	情绪激动
dmc	yes	懒惰+的
cds	no	混乱
asm	no	fuck
cds	no	撒小谎
cds	no	无礼的
asf	no	doofus
dmc	yes	恶臭
is	yes	歹徒
qas	no	麻烦制造者。
ps	yes	笨蛋
cds	no	stupe
ddp	yes	fumbler
dmc	yes	反派角色
an	no	綠頭巾
dmc	yes	不良
cds	no	花痴
an	no	替死鬼
ddf	yes	欠幅脉冲
cds	no	weisenheimer
or	no	男性同性恋
ddp	yes	讨厌的人
re	no	诽谤
dmc	yes	变节者
is	yes	大惡人
is	yes	吝啬鬼
re	no	反面角色
qas	no	循 规 蹈 矩 的
asf	no	betise
dmc	yes	悲 惨 的 小 人 ，
ps	yes	doofus
cds	no	爱说长道短的人
qas	no	搞糟
cds	no	chiseller
is	yes	歹角
ps	yes	麥士蒂索
ddp	yes	恶棍
an	no	婊子
qas	no	循规蹈矩
re	no	中伤
ddp	yes	废话
asf	no	蠢驴
asf	no	白痴
cds	no	吹牛的
qas	no	蛮族
cds	no	dastardliness
pr	no	红灯业
or	no	基佬
dmc	yes	懒散+的
om	no	homophile 运 动
cds	no	邋遢的人
asm	no	替死鬼
an	no	租 金 男 孩
cds	no	马屁精
svp	no	无所事事+的
an	no	狂怒
dmc	yes	chiseller
ps	yes	lummox
asf	no	嚼
ps	yes	mestizo
or	no	男同性戀者
cds	no	心 腹
cds	no	虚 假
cds	no	自尊
svp	no	niggardness
asf	no	saphead
cds	no	性欲亢进
is	yes	罪 恶 的
re	no	惡霸
pr	no	嫖娼
asm	no	蠢人
or	no	男同志
dmc	yes	气量小+的
dmc	yes	浪荡子
cds	no	玩皮的人
an	no	烏龜
ddf	yes	媸
an	no	笨蛋
qas	no	笨拙的
cds	no	卑鄙的人
ddp	yes	粗 暴 的 人 吧
ddp	yes	numskull
cds	no	tattletale
cds	no	学究
or	no	shithead
svp	no	minginess
ddp	yes	廢話
qas	no	谎
dmc	yes	理想跟踪准
dmc	yes	强 盗
cds	no	納纳
cds	no	粗野的
cds	no	半品脱
svp	no	dillydallier
ddp	yes	可恶的家伙
ddp	yes	无学问+的
dmc	yes	偏 执
ddf	yes	令人厌恶+的
cds	no	放 债 人
asm	no	saphead
ps	yes	替死鬼
or	no	pudden头
ddp	yes	twaddler
or	no	⚣
pr	no	娼妓
dmc	yes	流 浪 汉
cds	no	话多的人
om	no	同性
dmc	yes	惡棍
ddp	yes	笨人
ddp	yes	卑劣的家伙
cds	no	罪犯
cds	no	废话
asm	no	flouter
an	no	妓男
cds	no	爱管闲事
cds	no	讨厌鬼
cds	no	扑 杀
dmc	yes	骗子
an	no	恶意
qas	no	假话
cds	no	扯皮條
ddp	yes	易受骗+的
dmc	yes	坏
svp	no	trencherman
cds	no	打手枪
or	no	傻 瓜
svp	no	懒汉
dmc	yes	dissimulator
dmc	yes	伪 君 子
cds	no	笨蛋
cds	no	敷衍取巧者
asm	no	f**k
svp	no	霸道
cds	no	wuss
pr	no	路 边 爬 行 ，
ddp	yes	傻瓜
re	no	強制性交
or	no	poove
an	no	乌龟
cds	no	极端右翼分子
dmc	yes	玩乐者
ddp	yes	愚蠢的人
cds	no	慕男狂者
ddp	yes	庸醫
ps	yes	darkie
cds	no	惠勒经销商
cds	no	爱说闲话
or	no	fuckhead
is	yes	惡棍
dmc	yes	独断论者
or	no	傻瓜
cds	no	新秀
an	no	卑鄙小人
dmc	yes	反面角色
an	no	壞蛋
cds	no	鲁莽的
ps	yes	uprooter
cds	no	卑恭屈节者
cds	no	高利贷者
svp	no	懒
an	no	惡役
cds	no	百事通
svp	no	惰轮
dmc	yes	roue
dmc	yes	假+的
asf	no	替死鬼
ddp	yes	呆
ddp	yes	輕信
an	no	掠夺者
svp	no	gourmandizer
asm	no	f@ck
cds	no	高 利 贷
svp	no	niggardliness
cds	no	闲话
asm	no	傻子
re	no	流氓
qas	no	他加禄语
dmc	yes	无耻+的
ddp	yes	告密者
pa	yes	粗 暴 的 人 吧
pr	no	巫婆
ps	yes	博凯
ddp	yes	冒失鬼
dmc	yes	狠毒+的
cds	no	壞人
ddp	yes	嘎
om	no	同 性 恋 者
ps	yes	黃色人種
an	no	男妓
cds	no	性成癮症
dmc	yes	骗 子
an	no	侏儒
cds	no	证明缺乏职业资格的事
cds	no	說謊
an	no	邪派
pr	no	街头女孩
ddp	yes	未成熟+的
an	no	lunkhead
cds	no	依靠妓女為生
re	no	奸杀
ddp	yes	betise
om	no	同 性 恋
ddp	yes	愚昧
asm	no	欺骗
cds	no	厚颜
an	no	混帐
ddp	yes	野 蛮
re	no	约会强奸
re	no	恐怖主义行为
cds	no	狗娘养的
cds	no	蠢
cds	no	骗 子
is	yes	大壞蛋
dmc	yes	干草屑
dmc	yes	道德败坏+的
re	no	traducer
cds	no	pompousness
an	no	废话
an	no	街头妓女
cds	no	truckler
ddp	yes	rumourmonger
cds	no	可怜的鱼
asm	no	白癡
ddp	yes	蠢材
ddp	yes	无知
cds	no	白癡
re	no	强 盗
qas	no	揩油
ddp	yes	蒙古大夫
ps	yes	莽汉
cds	no	粗人
pa	yes	莽汉
re	no	歹徒
an	no	蠢才
cds	no	talebearer
ddp	yes	爱传播新闻
cds	no	conceitedness
cds	no	麻 烦
asm	no	一块屁股
cds	no	游手好闲的人
qas	no	說謊
asf	no	傻大个
ddp	yes	蠢才
cds	no	惡棍
cds	no	卑劣的家伙
om	no	pederast
an	no	邋遢的人
cds	no	固 体 废 物
dmc	yes	懒骨头
ddp	yes	蠢驴
cds	no	性交易媒合者
re	no	逼勒
svp	no	虚荣
cds	no	saphead
re	no	騙姦
ddp	yes	嚼
cds	no	混蛋
ddp	yes	骗子
cds	no	法西斯
dmc	yes	不诚实+的
cds	no	乡下人
an	no	淫妇
cds	no	ostentatiousness
ddp	yes	不成熟+的
pr	no	淫妇
cds	no	谎言
asm	no	拧紧
cds	no	wisenheimer
qas	no	破坏
dmc	yes	rakehell
re	no	姦污
cds	no	母亲笨蛋
re	no	恐怖分子
re	no	黑手黨
asm	no	推出的干草
ddp	yes	孬种
ps	yes	黃人
cds	no	悲 惨 的 小 人 ，
cds	no	爱传播新闻
dmc	yes	流氓頭子
cds	no	流氓頭子
asf	no	muttonhead
cds	no	骗子
or	no	噗
an	no	娼妓
ps	yes	傻大个
is	yes	壞蛋
dmc	yes	縱慾主義
an	no	流 氓
dmc	yes	野 蛮
re	no	國際恐怖主義
dmc	yes	说谎者
dmc	yes	撒小谎
cds	no	的欺骗者
dmc	yes	邪派
ddp	yes	无能的人
asm	no	fk
asm	no	肏
is	yes	褴褛
dmc	yes	脏狗
re	no	黑手党
pr	no	淫行
ddp	yes	懦夫
ps	yes	黄色人种
cds	no	黑手黨
an	no	隐患
cds	no	粗野+的
dmc	yes	偷懒
qas	no	谎言
ddp	yes	布丁头
cds	no	高利
svp	no	偷懒
cds	no	性慾亢進
re	no	恐怖份子
re	no	大反派
om	no	gay
dmc	yes	混日子过
cds	no	煽動
svp	no	dallier
cds	no	放 逐
ddp	yes	糊涂人
re	no	敲诈
dmc	yes	小偷
re	no	流氓罪
cds	no	mystifier
re	no	强奸犯
cds	no	糊涂人
ddp	yes	愚蠢+的
svp	no	骄傲+的
svp	no	懒人做的很好
cds	no	蠢人
an	no	屠夫
or	no	酷儿
cds	no	笔者
asm	no	betise
dmc	yes	肮脏+的
ddp	yes	幼稚+的
re	no	約會強暴
cds	no	蒙人
re	no	强奸罪
ddp	yes	lummox
an	no	放荡女
asm	no	抽风了
cds	no	条子
or	no	homophile
dmc	yes	臭
an	no	紅杏出牆
cds	no	极端保守的
re	no	誘姦
ddp	yes	骗 子
cds	no	放 贷 者
dmc	yes	虚伪+的
qas	no	外行
dmc	yes	笨拙的
cds	no	纵 欲
asm	no	诈骗
dmc	yes	饭桶
ddp	yes	二百五
ddp	yes	使失去知觉
cds	no	聪明的家伙
cds	no	粗鲁的
cds	no	败类袋
an	no	大壞人
asm	no	欺诈
pr	no	prostitution
or	no	拔头筹
an	no	反派角色
an	no	无情
an	no	slowpoke
asm	no	ficken
an	no	白癡
asm	no	没有判断力的人
an	no	胆怯者
cds	no	长舌
qas	no	scrounger
an	no	难以挽回
ddp	yes	愚人
qas	no	虚 假
is	yes	壞人
cds	no	手头的工作
ddp	yes	盱
an	no	胖子
cds	no	懦弱
ddp	yes	荒 谬 的
re	no	诛求
cds	no	反 动
dmc	yes	惰轮
an	no	柔软的触感
ddp	yes	下贱人
cds	no	知道它，所有的
dmc	yes	卑鄙无耻
dmc	yes	邋遢+的
cds	no	民众
ddp	yes	梼
an	no	愤怒
dmc	yes	坏分子
an	no	举止粗鲁的人
or	no	傻子
svp	no	自负+的
pr	no	泔脚
cds	no	偏 执
cds	no	弄脏
re	no	姦淫婦女
ddp	yes	多嘴的人
re	no	歹角
qas	no	坏蛋
qas	no	blunderer
cds	no	wanker
asf	no	numskull
an	no	和
an	no	绝对必然
cds	no	华丽
cds	no	pandar
cds	no	阿谀奉承+的
om	no	酷兒
svp	no	餮
ddp	yes	庸醫的療法
re	no	反派角色
asf	no	洞洞
dmc	yes	半品脱
cds	no	旁观者
qas	no	蠻族
cds	no	可怜的家伙
dmc	yes	treasonist
an	no	流氓罪
dmc	yes	恶劣+的
ddp	yes	王八蛋
is	yes	小气鬼
cds	no	superbia
re	no	恐怖主義
svp	no	大胃口
cds	no	厚颜无耻
cds	no	二流
an	no	吝啬鬼
pr	no	站壁
asf	no	陰道
cds	no	霸道
asf	no	蠢人
qas	no	使混乱
ddp	yes	笨手笨脚
is	yes	反面角色
an	no	恼火
om	no	男同性恋
an	no	diddly
an	no	娇媚
ddp	yes	dickhead
cds	no	无赖
an	no	新疆沙冬青
cds	no	demagog
dmc	yes	二流
cds	no	抽风了
dmc	yes	懒人做的很好
re	no	悲 惨 的 小 人 ，
cds	no	妖孽
ddp	yes	fuckhead
ddp	yes	无能
ps	yes	黑
cds	no	贵利
cds	no	煽动性+的
ddp	yes	卑鄙的人
an	no	败类袋
om	no	同性恋+的
svp	no	懒惰+的
ps	yes	嚼
an	no	娼妇
svp	no	自大+的
an	no	saphead
ps	yes	調換兒
cds	no	混乱状态
svp	no	愤 怒
rci	yes	蛮族
svp	no	懒惰
an	no	坏人
or	no	糊涂人
svp	no	趾高气扬+的
an	no	鞋 面
cds	no	自作聪明
dmc	yes	放蕩主義
an	no	贱人
om	no	男性同性恋
cds	no	自尊自大+的
cds	no	新手，
ddp	yes	無意義
re	no	惡役
ddp	yes	未受教育的
asm	no	愚人
svp	no	tightfistedness
cds	no	学究式+的
re	no	邪派
ddp	yes	迟钝+的
cds	no	抱怨者
dmc	yes	怠惰+的
cds	no	坏人
cds	no	书呆子
qas	no	连累
om	no	怪
cds	no	强盗
ps	yes	印欧混血种人
qas	no	精神病+的
asm	no	doofus
cds	no	一团糟
cds	no	操控性工作者
dmc	yes	不名誉+的
ddp	yes	欺骗
svp	no	虚荣心
is	yes	惡霸
ddp	yes	黃綠醫生
dmc	yes	凶残+的
dmc	yes	fumbler
dmc	yes	可怜的家伙
