an	no	流氓
dmc	yes	马苏里拉奶酪
om	no	腚
cds	no	乡巴佬
pr	no	坏东西
re	no	要挟
qas	no	中产阶层
svp	no	ravenousness
qas	no	业余爱好者
om	no	不正常+的
qas	no	混杂物
asm	no	骗取
cds	no	普通+的
an	no	leporidae
cds	no	新 贵
cds	no	刑事罪行
cds	no	犯罪分子
ddp	yes	tattletale
cds	no	骄傲+的
cds	no	自以为是
an	no	橫斑林鴞
ps	yes	黑 人 妇 女
pr	no	糞鼠
an	no	什么都不知道
pr	no	庶妻
asf	no	tomfool
ps	yes	lummox
cds	no	这个笨蛋
qas	no	中古+的
asm	no	鸟类
asf	no	傻子
an	no	雞
asm	no	朘朘
ddp	yes	无 知
cds	no	未 经 处 理 的 污 水
cds	no	克莫拉
pr	no	姨太
dmc	yes	怕工作+的
pa	yes	律 师 ，
qas	no	麻烦制造者
om	no	包子
ddp	yes	傻子
asm	no	阴茎
cds	no	ndrangheta
ddp	yes	動物相
cds	no	欠幅脉冲
asm	no	睪丸
cds	no	一大堆
svp	no	偏 执
cds	no	机敏+的
or	no	白痴
or	no	种植白菜
cds	no	娃娃
asm	no	vicia faba
cds	no	rumourmonger
cds	no	omnium公司的gatherum
re	no	殴打
qas	no	吃白食
pa	yes	牧 人
cds	no	吹牛大王
cds	no	冒失鬼
cds	no	圈套
or	no	可怜的鱼
an	no	残酷
an	no	不妥协于变化+的
dmc	yes	欺 骗
cds	no	大壞人
an	no	狂暴
pr	no	挪威老鼠
cds	no	大反派
an	no	crocodilia
an	no	贝类
cds	no	车 皮 的 火
ddf	yes	残 疾 人
an	no	鰻
om	no	酷儿
ddp	yes	白癡
re	no	诬 蔑 和 诽 谤
cds	no	过分恭维+的
qas	no	轶 事 卷 轴
asm	no	英语豆
qas	no	中世紀的
cds	no	杂种
ddp	yes	pudden头
re	no	竊
or	no	男性同性恋
qas	no	的手工业
cds	no	亡故
pr	no	街头妓女
qas	no	ballock
an	no	愤 怒
qas	no	业余爱好家
ddf	yes	不满意+的
cds	no	蠢材
asf	no	shithead
an	no	蝨目
an	no	strigiformes
dmc	yes	掩 饰
om	no	扮裝
re	no	抄袭
cds	no	热情
dmc	yes	不谨慎+的
an	no	乳牛
dmc	yes	莫索里拉奶酪
cds	no	特里克
re	no	强盗
cds	no	犯罪行为
an	no	strix系统的变化
svp	no	自尊
or	no	結球甘藍
qas	no	夾心階層
ps	yes	祖鲁
ps	yes	茨冈
qas	no	大话
cds	no	slyboots
dmc	yes	笨手笨脚
cds	no	支持
qas	no	普通+的
svp	no	怠惰+的
ddp	yes	使糊涂
cds	no	大虫
an	no	小猪
an	no	流氓頭子
cds	no	垃 圾
an	no	鼻涕蟲
ddp	yes	克汀病
cds	no	谎话
cds	no	坏分子
qas	no	商
ddp	yes	blunderer
ddp	yes	先天性碘缺乏症候群
ddp	yes	没品位+的
an	no	常见的毒蛇
re	no	打架鬥毆
ps	yes	hebraism
dmc	yes	dissimulator
an	no	竊聽器
re	no	calumniation
an	no	野性
cds	no	独断论者
re	no	渎职
dmc	yes	罪 恶 的
ps	yes	混 血 儿
cds	no	下水道
om	no	基佬
ddp	yes	笨
cds	no	未成年人犯罪
ps	yes	吉卜赛人
om	no	腹 侧
cds	no	缔约方会议
dmc	yes	没有帐号
an	no	固执+的
re	no	slayer
cds	no	大壞蛋
an	no	bitch
cds	no	新 闻 通 讯 员
cds	no	反派
ps	yes	法 西 斯
re	no	偷竊
qas	no	混合 - 曼格莱
is	yes	贫穷+的
svp	no	lustfulness
dmc	yes	霍爾蒙克斯
pr	no	妾室
asf	no	没有判断力的人
cds	no	fib
an	no	肉牛
cds	no	呆
qas	no	大王
cds	no	傲气
cds	no	社交聚会
cds	no	死亡
ddp	yes	野性
an	no	歹角
an	no	流鶯
cds	no	采 购
cds	no	迫害者
cds	no	玩笑
an	no	蜚蠊
ps	yes	蠻族
cds	no	土包子
is	yes	贫 困
cds	no	與世長辭
an	no	野兽
asm	no	twerp
pa	yes	白領族
pa	yes	“学院派”
pr	no	朝臣
or	no	punctiliousness
ddp	yes	動物
cds	no	去世
pa	yes	倡导者
re	no	只 公 诉 罪 行 。
an	no	lepus
ddp	yes	傻大個
ps	yes	吉卜賽人
rci	yes	蛮族
an	no	秃鹫
an	no	ixodoidea
ddp	yes	analphabetic
pa	yes	鱼 贩 子
cds	no	惡役
om	no	foeniculum vulgare
asm	no	广泛的豆科植物
cds	no	举止粗鲁的
an	no	山羊动物
pa	yes	博导
or	no	黄瓜
an	no	螔蝓
pr	no	妓 女
an	no	羊 奶 。
svp	no	conceitedness
ddp	yes	暴行
cds	no	阴 谋 论
an	no	歐洲野牛
pr	no	大家鼠
cds	no	一帮人
cds	no	公用洗手間
qas	no	恶作剧者
cds	no	为了寻开心
dmc	yes	粗 暴 的 人 吧
re	no	非 法 活 动
an	no	横斑林鸮
pr	no	姨太太
svp	no	情慾
qas	no	ng
an	no	蠢材
an	no	软体动物
pr	no	買春
ddp	yes	调换儿
an	no	西域兀鹫
an	no	鯊總目
om	no	同 性 恋
cds	no	还本
re	no	牛贼
qas	no	拒绝
an	no	水牛
cds	no	兔崽子
an	no	欧洲野牛
cds	no	trasformismo（transformism）
cds	no	过誉+的
cds	no	假话
an	no	crocodylidae
qas	no	社会地位
re	no	打劫
qas	no	相容性
dmc	yes	伪
cds	no	偷懒
an	no	驴子
asm	no	笨人
an	no	despoiler
qas	no	精神失常+的
om	no	男 同 性 恋
an	no	懦 夫
cds	no	告密者
cds	no	滑稽演员
om	no	不自然+的
cds	no	狗仔
cds	no	匹配
is	yes	伤心+的
pa	yes	入殓师
or	no	番茄
qas	no	贻误
an	no	奸商
qas	no	通常+的
an	no	兔 子
an	no	鲉鱼
cds	no	懒 鬼
an	no	恶心的
ddp	yes	野蛮
ddp	yes	笨蛋
an	no	傻 瓜
ddp	yes	傻大个
cds	no	下贱人
an	no	食 人 。
an	no	新 纪 录 种
om	no	anatomical terms of location
cds	no	宝宝
asm	no	wanker
or	no	洋芋头
an	no	底 内 动 物
ddp	yes	底 内 动 物
an	no	mollusca
svp	no	不活动
re	no	取缔
om	no	夫人
om	no	插肛
is	yes	貧窮
dmc	yes	磨磨蹭蹭
svp	no	懒 惰
ddp	yes	长舌
ps	yes	尤太
cds	no	混 合
ps	yes	吉普塞
an	no	doodly蹲
ddp	yes	fumbler
qas	no	懒子籽
pa	yes	下士
ddp	yes	使愚蠢
cds	no	帮闲文人
re	no	抢 劫
qas	no	家 居 废 物
cds	no	外国人犯罪
pr	no	副配
cds	no	法西斯
re	no	经 济 上 的 虐 待
ps	yes	傻瓜
cds	no	造谣者
svp	no	丧志症
an	no	暴怒
cds	no	孬种
svp	no	恼怒
ps	yes	c系人种
cds	no	循规蹈矩
cds	no	教 练
or	no	brassica oleracea
asm	no	shtup
cds	no	流氓
an	no	anguillidae
svp	no	嫉
cds	no	粗 暴 的 人 吧
re	no	背后诽谤者
asm	no	呆子
re	no	滥 用
an	no	老蟑
an	no	bed bug
cds	no	罪犯
an	no	国 内 牛
ddp	yes	脑 损 伤
or	no	薯仔
an	no	diddlyshit
an	no	残忍
an	no	软 体 动 物
re	no	暴打
or	no	甘蓝
cds	no	盗窃
an	no	惡作劇
qas	no	商 人 ，
cds	no	宵小
re	no	一 级 谋 杀 罪
re	no	贼
cds	no	循 规 蹈 矩 的
ddf	yes	丑陋+的
qas	no	弄糟
cds	no	科學主義
an	no	虫
asm	no	阴 茎
cds	no	陨命
cds	no	警官
pr	no	社交名媛
an	no	家羊
an	no	吸虱
cds	no	嚥氣
cds	no	笨拙的
pr	no	哞哞的牛
ps	yes	黑
pa	yes	辩护人
ps	yes	杂 交
re	no	酷 刑 谋 杀
om	no	扮装皇后
pr	no	叫雞
an	no	動物
svp	no	自我本位+的
an	no	壞人
ddp	yes	迟缓+的
asm	no	欧洲豆
cds	no	鲹
an	no	飼養犬
or	no	包心菜
cds	no	方便市民
asf	no	技术性
asf	no	傻瓜
cds	no	方 便 市 民
ddp	yes	孩子气+的
ddp	yes	荒谬+的
svp	no	延宕dallier
dmc	yes	prevaricator
asm	no	栗 色
ddp	yes	信仰不夠
cds	no	油嘴+的
pa	yes	白领阶层+的
cds	no	卡西诺
cds	no	违 法 行 为
an	no	蛾
svp	no	无聊
qas	no	农 民
cds	no	人造人
cds	no	蛮族
cds	no	碎屑
cds	no	狗 仔 队
ps	yes	贝多因人
an	no	微动物
ps	yes	犹 太 教
qas	no	高层管理人员
an	no	蝨毛目
dmc	yes	没良心+的
cds	no	胡闹
svp	no	换好前功尽弃
an	no	菜牛
an	no	鱼肚
ps	yes	蒙 古 人
ps	yes	黑衣人
ddp	yes	笨+的
cds	no	团队
cds	no	淫媒
an	no	equus africanus asinus
qas	no	教 会 区
ddp	yes	阻碍
cds	no	不合法+的
ddp	yes	呆小症
svp	no	怠惰
ddp	yes	庸醫的療法
is	yes	穷
ddp	yes	黃六醫生
an	no	气 球 吞
dmc	yes	无赖
ddp	yes	动画是
asm	no	蚕 豆 。
cds	no	宣传员
an	no	戴綠帽子
an	no	臭蟲
cds	no	柔软的触感
ps	yes	犹 太 人
dmc	yes	赝品
an	no	东部角鸮
re	no	犯人
asm	no	愚蠢
an	no	家猪
pa	yes	執業律師
re	no	歪曲
cds	no	办事员+的
cds	no	新 闻 记 者
dmc	yes	谎言
dmc	yes	恶臭+的
cds	no	反动主义
qas	no	格兰杰
om	no	儿童性骚扰
om	no	同性恋者
cds	no	傻大个
qas	no	男 爵
pr	no	挪威鼠
cds	no	人 群
cds	no	乱七八糟turvyness
cds	no	衛生間
ddp	yes	动物
re	no	盗
an	no	亞洲胡狼
ddp	yes	精神发育迟滞
an	no	diddly蹲
cds	no	狱 卒
an	no	坏分子
dmc	yes	粗暴+的
cds	no	违反规则+的
ddp	yes	饭桶
ps	yes	犹太教
re	no	犯 罪 。
an	no	惡霸
cds	no	釜鱼
cds	no	不要脸的家伙
an	no	兽类
dmc	yes	帕萊雅爾
qas	no	自 体 感 染
cds	no	pillock
cds	no	大耳窿
cds	no	阻碍
ps	yes	野 蛮
an	no	鲨 鱼
cds	no	sniveller
asm	no	啡色
cds	no	罪 犯
an	no	昆虫
cds	no	问题
ddp	yes	动物群
cds	no	女閭
or	no	脑袋
svp	no	狼吞虎咽
cds	no	误事
an	no	属安圭拉
cds	no	混账东西
dmc	yes	延宕dallier
an	no	甩
an	no	执拗+的
ddp	yes	无学问+的
re	no	刑事案件
cds	no	chawbacon
om	no	不 同 的
ps	yes	beduin
ps	yes	糊涂人
re	no	绑 架
an	no	仔 猪
an	no	bos primigenius taurus
dmc	yes	卑鄙小人
ps	yes	interfertility
pa	yes	控 制 器
cds	no	陈腐+的
cds	no	垃圾
cds	no	阴谋家
dmc	yes	惡役
asm	no	pterygiophore
an	no	活廊子
om	no	娇媚
an	no	饲养犬
ddp	yes	傻 瓜
ddp	yes	愚 蠢
svp	no	暴食
is	yes	有没有
an	no	哞哞的牛
cds	no	放 逐
cds	no	失窃
qas	no	教 区
ddp	yes	母亲笨蛋
ddp	yes	呆子
dmc	yes	莽汉
an	no	betise
cds	no	民谣歌手
qas	no	买卖约定者
is	yes	伤悲
ddf	yes	残疾人
ps	yes	地下經濟
asm	no	欺骗
cds	no	pudden头
qas	no	菜農
is	yes	不吉利+的
om	no	caudal
cds	no	伟大的未洗
or	no	lunkhead
cds	no	乡下人
qas	no	逆境
an	no	牛 肉
is	yes	小心眼+的
dmc	yes	马苏里拉
qas	no	sciolist
ps	yes	黑色+的
asm	no	阴 茎 ，
ddp	yes	糊涂人
or	no	同 性 恋
cds	no	脏狗
an	no	hyaenidae
ps	yes	漂泊
svp	no	性慾減退
om	no	远 端
is	yes	小气
re	no	謀殺罪
ddp	yes	下贱人
cds	no	盥洗室
cds	no	强 盗
asm	no	操
cds	no	偷
re	no	性 骚 扰
re	no	折 磨 设 备
re	no	折磨
ddp	yes	fuckhead
cds	no	偷窃
dmc	yes	脏
cds	no	聪明+的
cds	no	違法
pa	yes	野 蛮
re	no	宵小
cds	no	赃款
ddp	yes	不得体+的
cds	no	厕所设施
cds	no	自我崇拜
dmc	yes	可耻+的
ddp	yes	animal
qas	no	豪雨
pa	yes	法律顾问，在法律
re	no	西西里黑手党
an	no	汪星人
pa	yes	书记员
asm	no	倭豆
qas	no	扑 杀
asm	no	颚
asm	no	鸟儿
ps	yes	犹太宗教
cds	no	废 铁 ，
cds	no	部落
qas	no	資產階級
re	no	重罪
qas	no	案 头 工 作 。
pr	no	floozy
cds	no	拦路强盗
an	no	跳蚤
cds	no	通过打击
pa	yes	律师
qas	no	修辭法
an	no	蝰屬
qas	no	豪言壮语
ddp	yes	stupe
ddp	yes	動物界
re	no	libeler
qas	no	資產階級革命政權
dmc	yes	污秽
an	no	鬣狗
pr	no	性交易
ddp	yes	精神病+的
qas	no	木 材 大 亨
cds	no	八 卦
asf	no	呆子
asm	no	青豌豆
qas	no	中產階級
asf	no	裆发
cds	no	混沌
om	no	鸡奸
qas	no	狗 窝
pa	yes	学 术 界
ps	yes	納粹
cds	no	杂 交 育 种
ddf	yes	难看+的
dmc	yes	滑 稽 。
cds	no	隕命
cds	no	性欲亢进
cds	no	集团
an	no	比利山羊
asf	no	鸡巴毛
an	no	长耳鸮asio的
re	no	敲诈函
cds	no	间 杂 种
cds	no	狱卒
ddp	yes	囚犯
svp	no	狂暴
om	no	性倒错
asm	no	调换儿
asm	no	鸟 类
ddp	yes	shithead
qas	no	空想家
qas	no	資方
or	no	呆子
re	no	蒙人
re	no	防盗
om	no	男 性 欲
om	no	女勳爵
svp	no	忮
ddp	yes	俘虏
an	no	獸
an	no	相面
an	no	汪汪叫
ddp	yes	无教育+的
cds	no	经纪人
an	no	母羊
cds	no	小娃娃
cds	no	媽媽生
an	no	糊涂人
svp	no	没有帐号
cds	no	饭桶
cds	no	混 合 品 种 的 狗 ，
dmc	yes	卑微+的
cds	no	混 乱
cds	no	慕男狂者
cds	no	阴谋论
an	no	大 白 鲨
ddp	yes	讨厌鬼
re	no	谋 杀
asm	no	f***
cds	no	卑鄙小人
ps	yes	黃人
dmc	yes	过流浪生涯
an	no	蚊 子
ddp	yes	twerp
asm	no	禽
cds	no	taleteller
cds	no	谄媚+的
dmc	yes	换好前功尽弃
pr	no	男妓
pr	no	小妾
an	no	公雞
cds	no	宠臣
pa	yes	美国教授体系
or	no	二百五
ddp	yes	小頭畸形
ps	yes	拉 丁 美 洲 人
ps	yes	万达人
cds	no	罢 工
cds	no	stupe
an	no	面相
asm	no	fu@k
cds	no	高利貸
cds	no	偷盗
cds	no	道德说教
or	no	笨
qas	no	農人
cds	no	阿谀奉承+的
asf	no	阴道
qas	no	企业界大亨
asf	no	梼
re	no	流 氓
cds	no	反 对 票
asm	no	麦豆
cds	no	什物
ddp	yes	呆
re	no	施虐
svp	no	自负
ps	yes	貝都因人
pr	no	bitch
is	yes	乞丐
cds	no	nerd
qas	no	布爾喬亞
qas	no	棚子
cds	no	布丁头
an	no	羊羚
dmc	yes	检点
re	no	違法犯罪
cds	no	吹牛的
ddp	yes	轻信
re	no	拖欠的
re	no	误杀
an	no	禿鷹
cds	no	高利贷者
an	no	兀鷹
an	no	biston betularia
ddp	yes	凶猛
cds	no	讨价还价
cds	no	conventicles
an	no	痞子
an	no	守 财 奴
asm	no	飛烏
pa	yes	助理教授
an	no	母鹅
an	no	蟲子
om	no	后 方
ddp	yes	先天性碘缺乏综合征
ps	yes	耶胡達人
pa	yes	老师
pr	no	fornicatress
ddp	yes	白痴
asf	no	屄
ps	yes	杂交种
om	no	paederasty
re	no	殺死
qas	no	大款
pr	no	納妾
asm	no	蠢才
pr	no	蛾子
cds	no	混乱
asm	no	活禽鳥
qas	no	blunderer
cds	no	破坏罢工者
asf	no	doofus
pa	yes	殡仪馆馆长
dmc	yes	冒名顶替者
svp	no	绝 望
pr	no	裂 缝 妓 女
re	no	未成年人犯罪
cds	no	拥护
dmc	yes	悲 惨 的 小 人 ，
ps	yes	挑筋教
or	no	青瓜
an	no	蛆
ddp	yes	兔崽子
qas	no	搞糟
ddp	yes	被监禁的人
an	no	反面角色
dmc	yes	道 德 罗 盘
om	no	易服癖
cds	no	嬰兒
dmc	yes	假証書
asf	no	蠢驴
om	no	反常的
an	no	animalia
pr	no	妾
an	no	库蚊
pr	no	狹鼠屬
an	no	母牛
svp	no	企 业 的 贪 婪
or	no	基佬
ddp	yes	動物群
asm	no	替死鬼
cds	no	马屁精
or	no	黄 瓜
dmc	yes	蛮族
qas	no	大警犬
pa	yes	白领+的
an	no	狂怒
dmc	yes	chiseller
or	no	男同性戀者
cds	no	狗杂种
qas	no	混杂岩
cds	no	淫 秽 的 房 子
asf	no	saphead
cds	no	新生兒
dmc	yes	蒙人
an	no	sciaenops ocellatus
re	no	綁架奪財
pr	no	嫖娼
ps	yes	东俄特人
an	no	母山羊
an	no	广翅鲎
an	no	梟
ps	yes	大老黑
an	no	caprinae
or	no	爱 尔 兰 马 铃 薯
an	no	无尾目
cds	no	tattletale
svp	no	minginess
ddp	yes	， 的 海 底 动 物
an	no	selachimorpha
dmc	yes	强 盗
svp	no	avaritia
svp	no	dillydallier
ddp	yes	无知
ddf	yes	令人厌恶+的
cds	no	放 债 人
cds	no	跑跑腿
asm	no	saphead
ps	yes	替死鬼
re	no	兇犯
qas	no	垃圾
dmc	yes	流 浪 汉
qas	no	種姓制度
pa	yes	高山協作員
cds	no	公廁
om	no	腹 外 侧
dmc	yes	惡棍
ddf	yes	瞎
an	no	家山羊
dmc	yes	弄臣
re	no	窃
an	no	妓男
ddf	yes	残障
re	no	恐 怖
dmc	yes	骗子
qas	no	necrotrophic
cds	no	刑事犯罪
qas	no	神志不清+的
qas	no	佃农
re	no	窃贼
an	no	鼻口部
dmc	yes	伪 君 子
an	no	布莱
qas	no	普通的人
svp	no	霸道
cds	no	自满
an	no	毒蛇
om	no	尻
dmc	yes	玩乐者
an	no	鳄科
svp	no	自我中心的
cds	no	白癡
or	no	傻瓜
re	no	骗 子
cds	no	犯规+的
qas	no	压舱物
cds	no	撒手人寰
qas	no	实 业 家
asm	no	鳥綱
asf	no	替死鬼
cds	no	扑 杀
an	no	水蜒蚰
ddp	yes	动物体
an	no	身 体 拼 抢
cds	no	非法+的
ddf	yes	伤残
dmc	yes	流 浪 乞 讨 人 员
cds	no	高级教士
an	no	animals
re	no	流氓
qas	no	宏 大 的
re	no	拷问
dmc	yes	无耻+的
dmc	yes	莫扎雷拉芝士
ddp	yes	弱智
ps	yes	博凯
cds	no	诡计多端+的
ddp	yes	冒失鬼
om	no	同 性 恋 者
dmc	yes	虚 伪 的
or	no	foeniculum vulgare
an	no	gallus gallus domesticus
or	no	马 铃 薯 新 ，
ps	yes	黃色人種
dmc	yes	骗 子
cds	no	离开人世
pr	no	情妇
dmc	yes	道 德
dmc	yes	狠毒+的
an	no	野蛮
pr	no	傍妻
cds	no	一般+的
asm	no	褐色
dmc	yes	風化
an	no	戴綠頭巾
an	no	蜗牛
asm	no	勃起的阴茎
re	no	欺诈
re	no	恐怖主义行为
pa	yes	大 学 教 授
an	no	ixodida
cds	no	上海社会科学院
an	no	猫头鹰
dmc	yes	游荡
cds	no	ballup
pa	yes	兼 职 教 师
an	no	街头妓女
an	no	hyaena
or	no	洋白菜
re	no	杀害
an	no	衣蛾
cds	no	低 音 歌 手
an	no	鳗鲡属
svp	no	虚荣心
pa	yes	主计长
an	no	属蝰蛇
pa	yes	莽汉
svp	no	美 食 家
qas	no	修 辞
an	no	蠢才
pa	yes	起诉者
qas	no	說謊
pa	yes	白領階級
ps	yes	汪达人
ps	yes	自然杂交种
is	yes	惡霸
dmc	yes	可怜的家伙
ddp	yes	动物界
an	no	王八
om	no	易服
or	no	一丝不苟
an	no	家庭crocodylidae
ps	yes	祖魯族
qas	no	印度种姓制度
an	no	bison bison
cds	no	grunge音乐
an	no	淫妇
qas	no	习惯+的
cds	no	刑事案件
dmc	yes	莫萨里拉干酪
ddp	yes	不成熟+的
pr	no	淫妇
cds	no	谎言
dmc	yes	恶棍
cds	no	家 庭
an	no	歐洲牛
ddf	yes	畸形+的
re	no	恐怖分子
pa	yes	特 使
pa	yes	法律顾问
an	no	蛴
re	no	持械行劫
re	no	恶棍
cds	no	老师
cds	no	悲 惨 的 小 人 ，
cds	no	流氓頭子
svp	no	愤怒+的
re	no	國際恐怖主義
cds	no	boner
re	no	遇劫
cds	no	实用百搭
om	no	不同+的
is	yes	窮人
svp	no	骄傲+的
pr	no	大鼠屬
cds	no	新闻记者
an	no	anguilliformes
cds	no	新贵
qas	no	简陋小屋
cds	no	刑 事 恶 作 剧
ps	yes	hybrid
cds	no	教 主
re	no	敲诈
cds	no	杂 交
ddp	yes	王八蛋
an	no	水蛭
dmc	yes	混帐
asm	no	betise
om	no	finocchio
ps	yes	吉普赛人
qas	no	店 主
an	no	鯊魚
re	no	强奸罪
an	no	顽 固 的
an	no	放荡女
cds	no	污水渠
ddf	yes	身心障碍
qas	no	农 学 家
asm	no	懒叫
pa	yes	理 论
an	no	蚤目
cds	no	放 贷 者
qas	no	外行
ps	yes	东哥特
cds	no	罪案
cds	no	纵 欲
an	no	小狗
asm	no	诈骗
dmc	yes	道德动机
qas	no	普 通
dmc	yes	饭桶
ddp	yes	使失去知觉
asm	no	蚕 豆 ，
or	no	拔头筹
an	no	无情
ps	yes	茨岗人
an	no	slowpoke
ddp	yes	epifaunal 的
pr	no	大耗子
cds	no	桑尼
om	no	背后
an	no	胆怯者
om	no	噗
qas	no	大商人
ps	yes	防 暴
re	no	骗子
an	no	狗子
an	no	不改过自新+的
cds	no	懦弱
ddp	yes	荒 谬 的
svp	no	生气
cds	no	劣等狗
asm	no	活禽
re	no	滥用
pa	yes	会计
or	no	西红柿
svp	no	节俭
an	no	愤怒
qas	no	坏蛋
cds	no	讲价
asf	no	numskull
om	no	酷兒
re	no	拷打
re	no	骗
an	no	流氓罪
ddf	yes	坏
svp	no	大胃口
om	no	鸡 奸
an	no	吝啬鬼
pr	no	站壁
cds	no	犯 罪 行 为
asf	no	陰道
is	yes	反面角色
or	no	芜菁
om	no	男同性恋
an	no	娇媚
ddp	yes	dickhead
cds	no	无赖
cds	no	demagog
cds	no	污水
pr	no	蛾
dmc	yes	懒人做的很好
re	no	悲 惨 的 小 人 ，
cds	no	卡 玛 利 拉
cds	no	別世
dmc	yes	弄人
re	no	约会强奸
cds	no	婴幼儿
svp	no	懒惰+的
asm	no	陰莖
cds	no	conceitedness
pa	yes	猪肉屠夫
pa	yes	学部委员
an	no	鯊
ddf	yes	壞
an	no	坏人
dmc	yes	刑事
an	no	鱷魚
an	no	白鲨
dmc	yes	谎话
cds	no	竊
an	no	脸
an	no	贱人
re	no	約會強暴
dmc	yes	莫扎里拉
re	no	惡役
an	no	臭虫
pr	no	歐洲牛
an	no	家雞
re	no	邪派
an	no	小虫
an	no	狗
qas	no	废 铁 ，
cds	no	书呆子
om	no	怪
dmc	yes	恶劣+的
is	yes	貧乏
pa	yes	殡仪业
cds	no	一团糟
qas	no	窥探者
qas	no	教 友
ddp	yes	黃綠醫生
qas	no	涂鸦笔
dmc	yes	fumbler
ddp	yes	爱说闲话
ps	yes	麥士蒂索
ddp	yes	獸類
an	no	美国水牛
ps	yes	外 邦 人
svp	no	大言不惭
an	no	顽 固
pr	no	召妓
ddp	yes	愚侏病
asf	no	愚蠢
an	no	minx
re	no	犯罪行為
cds	no	团 伙 成 员
ps	yes	保加利亞人
ddf	yes	惡
cds	no	污 水 处 理
or	no	大茴香
asm	no	褐
cds	no	盜賊
svp	no	贪 爱 ）
cds	no	破坏罢工的工人
re	no	恶语中伤
pa	yes	蛮族
cds	no	wangler
re	no	綁票案
ps	yes	粗 暴 的 人 吧
an	no	蟥
cds	no	浑蛋
an	no	diddlysquat
dmc	yes	髒
an	no	蝰 蛇 ，
cds	no	pedagog
om	no	背 外 侧
an	no	兀茅
svp	no	无为而治
cds	no	诡计
cds	no	茅坑
qas	no	一致
dmc	yes	腌臢
cds	no	犯罪活動
dmc	yes	假
om	no	开溜
dmc	yes	欠幅脉冲
ddp	yes	狗娘养的
svp	no	羡
cds	no	与世长辞
cds	no	攻 守 同 盟 ，
an	no	体虱
an	no	常见的虱子
cds	no	西西里黑手党
re	no	虐 待
an	no	慢性子
qas	no	小屋
cds	no	办公室工作+的
ps	yes	贝 都 因 人
qas	no	平 民
an	no	动物
cds	no	傻瓜
ddp	yes	恶意
dmc	yes	流浪者
ps	yes	祖鲁族
an	no	鳄 鱼
ps	yes	蛮族
cds	no	自恋
dmc	yes	defrauder
an	no	虱毛目
asf	no	愚人
qas	no	中世纪+的
qas	no	混乱
svp	no	spiritlessness
rci	yes	热那亚人+的
ps	yes	蒙古人種
an	no	傻子
an	no	鲨鱼
or	no	黄 瓜 ，
dmc	yes	违 法 行 为
asm	no	杆
or	no	捲心菜
qas	no	符合
is	yes	请求
an	no	昆虫纲
qas	no	農民
dmc	yes	偽造文書
or	no	笋 瓜 ，
pa	yes	鱼 贩
is	yes	气量小+的
pa	yes	助 理 教 授
pa	yes	白 领
re	no	盗 版
dmc	yes	道 德 准 则
om	no	贵族夫人
an	no	bison bonasus
ddp	yes	獸
cds	no	何蒙库鲁兹
svp	no	吝啬鬼
an	no	兔子
cds	no	自负+的
re	no	超級殺手
svp	no	怒气
qas	no	資產階級革命派
an	no	小 猫 头 鹰
pr	no	衣蛾
re	no	狂暴+的
ps	yes	飘逸灵动
is	yes	社 会 的 弃 儿
an	no	浑蛋
re	no	凌虐
re	no	苛待
re	no	怪盜
an	no	门软体动物
ddp	yes	暴虐
pa	yes	学者
is	yes	奸角
pa	yes	佃农
cds	no	scrawler
svp	no	疯狂
pr	no	賣陰
om	no	尾 端 ，
ddp	yes	没味道+的
dmc	yes	发恶臭
is	yes	歹徒
cds	no	大 祭 司
re	no	贸 易 诽 谤
ddf	yes	残废
or	no	pillock
cds	no	omerta
cds	no	白痴
pa	yes	博士生导师
asm	no	tomfool
ddp	yes	呆小病
cds	no	线射手
cds	no	異常性慾
re	no	施暴
ps	yes	中国+的
svp	no	发怒
ddp	yes	混账东西
an	no	法式田螺
an	no	螞蟥
cds	no	腐 败 的
re	no	性罪行
re	no	违 法 行 为
pr	no	妾士
cds	no	无礼的
an	no	鸡
an	no	欧 洲 野 牛
dmc	yes	邪惡
om	no	⚣
cds	no	盗 窃
cds	no	蠻族
asf	no	胡闹
qas	no	母马的窝
cds	no	interfertility
cds	no	fawner
asf	no	蠢货
dmc	yes	和
ps	yes	贝都英人
cds	no	犯 罪 家 族
qas	no	废物
an	no	“
an	no	骡子
re	no	坏人
om	no	后端
an	no	鬣 狗
an	no	蚊
qas	no	fieldhand
an	no	volaille
an	no	盜屍
an	no	蛭亞綱
cds	no	新 生 儿
ddp	yes	智力残疾
cds	no	淪沒喪亡
an	no	sus
qas	no	布尔乔亚
asf	no	陰毛
ps	yes	黑人
ps	yes	蠢才
qas	no	剔除
cds	no	窥探者
an	no	tick
rci	yes	农夫
om	no	女士
an	no	青蛙
an	no	zooerastia
cds	no	逝世
re	no	企 业 滥 用
cds	no	滑稽的人
om	no	对 侧
cds	no	计较
svp	no	无 聊
ddf	yes	残疾
ddp	yes	笨拙的
pr	no	国 内 牛
re	no	盗窃财物
asm	no	轻 信
cds	no	流 氓
an	no	gyps fulvus
dmc	yes	歹角
cds	no	自大+的
an	no	豚
pr	no	风 尘 女 子
pr	no	街 头 卖 淫
an	no	蛙類
qas	no	犬舍
cds	no	日工
re	no	海贼
or	no	brassica rapa
cds	no	blunderer
cds	no	问 题
dmc	yes	残酷+的
or	no	笋瓜
pr	no	姘婦
om	no	同性戀
svp	no	忿怒
pa	yes	葬
pa	yes	刑 事 律 师
cds	no	胆怯者
ps	yes	雜交種
re	no	诬陷
an	no	ntr
re	no	罪
an	no	犉
rci	yes	热那亚+的
cds	no	屎渠
is	yes	贫困
an	no	阉过的小公牛
cds	no	大错
cds	no	宗 教 歧 视
is	yes	低 收 入
cds	no	愚蠢
qas	no	冒失鬼
an	no	anura
asm	no	玉莖
cds	no	互济会
om	no	同性戀學術著作列表
qas	no	谎
asm	no	鸡鸡
re	no	defrauder
asm	no	川豆
re	no	故意杀人罪
asf	no	糊涂人
ps	yes	貝都因
om	no	异常的
an	no	动物界
cds	no	蛊 惑 人 心 的
dmc	yes	破烂+的
ddp	yes	蠻族
cds	no	大言不惭
cds	no	孩儿
om	no	后结束
qas	no	轶 事
ddp	yes	狗杂种
an	no	寄生虫
svp	no	懶惰
pr	no	耕牛
svp	no	没出息
pa	yes	小农
cds	no	偷听
om	no	茴 香
cds	no	呆子
cds	no	东亚传统计量体系
ps	yes	间 杂 种
or	no	蠢驴
cds	no	偶 像 崇 拜
an	no	黑雁
an	no	男 性 卖 淫
asf	no	这个笨蛋
dmc	yes	道 德 指 南 针
ps	yes	麦士蒂索人
re	no	恐怖份子
re	no	法外之徒
an	no	軟體動物
or	no	solanum tuberosum
cds	no	蠢货
dmc	yes	虚 假
cds	no	偏执
om	no	女 性 模 仿
an	no	昆蟲類
ddp	yes	microcephalus
pa	yes	公 使 衔 参 赞
qas	no	鄉民
re	no	刑事
cds	no	懦夫
an	no	面
rci	yes	小农
cds	no	贻误
pa	yes	专科院校的教育者
cds	no	賭場
cds	no	壞蛋
re	no	偷窃
cds	no	大量
is	yes	悲哀+的
re	no	凶 手
asm	no	棕色+的
ps	yes	汪达尔
is	yes	坏 女 人
cds	no	氏族
svp	no	倦怠
an	no	歹徒
qas	no	中阶层
cds	no	取缔
qas	no	遵照
qas	no	大错
pa	yes	营业员
is	yes	忧愁+的
qas	no	寄 生 虫
an	no	猪
cds	no	ng鏡頭
an	no	蜱
or	no	homophile
ddf	yes	丑
an	no	貝類動物
an	no	体 虱
om	no	茴香
an	no	蚊科
ddp	yes	大头+的
is	yes	反派
an	no	口鼻部
re	no	犯法
asm	no	手头的工作
an	no	食人鲨
an	no	公牛
an	no	嚼
or	no	甘藍菜
cds	no	条子
dmc	yes	公德
svp	no	休止状态
an	no	癞蛤蟆
re	no	鬥毆
re	no	偷盗
cds	no	罪行
pr	no	情婦
ddp	yes	可欺
pa	yes	专科院校的
qas	no	中世纪的
asm	no	鳥獸
svp	no	pridefulness
pa	yes	牧 羊 女
svp	no	怒
cds	no	離開人世
re	no	故意杀人
dmc	yes	花的
pa	yes	长舌妇
svp	no	忾
an	no	rentboy
re	no	命案
an	no	怒气
an	no	乌合之众和短尾
cds	no	洗室
ddp	yes	muttonhead
dmc	yes	极恶毒+的
svp	no	游手好闲的人
cds	no	dickhead
re	no	盜竊
dmc	yes	罪犯
ps	yes	调换儿
an	no	隐患
pa	yes	看 门 人
pr	no	失足妇女
an	no	鸮形目
re	no	犯 罪 行 为
cds	no	原始族群
cds	no	禁止
dmc	yes	取缔
cds	no	潜行的贼
an	no	法國田螺
pa	yes	教 师
cds	no	窃听
dmc	yes	乡下人
asm	no	小弟弟
asm	no	ballock
om	no	同性情欲
cds	no	部族
svp	no	生氣
qas	no	农场主
asm	no	场豆
cds	no	胞族
an	no	鱷目
ps	yes	darkey
cds	no	二百五
cds	no	胆小鬼
cds	no	刑事
svp	no	守 财 奴
is	yes	悲哀
an	no	为了鳄
an	no	鳗鱼
an	no	蠕虫
dmc	yes	水牛芝士
cds	no	狡黠+的
ps	yes	杰里
ps	yes	蒙古民族
cds	no	死去
cds	no	高利贷
cds	no	法 西 斯
qas	no	神志昏迷+的
ddp	yes	蛮族
cds	no	罪人
cds	no	弄人
dmc	yes	大惡人
cds	no	偶像崇拜
cds	no	盜竊
cds	no	节者
cds	no	废物
re	no	武 装 抢 劫
om	no	拔头筹
dmc	yes	未成年人犯罪
cds	no	家族
cds	no	谝
ps	yes	猷太人
qas	no	中 产 阶 级
cds	no	不逞之徒
cds	no	blackballing
cds	no	汙水下水道
qas	no	连累
pr	no	破鞋
om	no	孌童喜好
cds	no	非法的
is	yes	分离+的
an	no	常见的蚊子
cds	no	罪 恶 的
re	no	犯罪
re	no	plagiarisation
cds	no	幼儿
pa	yes	学 术
svp	no	混日子过
cds	no	主牧师
cds	no	大耳隆
dmc	yes	欺骗者
pr	no	母牛
cds	no	亲属关系组
cds	no	狗仔队
ps	yes	傻大個
cds	no	賭館
an	no	鬣狗属
an	no	虱
svp	no	性欲望
cds	no	陰謀論
ddp	yes	无知识+的
re	no	標參
svp	no	貪
an	no	家豬
ddf	yes	身心障礙人士
cds	no	粗野+的
is	yes	乞求
pr	no	rentboy
pr	no	妾侍
is	yes	不愉快+的
asm	no	調換兒
cds	no	坏事
pa	yes	院 士
re	no	賊
re	no	反派
svp	no	小气
pr	no	妓男
an	no	蠕蟲
an	no	微生物
pr	no	黑帮老大的情妇
pr	no	側室
re	no	使用虐待
an	no	鳄鱼
ps	yes	柔软的触感
cds	no	大话
cds	no	煤尘
an	no	branta bernicla
asm	no	手淫
asm	no	茶色
cds	no	splashiness
om	no	雞姦
an	no	老马
re	no	罪 恶 的
cds	no	排污系統
cds	no	放逐
cds	no	奮銳黨
an	no	eurypterida
asm	no	睾
qas	no	中產
cds	no	defrauder
qas	no	寄生
ps	yes	罗姆族
cds	no	narcism
an	no	致倦库蚊
dmc	yes	贪婪者
re	no	盗窃
qas	no	什物
cds	no	议价
an	no	貓頭鷹
re	no	剽竊
qas	no	误事
qas	no	狗屋
an	no	布伦特鹅
dmc	yes	懒
re	no	暴力
om	no	女爵士
an	no	虫子
svp	no	不 愉 快 的
om	no	驴
re	no	杀戮
cds	no	卑恭屈
cds	no	很 多
qas	no	使产生幻觉+的
an	no	capra hircus
cds	no	干草屑
dmc	yes	潜行的贼
an	no	蚂蟥
svp	no	挖 沟 机
svp	no	利欲
or	no	傻子
cds	no	沉 默 的 阴 谋 ”。
dmc	yes	流浪
pr	no	鸨母
ps	yes	对任意nc
dmc	yes	没出息
or	no	蕪菁
re	no	掠 夺
cds	no	洗手間
re	no	偷窃的行为
re	no	二 级 谋 杀
cds	no	煽动性+的
or	no	爱尔兰马铃薯
cds	no	土匪
asf	no	lunkhead
an	no	羊羔
re	no	盗贼
an	no	广翅鲎亚纲
an	no	鳗 鱼
asm	no	avafauna
qas	no	思想家
re	no	凶 杀 案 侦 探
an	no	鹦形目
pr	no	强力霉素
qas	no	男爵
an	no	绿帽
pr	no	男 性 卖 淫
cds	no	moneygrubber
an	no	皱眉头
cds	no	妓院
is	yes	悲伤+的
ps	yes	犹太人+的
pa	yes	学究式+的
ps	yes	茨冈人
an	no	鹦 鹉
cds	no	混種
an	no	鸮
cds	no	moaner
cds	no	五体投地者
an	no	悲 惨 的 小 人 ，
cds	no	賭廳
pr	no	bos primigenius taurus
qas	no	中 世 纪
ps	yes	羅姆人
rci	yes	粗 暴 的 人 吧
cds	no	基要主義
om	no	同性恋男子
ddp	yes	doofus
dmc	yes	笨蛋
qas	no	乡民
cds	no	老 鸨
re	no	行劫
cds	no	娛樂場
asm	no	栗色
ddp	yes	无赖
re	no	性侵
cds	no	传宗接代
cds	no	城府
ps	yes	白痴
asm	no	nooky
om	no	男扮女裝
ddf	yes	新疆沙冬青
om	no	㚻姦
an	no	窃 听
cds	no	共濟會
an	no	salientian
an	no	numskull
an	no	鷄
cds	no	制作者
svp	no	superbia
re	no	侮辱
is	yes	悲痛+的
an	no	食用牛
cds	no	惡霸
cds	no	浅bleu
dmc	yes	低劣+的
or	no	进 水 口
cds	no	自负
ps	yes	krauthead
pr	no	婊子
ddp	yes	saphead
re	no	奸污
asf	no	恥毛
an	no	广 翅 鲎
ddp	yes	没有判断力的人
ddp	yes	小頭症
qas	no	证明缺乏职业资格的事
asm	no	鳥類
is	yes	穷光蛋
an	no	无 尾 类 的
ps	yes	尤太人
cds	no	厕所
ps	yes	黑色人种
cds	no	反面角色
re	no	性侵犯
cds	no	厚脸皮
pa	yes	提倡者
cds	no	锋利+的
qas	no	中產人士
or	no	stupe
om	no	尾部
an	no	吸嘴
re	no	抢
pr	no	庶配
re	no	犯 罪 活 动
an	no	食毛目
an	no	顽固不化+的
cds	no	犯法
ddp	yes	analphabet
qas	no	cadger
svp	no	骄傲
qas	no	家务
re	no	學術剽竊
dmc	yes	道德
re	no	盗 窃
an	no	雕
an	no	海蠍
pr	no	风尘女子
or	no	茴香
pa	yes	机票代理
cds	no	原 教 旨 主 义 的
pa	yes	部 长
cds	no	赤子
ps	yes	罗姆
an	no	落后的
rci	yes	野 蛮
qas	no	sodbuster
cds	no	煽动者
cds	no	共 济 会 的 命 令
cds	no	mystifier
an	no	羊 奶
is	yes	貧民
ddp	yes	什么都不知道
ddp	yes	低能
cds	no	沉默的阴谋
an	no	田螺
ddp	yes	乌合之众和短尾
re	no	姦淫婦女
cds	no	可鄙的人
svp	no	意志缺失+的
an	no	ovis aries
cds	no	精明+的
cds	no	敷衍取巧者
cds	no	群 居 动 物
qas	no	碎屑
pa	yes	鱼 贩 ，
re	no	卡莫拉
asm	no	公鸡
pr	no	rattus
pa	yes	私立中学
om	no	足 底
qas	no	业 余 爱 好 者
qas	no	守规
asm	no	硬上
qas	no	精神领袖
pa	yes	门房
om	no	shirtlifter
asm	no	包皮
pr	no	朝 臣
pr	no	纳 妾
or	no	同 性 恋 者
an	no	食用蜗牛
pa	yes	教员
asm	no	阴 茎 的
ps	yes	negroids
ps	yes	混血儿
an	no	大壞蛋
an	no	举止粗鲁的人
pr	no	嫖宿
an	no	野牛
cds	no	outtake
qas	no	窝棚
cds	no	独断
cds	no	私生子
asm	no	干
cds	no	锐利+的
an	no	母狗
pr	no	轻佻的女子
ps	yes	杂 交 育 种
re	no	苦痛
dmc	yes	懒惰+的
qas	no	感情夸张的
is	yes	贫困人口
cds	no	進了天堂
cds	no	grunge
om	no	虐肛
an	no	綠頭巾
cds	no	斯蒂克勒
an	no	carcharodon carcharias
cds	no	花痴
cds	no	流氓罪
cds	no	weisenheimer
qas	no	巴洛克建筑
cds	no	粗鲁的
cds	no	牧群
asf	no	betise
pr	no	高等妓女
cds	no	no good
asm	no	包 皮
an	no	鵝
ddp	yes	恶棍
an	no	ovis orientalis aries
cds	no	大主教
asf	no	白痴
an	no	暴客
qas	no	蛮族
pr	no	红灯业
an	no	街头女孩
cds	no	邋遢的人
cds	no	偷窃的行为
or	no	cucurbita maxima
an	no	动物区系
cds	no	罢工者
cds	no	二流
ps	yes	蒙 古
om	no	同 性
cds	no	黑 帮 老 大
cds	no	自尊
cds	no	暴食
an	no	蛭
asm	no	蠢人
ddp	yes	智 力 缺 陷 ，
re	no	苦难
svp	no	愤
pa	yes	耶 稣 会
om	no	lady
an	no	笨蛋
cds	no	教職員
an	no	鸟晚
ps	yes	犹太族
cds	no	车皮的火车
pa	yes	门卫
or	no	shithead
svp	no	大罪
pa	yes	支持者
cds	no	部 落 。
pa	yes	牧羊人
an	no	hemipteron
cds	no	粗野的
ddp	yes	可恶的家伙
dmc	yes	偏 执
or	no	pudden头
an	no	板足鱟綱
qas	no	業餘
asm	no	飛鳥
re	no	盗窃罪
an	no	不修边幅的人
ddp	yes	卑劣的家伙
svp	no	身体的吸引
pr	no	家鼠
cds	no	爱管闲事
ps	yes	猶太教
cds	no	土 壤
cds	no	黑手党
pa	yes	牧 羊 女 。
dmc	yes	坏
cds	no	卫生间
pa	yes	员工
cds	no	学究气
an	no	欧洲蟾蜍
cds	no	纨裤子弟
cds	no	卡 莫 拉
qas	no	狗房
dmc	yes	被遗弃的
cds	no	wuss
an	no	母豬
ddp	yes	傻瓜
re	no	搶劫
cds	no	嬰
re	no	性虐待
asm	no	懒子籽
is	yes	不 幸 的
an	no	美洲野牛
re	no	暴 力
svp	no	貪食
dmc	yes	腌臜
ddp	yes	愚蠢的人
qas	no	资本家
qas	no	布衣
pa	yes	會計
an	no	臭 虫
an	no	壞蛋
ddp	yes	智障人士
svp	no	懒骨头
svp	no	懒
an	no	惡役
cds	no	百事通
ddp	yes	没有受过教育的人
an	no	大蟾蜍
pr	no	商 业 性 行 为
ddp	yes	輕信
an	no	掠夺者
svp	no	gourmandizer
cds	no	闲话
an	no	母鵝
qas	no	他加禄语
qas	no	釜鱼
an	no	掠 夺 者
ddp	yes	告密者
cds	no	壞人
ddp	yes	嘎
cds	no	autolatry
ddf	yes	失明
an	no	小鸡
qas	no	修辞法
dmc	yes	假證書
qas	no	農家人
cds	no	公路剂
cds	no	证明缺乏职业资格的事
cds	no	愚蠢的人
cds	no	卡莫拉
ddp	yes	未成熟+的
an	no	面相學
om	no	大茴香
cds	no	依靠妓女為生
an	no	狗头雕
re	no	奸杀
an	no	板足鲎
an	no	驴
cds	no	厚颜
om	no	同性恋+的
cds	no	性交易媒合者
cds	no	狗娘养的
cds	no	说闲话
cds	no	骗 子
ddp	yes	无鉴赏力+的
cds	no	美生會
svp	no	色 欲
cds	no	可怜的鱼
asm	no	白癡
an	no	猪 。
cds	no	沦没丧亡
an	no	雞隻
an	no	禁止猫头鹰
qas	no	种 姓
qas	no	揩油
an	no	半翅目
an	no	hirudinean
cds	no	混乱状态
ps	yes	植 物 生 技 术
asm	no	鸡巴
qas	no	全体水手
cds	no	强 盗 男 爵
re	no	诈取
svp	no	暴饮暴食
dmc	yes	大话
cds	no	卑劣的家伙
qas	no	通 常
asf	no	阴毛
an	no	羊亚科
pa	yes	更夫
dmc	yes	懒骨头
cds	no	过世
ddp	yes	使昏迷
cds	no	蠢
cds	no	霍爾蒙克斯
cds	no	blooper
asm	no	飞鸟
svp	no	aboulia
ddp	yes	骗子
qas	no	贩子
dmc	yes	不诚实+的
asm	no	黑褐色+的
re	no	cosa的诺斯特拉
om	no	异常+的
cds	no	咽气
asm	no	鸟纲
qas	no	破坏
dmc	yes	精子微人
re	no	诱拐
an	no	口吻
cds	no	爱传播新闻
an	no	騾
an	no	大白鲨
cds	no	骗子
or	no	噗
qas	no	茅舍
cds	no	妓房
an	no	娼妓
ps	yes	傻大个
cds	no	初級群體
is	yes	壞蛋
dmc	yes	野 蛮
cds	no	轶 事 卷 轴
ddp	yes	柔软的触感
ddp	yes	无能的人
om	no	易装癖者
asm	no	肏
pa	yes	會計資格
asm	no	何b仔
re	no	杀人
ddp	yes	懦夫
cds	no	黑手黨
cds	no	共 济 会 的
cds	no	代祷者
qas	no	谎言
svp	no	暴 食 ，
asm	no	专 业 犯 规
qas	no	修辭方法
an	no	羊
svp	no	懒 惰 ，
cds	no	狼吞虎咽
pa	yes	椅 子
qas	no	中產階層
svp	no	自尊自大+的
qas	no	印度种姓
an	no	国内的狗
ddp	yes	nanocephaly
cds	no	蠢人
cds	no	垃圾摇滚
cds	no	新手，
re	no	凶暴+的
an	no	鲑 鱼 ，
an	no	大白鯊
svp	no	贪 爱
cds	no	警察
an	no	山 羊 ， 羚
an	no	紅杏出牆
cds	no	极端保守的
asm	no	犯规
re	no	誘姦
is	yes	悲伤
qas	no	商人
om	no	pederastic
or	no	酷儿
pr	no	枪 情 妇
qas	no	巨头
an	no	大壞人
re	no	俘虏
re	no	採花蜂
ps	yes	尼格罗人
cds	no	家 居 废 物
asm	no	咖啡色
ps	yes	中国人+的
qas	no	虚 假
is	yes	壞人
cds	no	手头的工作
re	no	cosa 的 诺 斯 特 拉
pr	no	寵婢
or	no	洋山芋
pr	no	牝牛
asf	no	调换儿
re	no	偷
an	no	兔
an	no	禿鷲
dmc	yes	不幸的人
qas	no	泄露
cds	no	知道它，所有的
cds	no	帮派
cds	no	污秽
cds	no	民众
or	no	potatoe
ddp	yes	梼
or	no	tater
cds	no	滑稽
qas	no	巴洛克式建築
an	no	shithead
pa	yes	揹工
cds	no	弄脏
dmc	yes	论文造假
an	no	蝨子
re	no	歹角
dmc	yes	莫薩里拉起司
an	no	蟾蜍中毒
re	no	犯罪活動
an	no	绝对必然
cds	no	华丽
cds	no	pandar
qas	no	刷墙
qas	no	船 员
qas	no	散乱
an	no	微 生 物
or	no	茴香菜
qas	no	蠻族
qas	no	parasitism
ps	yes	白癡
an	no	母鸡
ddf	yes	看不见+的
an	no	狐狼
re	no	中伤
qas	no	常见+的
cds	no	信差
asf	no	蠢人
an	no	蟑 螂
cds	no	perspicaciousness
pa	yes	殡仪馆
an	no	骨相学
pa	yes	行李搬运员
or	no	洋芋
is	yes	傷心
re	no	kidnaper
re	no	刑事犯罪
ps	yes	bedu
is	yes	城 市 贫 困 ，
dmc	yes	愚者
asm	no	勃起
ddp	yes	庸醫
dmc	yes	反面角色
cds	no	赌 场 博
asm	no	doofus
cds	no	肤 浅
ddp	yes	无能
is	yes	大壞蛋
qas	no	压载
an	no	saphead
asf	no	丫头
svp	no	愤 怒
an	no	金豺
an	no	bufo bufo
dmc	yes	下流+的
om	no	屁股
cds	no	賊
om	no	男性同性恋
cds	no	prankishness
cds	no	翘辫子
ddp	yes	智力残障
ps	yes	植 物 育 种
cds	no	吨
svp	no	惰
svp	no	tightfistedness
cds	no	教练
cds	no	密谋者
cds	no	厕 所
ddp	yes	迟钝+的
ddp	yes	不能+的
dmc	yes	怠惰+的
an	no	白兔
qas	no	中产阶级
an	no	美国红鱼
asf	no	洞洞
an	no	瑞咪
cds	no	强盗
cds	no	過世
om	no	贵 族 夫 人 。
cds	no	家庭生活
cds	no	戏谑
an	no	欧洲产的小毒蛇
cds	no	书记+的
qas	no	助手
or	no	noggin
om	no	同 侧
qas	no	divulgement
ps	yes	黑 人 。
an	no	canis aureus
ddp	yes	生物
cds	no	哀诉者
dmc	yes	謊言
dmc	yes	邋遢
an	no	坏 女 人
asm	no	蠢货
ps	yes	吉卜赛族
an	no	公山羊
cds	no	笃信
asm	no	咖啡色+的
asm	no	公 鸡
or	no	老黃瓜
cds	no	笨手笨脚
pr	no	流鶯
cds	no	和
cds	no	陰謀
ddf	yes	傷殘
re	no	谗佞
ps	yes	蒙古族人
svp	no	luxuria
ddp	yes	普拉特
asm	no	麦豌豆
an	no	鬼脸
re	no	惡霸
pr	no	废话
or	no	甘藍
om	no	paederast
svp	no	猥 亵
dmc	yes	无所事事+的
asm	no	胡豆
qas	no	体 内 寄 生 虫
ddf	yes	侏儒
an	no	俗气
cds	no	青 年 团 伙 的
cds	no	堆
pa	yes	兼 职 教 授
is	yes	穷人
cds	no	小 偷
is	yes	忧伤+的
an	no	残暴
dmc	yes	犯人
is	yes	差
is	yes	贫乏+的
pr	no	卖 淫
an	no	牝牛
re	no	凶猛
ddp	yes	不识字的人
qas	no	寄 生
cds	no	棄世
an	no	𧑐
cds	no	刑 事 罪 行
om	no	異性裝扮癖
asf	no	鸡鸡毛
ddp	yes	可鄙的人
dmc	yes	犯 罪 。
an	no	大反派
re	no	抄 袭
re	no	綁票
pr	no	bos taurus
an	no	奸角
asm	no	菲勒斯
an	no	螺 旋 pomatia
an	no	板足鱟亞綱
dmc	yes	敷衍取巧者
qas	no	漂流船
cds	no	沃兹
dmc	yes	弃 儿
cds	no	小丑
an	no	戴綠帽
an	no	国内羊
or	no	墨菲
cds	no	异心
an	no	鴟鴞目
pr	no	臣 子
cds	no	吃过量
svp	no	怒火
asm	no	诈取
is	yes	求
cds	no	一分钱可怕
ddp	yes	线人
cds	no	法 西 斯 主 义
ddp	yes	兽类
ddp	yes	庸医
cds	no	许多
re	no	盗 贼
an	no	蝨
qas	no	修辞手法
qas	no	ng片段
pr	no	沟鼠
qas	no	睾丸
cds	no	违法+的
re	no	抢劫
qas	no	笨手笨脚
pr	no	乳牛
re	no	勒索
an	no	鰻鱺科
cds	no	部 落 人
svp	no	好战+的
an	no	athene noctua
ps	yes	jigaboo
cds	no	警 察
ddp	yes	使麻醉
pa	yes	uncouthness
cds	no	记 者
svp	no	有闯劲+的
ddf	yes	障碍
asm	no	褐紫紅
re	no	反面角色
svp	no	傲慢+的
cds	no	困难
cds	no	御用文人
pa	yes	會計師資格
an	no	蛞蝓
an	no	半翅目昆虫
svp	no	不活泼
re	no	强 盗
qas	no	凌乱
an	no	无赖
cds	no	卖弄学问+的
re	no	性犯罪
asm	no	呈褐色+的
an	no	戴绿帽
cds	no	婴 儿
an	no	站壁
cds	no	皮 条 客
asm	no	广泛豆
svp	no	小气鬼
an	no	蛾子
an	no	肥仔
cds	no	妓 院
an	no	暴行
asm	no	这个笨蛋
cds	no	球
ddp	yes	属于儿童时代+的
cds	no	收听
ddf	yes	crookback
an	no	红杏出墙
qas	no	美 国 商 人
an	no	雁族
an	no	罪 恶 的
qas	no	爽
re	no	大惡人
dmc	yes	理想跟踪准
cds	no	没有判断力的人
ps	yes	猶太人
dmc	yes	坏 女 人
an	no	无 尾 两 栖 类
cds	no	难题
is	yes	伤心
svp	no	贪食
cds	no	蠢才
ps	yes	犹 太 社 区
cds	no	一分钱小说
cds	no	反动
an	no	綿羊
cds	no	finagler
re	no	大壞蛋
dmc	yes	不洁+的
cds	no	truckler
cds	no	嚼
an	no	一只公山羊
an	no	wuss
asf	no	傻大個
or	no	cunt
svp	no	傲慢
an	no	愚人
dmc	yes	大壞蛋
qas	no	大猎犬
pr	no	淫行
ps	yes	黄色人种
ddp	yes	无学+的
cds	no	愚
an	no	半翅目的昆虫
dmc	yes	残暴+的
ps	yes	羅姆族
re	no	除魔
pa	yes	辩护者
an	no	野牛学和系统进化
re	no	凶手
cds	no	宗 教 原 旨 主 义 。
an	no	蜛蝫
cds	no	量
or	no	高麗菜
ps	yes	doofus
or	no	小茴香
an	no	毒 蛇
cds	no	工贼
an	no	绿帽子
om	no	男同性戀者
asm	no	傻大個
qas	no	大亨
an	no	鹅
is	yes	反派角色
re	no	杀人者
pa	yes	学 者
pr	no	黄牛
ddp	yes	动物区系
an	no	鬼把戏
om	no	人体解剖学方位
an	no	人 体 虱 。
cds	no	轶事
pa	yes	會計師名銜
cds	no	氏族部落
pa	yes	看门人
ddp	yes	残酷
cds	no	氏族社会
an	no	微 生 物 ，
dmc	yes	懒散+的
or	no	黃瓜
cds	no	混杂物
ddp	yes	废 话
re	no	赃款
cds	no	自 由 石 匠 ，
cds	no	挖土机
cds	no	黑胫病
re	no	性 侵 犯
an	no	口误
ddp	yes	不雅致+的
cds	no	fop
cds	no	拒绝
an	no	鴟鴞
an	no	大惡人
ddp	yes	lunkhead
ddf	yes	半品脱
asf	no	废话
cds	no	变脏
cds	no	傻大個
cds	no	传言
ddp	yes	后 生 动 物
re	no	大虫
an	no	美洲水牛
svp	no	独断论者
cds	no	亲戚
cds	no	傻子
an	no	蠕
ddp	yes	残忍
cds	no	精子微人
dmc	yes	莫薩里拉奶酪
pr	no	挪 威 鼠
ps	yes	罗 姆 人
ps	yes	的 人 工 杂 交
an	no	阉公牛
re	no	骗取
ddf	yes	殘障人士
rci	yes	莽汉
svp	no	守财奴
an	no	蟑螂
cds	no	懒骨头
an	no	吸 盘 ，
svp	no	妄羡+的
an	no	蜓蛐
an	no	昆 虫
qas	no	莊稼漢
svp	no	懒 鬼
an	no	食人鮫
an	no	牛
ddp	yes	精神失常+的
cds	no	tomfool
dmc	yes	惡
ddp	yes	taleteller
cds	no	法外之徒
ps	yes	蒙古利亚人种
cds	no	老鸨
om	no	小茴香
dmc	yes	卑鄙+的
pa	yes	院士
svp	no	恋情propre
re	no	意 大 利 黑 手 党
om	no	異裝癖
cds	no	做坏事的人
cds	no	雜種狗
om	no	㚻奸
re	no	折 磨
cds	no	ng片段
cds	no	替死鬼
pr	no	藝妓
ps	yes	麥士蒂索人
an	no	鹦鹉
pa	yes	售票员
rci	yes	蠻族
an	no	limacidae 。
asm	no	勃起硬度等級
svp	no	恼怒+的
cds	no	街 头 帮 派
or	no	brassica oleracea capitata group
ps	yes	猶太族群
an	no	bufo
ddf	yes	扭曲+的
om	no	近 端
cds	no	斯洛文
an	no	罗马蜗牛
cds	no	集 团
ddp	yes	目不识丁者
om	no	女勋爵
om	no	凯斯特
ps	yes	祖鲁人
pr	no	妓女
ddp	yes	智能障礙
ddf	yes	身心障礙者
cds	no	傲慢+的
asf	no	白癡
cds	no	老 师
svp	no	瘾
pa	yes	名 誉 教 授
cds	no	廁所
dmc	yes	拖欠的
svp	no	意志缺失
ddp	yes	zooerasty
qas	no	封建+的
cds	no	小偷
re	no	绑架
pa	yes	牧 人 ，
cds	no	原教旨主义者
ps	yes	中 国
ps	yes	贝都因人
qas	no	神经错乱+的
dmc	yes	强盗
ddp	yes	animals
om	no	gayness
svp	no	淫 荡
cds	no	扯皮條
svp	no	七宗罪
or	no	numskull
asm	no	蚕 豆
cds	no	看守
cds	no	犯罪行為
an	no	鴞
qas	no	平常+的
ddp	yes	文盲+的
an	no	骡
cds	no	混乱的局面
or	no	finocchio
cds	no	命赴黄泉
cds	no	newswriter
ps	yes	罗姆人
ddp	yes	愚
dmc	yes	不道德+的
ddp	yes	粗 暴 的 人 吧
cds	no	bellyacher
asf	no	膣
an	no	家驴
an	no	企街
re	no	坏 女 人
ps	yes	克劳特
dmc	yes	小偷
dmc	yes	肮脏+的
an	no	白癡
pr	no	女士的快乐
cds	no	導師
qas	no	弃船
an	no	亚目蜚蠊目
ddp	yes	混蛋
an	no	土狼
pr	no	泔脚
re	no	採花賊
ddp	yes	智力障礙
ddp	yes	落后
re	no	酷刑
dmc	yes	foetor
svp	no	嫉妒
re	no	持械抢劫
an	no	后 生 动 物
pa	yes	文員
pr	no	溝鼠
re	no	刑事罪行
cds	no	牛贼
dmc	yes	忧郁
cds	no	懒汉
an	no	驢子
dmc	yes	骯髒
re	no	誹謗
an	no	山羊属
cds	no	部 落
cds	no	庸医
re	no	學術誠信
an	no	旧世界的水牛
cds	no	娇媚
re	no	debaucher
re	no	强 奸 犯 ，
svp	no	积 极 的
om	no	變裝皇后
re	no	謀殺
an	no	飞蛾
pr	no	heterocera
an	no	欧 亚 格 里 芬
pr	no	粪鼠
an	no	蝰蛇
ps	yes	ruiner
ps	yes	祖魯
an	no	马骡
is	yes	贫乏
cds	no	滑稽动作
pr	no	交際花
cds	no	势利
svp	no	好色+的
cds	no	使吃得过饱
om	no	雞奸
or	no	同性
ddf	yes	盲人
ddp	yes	残暴
an	no	蛆蟲
cds	no	负载
cds	no	半品脱
svp	no	貪慾
cds	no	非 法 活 动
cds	no	法西斯主义+的
cds	no	公 共 厕 所
pa	yes	會計師
ps	yes	黑种人
qas	no	业 余
dmc	yes	說謊
qas	no	教区+的
asf	no	傻 瓜
re	no	綁架
cds	no	愚者
ps	yes	流浪者
an	no	家犬
cds	no	困境
re	no	谋杀
dmc	yes	游手好闲的人
qas	no	交易员
asm	no	鱼
is	yes	被遗弃的
om	no	tush
an	no	蠢人
pa	yes	建议者
an	no	锯鲉
cds	no	因 素
asm	no	麻累
an	no	zooerasty
pa	yes	法 律 顾 问
or	no	⚣
om	no	淑 女
ps	yes	阻碍
an	no	枭
an	no	中华大蟾蜍
dmc	yes	blunderer
cds	no	很多
cds	no	尺斤法
cds	no	狗
ddp	yes	使迷糊
an	no	鳗鲡科
ddp	yes	闲话
cds	no	愚人
dmc	yes	谦卑
cds	no	兽群
qas	no	佃 农
pr	no	奸妇
pr	no	二奶
re	no	掠夺
an	no	属新纪录种
ddp	yes	愚人
cds	no	骗局
cds	no	乱七八糟turvydom
asm	no	雪豆
re	no	强 奸 犯
cds	no	flub
an	no	绵羊白羊座
cds	no	教 师
asm	no	鸟类动物
pa	yes	个 人 的 椅 子
ddp	yes	笨人
cds	no	教主
cds	no	sassing
svp	no	貪心
cds	no	newspaperwoman
asm	no	欺诈
an	no	muttonhead
an	no	犎牛
ddp	yes	畜生
cds	no	偷竊
svp	no	faineance
ddp	yes	鲁钝
cds	no	迂 腐 。
cds	no	意 大 利 黑 手 党
cds	no	苦 工
qas	no	坠 子
cds	no	采空区
pa	yes	农民
an	no	frog
cds	no	劣画
an	no	豚猪
asm	no	豌豆
dmc	yes	恶臭
cds	no	拉皮条
or	no	茴 香
ddp	yes	精神遲緩
qas	no	店主
pr	no	大家鼠屬
pr	no	庶室
qas	no	混合物
asm	no	懦夫
cds	no	池 熙 ”
asf	no	阻碍
dmc	yes	dallier
cds	no	妓寨
asf	no	蠢材
ddp	yes	无知的
cds	no	beguine
an	no	面目
an	no	鰻魚
asm	no	嚼
om	no	poove
cds	no	教师
cds	no	一本正经
an	no	蝓
an	no	草爬子
qas	no	flub
an	no	动物群
cds	no	垃圾邮件
re	no	traducer
ddp	yes	骗 术
cds	no	野 蛮
an	no	鳄目
an	no	懒汉
cds	no	犯 罪 。
an	no	綠帽子
is	yes	傷悲
cds	no	cockup
dmc	yes	歹徒
an	no	diddley
asm	no	蠢材
an	no	甴曱
qas	no	农夫
svp	no	trencherman
qas	no	最有势力者
dmc	yes	穷凶极恶+的
cds	no	交糧本
dmc	yes	乡巴佬
dmc	yes	roue
cds	no	vaunter
cds	no	房子臭名昭著
cds	no	狂热
cds	no	匪
asm	no	拧紧
om	no	homophile
an	no	蠅蛆
cds	no	抱怨者
asm	no	小鸡鸡
cds	no	聪 明
cds	no	崇拜偶像
asm	no	傻瓜
cds	no	傲慢
re	no	訾
an	no	皱眉
re	no	流氓頭子
is	yes	大反派
ddp	yes	无知+的
an	no	蝰 蛇
asf	no	蠢才
an	no	奶 山 羊 ，
an	no	blattodea
svp	no	愤怒
dmc	yes	伪君子
cds	no	混帐
asm	no	陽物
an	no	diddly狗屎
re	no	殺害
cds	no	cathouse
qas	no	犯规
qas	no	fumbler
cds	no	九出十三归
cds	no	公共厕所
an	no	動物界
an	no	shote
svp	no	贪吃
ps	yes	其 他 种 族
ddp	yes	不要脸的家伙
is	yes	惡役
cds	no	挺举关闭
re	no	大壞人
an	no	heterocera
ps	yes	黑色
ddp	yes	弱 智
ddp	yes	巨头+的
or	no	山药蛋
an	no	strix varia
is	yes	悲傷
cds	no	花癫者
cds	no	植 物 生 技 术
an	no	虱子
pa	yes	搬 运 工
cds	no	快一
qas	no	baroqueness
cds	no	拉 皮 条
asm	no	尾片
ps	yes	吉普赛
cds	no	懦 夫
pr	no	路 边 爬 行 ，
ps	yes	愚蠢
cds	no	生 活 污 水
om	no	臀 部
asm	no	他妈的
an	no	蜒蚰
ps	yes	傻子
svp	no	七罪宗
svp	no	嫉妒+的
dmc	yes	大肆挥霍
ddp	yes	无 法
cds	no	八卦
cds	no	人群
ddp	yes	坏蛋
qas	no	处于劣势
cds	no	神 圣 的 遗 物 ，
pa	yes	学会会员
an	no	北美野牛
pa	yes	学院派
an	no	鰻鱺屬
or	no	poove
pa	yes	侍者
ddp	yes	无欣赏力+的
qas	no	no good
dmc	yes	败家子
cds	no	自我满意度
re	no	猛烈+的
ddp	yes	animalia
re	no	刑訊
cds	no	煽动群众+的
cds	no	重利
an	no	鴞形目
an	no	tomfool
asf	no	柔软的触感
cds	no	swaggerer
ddp	yes	呆滞+的
an	no	chinch
an	no	桦尺蠖
cds	no	怯懦
cds	no	原 教 旨 主 义
qas	no	嘘 - 嘘
cds	no	自恋狂
ddp	yes	蠢
an	no	蟾蜍
re	no	诽谤者
svp	no	意志力丧失
cds	no	坏蛋
cds	no	恶棍
re	no	採花大盜
qas	no	混 合 物
cds	no	流 行 歌 手
cds	no	垃 圾 摇 滚
ps	yes	納纳
cds	no	狗仔隊
an	no	畜生
qas	no	睾
cds	no	新 秀
an	no	megascops asio
ps	yes	呆子
ps	yes	赤道人种
ddp	yes	傻+的
asm	no	靠
cds	no	卡玛利拉
re	no	黑 手 党
re	no	性 虐 待
cds	no	爱说闲话
or	no	cucumis sativus
cds	no	群众
cds	no	法西斯主義
cds	no	谎
pa	yes	求婚者
pa	yes	教授+的
dmc	yes	社 会 的 弃 儿
cds	no	不合规定+的
ps	yes	rommany
cds	no	盗窃罪
dmc	yes	残忍+的
svp	no	意 志 缺 失
cds	no	拍马屁
or	no	同性恋者
qas	no	全体机务人员
an	no	psittaciformes
cds	no	赌城
asm	no	挺举关闭
an	no	canis lupus familiaris
cds	no	公共廁所
cds	no	虚荣心
qas	no	感 慨 道
dmc	yes	流氓罪
om	no	同性戀者
svp	no	暴怒
svp	no	贪婪
cds	no	民族
cds	no	社会的垃圾
an	no	肉 牛
an	no	鼻涕虫
cds	no	拙劣的画
an	no	动 物
pr	no	街头女孩
asf	no	小洞洞
re	no	plagiarization
asf	no	笨蛋
qas	no	业余技艺家
re	no	歹徒
cds	no	益智游戏
re	no	名誉损毁
cds	no	花 公 子
an	no	鳮
om	no	女扮男裝
qas	no	租 户 农 场
an	no	蟾 蜍
ddf	yes	无能
an	no	新纪录种
cds	no	可恶的家伙
an	no	裙猎
cds	no	防盗
qas	no	一般+的
pr	no	卖淫
cds	no	莽汉
an	no	疥蛤蟆
an	no	蜮
cds	no	垃圾音乐
pa	yes	雇員
is	yes	贫 民 。
pa	yes	員工
an	no	凯门鳄
pr	no	枪情妇
pa	yes	挑夫
cds	no	大惡人
cds	no	ndrangheta。
qas	no	农民阶级
cds	no	土 匪
an	no	mosquito
qas	no	行政堂区
an	no	女子追赶者
cds	no	fanatism
cds	no	鲁莽
an	no	sus scrofa domestica
ddp	yes	pillock
an	no	情绪激动
qas	no	遵守
or	no	八角茴香
om	no	反 口
is	yes	難過
an	no	吠
cds	no	奮銳黨人
re	no	二 级 谋 杀 罪
re	no	打手工作
an	no	gallus domesticus
dmc	yes	反派角色
an	no	昆蟲綱
cds	no	教師
cds	no	逝去
ddf	yes	欠幅脉冲
ddp	yes	讨厌的人
dmc	yes	变节者
is	yes	吝啬鬼
qas	no	循 规 蹈 矩 的
cds	no	爱说长道短的人
is	yes	歹角
asm	no	pisum sativum
ps	yes	西 班 牙 裔 美 国 人
an	no	鰻鱺目
om	no	孌童戀
ps	yes	犹太裔
or	no	南瓜
qas	no	灌醉
an	no	保姆山羊
cds	no	dastardliness
om	no	homophile 运 动
an	no	租 金 男 孩
svp	no	无所事事+的
ps	yes	吉普賽人
asf	no	嚼
cds	no	心 腹
qas	no	种姓制度
ddp	yes	拥有巨头+的
ps	yes	保加利亚语
pr	no	旁妻
om	no	crossdress
or	no	男同志
dmc	yes	气量小+的
cds	no	玩皮的人
an	no	烏龜
qas	no	资产阶级
dmc	yes	滑稽演员
qas	no	笨拙的
an	no	猫 头 鹰 ，
cds	no	辞世
an	no	暴虐
re	no	海 盗
ps	yes	汪达尔人
om	no	sodomist
re	no	滥 用 权 力 ，
or	no	芸苔
dmc	yes	冒失鬼
an	no	美洲野牛属
ps	yes	犹太+的
cds	no	理论家
re	no	强 奸
dmc	yes	破旧+的
cds	no	污 水
qas	no	血𤟥
pa	yes	下 士
an	no	怒火
asm	no	睾 丸
pr	no	娼妓
an	no	家牛
om	no	同性
ps	yes	犹太教徒
re	no	失窃
re	no	辱骂
svp	no	niggardliness
ddp	yes	造谣者
cds	no	慰安所
ps	yes	以 色 列 人
qas	no	outtake
pr	no	飞蛾
cds	no	高僧
or	no	傻 瓜
cds	no	平凡+的
ps	yes	貝督因
dmc	yes	挥 霍 无 度 的
cds	no	笨蛋
cds	no	主 要 因 素 ，
qas	no	固 体 废 物
ddp	yes	患精神病+的
an	no	乌龟
pr	no	白尾吊
cds	no	极端右翼分子
qas	no	睾 丸
ddp	yes	头异常小+的
cds	no	辭世
om	no	异装癖
cds	no	还价
dmc	yes	独断论者
cds	no	新秀
ps	yes	尼格鲁-澳大利亚人种
an	no	蝎 子 鱼 ，
an	no	蛤蟆
an	no	纵纹腹
cds	no	freemasonry
ps	yes	uprooter
pa	yes	卖弄学问+的
cds	no	卑恭屈节者
dmc	yes	二流
svp	no	蛇吞象
re	no	违法
cds	no	违法
cds	no	滑 稽 。
cds	no	头目
an	no	虱股癣
or	no	甘 蓝
cds	no	命赴黃泉
qas	no	警犬
qas	no	莊稼人
an	no	青 蛙
asm	no	睾丸
cds	no	性成癮症
re	no	恐怖主义者
asm	no	aves
an	no	lunkhead
pa	yes	粗 暴 的 人 吧
an	no	狗 ，
om	no	锁 骨 中 线
ddp	yes	betise
pa	yes	外交官銜
cds	no	游手好闲的人
ddp	yes	野 蛮
svp	no	憤怒
an	no	野牛野牛
cds	no	wisenheimer
cds	no	基本教義派
dmc	yes	说谎者
qas	no	戏剧似+的
ddp	yes	煞风景+的
cds	no	pompousness
an	no	紅擬石首魚
cds	no	光榮會
ps	yes	玄色
cds	no	尺贯法
asm	no	毕豆
cds	no	老 爷 车
cds	no	喜欢开玩笑
cds	no	婴儿
an	no	盛怒
cds	no	自戀
pa	yes	白領
cds	no	中间人
cds	no	talebearer
qas	no	零售商
cds	no	平常+的
an	no	蛙形目
an	no	鮫
om	no	pederast
ps	yes	東哥德人
an	no	邋遢的人
ddp	yes	蠢驴
qas	no	惯常+的
cds	no	学 究 ，
om	no	同 性 的
cds	no	saphead
an	no	黄 色 葡 萄 球 菌 ），
ddp	yes	文盲
re	no	治死
an	no	犬小孢子菌金黄色葡萄球菌
dmc	yes	莫薩里拉芝士
cds	no	ostentatiousness
an	no	野兔
asm	no	蚕豆
qas	no	疯狂+的
an	no	小鹅
an	no	鸡肉
ps	yes	祖 鲁 人
an	no	胡狼
an	no	udders
dmc	yes	流氓頭子
ps	yes	romanis
asm	no	鳥兒
qas	no	同谋
an	no	美洲野牛屬
dmc	yes	縱慾主義
an	no	流 氓
om	no	同性恋学术著作列表
an	no	噬人鲨
an	no	动物体
om	no	变 装
cds	no	惩 教 人 员
dmc	yes	脏狗
is	yes	贫
cds	no	窃贼
ps	yes	混種
qas	no	农业工人
dmc	yes	偷懒
or	no	土豆
pr	no	企街
dmc	yes	法外之徒
cds	no	違法犯罪
cds	no	原教旨主義
om	no	gay
cds	no	煽動
an	no	蟾蜍屬
cds	no	工賊
an	no	怪相
an	no	东美角鸮
re	no	流氓罪
re	no	强奸犯
pr	no	牛
cds	no	法西斯主义
svp	no	懒人做的很好
dmc	yes	脏+的
an	no	屠夫
cds	no	笔者
ddp	yes	不会+的
ddp	yes	幼稚+的
cds	no	蒙人
an	no	昆蟲
asm	no	轻信
asm	no	蜜豆
ddp	yes	lummox
asm	no	深红色
pr	no	巫婆
dmc	yes	何蒙库鲁兹
re	no	诽 谤
pa	yes	长 舌 妇
an	no	跳 蚤
dmc	yes	笨拙的
pr	no	胡 椒 蛾
ddp	yes	野兽
ddp	yes	二百五
cds	no	流行歌手
an	no	反派角色
re	no	罪行
or	no	白癡
pa	yes	普 通 教 授
om	no	贵妇人
cds	no	长舌
qas	no	沉子
an	no	黄牛
re	no	诛求
an	no	螞蝗
dmc	yes	惰轮
an	no	公驴
cds	no	空想家
asm	no	茶褐色+的
ddp	yes	智能不足
ddp	yes	胡言乱语
ps	yes	吉卜赛
an	no	蚤
an	no	尖音库蚊
ps	yes	黑鬼
dmc	yes	坏分子
svp	no	自负+的
ps	yes	天教
cds	no	偏 执
qas	no	blooper
ddf	yes	殘障
qas	no	轶事
cds	no	几十个
asm	no	棕色
is	yes	窮困
re	no	虐
ps	yes	梅斯蒂索人
qas	no	ng鏡頭
svp	no	餮
pr	no	家牛
ddf	yes	扭歪+的
dmc	yes	treasonist
or	no	patatas
an	no	動物群
is	yes	小气鬼
cds	no	自 恋 的
ddp	yes	爱传播新闻
cds	no	举止粗鲁的人
pr	no	hetaira
ddf	yes	变形+的
cds	no	卑鄙的人
re	no	卡 莫 拉
ddp	yes	笨手笨脚
ddf	yes	禁 用
an	no	helix pomatia
asm	no	禽类
svp	no	淫 荡 ，
cds	no	绝望的犯罪
an	no	蝸牛
cds	no	老爷车
an	no	新疆沙冬青
an	no	属卡普拉
cds	no	贵利
ddp	yes	卑鄙的人
an	no	豵
pr	no	侍妾
an	no	生猪
om	no	homosexualism
cds	no	惡棍
cds	no	共济会
an	no	山羊屬
re	no	痛苦
qas	no	巨 头
om	no	扮装王后
cds	no	多管闲事 - 帕克
qas	no	农场工人
qas	no	資產階級革命
asf	no	jb毛
or	no	糊涂人
an	no	鞋 面
om	no	跨 梳 妆 台
dmc	yes	肆无忌惮+的
cds	no	自尊自大+的
an	no	vipera berus
re	no	強盜
ddp	yes	未受教育的
cds	no	监听
om	no	傻瓜
or	no	马铃薯
cds	no	霸道
an	no	野 牛
ddp	yes	倔老头
ps	yes	印欧混血种人
qas	no	精神病+的
re	no	武装抢劫
qas	no	小 屋
dmc	yes	不名誉+的
is	yes	帕萊雅爾
re	no	黑手党
svp	no	虚荣
cds	no	话多的人
re	no	姦污婦女
svp	no	贪 婪
qas	no	房子画
an	no	動物相
an	no	鼀
an	no	狗隻
cds	no	轶 事
qas	no	莽汉
cds	no	犯 罪 活 动
om	no	男同志
ps	yes	杂交品种
svp	no	敷衍取巧者
is	yes	可怜之人
ddp	yes	囚 犯
cds	no	乌合之众和短尾
or	no	屄
svp	no	傲气
re	no	敲 诈
qas	no	古 典 修 辞 学
or	no	gay
pr	no	性 服 务
an	no	婊子
om	no	twink
an	no	曱甴
cds	no	歹角
cds	no	駐地記者
ps	yes	华
or	no	男同性戀
qas	no	谎话
an	no	鮀
qas	no	社会的垃圾
cds	no	大混乱
dmc	yes	小心眼+的
cds	no	恶作剧
re	no	大盗窃
svp	no	饭桶
qas	no	精 神 领 袖
cds	no	家属
dmc	yes	叛徒
ps	yes	一赐乐业教
is	yes	邪派
cds	no	乱七八糟
an	no	虱 子
re	no	虐待
pr	no	賣淫
an	no	蛙类
qas	no	大 亨
dmc	yes	德
cds	no	赌 场
cds	no	恶 作 剧
dmc	yes	大壞人
pr	no	租 金 男 孩
an	no	鱷
re	no	超級殺手合唱團
an	no	国内的屁股
cds	no	爱说奉承话+的
cds	no	的手工业
om	no	斷背
an	no	没有判断力的人
pr	no	性服务
om	no	男 同 性 恋 者 。
cds	no	混合 - 曼格莱
ddp	yes	蠢货
pa	yes	主 计 长
re	no	脏钱
an	no	极北蝰
cds	no	普 通
svp	no	怕工作+的
dmc	yes	不幸
asm	no	褐色+的
an	no	野驴
dmc	yes	dillydallier
ddp	yes	talebearer
cds	no	protagonism
ps	yes	蒙古利亞人種
an	no	伏 翼
an	no	胡 椒 蛾
an	no	綠帽
re	no	性暴力
asf	no	小洞穴
qas	no	精神错乱+的
re	no	勒 索
ddp	yes	愚钝+的
an	no	犬吠
dmc	yes	反派
cds	no	媒人
an	no	兀鷲
cds	no	操控妓女
pa	yes	雇员
dmc	yes	落魄
om	no	变装
re	no	外国人犯罪
re	no	恐怖主义
ddp	yes	替死鬼
an	no	， 的 海 底 动 物
an	no	法國蝸牛
qas	no	狗舍
cds	no	赌场
an	no	惡棍
cds	no	自然杂交种
cds	no	油嘴滑舌+的
cds	no	納粹
dmc	yes	邪恶
qas	no	体 外 寄 生 虫
an	no	蜗 牛 ，
ddf	yes	道德败坏+的
cds	no	交粮本
re	no	肆虐
an	no	兽
pa	yes	律 师
cds	no	地溝
an	no	蠢货
re	no	性 犯 罪
re	no	海盜
cds	no	母亲笨蛋
cds	no	小伙子
asm	no	笨蛋
pr	no	体育女士
om	no	后
dmc	yes	取 缔
cds	no	繁重的工作
cds	no	犯罪
or	no	muttonhead
an	no	phthiraptera
an	no	猪 ，
ps	yes	犹太族+的
asf	no	cunt
om	no	易服者
re	no	欺骗
ps	yes	尼格鲁人种
pr	no	淫乱
re	no	施酷刑
an	no	海蝎
an	no	蛞
cds	no	死胡同
cds	no	污水下水道
ps	yes	梅斯蒂索
ps	yes	mestizo
qas	no	财阀
cds	no	的 人 工 杂 交
ddf	yes	恶
svp	no	七大魔王
om	no	男同
cds	no	cosa的诺斯特拉
an	no	肉用牛
an	no	鸚鵡
om	no	变 装 ，
ddp	yes	廢話
asf	no	fuckhead
pr	no	荡妇
cds	no	婚姻经纪人
dmc	yes	偽君子
qas	no	放纵+的
cds	no	污 垢
asm	no	蜜糖豆
an	no	驢
cds	no	肿头
cds	no	竊賊
om	no	同志愛
an	no	野猪属
an	no	虱目
pr	no	如夫人
re	no	绑匪
cds	no	化妝室
cds	no	杂交品种
ps	yes	莽汉
cds	no	杂交种
ddf	yes	殘廢
pa	yes	赶大车的人
pa	yes	学术
pa	yes	鱼贩
ddp	yes	疯狂+的
qas	no	商 人
dmc	yes	无人性+的
qas	no	患精神病+的
re	no	刑事犯罪分子
asm	no	白痴
qas	no	睪丸
ps	yes	法西斯
or	no	homophile 运 动
an	no	羅馬蝸牛
an	no	吸血动物
cds	no	赭色
re	no	剧痛
ps	yes	中
ps	yes	杂种
an	no	和
an	no	鸚形目
or	no	布丁头
ddp	yes	黑头
is	yes	贫 民
cds	no	老爷汽车
cds	no	竊盜
qas	no	女男爵
an	no	鳗
ddf	yes	不能令人满意+的
pr	no	不修边幅的女人
an	no	梼
an	no	壁虱
cds	no	舞男
dmc	yes	污穢
re	no	扒窃
svp	no	enviousness
ddp	yes	社会的垃圾
cds	no	黑 手 党 成 员
cds	no	弄臣
om	no	tooshie
dmc	yes	宠臣
re	no	calunnia
ddp	yes	白痴病
an	no	恶 作 剧
qas	no	困境
om	no	臀部
qas	no	搞坏
an	no	豬
ddp	yes	无教养+的
asm	no	禽鳥
asm	no	柔软的触感
an	no	低俗
an	no	家庭臭虫科
re	no	诋毁
dmc	yes	邪派
cds	no	高 利 贷 者
cds	no	中介
asm	no	fk
an	no	蜱虫
cds	no	混杂
asm	no	寒豆
an	no	獸類
pr	no	褐家鼠
ddp	yes	zooerastia
re	no	杀手
qas	no	操盘手
an	no	蜚蠊目
re	no	黑 手 党 成 员
an	no	侏儒
om	no	拖 戏
cds	no	捣蛋
asm	no	豌
svp	no	七大罪
or	no	卷 心 菜 ，
cds	no	鲁莽的
cds	no	混種狗
qas	no	特 权 制 度
cds	no	religiousism
an	no	grossness
cds	no	暴发户
ddp	yes	痞子
pa	yes	職員
qas	no	失误
an	no	凶猛
ddf	yes	削弱
cds	no	无秩序
re	no	复制，粘贴
re	no	ndrangheta。
ddp	yes	废 话 。
an	no	equus asinus asinus
svp	no	因维迪亚
an	no	吸盘
qas	no	老農
asm	no	勃起硬度
an	no	金属块
qas	no	農夫
cds	no	奉承+的
re	no	竊賊
an	no	白痴
asm	no	羽虫
an	no	社会的垃圾
an	no	臭虫科
cds	no	遗 物
dmc	yes	谎
an	no	呆子
an	no	anserini
cds	no	乱画的画
om	no	女 士 们 ，
dmc	yes	壞人
dmc	yes	快乐的安德鲁
ddp	yes	凶残的人
re	no	拷 打 ，
cds	no	群
dmc	yes	污秽+的
asf	no	jj毛
cds	no	罪
qas	no	家政
svp	no	徒 劳
pa	yes	搬运工
ps	yes	黑 人
an	no	没有受过教育的人
qas	no	布林乔亚
re	no	恐 怖 分 子
svp	no	爱 神
qas	no	企业的领导者
an	no	懦夫
an	no	animalculum
an	no	蚰
cds	no	剔除
or	no	莲花白
dmc	yes	叛 徒
re	no	furiousness
dmc	yes	莫薩里拉乳酪
an	no	眼斑拟石首鱼
cds	no	发牢骚的人
cds	no	赃物
cds	no	nursling
re	no	光榮會
cds	no	hybrid
or	no	怪
pr	no	约 翰
re	no	奸角
asf	no	調換兒
re	no	法定强奸罪
re	no	绑 架 ，
cds	no	书 呆 子
dmc	yes	流氓
asm	no	豌 豆 ，
ps	yes	灰色经济
or	no	蠢材
qas	no	乌合之众和短尾
re	no	殺人罪
an	no	顽固+的
dmc	yes	极度邪恶+的
ps	yes	东哥特人
re	no	调 戏
re	no	坏分子
pa	yes	大学教授
dmc	yes	chawbacon
asm	no	雄雞
ps	yes	混 合
an	no	贪婪者
ddp	yes	屁眼
re	no	暴力+的
asm	no	抽风了
om	no	不一致+的
cds	no	原教旨主义
svp	no	dallier
ddp	yes	智 力 缺 陷 。
pa	yes	牧 羊 人
cds	no	邪派
cds	no	基本教義
asm	no	flouter
an	no	吸血鬼
ddp	yes	骗 子
qas	no	牧區
dmc	yes	道 德 沦 丧
re	no	性侵害
re	no	姦淫
cds	no	热衷于某事的人
re	no	騙奸
cds	no	虚荣
cds	no	进了天堂
ddp	yes	莽汉
cds	no	愚蠢+的
an	no	无能的人
cds	no	自 恋
ddf	yes	醜
cds	no	拖欠的
re	no	连 续 强 奸 犯
or	no	椰菜
re	no	強姦
cds	no	扒窃
svp	no	懒散+的
cds	no	原始部族
or	no	小黃瓜
an	no	安 圭 拉
ddf	yes	丑+的
cds	no	爱子
cds	no	wanker
om	no	男同性戀
or	no	brassica oleracea var. capitata
svp	no	性欲
an	no	软体动物门
rci	yes	农民
cds	no	自 由 和 接 受 泥 瓦 匠 ，
ddp	yes	兽
or	no	黄瓜籽
is	yes	寒酸样子的孩子
an	no	街 头 卖 淫
ps	yes	乌色+的
is	yes	贫穷
re	no	施 刑 者
asm	no	棕
pr	no	副妻
svp	no	罪宗
pa	yes	政 治
asm	no	𡳞鳥
an	no	伏翼蝠属
an	no	胡闹
cds	no	圣髑
om	no	跨梳妆台
pa	yes	研 究 教 授
cds	no	暴发户，暴发户
re	no	强奸
re	no	摧毁性+的
an	no	鬣狗科
svp	no	贪 婪 ，
pa	yes	耶稣会士+的
pr	no	贱人
cds	no	内圈
an	no	黑头
svp	no	妒忌+的
an	no	vipera
or	no	芸薹
an	no	生物
asm	no	勃 起
cds	no	idiolatry
ddp	yes	废话
cds	no	党
om	no	八角茴香
cds	no	馬欖
cds	no	讨厌鬼
an	no	羊亞科
cds	no	拼写错误
qas	no	gag reel
re	no	恐 怖 主 义
an	no	田 螺
cds	no	分数
re	no	克莫拉
an	no	蝎子鱼
or	no	蠢才
cds	no	黑 手 党
cds	no	狱警
an	no	窃听器
pa	yes	政治上+的
ps	yes	尤太教
svp	no	静止
pr	no	hetaera
re	no	煎熬
an	no	吻突
qas	no	宏伟
asf	no	阴 道
qas	no	粗 暴 的 人 吧
ps	yes	笨蛋
an	no	animal
ps	yes	盱
om	no	臀 部 。
or	no	bonce
cds	no	米克斯犬
om	no	驴子
ps	yes	黄种人
dmc	yes	放 荡
ddp	yes	tomfool
or	no	笨蛋
svp	no	发怒+的
cds	no	乳
om	no	㚻
pr	no	情 妇
an	no	骗 局
svp	no	lecherousness
re	no	迷奸
dmc	yes	粗人
ps	yes	中文+的
cds	no	私 生 子
dmc	yes	穿幫
cds	no	motley fool的
pa	yes	政治+的
svp	no	性渴望
dmc	yes	匪
cds	no	妓寮
pa	yes	教 授
qas	no	资 产 阶 级 社 会 。
qas	no	窥探
cds	no	惰轮
an	no	culex pipiens
an	no	鳄
ddp	yes	空谈
asm	no	nookie
an	no	乱兵
dmc	yes	无情+的
re	no	盜賊
or	no	黄瓜藤
an	no	prickteaser
cds	no	回响
pr	no	褐鼠
om	no	兔爷
dmc	yes	motley fool的
or	no	酷兒
svp	no	憍傲
an	no	蝦蟆
qas	no	侍僧
pa	yes	学 术 界 ，
cds	no	圈内人
pr	no	陪房
qas	no	寮
pr	no	名妓
ps	yes	中国话+的
cds	no	屎坑
re	no	讹诈
svp	no	忧郁
ps	yes	猶太詞源
cds	no	带
om	no	同性性欲+的
dmc	yes	掩 饰 ，
asm	no	𣬠𣬶
an	no	蛙
an	no	jakhalzen
an	no	傻瓜
qas	no	潜 水 加 权 系 统
re	no	取 缔
an	no	这个笨蛋
an	no	eurypterids，
ps	yes	蒙古人种
cds	no	杀价
re	no	苦恼
cds	no	巨量
an	no	兀鹰
cds	no	慕男狂
is	yes	贫 困 率
cds	no	w.c
ps	yes	尼格罗人种
re	no	丑角
qas	no	gallimaufry
ddp	yes	胡闹
asm	no	必被人笑
cds	no	打手枪
om	no	肛交
pa	yes	政治性+的
re	no	小 偷
ddp	yes	microcephalic 的
is	yes	惡棍
re	no	行搶
an	no	凶残的人
cds	no	取 缔
cds	no	坏 女 人
an	no	大怒
cds	no	狡猾
re	no	壞蛋
dmc	yes	莫薩里拉乾酪
pr	no	小老婆
an	no	蠢驴
an	no	骡 子
dmc	yes	懒 鬼
cds	no	不修边幅的人
asm	no	ficken
an	no	疯狂
cds	no	盗 贼
asm	no	骗
cds	no	高利
cds	no	性慾亢進
cds	no	推纸
ddp	yes	精神错乱+的
qas	no	忠实的追随者
an	no	bos taurus
dmc	yes	大反派
asm	no	附 属 物
ps	yes	懦夫
dmc	yes	邪恶+的
dmc	yes	邪 恶
ps	yes	蠢材
pa	yes	员 工
re	no	剽 窃
asm	no	日
cds	no	嘘 - 嘘
or	no	馬鈴薯
or	no	圓白菜
svp	no	自命不凡+的
om	no	飄飄
re	no	壞人
svp	no	懒惰
an	no	亚洲胡狼
om	no	同性戀學術著作
an	no	西域兀鷲
pr	no	賣春
an	no	污秽+的
cds	no	纨 绔 子 弟
qas	no	修辞
ddp	yes	小头畸形
cds	no	schoolma'am
pa	yes	学者气派+的
an	no	无能
om	no	同性關係
svp	no	淫荡+的
cds	no	狂 热
re	no	犯罪行为
cds	no	笨+的
dmc	yes	伪 造
or	no	飄飄
cds	no	狂 热 者
cds	no	桑尼男孩
ddp	yes	愚蠢
re	no	刑 事 罪 行
is	yes	流浪者
pa	yes	學術界
cds	no	痞子
an	no	猪属
asm	no	幹
pr	no	放荡女
an	no	食人动物
pa	yes	书记
dmc	yes	荡放主义
rci	yes	佃农
svp	no	吝啬
an	no	金属小块
cds	no	科学主义
svp	no	愛
ddp	yes	脑损伤
is	yes	孤立+的
asf	no	懦夫
cds	no	gag reel
cds	no	腐肉
pa	yes	店 员
ps	yes	汉语+的
qas	no	盲从
ps	yes	地下金融
dmc	yes	小丑
dmc	yes	野蛮+的
cds	no	虚 假 的 偶 像 。
cds	no	反 动
cds	no	手淫
an	no	fuckhead
an	no	hirudinea
svp	no	厭惡
an	no	蟲
pa	yes	教授
pr	no	strumpet
dmc	yes	惡霸
qas	no	食客
svp	no	吞咽
or	no	南瓜果实
svp	no	忿怒+的
ps	yes	中华
an	no	epifaunal 的
qas	no	市场门将
cds	no	mussiness
re	no	罪案
svp	no	貪婪
asm	no	罗汉豆
dmc	yes	浮渣一般+的
an	no	capra aegagrus hircus
an	no	守旧+的
cds	no	笨
re	no	拍花
an	no	耕牛
cds	no	犯规
dmc	yes	奸角
qas	no	画 家 和 装 饰
cds	no	亲属组
an	no	斯洛文
ddp	yes	瞎说
an	no	frogspawn，
dmc	yes	虚假
dmc	yes	假+的
cds	no	恋情propre
cds	no	反動派
cds	no	暴發戶
an	no	floozy
cds	no	时间服务器
asm	no	twirp
ps	yes	非 洲 裔
re	no	杀人犯
dmc	yes	壞蛋
cds	no	处于劣势
an	no	猫 头 鹰
an	no	癩蝦蟆
asm	no	雀
cds	no	狡猾+的
pa	yes	会计师
cds	no	堕落的
cds	no	皮條客
an	no	蟾蜍青蛙
dmc	yes	漂泊
re	no	武 装 强 盗
ddp	yes	蠢人
cds	no	王八蛋
pa	yes	律師
dmc	yes	土包子
ps	yes	犹太
ps	yes	犹 太
dmc	yes	小 丑
cds	no	奸角
qas	no	痞子
qas	no	农户
cds	no	筏
ps	yes	猶太
cds	no	教 学 辅 助
cds	no	窥探
is	yes	守 财 奴
cds	no	歹徒
an	no	鯠
ps	yes	贝杜因人
dmc	yes	制作者
re	no	搶匪
svp	no	色欲
ddp	yes	智力障碍
an	no	蝰蛇berus
ddf	yes	能力障碍
ddp	yes	可怜的鱼
pa	yes	蠻族
ps	yes	蒙族
cds	no	fumbler
an	no	蠓
asm	no	what the fuck
qas	no	野 蛮
an	no	蚋
om	no	同性戀學術列表
pr	no	女人的街道
dmc	yes	流 氓
ps	yes	茨冈族
is	yes	守财奴
om	no	同性爱
om	no	變裝
an	no	鳗形目
cds	no	导师
qas	no	杂乱
dmc	yes	败类袋
an	no	犬
ps	yes	犹 太 家 庭
asm	no	青豆仁
ddp	yes	钝+的
cds	no	帮 派 文 化
re	no	凶猛+的
an	no	鲛魚
ddp	yes	这个笨蛋
ddp	yes	易受骗+的
an	no	雞肉
cds	no	调换儿
cds	no	羊群
cds	no	逆境
asm	no	雄鸡
is	yes	哀伤+的
pr	no	社 会 名 流
or	no	男同性恋
dmc	yes	坏人
is	yes	褴褛
dmc	yes	蠻族
re	no	扒手
pa	yes	店员
ps	yes	黒
re	no	ndrangheta
is	yes	相 对 贫 困
asm	no	鸟
or	no	挑剔
or	no	南瓜藤
an	no	山 羊
ddp	yes	青春期+的
ddf	yes	殘疾人士
ddp	yes	nonsensicality
qas	no	中产阶级+的
ps	yes	东 哥 特
qas	no	案 头 工 作
ddp	yes	淡+的
an	no	生虱+的
pa	yes	禮儀師
re	no	罪犯
re	no	滥 用 权 力
or	no	男同
pr	no	biston betularia
qas	no	boner
pa	yes	文職
an	no	声道的低音
an	no	美國紅魚
asm	no	f@ck
asm	no	fuck
cds	no	撒小谎
cds	no	bawdyhouse
re	no	放 逐
qas	no	麻烦制造者。
om	no	同性恋
cds	no	fascista
qas	no	堂区
cds	no	調換兒
cds	no	嘈雜搖滾
om	no	禽兽
asm	no	小鸡巴
cds	no	廁
re	no	诽谤
is	yes	大惡人
an	no	蚊子
cds	no	盗贼
qas	no	巴 洛 克
dmc	yes	不良
cds	no	chiseller
cds	no	狂热的
pa	yes	会 计 师
qas	no	循规蹈矩
cds	no	亲属
is	yes	窮
is	yes	可怜的家伙
asm	no	阻碍
is	yes	不幸+的
asm	no	包皮过长
pa	yes	辩 护 律 师
dmc	yes	无家可归的人
cds	no	小圈子
svp	no	性慾
qas	no	素人
ps	yes	黑 人 社 区 。
cds	no	轻 哼
an	no	动画是
an	no	culicidae
svp	no	敢作敢为+的
cds	no	虚 假
pr	no	桦尺蠖
svp	no	niggardness
re	no	毁谤
ps	yes	蒙古族
is	yes	罪 恶 的
cds	no	罢 工 破
dmc	yes	浪荡子
asm	no	鱼类
is	yes	难过+的
dmc	yes	污染+的
pr	no	細姨
ddf	yes	媸
ddp	yes	numskull
is	yes	贫瘠
cds	no	学究
re	no	赃物
ps	yes	rroma
re	no	撕票
cds	no	雨水渠
cds	no	納纳
cds	no	暴 发 户
pr	no	家鼠属
cds	no	大祭司
cds	no	油漬搖滾
ddp	yes	粗俗+的
ps	yes	玈
cds	no	娱乐场
qas	no	封建制度+的
qas	no	混杂
pr	no	rattus norvegicus
ddp	yes	twaddler
ps	yes	非彩色+的
an	no	豺 ，
an	no	布 伦 特 鹅
an	no	羅曼蝸牛
pa	yes	学术界
re	no	強制性交
an	no	山羊
cds	no	废话
an	no	毛猪
an	no	脏狗
an	no	犬隻
ps	yes	中国文化+的
an	no	绵羊
cds	no	扒手
an	no	恶意
cds	no	八卦新闻
qas	no	假话
dmc	yes	落 魄
is	yes	恳求
asm	no	国豆
ps	yes	蒙古人
qas	no	双 雄
re	no	绑 匪
dmc	yes	假话
om	no	臀
svp	no	性需求
an	no	䖵蟲
pa	yes	耶稣会
svp	no	懒汉
pa	yes	侍 者
re	no	惡棍
an	no	后生动物
ddp	yes	大 型 底 栖 动 物
asm	no	f**k
an	no	水 蛭
asm	no	子孫根
cds	no	怪盜
cds	no	雜交種
cds	no	主教
om	no	屁屁
re	no	捕获器
cds	no	讨厌的人
an	no	anguilla
qas	no	実業家
om	no	残疾人
cds	no	块
ps	yes	darkie
cds	no	消逝
cds	no	惠勒经销商
cds	no	罢 工 者
qas	no	房 子 画 家
pr	no	鼠
an	no	凯 门 鳄
or	no	fuckhead
ddf	yes	身体或智力上的障碍
an	no	山羊羚羊
an	no	卑鄙小人
cds	no	反派角色
asm	no	阴茎包皮
qas	no	狗窝
cds	no	口误
asm	no	人類勃起
qas	no	茅屋
asf	no	陰道口
svp	no	惰轮
om	no	背 腹
cds	no	謊言
qas	no	平凡+的
pa	yes	职员
cds	no	高 利 贷
cds	no	刑事犯罪分子
om	no	茴香菜
re	no	抄襲
asm	no	傻子
is	yes	贫困+的
ps	yes	犹太人
asm	no	蠶豆
dmc	yes	浑蛋
pa	yes	副教授
asm	no	佛豆
asm	no	公雞
qas	no	修辭
re	no	大盗窃罪
an	no	男妓
re	no	商 业 诽 谤 ，
re	no	小偷
cds	no	說謊
an	no	邪派
ps	yes	黑 色
cds	no	ng
qas	no	中层社会+的
re	no	竊盜
an	no	混帐
svp	no	无用
qas	no	专 业 类
re	no	凶杀
cds	no	乱涂
qas	no	謊言
cds	no	兇犯
svp	no	趾高气扬+的
dmc	yes	干草屑
dmc	yes	道德败坏+的
cds	no	clan 的
an	no	废话
qas	no	资 产 阶 级
an	no	替死鬼
ddp	yes	rumourmonger
dmc	yes	说 教 的
an	no	法国蜗牛
ddp	yes	蠢材
an	no	胖子
or	no	蕓薹
ddp	yes	动 物
ddp	yes	愚昧
om	no	纳茨
ddp	yes	蒙古大夫
is	yes	悲 惨 的 小 人 ，
cds	no	粗人
ps	yes	犹太民族
dmc	yes	半品脱
or	no	白菜型油菜
an	no	diddly
cds	no	麻 烦
asf	no	傻大个
ddp	yes	蠢才
ddf	yes	流 动 性 残 疾 ，
an	no	insecta
cds	no	坏人
cds	no	固 体 废 物
re	no	逼勒
re	no	騙姦
ddp	yes	嚼
an	no	美國野牛
cds	no	混蛋
cds	no	敲诈
re	no	chiseller
qas	no	中 等 收 入
asm	no	鳥
pa	yes	教 授 extraordinarius
or	no	高丽菜
an	no	互聯網惡作劇
pr	no	偏房
is	yes	穷困+的
om	no	同性恋学术著作
an	no	siphonaptera
dmc	yes	rakehell
pa	yes	农夫
re	no	战利品
cds	no	還本
re	no	姦污
an	no	片状毛坯
cds	no	纷乱
re	no	黑手黨
asm	no	推出的干草
asm	no	傻大个
cds	no	反对票
ddp	yes	孬种
cds	no	大堆
ps	yes	刚果人种
cds	no	自 由 石 匠
asf	no	muttonhead
ddp	yes	unwiseness
re	no	海盗
qas	no	業餘愛好者
dmc	yes	伪造品
dmc	yes	撒小谎
an	no	東美角鴞
cds	no	的欺骗者
qas	no	棚屋
cds	no	放债人
an	no	家庭anguillidae
an	no	雄山羊
asm	no	深 褐 色
re	no	被盗窃的财物
an	no	capra
an	no	pip-吱吱声
svp	no	生气+的
re	no	重 罪
ddp	yes	布丁头
an	no	縱紋腹小鴞
ddp	yes	調換兒
ps	yes	吉普塞族
svp	no	偷懒
cds	no	犯人
re	no	大反派
or	no	梼
dmc	yes	混日子过
an	no	豺狼
cds	no	弃世
re	no	vilifier
cds	no	糊涂人
ddp	yes	愚蠢+的
qas	no	omnium公司的gatherum
an	no	無尾目
asm	no	雀仔
cds	no	聪明的家伙
ddp	yes	小 头 畸 形 ，
cds	no	热心
an	no	條紋鬣狗屬
ddp	yes	無意義
qas	no	實業家
dmc	yes	无聊之徒
ps	yes	流 浪 汉
ps	yes	祖魯宗教
is	yes	难过
cds	no	娼館
dmc	yes	臭
ps	yes	貝督因人
dmc	yes	虚伪+的
dmc	yes	人造人
ddf	yes	身心障礙
an	no	反派
cds	no	爽
ddf	yes	歹
an	no	身体绑架者
cds	no	败类袋
ddp	yes	地方性呆小症
an	no	温带臭虫
pr	no	prostitution
or	no	包菜
pa	yes	大厅搬运工
an	no	cimex lectularius
svp	no	七原罪
an	no	大 型 底 栖 动 物
asm	no	扯旗
ddf	yes	傷殘人士
asm	no	没有判断力的人
cds	no	女教师
cds	no	压摆
qas	no	scrounger
an	no	难以挽回
cds	no	大口吞食
ddp	yes	盱
cds	no	贼
an	no	兀鹫
asm	no	杆子
cds	no	代理人
om	no	后部
cds	no	教 育 工 作 者
re	no	诈骗
qas	no	修辭學
qas	no	商賈
an	no	柔软的触感
ddp	yes	twirp
ps	yes	汉
dmc	yes	卑鄙无耻
dmc	yes	邋遢+的
cds	no	过份正经
cds	no	茅厕
re	no	刑讯
an	no	鱷科
ddp	yes	愚侏儒病
dmc	yes	放 逐
ddp	yes	多嘴的人
svp	no	羨慕
qas	no	修辞学
ddp	yes	智 障
cds	no	混杂岩
an	no	羊隻
cds	no	受贿
re	no	反派角色
qas	no	神志失常+的
cds	no	旁观者
an	no	豕
cds	no	可怜的家伙
an	no	cakehole
cds	no	superbia
re	no	恐怖主義
ddp	yes	后生动物
cds	no	厚颜无耻
asm	no	打手枪
an	no	兽性+的
cds	no	杂种狗
qas	no	使混乱
qas	no	fib
an	no	恼火
qas	no	农民
an	no	食人動物
re	no	剽竊行為
cds	no	抽风了
cds	no	妖孽
re	no	違法
an	no	补靴
cds	no	cosa 的 诺 斯 特 拉
qas	no	教區的
an	no	红鼓
cds	no	小集团
an	no	败类袋
cds	no	操控性工作者
pa	yes	文職人員
ps	yes	嚼
an	no	娼妇
svp	no	自大+的
ps	yes	調換兒
pr	no	娼妇
ddf	yes	自残
cds	no	植 物 育 种
cds	no	顶嘴
svp	no	火气
om	no	淑女
cds	no	gallimaufry
cds	no	自作聪明
dmc	yes	放蕩主義
qas	no	提供资金
ddf	yes	残障者
cds	no	自戀型人格
asm	no	一块屁股
an	no	豬屬
an	no	軟體動物門
asm	no	青豆
asm	no	愚人
om	no	鸡奸行为，
is	yes	弃 儿
qas	no	猎犬
cds	no	学究式+的
asf	no	肛毛
om	no	sodomy
cds	no	投 反 对 票
qas	no	教区的
an	no	癩蛤蟆
an	no	蟑 螂 ，
re	no	抢劫罪
an	no	兔类
cds	no	教育家
asm	no	荷蘭豆
an	no	家畜山羊
or	no	卷心菜
ddp	yes	欺骗
is	yes	大壞人
dmc	yes	凶残+的
