ps	yes	mestizo simple
or	no	bean queen simple
pr	no	prostitute simple
om	no	closeted gay simple
dmc	yes	barbarians simple
pr	no	mistress (lover) simple
ps	yes	idiot simple
asf	no	idiot simple
ddp	yes	barbarians simple
om	no	gay male simple
cds	no	barbarian simple
cds	no	fascist simple
an	no	villain simple
an	no	street prostitution simple
pa	yes	barbarians simple
cds	no	criminal gang simple
ps	yes	idiots simple
is	yes	villain simple
asf	no	vagina simple
asf	no	cunt simple
cds	no	loan shark simple
cds	no	arrogance simple
pr	no	sex worker simple
cds	no	hypersexuality simple
re	no	rapist simple
cds	no	police officers simple
dmc	yes	villains simple
cds	no	shylock simple
re	no	villains simple
cds	no	outlaw simple
re	no	cosa nostra simple
cds	no	gang violence simple
ps	yes	nigga simple
re	no	mafioso simple
cds	no	villains simple
re	no	mafia simple
qas	no	lying simple
ddp	yes	barbarian simple
cds	no	bookworm (insect) simple
cds	no	lie simple
cds	no	dah mob simple
cds	no	usury simple
dmc	yes	bigotry simple
re	no	date rape simple
cds	no	barbarians simple
qas	no	lie simple
om	no	twink simple
ddp	yes	idiot simple
re	no	blackmail simple
ps	yes	nig simple
svp	no	bigotry simple
svp	no	rage (emotion) simple
qas	no	barbarian simple
dmc	yes	villain simple
cds	no	cosa nostra simple
cds	no	police officer simple
re	no	terrorism simple
ddp	yes	asshole simple
pr	no	prostitutes simple
ps	yes	niggar simple
cds	no	scrap simple
om	no	gay simple
pr	no	slut simple
dmc	yes	trickery simple
dmc	yes	hobos simple
or	no	cunt simple
dmc	yes	trick simple
asf	no	vaginal simple
ps	yes	barbarians simple
pr	no	prostitution simple
ps	yes	nigger simple
om	no	openly gay simple
pa	yes	barbarian simple
svp	no	rage simple
om	no	bean queen simple
pr	no	hooker simple
dmc	yes	hobo simple
asf	no	pussy simple
cds	no	italian fascism simple
cds	no	lying simple
cds	no	bigotry simple
an	no	hoax simple
re	no	terrorists simple
cds	no	pimp simple
an	no	villains simple
or	no	openly gay simple
re	no	villain simple
cds	no	highwayman simple
ddp	yes	quack simple
cds	no	mafia simple
re	no	terrorist movement simple
rci	yes	barbarians simple
ps	yes	changeling simple
qas	no	lies simple
ddp	yes	changeling simple
rci	yes	barbarian simple
cds	no	gang simple
cds	no	lies simple
or	no	closeted gay simple
ddp	yes	idiots simple
ps	yes	barbarian simple
re	no	terrorist simple
pr	no	escort-girl simple
or	no	gay simple
asf	no	changeling simple
pr	no	street prostitution simple
pr	no	whore simple
cds	no	loan sharks simple
cds	no	fascism simple
re	no	dah mob simple
pr	no	mistress simple
is	yes	villains simple
dmc	yes	barbarian simple
qas	no	barbarians simple
cds	no	mafioso simple
ps	yes	niggers simple
or	no	gay male simple
cds	no	villain simple
re	no	rape simple
cds	no	scrap metal simple
asf	no	idiots simple
