cds	no	blowhard
dmc	yes	boor
dmc	yes	villain
cds	no	oifigeach póilíní
an	no	minx
cds	no	henchmen
cds	no	wheeler déileálaí
cds	no	bruscar
ddp	yes	simpleton
cds	no	faisist
cds	no	duine slovenly
ddp	yes	tattletale
ps	yes	boche
cds	no	roguery
cds	no	faisistigh
an	no	slob
cds	no	sac brónach
cds	no	hauteur
om	no	twink
asf	no	tomfool
dmc	yes	barbarian
re	no	gníomh sceimhlitheoireachta
ps	yes	lummox
cds	no	wangler
om	no	paederast
cds	no	layabout
asm	no	jacking amach
is	yes	scrooge
an	no	diddlysquat
cds	no	phraiticiúil joker
ps	yes	glaoigh
pr	no	prostitutes
svp	no	gabhálach
re	no	slanderer
cds	no	muggins
re	no	villain
ddp	yes	arsehole
re	no	mafia
cds	no	banditti
ps	yes	dteagmháil bog
cds	no	madra salach
asf	no	folderol
svp	no	dilly-dallier
dmc	yes	bigoted
cds	no	iasachtaí airgid
an	no	villain tragóideach
ddp	yes	dumbass
svp	no	slacker
pr	no	buachaillí cíosa
ddp	yes	blockhead
an	no	prostitute fireann
an	no	profiteer
cds	no	folderol
cds	no	fhadhb
dmc	yes	stink
cds	no	satyriasis
ddp	yes	numskull
pr	no	prostitute fireann
cds	no	hoaxer
cds	no	rumourmonger
re	no	raping
ddp	yes	blabber
cds	no	procuress
dmc	yes	lingerer
an	no	rentboy
cds	no	arrogance
pr	no	bhean pléisiúir
cds	no	meirleach
dmc	yes	dillydallier
ddp	yes	talebearer
svp	no	vainglory
cds	no	simpleton
ddp	yes	riffraff
dmc	yes	tramp
asm	no	amadán
asm	no	gullibility
asf	no	dunderhead
cds	no	foréigean gang
cds	no	highwayman
ps	yes	nigga
cds	no	charlatan
pa	yes	barbaric
cds	no	motherfucker
an	no	dunce
dmc	yes	dia trickster
dmc	yes	sac brónach
asm	no	tairne
cds	no	jacking amach
dmc	yes	scoundrel
ps	yes	jigaboo
qas	no	freeloader
dmc	yes	slíbhín
asf	no	shithead
an	no	scoundrel
or	no	dunderhead
dmc	yes	goof-uaire
an	no	sluggard
an	no	fathead
ddp	yes	moron
ps	yes	changelings
ps	yes	mongoloid
qas	no	troublemaker
ps	yes	retard
an	no	rógaire
dmc	yes	rube
dmc	yes	fhealltóir
or	no	muttonhead
asf	no	cunt
cds	no	bumpkin
an	no	neamhinniúil
cds	no	slyboots
cds	no	iasachtóirí airgid
or	no	ghluaiseacht homophile
cds	no	scrawler
asm	no	píosa asal
ddp	yes	curmudgeon
pr	no	bean scaoilte
cds	no	pudden-cheann
cds	no	bootlicker
pr	no	hogwash
cds	no	persecutor
svp	no	haughtiness
ddp	yes	botcher
ps	yes	mestizo
cds	no	amateurishness
pr	no	comare
qas	no	amateurishness
cds	no	nerdy
qas	no	mooch
cds	no	slackers
or	no	bonehead
svp	no	trencher
asf	no	fuckhead
ddf	yes	gránna
ddp	yes	blunderer
or	no	queer
dmc	yes	dissimulator
an	no	villain
an	no	bonehead
asm	no	tomfool
qas	no	conformist
dmc	yes	faker
cds	no	finagler
qas	no	déantóir dtrioblóid
svp	no	vanity
cds	no	stickler
ddp	yes	dúr
ddp	yes	duine uneducated
pa	yes	barbarian
cds	no	fabricator
an	no	midget
is	yes	skinflint
an	no	wuss
asf	no	amadán
dmc	yes	yokel
an	no	dunderhead
cds	no	faillitheoir
an	no	nathair
cds	no	gossipmonger
pr	no	adulteress
re	no	villainess
dmc	yes	deception
ddp	yes	nincompoop
ps	yes	patsy
pr	no	harlotry
cds	no	maiseanna
cds	no	fib
pr	no	streetwalker
qas	no	dúsachtach
cds	no	usurer
cds	no	sneak thief
cds	no	coiriúil
dmc	yes	hypocrite
cds	no	post a lámh
cds	no	bréag
pr	no	bunkum
cds	no	mafioso
om	no	péidearastach
om	no	aerach
re	no	éigniú
cds	no	ard-handedness
cds	no	amháin go tapa
cds	no	foxiness
cds	no	complainer
an	no	floozie
cds	no	hellion
cds	no	dogmatism
asf	no	cretin
rci	yes	boor
asf	no	cailín
asm	no	twerp
re	no	villainous
asm	no	nincompoop
ddp	yes	gossipmonger
an	no	zooerastia
cds	no	dweeb
cds	no	henchman
asm	no	slat
ps	yes	titim guy
asf	no	muggins
cds	no	penman
an	no	ignoramus
dmc	yes	rógaire
cds	no	wank
re	no	éigniú dáta
dmc	yes	a dhéanamh-aon rud
ps	yes	nitwit
ddp	yes	duine dúr
is	yes	villain
an	no	bradacha
ddp	yes	quack
cds	no	pander
ddp	yes	zooerastia
cds	no	mafia
pr	no	máistreás
ddp	yes	lunkhead
an	no	dumbass
an	no	hoaxes
pr	no	bean na sráide
svp	no	conceitedness
svp	no	ionsaitheach
cds	no	pimp
cds	no	oifigigh póilíní
dmc	yes	hypocrisy
cds	no	mhór right-winger
qas	no	boor
cds	no	snoop
an	no	sráide cailín
re	no	sicileach mafia
cds	no	bangharda
cds	no	eisreachtú
dmc	yes	sin-agus-sin
an	no	grossness
cds	no	groveller
ps	yes	mongoloids
an	no	marauder
ddp	yes	quackery
an	no	sloven
pr	no	bean slovenly
svp	no	skinflint
dmc	yes	cealgaireacht
an	no	patsy
ps	yes	chump
svp	no	shirker
cds	no	sluggard
an	no	villainess
cds	no	bigoted
asf	no	pussy
an	no	duine neamhinniúil
asm	no	rolla ar an féar
cds	no	pilferer
ddp	yes	ainbhios
re	no	rapists
svp	no	cheapskate
cds	no	tomfool
ddp	yes	aineolas
ddp	yes	cretin
ddp	yes	taleteller
an	no	slowcoach
pr	no	prostitute
ddp	yes	barbarians
ps	yes	barbaric
dmc	yes	runt
cds	no	fanatic
qas	no	ragtag agus bobtail
pr	no	buncombe
pr	no	harlot
cds	no	fios gnó go léir
cds	no	wonk
ddp	yes	retard
or	no	dumbass
cds	no	cliste aleck
cds	no	pimps
cds	no	miscreant
cds	no	prig
asm	no	wanker
dmc	yes	pilferer
cds	no	brigand
or	no	blockhead
qas	no	bréag
cds	no	snob
ddp	yes	ragtag
an	no	blockhead
dmc	yes	delinquent óg
ddp	yes	pudden-cheann
cds	no	barbarians
asf	no	síofra
asm	no	post a lámh
asf	no	patsy
re	no	dúmhál
cds	no	ultraconservative
pr	no	striapach
asm	no	ninny
cds	no	mischievous
ddp	yes	fumbler
cds	no	loanshark
asf	no	dumbass
ddp	yes	gossiper
ddp	yes	zooerasty
pa	yes	barbarians
ddp	yes	knucklehead
cds	no	fibber
dmc	yes	madra salach
asm	no	píosa eireaball
cds	no	gníomhaire bóthair
cds	no	snooper
dmc	yes	shirker
cds	no	póilíní
cds	no	idler
rci	yes	a thoghfaidh
asm	no	flouter
ddp	yes	leathcheann
or	no	numskull
asm	no	shtup
cds	no	craven
cds	no	fanaticism
cds	no	newsmonger
re	no	rapist sraitheach
cds	no	venality
asf	no	titim guy
qas	no	speisialtóireachta
or	no	homophile
an	no	diddlyshit
cds	no	bellyacher
asf	no	twat
cds	no	bastaird
an	no	buachaill cíos
or	no	ceann maróg
asm	no	bod
dmc	yes	scum mála
an	no	folderol
cds	no	policeman
cds	no	mob
svp	no	amour propre
re	no	mafioso
asm	no	ag fuck
pr	no	floozie
dmc	yes	dea-do-aon rud
svp	no	mosach
cds	no	bradach
an	no	shithead
dmc	yes	dea-do-naught
cds	no	reactionary
ddp	yes	ragtag agus bobtail
cds	no	mafia hiodáile
cds	no	sicileach mafia
cds	no	schoolmarm
dmc	yes	foetor
cds	no	patsy
qas	no	bumbler
dmc	yes	loiterer
cds	no	yokel
re	no	backbiter
cds	no	boor
cds	no	chump
cds	no	addict
or	no	iasc lag
pa	yes	uncouthness
svp	no	layabout
re	no	debaucher
asm	no	credulousness
dmc	yes	hypocritical
dmc	yes	lowlife
an	no	vamper
dmc	yes	prevaricator
re	no	éigniú fhorneartach
ddp	yes	glaoigh
ddp	yes	muttonhead
ddp	yes	tomfool
cds	no	dickhead
cds	no	meatacht
qas	no	troubler
ps	yes	ruiner
cds	no	dúr
cds	no	siorcanna iasachta
cds	no	slíbhín
om	no	homaighnéasach
dmc	yes	grifter
cds	no	faisisteachas
asf	no	wench
svp	no	ard-handedness
qas	no	fib
asm	no	jeerer
cds	no	sloven
cds	no	gossiper
qas	no	tagalong
cds	no	whiner
re	no	villain tragóideach
an	no	inexorability
asf	no	chump
pr	no	slaig
is	yes	villainess
svp	no	dea-do-aon rud
asf	no	óinseach
ps	yes	darkey
ddp	yes	bungler
dmc	yes	barbarous
qas	no	riffraff
dmc	yes	cheater
ps	yes	mestizos
is	yes	niggard
asf	no	simpleton
cds	no	chiseler
cds	no	brusaireacht
ps	yes	nigra
asf	no	fhaighin
cds	no	nosy-parker
cds	no	meirleachas
om	no	ghluaiseacht homophile
an	no	hoax
ddp	yes	newsmonger
ddp	yes	stupidity
cds	no	droch-devil
qas	no	mischief-déantóir
cds	no	barbaric
svp	no	slackers
cds	no	mischief a dhéanamh
re	no	rógaire
cds	no	tricker
an	no	simpleton
asf	no	changelings
svp	no	lazybones
cds	no	spriosain
ddp	yes	nitwit
an	no	zooerasty
cds	no	reprobate
cds	no	faisisteach
ps	yes	amadán
cds	no	swot
pr	no	guff
cds	no	git
dmc	yes	pseudo
ddp	yes	síofra
dmc	yes	blunderer
ddp	yes	patsy
ddp	yes	fathead
ddp	yes	amadán
or	no	daoine aeracha
asm	no	screwing
asm	no	nookie
ps	yes	dimwit
cds	no	pillock
an	no	prickteaser
cds	no	demagogic
ddp	yes	saphead
cds	no	conceitedness
cds	no	hack liteartha
cds	no	sniveller
ddp	yes	neamhinniúil
dmc	yes	bumpkin
dmc	yes	idler
ddp	yes	leibide
pr	no	rentboy
or	no	dolt
asf	no	dteagmháil bog
an	no	muttonhead
cds	no	líne-shooter
cds	no	egotism
cds	no	chawbacon
cds	no	grumbler
ps	yes	moron
cds	no	fhaisisteachais
om	no	fagot
an	no	blackguard
dmc	yes	pseud
asf	no	nitwit
is	yes	ragamuffin
or	no	twat
om	no	queer
dmc	yes	aithriseach
qas	no	barbarian
an	no	buachaillí cíosa
cds	no	splashiness
cds	no	delinquent
cds	no	swindler
pr	no	hellcat
an	no	leibide
qas	no	hanger ar
cds	no	boastfulness
or	no	simpleton
cds	no	diabhlaíocht
dmc	yes	dallier
cds	no	rabble-rouser
cds	no	shirker
ddp	yes	duine neamhinniúil
is	yes	miser
cds	no	iasachta airgid
asm	no	jerking amach
cds	no	sholáthar
an	no	betise
om	no	poove
dmc	yes	roue
cds	no	hayseed
cds	no	ceann ataithe
cds	no	jerk-uaire
an	no	hoax idirlíon
dmc	yes	faillitheoir
re	no	traducer
an	no	duine slovenly
or	no	lunkhead
re	no	delinquent
svp	no	bigoted
an	no	codswallop
cds	no	rookie
ps	yes	mestizaje
cds	no	jerking amach
cds	no	bungler
or	no	pit
re	no	mafia hiodáile
qas	no	sciolist
ddf	yes	runt
re	no	maifia
an	no	diddley
an	no	ragtag
cds	no	mafia na hiodáile
rci	yes	barbarians
cds	no	busybody
dmc	yes	phoney
pa	yes	a thoghfaidh
cds	no	vaunter
re	no	raper
cds	no	óinseach
svp	no	futility
cds	no	cop
ddp	yes	fuckhead
dmc	yes	phony
an	no	choimhdeacht fireann
cds	no	usury
om	no	homophile
dmc	yes	duine dona
asf	no	lunkhead
cds	no	praiseach
dmc	yes	turncoat
an	no	knucklehead
dmc	yes	impostor
pr	no	hussy
cds	no	schoolma'am
dmc	yes	slacker
qas	no	sac brónach
ddp	yes	telltale
cds	no	hoi polloi
ddp	yes	amaideach
dmc	yes	defrauder
qas	no	fumbler
cds	no	a dhiúltú
asm	no	leibide
asf	no	knucklehead
pr	no	striapachas
pr	no	slut
cds	no	moaner
cds	no	leibide
cds	no	gang sráide
pr	no	floozy
dmc	yes	mope
asm	no	muggins
cds	no	bradacha
an	no	faillitheoir
ps	yes	jerry
ddp	yes	doofus
cds	no	presumptuousness
ddp	yes	stupe
dmc	yes	reek
asf	no	imbecile
ps	yes	síofra
dmc	yes	fetor
cds	no	ciallmhar guy
an	no	duine uneducated
asm	no	nooky
cds	no	dronganna
re	no	mafia sicile
an	no	fuckhead
ddp	yes	a thoghfaidh
cds	no	cneámhaireacht
ddp	yes	dteagmháil bog
pr	no	meirdreach
pr	no	strumpet
an	no	nathair san fhéar
ddp	yes	calaois sláinte
qas	no	bungler
ddp	yes	dunce
cds	no	nympho
cds	no	linn hustling
cds	no	mountebank
pr	no	john
cds	no	quidnunc
qas	no	falsity
an	no	numskull
cds	no	mussiness
dmc	yes	droch-devil
cds	no	falsity
svp	no	superbia
cds	no	slob
dmc	yes	malodour
cds	no	rube
qas	no	barbaric
dmc	yes	drochbhéasach
om	no	duine faoi mhíchumas
cds	no	peacach
cds	no	bragger
dmc	yes	hobos
an	no	tomfool
cds	no	swaggerer
ddp	yes	shithead
ps	yes	krauthead
ps	yes	barbarians
an	no	floozy
cds	no	cowardliness
re	no	maligner
asm	no	twirp
cds	no	a thoghfaidh
dmc	yes	bradacha
asf	no	codswallop
ps	yes	bacach
dmc	yes	leath-pionta
ddp	yes	dolt
cds	no	defrauder
an	no	nanus
dmc	yes	wastrel
ddp	yes	viciousness
ps	yes	imbecile
re	no	raped
dmc	yes	villainess
an	no	diddly-squat
ddp	yes	asshole
ddp	yes	bestiality
ddp	yes	barbaric
pr	no	spóirt bhean
an	no	muggins
cds	no	mhustar
re	no	blackmailing
cds	no	siorc iasacht
an	no	riffraff
ddp	yes	twerp
cds	no	taleteller
qas	no	cadger
cds	no	slyness
ddp	yes	dupe
cds	no	úll polisher
pr	no	sráide cailín
ddp	yes	nonsense
cds	no	dolt
pr	no	striapachas fireann
dmc	yes	bumbler
qas	no	marú
svp	no	boastfulness
cds	no	loansharking
cds	no	fumbler
qas	no	a thoghfaidh
cds	no	blunderer
dmc	yes	a thoghfaidh
cds	no	stupe
dmc	yes	olc
ddp	yes	leibideach
cds	no	amadán
re	no	scoundrel
asf	no	leathcheann
svp	no	aon-chuntas
or	no	aerach
cds	no	slíghbhín
cds	no	namby-pamby
ddp	yes	mountebank
or	no	dúr
an	no	amadán
cds	no	dronganna óige
ddp	yes	boor
dmc	yes	áit chlochach
cds	no	fhios-é-gach
an	no	scum mála
cds	no	gang
re	no	bradacha
cds	no	ceann maróg
is	yes	tightwad
rci	yes	barbaric
cds	no	nerd
pa	yes	boor
dmc	yes	imposter
an	no	diddly-cac
ddp	yes	dochtúir quack
svp	no	hauteur
cds	no	meddler
pr	no	seirbhísí gnéis
dmc	yes	aon-chuntas
asm	no	wank
is	yes	tatterdemalion
an	no	striapach
cds	no	maifia
asm	no	fucking
ddp	yes	bonehead
dmc	yes	dilly-dallier
dmc	yes	barbaric
svp	no	scrooge
asm	no	dimwit
ddp	yes	barbarous
cds	no	coirpeach
cds	no	biogóideacht
an	no	chaser sciorta
pr	no	fornicatress
cds	no	botcher
cds	no	gangsterism
cds	no	blackguard
cds	no	dara rater
cds	no	looker ar
cds	no	fanatism
cds	no	haughtiness
ddp	yes	pillock
or	no	stupe
svp	no	liúdramán
cds	no	telltale
dmc	yes	stench
svp	no	ravenousness
asm	no	fuck
cds	no	dramhaíl sholadach chathrach
cds	no	iasc lag
dmc	yes	liar
asf	no	doofus
cds	no	bhfeallaire
an	no	bata-i-an-láibe
svp	no	niggard
cds	no	mischief
ddp	yes	sac brónach
cds	no	weisenheimer
svp	no	arrogance
an	no	bestiality
pr	no	bawd
cds	no	wiliness
an	no	villainous
cds	no	scamp
cds	no	chiseller
ps	yes	kraut
or	no	dunce
dmc	yes	deceit
re	no	libeler
an	no	spriosain
cds	no	schoolmistress
an	no	ferociousness
cds	no	máthair fucker
dmc	yes	ne'er-a dhéanamh-maith
cds	no	duine dúr
re	no	gníomhú sceimhlitheoireachta
cds	no	dastardliness
dmc	yes	fabricator
pr	no	fraochún
ps	yes	barbarian
cds	no	dealaithe
cds	no	effrontery
dmc	yes	chiseller
ps	yes	barbarous
cds	no	villain
svp	no	niggardness
asf	no	saphead
dmc	yes	lazybones
re	no	rapist
is	yes	scoundrel
dmc	yes	bigot
svp	no	dea-do-naught
cds	no	pimping
an	no	jilt
an	no	vamp
an	no	fhios ag aon rud
dmc	yes	swindler
qas	no	barbarous
asf	no	faighin
dmc	yes	deceiver
cds	no	tattletale
ddp	yes	dimwit
or	no	shithead
svp	no	minginess
cds	no	poltroon
cds	no	grifter
om	no	poof
an	no	ragtag agus bobtail
dmc	yes	delinquent
asm	no	dteagmháil bog
is	yes	villainous
svp	no	dillydallier
cds	no	liúdramán
cds	no	hick
cds	no	cheekiness
ddf	yes	nanus
asm	no	saphead
ddp	yes	twaddler
cds	no	conformist
asf	no	moron
ddp	yes	dunderhead
cds	no	boaster
ddp	yes	ignoramus
an	no	cuckold
ddp	yes	informer
cds	no	amour propre
svp	no	mope
cds	no	scammer
ddp	yes	barbarian
dmc	yes	libertine
svp	no	trencherman
asm	no	chump
or	no	poof
or	no	pillock
an	no	duine dona
an	no	soith
cds	no	lazybones
pr	no	whoredom
qas	no	moocher
cds	no	wuss
ddp	yes	hokum
or	no	nance
svp	no	miser
cds	no	meata
or	no	poove
cds	no	demagog
pr	no	bhean choimeád
dmc	yes	hick
om	no	leanbh molester
cds	no	gearrtha suas
cds	no	an unwashed mór
an	no	striapachas fireann
ps	yes	darkie
ps	yes	doofus
cds	no	scum mála
asf	no	blockhead
or	no	fuckhead
cds	no	rotter
re	no	defamer
dmc	yes	hayseed
dmc	yes	debauchee
re	no	dáta-éigniú
asm	no	jerk-uaire
cds	no	diabhal
ddp	yes	ceann maróg
ps	yes	uprooter
cds	no	villain tragóideach
ddp	yes	iasc lag
an	no	madra salach
dmc	yes	blackguard
cds	no	ragtag agus bobtail
svp	no	gourmandizer
cds	no	fascists
svp	no	niggardliness
ddp	yes	blabbermouth
pr	no	buachaill cíos
dmc	yes	slíghbhín
an	no	miser
an	no	rotter
is	yes	villain tragóideach
rci	yes	barbarian
an	no	óinseach
cds	no	outlawed
an	no	chump
pa	yes	barbarous
dmc	yes	sneak thief
dmc	yes	layabout
cds	no	réimeas faisisteacha
pr	no	bean choimeád
qas	no	dauber
dmc	yes	liúdramán
cds	no	rumormonger
cds	no	barbarous
an	no	lunkhead
cds	no	neamhord
ddp	yes	betise
ddp	yes	bumbler
svp	no	gourmand
dmc	yes	villain tragóideach
ddp	yes	motherfucker
cds	no	duffer
cds	no	vanity
or	no	homaighnéasach
re	no	robúlaí
ps	yes	boor
cds	no	lowlife
svp	no	a dhéanamh-aon rud
cds	no	pompousness
ddp	yes	codswallop
cds	no	truckler
ddp	yes	rumourmonger
cds	no	nymphomania
ddp	yes	leigheas quack
cds	no	cultúr gang
dmc	yes	slackers
cds	no	villainous
dmc	yes	libertinism
ps	yes	leathcheann
cds	no	talebearer
dmc	yes	trifler
an	no	diddly
dmc	yes	fibber
cds	no	pedantic
cds	no	windbag
dmc	yes	dissembler
om	no	namby-pamby
re	no	ghníomh sceimhlitheoireachta
ddp	yes	prater
svp	no	ne'er-a dhéanamh-maith
om	no	pederast
ddp	yes	fonormálta
ddf	yes	cnádaí
an	no	streetwalker
asf	no	vagina
cds	no	saphead
cds	no	slacker
asf	no	leibide
cds	no	leath-pionta
cds	no	mischief coiriúil
cds	no	ostentatiousness
asf	no	pit
asf	no	faighne
dmc	yes	chawbacon
qas	no	a dhiúltú
svp	no	rage
or	no	cunt
cds	no	wisenheimer
dmc	yes	rakehell
cds	no	dronganna sráide
cds	no	coward
cds	no	iarann dramh
ddp	yes	foolish
ps	yes	pikey
cds	no	villainess
asm	no	titim guy
pr	no	crawling colbha
asf	no	muttonhead
is	yes	beggar
cds	no	vainglory
cds	no	codswallop
ps	yes	leath-cine
cds	no	riffraff
cds	no	hypersexual
re	no	sceimhlitheoireacht
an	no	pip-squeak
cds	no	puzzler
ddp	yes	mac a bitch
pr	no	soith
an	no	vulgarity
cds	no	zealotry
dmc	yes	villainous
cds	no	blabbermouth
an	no	viciousness
asm	no	patsy
dmc	yes	hobo
an	no	relentlessness
is	yes	cheapskate
dmc	yes	meirleach
an	no	trick salach
dmc	yes	git
ps	yes	leath-caste
cds	no	deacracht
or	no	knucklehead
svp	no	idler
cds	no	ball gang
re	no	mafiosi
ddp	yes	nonsensical
cds	no	hypersexuality
ddp	yes	muggins
re	no	mafia na hiodáile
dmc	yes	barbarians
ps	yes	cretin
ddp	yes	chump
an	no	chaser bean
svp	no	dallier
cds	no	bigot
re	no	vilifier
cds	no	oifigeach
cds	no	mystifier
cds	no	fawner
cds	no	pomposity
ddp	yes	imbecile
asm	no	betise
asf	no	bonehead
cds	no	robúlaí
ddp	yes	lummox
cds	no	malefactor
dmc	yes	deceptive
asf	no	dimwit
ps	yes	darky
ddp	yes	ninny
cds	no	greenhorn
is	yes	droch-devil
dmc	yes	brigand
asm	no	nitwit
ddp	yes	folderol
cds	no	groveler
ddp	yes	nonsensicality
cds	no	a dhéanamh-aon rud
cds	no	scoundrel
asm	no	óinseach
an	no	slowpoke
an	no	cnádaí
an	no	git
an	no	dteagmháil bog
ddp	yes	bacach
ddp	yes	charlatan
qas	no	scrounger
cds	no	pedant
svp	no	tightwad
om	no	nance
dmc	yes	apostate
re	no	sceimhlitheoirí
cds	no	marú
cds	no	timeserver
ps	yes	lout
ps	yes	a thoghfaidh
qas	no	dealaithe
asf	no	retard
ddp	yes	twirp
cds	no	caitiff
an	no	namby-pamby
rci	yes	barbarous
an	no	doodly-squat
an	no	sin-agus-sin
qas	no	botcher
ddp	yes	titim guy
cds	no	titim guy
re	no	delinquent óg
ddp	yes	changelings
cds	no	bumbler
cds	no	tá a fhios-é-gach
ddp	yes	bastaird
qas	no	blunderer
cds	no	wanker
asf	no	numskull
cds	no	prankster
cds	no	pandar
ddf	yes	midget
cds	no	mafia sicile
dmc	yes	trickster
cds	no	mafiosi
dmc	yes	treasonist
an	no	pudge
asf	no	betise
cds	no	sin-agus-sin
cds	no	superbia
an	no	raunch
cds	no	máistir striapach
ddp	yes	tóin
cds	no	wiseacre
dmc	yes	bréagach
re	no	rapes
dmc	yes	dara rater
cds	no	rógaire
cds	no	demagogue
cds	no	dramhaíl sholadach
an	no	coquette
cds	no	mac a bitch
dmc	yes	robúlaí
ddp	yes	dickhead
an	no	inexorableness
cds	no	barbarian
dmc	yes	scammer
dmc	yes	malodor
or	no	pudden-cheann
an	no	lowlife
svp	no	goof-uaire
asm	no	stupidity
cds	no	nymphomaniac
cds	no	egotistical
cds	no	dteagmháil bog
dmc	yes	bungler
cds	no	sharking iasacht
cds	no	ragtag
an	no	saphead
cds	no	onlooker
an	no	striapach sráide
asf	no	dunce
cds	no	hustling
cds	no	delinquent óg
dmc	yes	chiseler
svp	no	sluggard
ddp	yes	óinseach
om	no	daoine aeracha
ddf	yes	leath-pionta
ddp	yes	ferociousness
pr	no	fraochún crack
dmc	yes	dissimulation
svp	no	indolence
pr	no	choimhdeacht fireann
ddp	yes	lout
or	no	duine dúr
an	no	coward
an	no	titim guy
svp	no	gorger
svp	no	tightfistedness
ddp	yes	fhios ag aon rud
ddp	yes	máthair fucker
pr	no	striapach sráide
dmc	yes	duffer
dmc	yes	botcher
qas	no	hata dona
cds	no	muss
ps	yes	nigger
asm	no	doofus
cds	no	runt
cds	no	bookworm
cds	no	scríbhneoir hack
cds	no	braggart
qas	no	barbarians
ddp	yes	rumormonger
or	no	fagot
dmc	yes	rotter
svp	no	bigot
qas	no	ragtag
dmc	yes	fumbler
