cds	no	blowhard
cds	no	paltrows
dmc	yes	boor
asm	no	tosse
cds	no	moneylending
re	no	slyngelstater
cds	no	fjols
an	no	minx
cds	no	halv-pint
ddp	yes	idiot
cds	no	blæksort
ps	yes	fæhoved
an	no	fupnummer
an	no	fæhoved
cds	no	skrot
ddp	yes	tattletale
ps	yes	boche
an	no	fråser
cds	no	roguery
or	no	gay
cds	no	svækling
asf	no	dumrian
an	no	brutal
cds	no	dagdriver
cds	no	hauteur
om	no	twink
cds	no	barbar
asf	no	tomfool
asm	no	fladpande
ps	yes	lummox
asm	no	diller
om	no	paederast
cds	no	layabout
an	no	diddlysquat
pr	no	prostitueret
dmc	yes	trickster gud
dmc	yes	snige tyv
ps	yes	fjols
cds	no	muggins
svp	no	niggard
cds	no	skurkagtige
cds	no	brøgger
ddp	yes	arsehole
ddp	yes	tumpe
re	no	mafia
asm	no	credulousness
asf	no	folderol
svp	no	dilly-dallier
dmc	yes	blæksort
cds	no	budding hoved
pr	no	husleje dreng
ddp	yes	dumbass
dmc	yes	doven
svp	no	slacker
pr	no	prostitutionen
cds	no	folderol
cds	no	satyriasis
an	no	bluffnummer
dmc	yes	skurk
dmc	yes	løgner
ddp	yes	nonsens
an	no	beskidt hund
cds	no	rumourmonger
cds	no	ostentatiousness
cds	no	procuress
re	no	voldtog
dmc	yes	lingerer
re	no	røver
an	no	rentboy
cds	no	arrogance
dmc	yes	dillydallier
ddp	yes	talebearer
cds	no	betjenten
dmc	yes	dårlig
ddp	yes	riffraff
dmc	yes	ne'er-do-godt
an	no	dumrian
dmc	yes	tramp
dmc	yes	umoralsk
dmc	yes	cheater
asf	no	dunderhead
or	no	homoseksuelle
asm	no	idiot
pr	no	skøge
dmc	yes	falske
cds	no	highwayman
re	no	skurkagtige
ps	yes	nigga
svp	no	ugidelig
cds	no	motherfucker
an	no	pip-knirke
an	no	fjols
ps	yes	barbar
an	no	kylling
cds	no	onanere
cds	no	snige tyv
ps	yes	debil person
cds	no	narkoman
dmc	yes	dagdriver
ddp	yes	tåbe
ps	yes	jigaboo
qas	no	freeloader
or	no	dunderhead
asf	no	tøs
an	no	mandlig escort
an	no	sluggard
ps	yes	falde fyr
qas	no	aflivning
ps	yes	changelings
ddp	yes	vide noget
cds	no	bandekrige
svp	no	dagdriver
re	no	tragisk skurk
ps	yes	retard
dmc	yes	rube
cds	no	drillesyg
qas	no	falskhed
dmc	yes	bedragerne
ddp	yes	fæ
an	no	gnier
or	no	muttonhead
ps	yes	idiot
cds	no	bumpkin
cds	no	fortastede
cds	no	slyboots
re	no	forbryderorganisation
cds	no	line-shooter
ddp	yes	curmudgeon
re	no	terrorist
pa	yes	klodsethed
ddf	yes	mandsling
dmc	yes	tragisk skurk
ps	yes	mestizo
cds	no	amateurishness
svp	no	hævngerrig
pr	no	comare
asf	no	fæ
qas	no	amateurishness
qas	no	mooch
or	no	dum
ddp	yes	barbariske
cds	no	slackers
or	no	pudden-head
qas	no	dilettant
an	no	svin
cds	no	villainess
cds	no	grifter
cds	no	alfons
qas	no	barbar
ddp	yes	blunderer
re	no	debaucher
dmc	yes	bøtcher
or	no	queer
or	no	pillock
ps	yes	soft touch
ps	yes	halv-kaste
an	no	bonehead
asm	no	tomfool
cds	no	dumme
cds	no	finagler
an	no	dirty trick
cds	no	fanatisk
an	no	skvat
cds	no	reaktionisme
cds	no	løgn
cds	no	dum
cds	no	truckler
ddf	yes	halv-pint
ddp	yes	kvaksalvere
is	yes	skinflint
cds	no	sjuske
ddp	yes	skifting
ddp	yes	sundhed bedrageri
pr	no	crack hore
om	no	homoseksuelle
qas	no	usandhed
cds	no	wangler
cds	no	gossipmonger
re	no	villainess
re	no	mafiosi
ddp	yes	nincompoop
cds	no	stakkels fisk
ps	yes	patsy
cds	no	fascistisk
cds	no	reaktionær
cds	no	pedantisk
or	no	pikhoved
cds	no	fib
pr	no	streetwalker
is	yes	joakim
an	no	kujon
dmc	yes	hyklerisk
cds	no	fanatiker
pr	no	bunkum
cds	no	mafioso
om	no	pæderast
cds	no	svindler
ddf	yes	dværg
pr	no	ludder
an	no	slob
cds	no	foxiness
cds	no	klodrian
an	no	floozie
cds	no	hellion
asf	no	cretin
dmc	yes	bedrag
cds	no	politibetjent
rci	yes	boor
ddp	yes	dumrian
cds	no	yderste højre-fløjen
asm	no	nincompoop
ddp	yes	gossipmonger
an	no	zooerastia
cds	no	dweeb
cds	no	bedragerne
asf	no	pikhoved
ddp	yes	drønnert
cds	no	penman
ddp	yes	kvaksalver medicin
cds	no	mordvarg
svp	no	arrogant
cds	no	bogorm
cds	no	wank
ddp	yes	trist sæk
cds	no	den store uvaskede
ddp	yes	kvaksalver
an	no	vide noget
cds	no	strisser
cds	no	barbariske
cds	no	pander
dmc	yes	bandit
ddp	yes	zooerastia
cds	no	mafia
ddp	yes	lunkhead
an	no	dumbass
asf	no	moderskede
svp	no	shirker
svp	no	conceitedness
svp	no	galskab
asf	no	tumpe
pr	no	kommercielle seksuelle
pr	no	elskerinde
qas	no	boor
cds	no	snoop
or	no	homoseksuel
ddp	yes	pak
re	no	afpressede
cds	no	banditter
an	no	fedtsyl
pr	no	bole
an	no	grossness
svp	no	gnier
cds	no	groveller
ps	yes	mongoloids
an	no	marauder
cds	no	venality
an	no	sloven
is	yes	cheapskate
svp	no	skinflint
re	no	terrorisme
an	no	patsy
re	no	pengeafpresning
cds	no	sluggard
cds	no	løgner
an	no	villainess
asm	no	pik
re	no	voldtægt
cds	no	hack writer
ddp	yes	dum
cds	no	pilferer
asm	no	jacking off
is	yes	tragisk skurk
dmc	yes	scum taske
pr	no	slagge
svp	no	cheapskate
cds	no	tomfool
cds	no	fascistiske
dmc	yes	pseudo
ddp	yes	cretin
ddp	yes	taleteller
cds	no	bandit
an	no	slowcoach
dmc	yes	churl
cds	no	uorden
dmc	yes	frafalden
dmc	yes	runt
cds	no	fredløs
dmc	yes	uhøflige
cds	no	fascister
pr	no	buncombe
cds	no	sicilianske mafia
re	no	rogue
an	no	gadeprostitution
dmc	yes	højforræderi
dmc	yes	snæversynet
dmc	yes	trist sæk
cds	no	wonk
cds	no	fejhed
an	no	hore
ddp	yes	retard
or	no	dumbass
dmc	yes	ildelugtende
dmc	yes	frafaldne
pa	yes	barbarer
an	no	ondskab
asm	no	wanker
dmc	yes	pilferer
cds	no	ved-all
re	no	kriminel
svp	no	drivert
cds	no	ros
pr	no	strumpet
ddp	yes	ragtag
an	no	ko
cds	no	rogue
ps	yes	mestizer
asf	no	skifting
ps	yes	nigra
cds	no	lån sharking
or	no	kusse
an	no	soft touch
or	no	dumme
dmc	yes	beskidt hund
an	no	slange i græsset
qas	no	pak
cds	no	problem
an	no	sjuske
re	no	bagtaler
an	no	bestialitet
ddp	yes	tykhovedet
asm	no	ninny
cds	no	know-it-all
ddp	yes	fumbler
cds	no	metalaffald
ddp	yes	røvhul
cds	no	konform
cds	no	masserne
cds	no	penge udlån
ddp	yes	gossiper
ddp	yes	zooerasty
ddp	yes	knucklehead
cds	no	fibber
asf	no	fisse
or	no	budding hoved
an	no	idiot
re	no	handle af terrorisme
asm	no	onanere
cds	no	snooper
dmc	yes	shirker
an	no	stick-in-the-mudder
pr	no	sjusket kvinde
asm	no	flouter
or	no	numskull
an	no	fæ
cds	no	selvretfærdig
asm	no	shtup
pr	no	lady af glæde
cds	no	falde fyr
cds	no	craven
cds	no	fidus
an	no	rappenskralde
is	yes	tigger
cds	no	newsmonger
cds	no	wheeler dealer
cds	no	hybris
cds	no	praktisk joker
cds	no	jacking off
an	no	nederdel chaser
an	no	diddlyshit
cds	no	bellyacher
asf	no	twat
asm	no	knalde
is	yes	stakkels djævel
an	no	folderol
svp	no	opfarende
an	no	luder
dmc	yes	barbar
cds	no	åndssvag
ddp	yes	pikhoved
re	no	mafioso
pr	no	kvinde af gaden
re	no	date rape
pr	no	floozie
ddp	yes	dimwit
an	no	scum taske
cds	no	hyperseksualitet
asm	no	fjumrehoved
qas	no	løgner
cds	no	reaktionarisme
cds	no	schoolmarm
svp	no	rendegraver
cds	no	slob
cds	no	gadebander
asm	no	jerk-off
cds	no	patsy
qas	no	bumbler
dmc	yes	loiterer
cds	no	falskhed
re	no	backbiter
cds	no	boor
cds	no	duffer
cds	no	frasortering
cds	no	tumpe
cds	no	åger
dmc	yes	røver
om	no	homophile
svp	no	layabout
cds	no	loanshark
asm	no	falde fyr
asf	no	vaginal
dmc	yes	lowlife
an	no	vamper
dmc	yes	prevaricator
ddp	yes	angiver
qas	no	barbarer
ddp	yes	mor fucker
cds	no	dum person
ddp	yes	muttonhead
ddp	yes	tomfool
cds	no	rufferi
an	no	svindelnummer
pr	no	mandlig prostitueret
qas	no	troubler
dmc	yes	ildelugt
ps	yes	ruiner
ddp	yes	skvat
or	no	bonehead
or	no	faggot
dmc	yes	grifter
dmc	yes	libertinisme
cds	no	bøtcher
an	no	inkompetente person,
cds	no	misdæder
qas	no	fib
ddp	yes	vanvid
asm	no	jeerer
cds	no	sloven
cds	no	egoisme
rci	yes	barbar
an	no	tomfool
an	no	spekulant
cds	no	gossiper
qas	no	tagalong
pr	no	luder
om	no	homophile bevægelse
svp	no	joakim
ddp	yes	uvidende
ps	yes	mongolske
asm	no	stykke hale
an	no	inexorability
is	yes	villainess
om	no	homoseksuel
dmc	yes	vagabonder
ps	yes	darkey
cds	no	arrogant
qas	no	riffraff
cds	no	fladpande
is	yes	niggard
cds	no	chiseler
dmc	yes	anden-rater
pr	no	prostituerede
cds	no	nosy-parker
pr	no	hore
cds	no	fanatisme
asm	no	skruning
ddp	yes	barnlig
an	no	dværg
pr	no	pladder
svp	no	slackers
an	no	lortehoved
cds	no	demagogi
cds	no	svin
an	no	tumpe
cds	no	tricker
ps	yes	tåbe
qas	no	bøjle-on
ddp	yes	sundhed svig
asf	no	changelings
ddp	yes	stodder
pr	no	seksuelle ydelser
cds	no	stodder
asm	no	knallert
an	no	zooerasty
ddp	yes	skvadderhoved
cds	no	swot
pr	no	guff
cds	no	bandevold
cds	no	git
cds	no	kommunalt affald
cds	no	fjumrehoved
dmc	yes	blunderer
cds	no	ragelse
ddp	yes	patsy
cds	no	Åger
cds	no	nymfoman
cds	no	charlatan
cds	no	jerk-off
cds	no	sjusket person,
re	no	voldtaget
asm	no	nookie
an	no	leje drenge
ps	yes	dimwit
re	no	skurk
cds	no	pillock
an	no	prickteaser
asm	no	kødfløjte
an	no	skurkagtige
an	no	diddly-lort
cds	no	pool hustling
asm	no	rulle i høet
an	no	mandlig prostitueret
qas	no	spilopmager maker
qas	no	fredsforstyrrer
ddp	yes	uuddannet person,
cds	no	rube
svp	no	nærighed
qas	no	sindssyg
pr	no	street pige
cds	no	forfængelighed
cds	no	fæ
pr	no	rentboy
an	no	muttonhead
svp	no	ne'er-do-godt
cds	no	italienske mafia
cds	no	list
cds	no	chawbacon
cds	no	grumbler
ddp	yes	falde fyr
rci	yes	barbariske
ddp	yes	muggins
an	no	ros
is	yes	ragamuffin
svp	no	dovenskab
or	no	twat
dmc	yes	kriminel
om	no	queer
pr	no	ko
cds	no	splashiness
asm	no	dum
pr	no	hellcat
an	no	ignorant
asm	no	hoftestykke
pr	no	mær
cds	no	scammer
dmc	yes	dallier
ddp	yes	forræder
cds	no	shirker
cds	no	gadebande
ps	yes	hoftestykke
an	no	tosse
an	no	betise
cds	no	problemer
om	no	poove
dmc	yes	roue
cds	no	litterære hack
ddp	yes	blabbermouth
dmc	yes	wastrel
dmc	yes	bedrager
re	no	traducer
re	no	voldtægtsforbryder
cds	no	looker-on
or	no	lunkhead
asm	no	gren
an	no	codswallop
cds	no	rookie
ps	yes	mestizaje
svp	no	gør ingenting
cds	no	klog fyr
qas	no	sciolist
re	no	mafiaen
re	no	terrorhandling
an	no	diddley
or	no	stakkels fisk
svp	no	misundelig
qas	no	klodrian
dmc	yes	svindler
asm	no	prik
qas	no	vagabund
cds	no	hoftestykke
cds	no	vaunter
re	no	raper
ddp	yes	budding hoved
dmc	yes	rogue
dmc	yes	klodrian
asm	no	fjols
dmc	yes	så-og-så
qas	no	konform
asf	no	fladpande
ps	yes	barbariske
ddp	yes	ragtag og stumphale
asf	no	lunkhead
svp	no	goof-off
qas	no	ros
qas	no	lyve
an	no	knucklehead
ps	yes	tosse
is	yes	skurkagtige
pr	no	mandlig escort
cds	no	schoolma'am
dmc	yes	slacker
cds	no	hovmod
cds	no	lånehajer
asf	no	hoftestykke
cds	no	tørvetriller
cds	no	hoi polloi
cds	no	ultrakonservativ
qas	no	fumbler
cds	no	tidsserver
cds	no	devilment
cds	no	bedrager
cds	no	kryster
asf	no	knucklehead
asf	no	tosse
ddp	yes	afslørende
ps	yes	barbarer
dmc	yes	ugidelig
cds	no	moaner
dmc	yes	forstillelse
cds	no	mafiaen
dmc	yes	lovløs
dmc	yes	faker
pr	no	floozy
or	no	stupe
re	no	afpresning
asm	no	muggins
cds	no	sniveller
cds	no	road agent
ps	yes	jerry
asf	no	dumme
ddp	yes	doofus
re	no	sicilianske mafia
ddp	yes	stupe
cds	no	fascistiske regime
dmc	yes	fetor
cds	no	svulmede hoved
ddp	yes	lømmel
ddp	yes	fjollet
dmc	yes	forræder
an	no	trækkerdreng
cds	no	husholdningsaffald
asm	no	nooky
cds	no	snæversynethed
ps	yes	halvblods
ddp	yes	uvidenhed
re	no	voldtage
ddp	yes	fladpande
asf	no	patsy
ddp	yes	ondskab
re	no	æreskrænkelse
cds	no	forbudt
pr	no	john
cds	no	quidnunc
an	no	numskull
pr	no	trækkerdreng
dmc	yes	grusom
cds	no	mussiness
svp	no	superbia
re	no	ungdomskriminel
an	no	svækling
cds	no	fast kommunalt affald
cds	no	håndlangere
dmc	yes	hobos
dmc	yes	vendekåbe
dmc	yes	no-konto
cds	no	håndlanger
cds	no	swaggerer
pr	no	leje drenge
om	no	børnelokker
ps	yes	krauthead
ddp	yes	saphead
an	no	floozy
asf	no	falde fyr
an	no	bangebuks
cds	no	cowardliness
om	no	homofile
re	no	maligner
asm	no	twirp
asf	no	codswallop
dmc	yes	vildledende
svp	no	raseri
an	no	slyngelstater
ddp	yes	dumt
cds	no	tjenestemand
svp	no	forfængelighed
dmc	yes	skurkagtige
an	no	nanus
an	no	så-og-så
qas	no	trist sæk
dmc	yes	ungdomskriminel
ps	yes	lømmel
cds	no	snob
dmc	yes	villainess
an	no	diddly-squat
dmc	yes	mope
an	no	muggins
ddp	yes	barbarer
re	no	blackmailing
svp	no	høj handedness
an	no	riffraff
cds	no	shylock
pr	no	rappenskralde
cds	no	demagogisk
cds	no	taleteller
qas	no	cadger
an	no	ragtag
cds	no	bandemedlem
cds	no	grønskolling
qas	no	barbariske
ps	yes	rasende
an	no	falde fyr
ddp	yes	dupe
an	no	rogue
cds	no	uintelligent
an	no	mandsling
dmc	yes	bumbler
is	yes	fedtsyl
cds	no	loansharking
cds	no	fumbler
ddp	yes	lortehoved
ddp	yes	ros
cds	no	blunderer
cds	no	stupe
cds	no	mystifier
cds	no	kujon
pr	no	rivejern
cds	no	pralhals
an	no	dårligt menneske
is	yes	gnier
dmc	yes	stakkels djævel
dmc	yes	barbarer
svp	no	selvretfærdig
asm	no	bolle
ddp	yes	knallert
cds	no	namby-pamby
asf	no	soft touch
ddp	yes	boor
an	no	ragtag og stumphale
ddp	yes	inkompetente person,
cds	no	tusindkonstner
asm	no	kneppe
cds	no	tomhjernet
asm	no	stykke røv
an	no	hoax
cds	no	politifolk
cds	no	panser
or	no	lortehoved
cds	no	nørdet
pa	yes	boor
ddp	yes	fjumrehoved
ps	yes	churl
ddp	yes	brutal
asm	no	dumhed
cds	no	hayseed
cds	no	scrawler
an	no	tykhovedet
cds	no	blæst
cds	no	overmod
ddp	yes	pudden-head
asm	no	wank
is	yes	tatterdemalion
cds	no	pikhoved
pa	yes	barbar
pr	no	gadeprostitution
an	no	hoftestykke
asf	no	fæhoved
asm	no	fucking
cds	no	forbryderorganisation
ddp	yes	bonehead
dmc	yes	dilly-dallier
asf	no	fjols
pr	no	hor
cds	no	trist sæk
asm	no	dimwit
rci	yes	churl
cds	no	mafiosi
cds	no	bootlicker
cds	no	skrotte
om	no	handicappet person
pr	no	fornicatress
asf	no	skede
asf	no	lortehoved
cds	no	tragisk skurk
cds	no	pøbelen
is	yes	snæversynet
ddp	yes	pillock
cds	no	tilskuer
svp	no	ravenousness
dmc	yes	fråser
an	no	rase
asm	no	fuck
qas	no	blunderer
asf	no	doofus
dmc	yes	hykleri
an	no	kælling
re	no	afpresset
qas	no	nasserøv
an	no	fladpande
cds	no	rak-rouser
qas	no	konformist
cds	no	skvat
cds	no	weisenheimer
asf	no	skedeåbning
qas	no	afvise
svp	no	arrogance
pr	no	bawd
cds	no	wiliness
asf	no	idiot
an	no	ubønhørlighed
cds	no	chiseller
svp	no	liderlig
ddp	yes	tusindkonstner
ps	yes	kraut
ddp	yes	blæst
an	no	street pige
or	no	dumrian
pr	no	bolet
re	no	libeler
cds	no	schoolmistress
an	no	ferociousness
dmc	yes	chawbacon
svp	no	hovmod
cds	no	lyve
dmc	yes	slyngelstater
re	no	cosa nostra
cds	no	complainer
cds	no	røver
cds	no	dastardliness
cds	no	uforskammethed
cds	no	falskheden
cds	no	strømer
an	no	fjumrehoved
cds	no	kylling
cds	no	aflivning
cds	no	ragtag og stumphale
dmc	yes	chiseller
asf	no	kusse
ddp	yes	debil person
an	no	skørtejæger
svp	no	niggardness
asf	no	saphead
cds	no	lån haj
re	no	terrorangreb
ddp	yes	tåbelig
an	no	jilt
an	no	vamp
ddp	yes	uintelligent
cds	no	alfonseri
an	no	gnom
ddf	yes	gnom
an	no	rivejern
cds	no	stakkels djævel
cds	no	hurtigt et
ddp	yes	numskull
cds	no	tattletale
dmc	yes	good-for-intet
cds	no	fabrikator
cds	no	hånd job
svp	no	minginess
cds	no	poltroon
qas	no	churl
cds	no	synder
om	no	poof
pr	no	tøjte
pa	yes	barbariske
cds	no	gør ingenting
cds	no	kriminel
cds	no	tosse
svp	no	dillydallier
om	no	twinks
cds	no	hick
cds	no	cheekiness
an	no	husleje dreng
asm	no	saphead
qas	no	besvær maker
ddp	yes	soft touch
qas	no	ballademager
cds	no	betjent
an	no	internet hoax
ddp	yes	galskab
cds	no	forfølger
an	no	tragisk skurk
qas	no	falskheden
cds	no	snedig
re	no	blackmail
ddp	yes	hoftestykke
an	no	coquette
qas	no	patetisk
ddp	yes	sludder
svp	no	mope
cds	no	snu
cds	no	puslespil
cds	no	barbarer
dmc	yes	libertine
dmc	yes	krigsforræderi
svp	no	trencherman
ddp	yes	dumhed
cds	no	egoistisk
or	no	poof
cds	no	pengeudlåner
dmc	yes	dissimulator
asf	no	dumbass
is	yes	patetisk
qas	no	moocher
cds	no	fordummende
cds	no	beskidt hund
ddp	yes	hokum
or	no	nance
ddp	yes	gawk
dmc	yes	libertiner
cds	no	slyngelstater
or	no	poove
ddp	yes	bumbler
dmc	yes	hick
svp	no	amour propre
dmc	yes	bondeknold
dmc	yes	ynkelig
ps	yes	darkie
ps	yes	doofus
svp	no	selv-kærlighed
cds	no	rotter
re	no	defamer
cds	no	ungdomskriminel
dmc	yes	hayseed
dmc	yes	debauchee
ddf	yes	nanus
dmc	yes	bumpkin
cds	no	mor fucker
an	no	vulgaritet
re	no	italienske mafia
ps	yes	uprooter
cds	no	konformist
qas	no	ragtag og stumphale
ddp	yes	fordummende
asm	no	skvadderhoved
ddp	yes	codswallop
cds	no	ordenshåndhæver
svp	no	gourmandizer
cds	no	evildoer
asf	no	fjumrehoved
cds	no	rufferske
an	no	rotter
cds	no	opskårne
asf	no	pigebarn
ddp	yes	åndssvag
cds	no	usandhed
svp	no	good-for-intet
pr	no	ægteskabsbryder
ddp	yes	inkompetente
dmc	yes	layabout
an	no	pak
pr	no	kælling
qas	no	dauber
dmc	yes	drivert
cds	no	rumormonger
pr	no	holdt kvinde
cds	no	affald
cds	no	amour propre
an	no	lunkhead
ddp	yes	betise
cds	no	ungdomsbander
svp	no	gourmand
asm	no	godtroenhed
dmc	yes	halv-pint
ddp	yes	motherfucker
cds	no	bande
re	no	terrorister
ps	yes	boor
cds	no	lowlife
cds	no	pompousness
cds	no	afslørende
ddp	yes	tosse
ddp	yes	rumourmonger
asf	no	tåbe
asm	no	fæ
qas	no	løgnerske
cds	no	nymphomania
ddp	yes	dum person
an	no	skrammel
dmc	yes	slackers
cds	no	ragtag
asf	no	muggins
or	no	homophile
ps	yes	fæ
an	no	hanrej
cds	no	dermagog
an	no	raunch
dmc	yes	trifler
an	no	diddly
dmc	yes	fibber
cds	no	windbag
dmc	yes	dissembler
ddp	yes	informant
cds	no	nørd
om	no	namby-pamby
an	no	lowlife
ddp	yes	prater
cds	no	pengeudlånere
cds	no	løgnerske
cds	no	anden-rater
ps	yes	skifting
ddp	yes	dunderhead
an	no	streetwalker
asf	no	vagina
cds	no	saphead
dmc	yes	barbariske
cds	no	slacker
re	no	terrororganisation
is	yes	ynkelig
an	no	skøge
an	no	blæksort
cds	no	bondeknold
an	no	gigolo
or	no	tumpe
asm	no	soft touch
cds	no	wisenheimer
dmc	yes	hykler
dmc	yes	rakehell
an	no	mandlig prostitution
svp	no	hauteur
pr	no	mætresse
dmc	yes	desertør
cds	no	meddler
cds	no	bande kultur
svp	no	doven
ps	yes	pikey
pr	no	kantsten crawling
dmc	yes	gør ingenting
pr	no	tøs
an	no	dunderhead
asf	no	muttonhead
cds	no	politimand
cds	no	ruffer
cds	no	codswallop
ddp	yes	blabber
cds	no	riffraff
cds	no	hypersexual
asm	no	pule
pr	no	maitresse
cds	no	skurk
ddp	yes	ignorant
an	no	sjusket person,
ddp	yes	klodrian
dmc	yes	good-for-nothing
qas	no	dårlig hat
cds	no	pernittengryn
pr	no	sportslige dame
cds	no	blabbermouth
asm	no	patsy
dmc	yes	hobo
ddp	yes	kvaksalveri
dmc	yes	selvretfærdig
qas	no	bøtcher
dmc	yes	git
cds	no	så-og-så
pr	no	løs kvinde
ddp	yes	ferociousness
an	no	kvinde chaser
cds	no	drivert
cds	no	fascist
ps	yes	cretin
cds	no	listighed
om	no	gay
svp	no	good-for-nothing
dmc	yes	tramps
svp	no	dallier
svp	no	praleri
re	no	vilifier
dmc	yes	stinke
re	no	eu's terrorliste
asm	no	skide
cds	no	pomposity
or	no	dum person
asm	no	betise
cds	no	søn af en tæve
asf	no	bonehead
re	no	seriel voldtægtsmand
re	no	dato-voldtægt
dmc	yes	goof-off
svp	no	aggressiv
ddp	yes	lummox
cds	no	plageånd
pr	no	alfonseri
cds	no	selv-kærlighed
cds	no	ågerkarl
ddp	yes	newsmonger
ps	yes	darky
ddp	yes	ninny
dmc	yes	falsk
an	no	uuddannet person,
cds	no	bangebuks
svp	no	no-konto
cds	no	facisme
ddf	yes	runt
cds	no	scum taske
ddp	yes	folderol
ddp	yes	godtroende
cds	no	groveler
ddp	yes	nonsensicality
ddp	yes	meningsløse
or	no	homophile bevægelse
pr	no	prostitution
rci	yes	barbarer
qas	no	løgn
dmc	yes	stank
an	no	slowpoke
asm	no	ficken
an	no	git
dmc	yes	dårligt menneske
ddp	yes	charlatan
asf	no	dimwit
asm	no	hånd job
cds	no	pedant
svp	no	tightwad
om	no	nance
re	no	voldtægter
cds	no	klynkeren
cds	no	vaks
asm	no	dolk
ps	yes	drønnert
asf	no	retard
ddp	yes	twirp
cds	no	caitiff
pa	yes	churl
cds	no	fredløshed
an	no	namby-pamby
cds	no	vrøvl
dmc	yes	apostat
om	no	faggot
an	no	doodly-squat
is	yes	tightwad
or	no	fisse
ddp	yes	vrøvl
cds	no	alfonser
cds	no	pak
ddp	yes	changelings
cds	no	bumbler
svp	no	fedtsyl
an	no	skurk
an	no	svindelnumre
is	yes	skurk
cds	no	wanker
asf	no	numskull
cds	no	forbryder
ps	yes	gawk
an	no	prostitueret
cds	no	prankster
cds	no	pandar
qas	no	skrammel
ddp	yes	barbar
cds	no	pudden-head
dmc	yes	trickster
ddp	yes	søn af en tæve
ddp	yes	bestialitet
dmc	yes	treasonist
an	no	pudge
asf	no	betise
an	no	dumme
cds	no	superbia
cds	no	talebearer
ddp	yes	latterlig
pr	no	mandlig prostitution
cds	no	funktionær
cds	no	dogmatisme
cds	no	wiseacre
asm	no	fæhoved
ddp	yes	fæhoved
cds	no	fascisme
cds	no	fortræd-making
ddp	yes	dumme
cds	no	afvise
cds	no	praleri
pr	no	gigolo
re	no	voldtægtsforbrydere
cds	no	fæhoved
an	no	inexorableness
cds	no	demagog
dmc	yes	scammer
cds	no	fawner
cds	no	skrammel
dmc	yes	foetor
cds	no	soft touch
an	no	inkompetente
re	no	usa's terrorliste
ddp	yes	twaddler
svp	no	tomhed
ddp	yes	bøtcher
cds	no	høj handedness
cds	no	officer
cds	no	runt
cds	no	fast affald
re	no	voldtægtsmand
an	no	saphead
cds	no	conceitedness
ddp	yes	churl
ddf	yes	grim
qas	no	frasortering
svp	no	ørkesløshed
dmc	yes	chiseler
svp	no	sluggard
ddp	yes	stakkels fisk
an	no	pikhoved
cds	no	bras
or	no	knucklehead
cds	no	rod
cds	no	kriminel fortræd
asf	no	debil person
cds	no	cosa nostra
svp	no	gorger
svp	no	tightfistedness
cds	no	smart aleck
dmc	yes	fabrikator
cds	no	churl
dmc	yes	duffer
ddp	yes	fjols
cds	no	anmassende
dmc	yes	ond
cds	no	muss
ps	yes	nigger
cds	no	fortræd
cds	no	bander
cds	no	æble poleremaskine
asm	no	doofus
qas	no	ragtag
asm	no	skvat
cds	no	reaktionære
or	no	homofile
ddp	yes	rumormonger
dmc	yes	rotter
ddp	yes	tomhjernet
qas	no	ynkelig
dmc	yes	fumbler
