ps	yes	idiota
cds	no	cabró
ddp	yes	simple
or	no	babau
cds	no	dropo
cds	no	brut
cds	no	cregut
dmc	yes	personatge antagònic
cds	no	encantat
cds	no	chump
cds	no	bastard
an	no	tacany
an	no	grosseria
svp	no	ufanós
cds	no	graneua
cds	no	falòrnia
ddp	yes	xarlatanisme
svp	no	gasiu
is	yes	dolent de ficció
pr	no	prostituta
asf	no	tacte suau
an	no	escòria
cds	no	cultura de les colles
ddp	yes	curt
cds	no	berganteria
ddp	yes	ase
dmc	yes	nefand
pr	no	puta
ps	yes	boche
an	no	grolleria
re	no	acte terrorista
re	no	violació forçada
dmc	yes	ranci
cds	no	gamberro
pr	no	dona de la vida
qas	no	variat i globitos
cds	no	presumptuós
ps	yes	tòtil
an	no	brutal
cds	no	hauteur
dmc	yes	ferotge
asf	no	doofus
om	no	twink
asf	no	tomfool
dmc	yes	1 2 pinta
svp	no	romancer
dmc	yes	dissimulació
cds	no	wangler
ddp	yes	senzill
re	no	violar
svp	no	inutilitat
asf	no	patata
ddp	yes	virosta
asf	no	curt
asf	no	virosta
pr	no	dona del carrer
qas	no	llagrimós
an	no	imbècil
cds	no	sever
om	no	ñoño
cds	no	bandits
svp	no	avara
cds	no	bàrbars
an	no	nyicris
cds	no	conducta criminal
qas	no	desafortunat
ddp	yes	sabata
cds	no	l'oficial de policia
cds	no	agent de policia
dmc	yes	inútil
an	no	sangonella
cds	no	jactanciós
dmc	yes	brètol
cds	no	bandolers
cds	no	réprobo
asm	no	quiqui
ddp	yes	animal
pr	no	putero
svp	no	butzinaire
an	no	tonto
ps	yes	chump
cds	no	forçut
qas	no	groller
svp	no	dilly-dallier
svp	no	ranci
qas	no	trola
is	yes	captaire
an	no	carrer
cds	no	pajero
svp	no	ansiós
asm	no	toix
cds	no	fill de puta
ddp	yes	dumbass
dmc	yes	pistoler
or	no	homosexual
svp	no	fúria
cds	no	folderol
an	no	poca-vergonya
cds	no	estudiós
asm	no	talòs
cds	no	somicaire
ddp	yes	capsigrany
cds	no	brètol
or	no	exigent
cds	no	plebs
dmc	yes	garrepa
cds	no	masses
or	no	totxo
qas	no	pintora de pa sucat amb oli
cds	no	astuta
dmc	yes	malfeiner
cds	no	la plebs
pr	no	fresca
ddp	yes	cretí
ddp	yes	crueltat
dmc	yes	dillydallier
cds	no	tòtil
or	no	marieta
cds	no	fariseu
qas	no	falsetat
dmc	yes	pudor
asm	no	mofeta
re	no	bergant
dmc	yes	cheater
dmc	yes	rata
svp	no	garrepa
cds	no	capsigrany
cds	no	jactància
cds	no	pervers
asf	no	sexe vaginal
dmc	yes	ociós
an	no	tita molla
an	no	tosquedat
asf	no	capfluix
ps	yes	nigga
is	yes	malvat
cds	no	violència de colles
an	no	pendó
dmc	yes	enganyador
an	no	faldilla chaser
dmc	yes	intolerància
an	no	coqueta
qas	no	història
cds	no	satiriasis
cds	no	rude
cds	no	gandul
is	yes	dolent
an	no	estic-in-the-mud
an	no	prostituta
cds	no	mestra
svp	no	perdulari
cds	no	innocent
an	no	xusma
an	no	covard
qas	no	rebuig
an	no	doneta
cds	no	transgressor
dmc	yes	ronyós
ddp	yes	estirabot
asf	no	gamarús
asf	no	gilipolles
pr	no	poca-soltada
ddp	yes	pudden de cap
dmc	yes	gasiu
ps	yes	jigaboo
dmc	yes	malenconiós
dmc	yes	impostor
ps	yes	totxo
svp	no	no per compte
qas	no	engany
svp	no	prepotent
svp	no	voraç
an	no	ranci
cds	no	simplón
an	no	farfutalla
cds	no	2 avaluador
ps	yes	gitano
dmc	yes	truà
svp	no	superb
cds	no	missera
asm	no	tacte suau
ps	yes	capsigrany
cds	no	contemporitzador
svp	no	impacient
cds	no	malfactor
pr	no	bestiesa
cds	no	fatuïtat
an	no	ploraner
an	no	acompanyant masculí
ps	yes	ximple
cds	no	manefla
an	no	cap buit
pr	no	xapa
cds	no	falsa
asm	no	estúpid
cds	no	ximple com un nen
cds	no	gall
cds	no	pobre peix
cds	no	hibris
or	no	muttonhead
asf	no	enze
an	no	inepte
asm	no	inintel·ligència
an	no	poca-pena
dmc	yes	caguerot
cds	no	fanàtic
asf	no	ruc
svp	no	supèrbia
svp	no	crapulós
asm	no	rodar al fenc
ddp	yes	groller
cds	no	line-shooter
cds	no	pocavergonya
ddp	yes	bàmbol
cds	no	policies
pr	no	hogwash
an	no	avara
ddp	yes	ferocitat
an	no	ronyosa
svp	no	avar
pr	no	comare
cds	no	banda
cds	no	història
dmc	yes	vil
or	no	ase
ps	yes	mongoloides
re	no	xantatge
cds	no	vilà tràgic
svp	no	orgullós
dmc	yes	tancat
svp	no	insignificància
dmc	yes	farsant
cds	no	grifter
cds	no	tanoca
ps	yes	cap de turc
ddp	yes	blunderer
an	no	vampir
an	no	ruc
or	no	queer
cds	no	ase
or	no	pillock
svp	no	peresós
cds	no	slackers
cds	no	ingenu
pr	no	esportiu dama
asm	no	tomfool
svp	no	rata
ddp	yes	bestialitat
cds	no	finagler
cds	no	patsy
asf	no	llanut
re	no	violacions
cds	no	ultradretà
pr	no	dona desaliñada
an	no	escòria borsa
cds	no	truckler
svp	no	ínfules
ps	yes	canviants
cds	no	pispa
cds	no	porc
dmc	yes	tinyeta
dmc	yes	tap
cds	no	tita molla
asf	no	muttonhead
svp	no	glot
an	no	capfluix
an	no	wuss
an	no	marta
cds	no	ferralla
cds	no	amateurisme
re	no	agressor
svp	no	mesquí
an	no	tocatardà
or	no	gai
dmc	yes	colltort
cds	no	fawner
dmc	yes	ruinós
svp	no	furor
ddp	yes	changeling
svp	no	mesquinesa
an	no	dèbil
ps	yes	patsy
ddp	yes	confiat
qas	no	barroer
cds	no	gilipolles
asf	no	bêtise
an	no	tacte suau
an	no	foca
asm	no	doofus
an	no	diddlysquat
dmc	yes	traïdor
ddp	yes	pueril
cds	no	mediocre
re	no	calumniador
asf	no	retardat
an	no	persona sense educació
an	no	antagonista
re	no	murri
is	yes	personatge antagònic
cds	no	usurer
cds	no	hipersexual
qas	no	infeliç
svp	no	voracitat
dmc	yes	perjudicial
cds	no	agressor
svp	no	presumpció
an	no	persona incompetent
cds	no	reaccionària
cds	no	gos brut
svp	no	torrapipes
dmc	yes	pervers
is	yes	scrooge
cds	no	xarlatà
pr	no	prostitutes
dmc	yes	atracador
svp	no	ronsejaire
dmc	yes	abjecte
dmc	yes	miserable
svp	no	protèrvia
an	no	bergant
cds	no	simple
cds	no	residus domèstics
svp	no	sorn
cds	no	entremaliat
an	no	zooerastia
asf	no	fullaraca
an	no	cony
cds	no	dweeb
cds	no	sap-ho-tot
qas	no	nyepa
svp	no	buidesa
cds	no	brivallada
or	no	figa
asm	no	masturbant
svp	no	despectiu
cds	no	ampul·lositat
cds	no	bluf
qas	no	falsa
cds	no	malvat
an	no	persona desaliñada
an	no	nan
svp	no	arrogant
cds	no	vilana
cds	no	addicte
asf	no	retardar
is	yes	avara
asf	no	estaquirot
asm	no	polla
an	no	cançoner
dmc	yes	engalipador
rci	yes	salvatge
re	no	poca-vergonya
qas	no	desferra
pr	no	barjaula
qas	no	lapa
cds	no	pillet
cds	no	1 2 pinta
dmc	yes	vilana
ddp	yes	fullaraca
ps	yes	imbècil
ddf	yes	tap de bassa
ps	yes	groller
is	yes	avariciosa
cds	no	gilipollas
om	no	moviment homòfil
cds	no	mentida
cds	no	procacitat
dmc	yes	bàrbar
cds	no	rondinaire
or	no	simple
cds	no	agitador
ddp	yes	tòtil
ddp	yes	zooerastia
an	no	mesquí
cds	no	ploraner
cds	no	blunderer
or	no	pobre peix
an	no	no saben res
svp	no	malenconiós
svp	no	conceitedness
cds	no	conformista
svp	no	arrogància
ddp	yes	ximple com un nen
asf	no	retrassat
an	no	enze
ps	yes	pallús
is	yes	ronyosa
pa	yes	politicaire
dmc	yes	fetor
dmc	yes	triganer
is	yes	mendicant
pr	no	guineu
dmc	yes	trompellot
ps	yes	retardar
cds	no	setciències
dmc	yes	llibertinatge
qas	no	pertorbador
pr	no	amiga
an	no	dumbass
asm	no	mofar-se
an	no	doodly-esquat
ddp	yes	ximpleria poc amagada
cds	no	mafiosos
dmc	yes	manta
an	no	avariciosa
an	no	sloven
cds	no	antagonista
qas	no	bèstia
cds	no	portaplatets
dmc	yes	nap-buf
re	no	dolent de ficció
an	no	pelleringa
is	yes	antagonista
re	no	organització terrorista
dmc	yes	degradat
asf	no	tòtil
an	no	patsy
svp	no	prepotència
dmc	yes	gos brut
an	no	ordinariesa
qas	no	trompellot
ddp	yes	infantil
ddp	yes	estúpid
svp	no	vague
cds	no	pecador
asm	no	bêtise
cds	no	trampós
an	no	ñoño
re	no	vilana
cds	no	tomfool
cds	no	tafanejar
asf	no	idiota
ddp	yes	taleteller
cds	no	bandit
asf	no	estupidesa
qas	no	salvatge
cds	no	fantotxe
pr	no	alcavota
cds	no	rezongante
re	no	difamació
dmc	yes	vagabunds
dmc	yes	hipòcrita
pr	no	fornicadora
cds	no	reaccionàries
cds	no	vanaglòria
re	no	assaltant
re	no	violava
asf	no	xona
cds	no	colles
cds	no	conte
dmc	yes	penques
an	no	curt
ddp	yes	confident
dmc	yes	negre
svp	no	avariciós
cds	no	egoista
cds	no	arrogància
cds	no	diabló
ddp	yes	retardat
pr	no	amistançada
re	no	violador en sèrie
cds	no	insolent
or	no	ruc
dmc	yes	farsa
pr	no	bandarra
ddp	yes	idiòcia
or	no	tonto
cds	no	sagaç
or	no	dumbass
asm	no	gilipolles
cds	no	immovilista
is	yes	pillastre
re	no	data de la violació
ddp	yes	delator
is	yes	intolerant
ddp	yes	immadur
dmc	yes	descortesia
pr	no	prostitució
an	no	seductora
cds	no	màfia
an	no	tòtil
ddp	yes	imbecil
cds	no	ninfómana
ddp	yes	persona incompetent
ddp	yes	ragtag
asm	no	carall
an	no	bestialitat
asm	no	tirar-se qualifier
cds	no	estudiosa
qas	no	busca-raons
is	yes	dolenta
an	no	innocent
is	yes	mesquí
dmc	yes	delinqüent
is	yes	vilana
dmc	yes	llibertí
ddp	yes	majareta
om	no	estrany
pr	no	puta drogoaddicta
an	no	pallús
ps	yes	babau
cds	no	nyicris
cds	no	janot
cds	no	supèrbia
asf	no	tanoca
cds	no	remugador
cds	no	masturbant
an	no	bandarra
is	yes	vilà tràgic
is	yes	gasiva
qas	no	corcó
rci	yes	bàrbar
ddp	yes	cotorra
ddp	yes	fumbler
cds	no	enredada
an	no	tortuga
dmc	yes	mandrós
ddp	yes	ruc
cds	no	altiu
an	no	dona chaser
or	no	cap de corriol
asf	no	dumbass
ddp	yes	zooerasty
svp	no	indolència
cds	no	fabricant
svp	no	malèvol
an	no	diddly esquat
pa	yes	pallús
om	no	homosexual
qas	no	sangonella
svp	no	agressiu
cds	no	personatge antagònic
asf	no	imbecil·litat
pr	no	meuca
is	yes	tacany
asm	no	flouter
dmc	yes	llicenciós
qas	no	arruïnar
an	no	depredador
dmc	yes	desgraciat
qas	no	pintor dolent
dmc	yes	calamitós
or	no	ingenu
cds	no	fleuma
asm	no	shtup
an	no	dropo
asf	no	mossa
cds	no	falòrnia 
is	yes	poca-pena
an	no	obtús
ddp	yes	destraler
ddp	yes	fera
cds	no	conque
svp	no	altiu
dmc	yes	despreciable
ps	yes	encantat
cds	no	wheeler dealer
cds	no	hybris
an	no	conque
an	no	estupidesa
ps	yes	talòs
cds	no	alcavot
ddp	yes	bestial
an	no	diddlyshit
ddp	yes	bestiesa
dmc	yes	talòs
cds	no	bellyacher
cds	no	corruptible
cds	no	hipersexualitat
svp	no	intolerància
pr	no	amant
cds	no	mà treball
asm	no	follada
re	no	maldient
an	no	folderol
pr	no	foca
an	no	somicaire
re	no	terroristes
cds	no	residus municipals
cds	no	falsedat
cds	no	escolàstic
an	no	canalla
or	no	capfluix
asm	no	estupidesa
qas	no	deixalla
svp	no	gandul
an	no	bajanada
asm	no	chump
rci	yes	pallús
asm	no	bovo
svp	no	superbia
pr	no	bruixa
ddp	yes	capfluix
dmc	yes	degenerat
an	no	imbecil
pr	no	despropòsit
dmc	yes	brutal
dmc	yes	llibertins
ps	yes	idiotisme
dmc	yes	foetor
ddp	yes	portaplatets
cds	no	vilà
cds	no	demagògica
svp	no	superbiós
cds	no	manta
cds	no	poruc
qas	no	bumbler
asm	no	defraudar
cds	no	perdonavides
svp	no	rabiüt
cds	no	superbiós
dmc	yes	bandoler
ddf	yes	nap-buf
pr	no	gigoló
cds	no	amor propi
ps	yes	bèstia
cds	no	orgullós
cds	no	espectador
asf	no	bajanada
cds	no	xerraire
ddp	yes	fill de puta
an	no	bardaixa
ddf	yes	caguerot
ddp	yes	pallús
re	no	debaucher
ps	yes	bast
dmc	yes	gilipollas
dmc	yes	ruc
an	no	tomfool
dmc	yes	lowlife
an	no	vamper
cds	no	poble
dmc	yes	rodamón
om	no	invàlid
qas	no	espatllar
dmc	yes	ferum
svp	no	amour propre
asf	no	cabró
ddp	yes	muttonhead
cds	no	ufanós
an	no	bajà
dmc	yes	brut
cds	no	demagogia
ps	yes	ruiner
cds	no	tap de bassa
cds	no	descarament
dmc	yes	pesta
asm	no	fava
re	no	mafiosos
dmc	yes	grifter
pr	no	cony
ddp	yes	disbarat
re	no	brètol
asm	no	candidesa
asm	no	jeerer
qas	no	desventurat
cds	no	sloven
cds	no	egoisme
ddp	yes	farfutalla
ddp	yes	imbecil·litat
an	no	diddly-merda
qas	no	tagalong
cds	no	picardiós
asf	no	innocent
cds	no	pobre diable
cds	no	cadell
ddp	yes	eixarmador
asm	no	tros de cul
cds	no	ultraconservadora
cds	no	whiner
cds	no	piscina pressionant
cds	no	murri
cds	no	trepa
cds	no	petulant
ddp	yes	bàrbar
pr	no	donota
dmc	yes	lladre
ps	yes	neci
dmc	yes	desastre
svp	no	envanit
an	no	voltor
cds	no	fatxa
cds	no	mistificador
svp	no	libidinoso
ddp	yes	bajà
ps	yes	darkey
pr	no	nois de lloguer
pr	no	acompanyant masculí
cds	no	arrogant
cds	no	lladregot
cds	no	turmentador
svp	no	llaminer
dmc	yes	delinqüent juvenil
dmc	yes	calamitat
svp	no	geniüt
ps	yes	nigra
an	no	ronyós
cds	no	gent
an	no	miserable
an	no	rata
cds	no	fanatisme
an	no	hoax
cds	no	fanfarró
an	no	prostitució al carrer
svp	no	colèric
cds	no	altivesa
dmc	yes	ronsejaire
asf	no	pallús
svp	no	slackers
qas	no	vividor
an	no	zooerasty
an	no	animal
cds	no	tricker
dmc	yes	vague
cds	no	ardit
asm	no	fer l'amor
cds	no	polidor de poma
ddp	yes	chismero
dmc	yes	mesquí
ddp	yes	tomfool
svp	no	manta
dmc	yes	antagonista
cds	no	residus sòlids
asm	no	mofaire
rci	yes	bast
pr	no	marfanta
cds	no	fer-se una palla
re	no	malvat
cds	no	bagasser
an	no	agarrat
ps	yes	beneit
asf	no	beneit
asf	no	crèdul
asm	no	enze
cds	no	estúpid
dmc	yes	pallús
cds	no	groller
ps	yes	cretí
asm	no	titola
asm	no	babau
pr	no	guff
cds	no	git
cds	no	un ràpid
dmc	yes	sorn
dmc	yes	pseudo
asm	no	gamarús
ps	yes	krauthead
dmc	yes	blunderer
ddp	yes	patsy
cds	no	alfeñique
cds	no	delinqüent
re	no	terrorisme patrocinat per l'estat
dmc	yes	mangui
ps	yes	retrassat
asm	no	nookie
ddp	yes	malparit
qas	no	bàrbar
pr	no	putes
dmc	yes	baix
pa	yes	bàrbars
cds	no	pillock
cds	no	rebuig
qas	no	falòrnia
cds	no	dolenta
an	no	toix
cds	no	demagògic
an	no	mala persona
dmc	yes	infame
rci	yes	bèstia
qas	no	espifiar
cds	no	falsetat
om	no	gai
cds	no	barrut
svp	no	malhumorat
qas	no	rebre
an	no	palla
or	no	cap buit
qas	no	falòrnia 
ps	yes	mestissos
cds	no	insolència
an	no	crueltat
ddf	yes	baix
pr	no	prostitució al carrer
an	no	nanus
qas	no	llastimós
cds	no	proxenetes
re	no	lladre
an	no	donota
asm	no	credulitat
dmc	yes	pocavergonya
asf	no	canviants
cds	no	proxenetisme
an	no	pervers
cds	no	chawbacon
asm	no	ximple com un nen
asm	no	masturbació
ps	yes	gamarús
ps	yes	estaquirot
cds	no	màfies
ps	yes	mestissatge
cds	no	aparatositat
dmc	yes	llastimós
cds	no	goril·la
cds	no	dissertar
asm	no	sòmines
svp	no	ràbia
svp	no	ronyosa
cds	no	astut
cds	no	escòria
dmc	yes	cabró
svp	no	fart
cds	no	llepaculs
cds	no	turba
cds	no	bandoler
om	no	queer
dmc	yes	trànsfuga
dmc	yes	fariseu
cds	no	pudden de cap
asf	no	imbècil
ddp	yes	tanoca
pr	no	hellcat
pr	no	barrabassada
cds	no	pallús
cds	no	altivitat
om	no	maricó
or	no	talòs
qas	no	patètic
cds	no	escurabutxaques
qas	no	pel·lícula
asf	no	tonto
an	no	gilipolles
cds	no	peresós
dmc	yes	dallier
svp	no	niggardliness
pr	no	dona mantinguda
ddp	yes	gentussa
cds	no	faceciós
dmc	yes	afaneta
om	no	marieta
cds	no	truaneria
ddp	yes	inculte
om	no	poove
re	no	poca-pena
ddp	yes	bêtise
cds	no	pelleringa
ddp	yes	blabbermouth
dmc	yes	cruel
cds	no	trola
or	no	homòfil
ddp	yes	murmurador
svp	no	inflor
ddp	yes	palla
re	no	traducer
cds	no	defraudador
cds	no	urc
cds	no	altisonància
cds	no	escombraries
ps	yes	salvatge
an	no	codswallop
dmc	yes	2 avaluador
asf	no	babau
asm	no	tonto
pr	no	marcolfa
cds	no	inflor
cds	no	saberut
ddp	yes	babau
ddp	yes	despropòsit
cds	no	variat i globitos
dmc	yes	dolent de ficció
an	no	diddley
an	no	ragtag
cds	no	gentussa
ddp	yes	retardar
cds	no	taujà
asf	no	cap de turc
svp	no	iracund
an	no	cap de corriol
cds	no	nap-buf
cds	no	bandes de carrer
ddp	yes	porc
cds	no	sorn
asf	no	chump
is	yes	avar
an	no	bestial
svp	no	fatu
dmc	yes	disimulador
cds	no	orgull
cds	no	vaunter
ddp	yes	trompellot
re	no	raper
cds	no	virosta
dmc	yes	poca-pena
cds	no	bàrbar
ddp	yes	burro
qas	no	bola
an	no	especulador
dmc	yes	avariciós
an	no	prickteaser
qas	no	amateurisme
cds	no	barrilaire
ddp	yes	tonteria
cds	no	astúcia
svp	no	triganer
ps	yes	mestís
cds	no	mandrós
svp	no	goof-off
is	yes	infeliç
an	no	avariciós
asf	no	figa
svp	no	ronyós
an	no	deixar plantat
cds	no	pendejo
cds	no	múrria
qas	no	freeloader
is	yes	patètic
asf	no	obtús
re	no	màfies
cds	no	schoolma'am
cds	no	feixistes
cds	no	nimfomania
cds	no	xafarder
asf	no	ingenu
ddp	yes	retrassat
svp	no	gasiva
cds	no	salvatge
asm	no	cargolar
or	no	gamarús
pr	no	dona pública
an	no	carrer noia
pr	no	disbarat
ddp	yes	crèdul
dmc	yes	romancer
svp	no	bo-per-res
cds	no	mafiós
cds	no	perseguidor
qas	no	fumbler
ps	yes	terròs
cds	no	mentider
cds	no	bast
cds	no	rata
cds	no	extrema dreta
asm	no	simplón
qas	no	conte
an	no	vampiressa
cds	no	marrà
asm	no	estafar
cds	no	alcavota
cds	no	venal
cds	no	criminal
dmc	yes	trasto
cds	no	swaggerer
om	no	bord
an	no	gasiu
svp	no	golafre
dmc	yes	estafador
cds	no	desgraciat
cds	no	fullaraca
an	no	vilana
is	yes	poca-vergonya
cds	no	masturbació
svp	no	mandrós
ddf	yes	repugnant
ps	yes	jerry
is	yes	pobre diable
cds	no	desferra
cds	no	hack d'escriptor
or	no	poove
ddf	yes	1 2 pinta
ddp	yes	xarlatà
is	yes	trist
qas	no	garrofa
ddp	yes	doofus
pr	no	vaca
is	yes	rata
dmc	yes	lladregot
or	no	crèdul
cds	no	fanatisme religiós
svp	no	vanaglòria
cds	no	nimfòmana
is	yes	granuja
dmc	yes	groller
pr	no	ramera
ddf	yes	roí
an	no	brètol
cds	no	entremetedor
cds	no	oficial
asm	no	nooky
cds	no	agent
an	no	burro
cds	no	bandes juvenils
an	no	mesquina
dmc	yes	ensibornador
svp	no	orgull
an	no	variat i globitos
or	no	beneit
asf	no	patsy
cds	no	massa
qas	no	erudit a la violeta
or	no	estrany
an	no	alfeñique
dmc	yes	desastrós
rci	yes	talòs
ps	yes	simplón
pr	no	john
or	no	pudden de cap
an	no	ximple
ddp	yes	imbècil
dmc	yes	tap de bassa
svp	no	malhumorós
cds	no	mussiness
re	no	calúmnia
re	no	murmurador
cds	no	malparit
ddp	yes	inintel·ligència
or	no	obtús
is	yes	ranci
asf	no	idiotisme
ddp	yes	simplón
ddp	yes	rondinaire
dmc	yes	vilà tràgic
cds	no	palla
svp	no	rasadora
ddp	yes	bumbler
qas	no	turmentar
an	no	pocavergonya
dmc	yes	fals
an	no	cornut
cds	no	diableria
cds	no	fums
qas	no	cagar-la
qas	no	dissortat
cds	no	prestadors
ddp	yes	gamarús
svp	no	fatuïtat
ddp	yes	juvenil
is	yes	desventurat
an	no	maimó
om	no	homòfil
dmc	yes	atroç
re	no	violador
asm	no	tanoca
asm	no	estaquirot
re	no	maligner
cds	no	engany
asm	no	twirp
cds	no	taleteller
asf	no	codswallop
svp	no	avariciosa
cds	no	sacrifici
ddp	yes	no saben res
dmc	yes	pestilència
ddp	yes	cabró
qas	no	frenètic
cds	no	hubris
an	no	puta
ddf	yes	vil
cds	no	vanitat
cds	no	xulo
re	no	violada
pr	no	sexuals comercials
an	no	salvatge
re	no	difamador
an	no	barjaula
ddp	yes	barroer
ps	yes	half-breed
cds	no	coquinesa
asf	no	folderol
cds	no	descaradura
svp	no	cobdiciós
pr	no	harpia
cds	no	novell
asf	no	sabata
ddp	yes	cap de corriol
ddf	yes	antiestètic
ddp	yes	lent
an	no	lloro
an	no	vilà
ps	yes	darkie
cds	no	truà
asf	no	palla
cds	no	talòs
or	no	gais
cds	no	curt de gambals
asm	no	palles
svp	no	intolerant
asm	no	clau
cds	no	elació
an	no	muttonhead
cds	no	deixat
asm	no	imbecil·litat
asf	no	simplón
an	no	barrut
cds	no	tap
asm	no	pajero
cds	no	desnerit
ps	yes	tanoca
or	no	capsigrany
cds	no	splashiness
an	no	peresós
svp	no	vanitat
dmc	yes	immoralitat
is	yes	ronyós
cds	no	atreviment
ddp	yes	salvatge
ps	yes	sabata
cds	no	guàrdia
cds	no	reaccionari
or	no	moviment homòfil
qas	no	conformista
qas	no	sacrifici
ddp	yes	tacte suau
ddp	yes	beneit
cds	no	idiota
dmc	yes	bumbler
ddp	yes	canviants
an	no	talòs
cds	no	fumbler
pr	no	pendó
cds	no	alterós
re	no	violació
or	no	fada
an	no	deixat
pr	no	ximpleria poc amagada
ddp	yes	bàrbars
cds	no	majareta
asm	no	cap de turc
dmc	yes	engany
an	no	rondaire
ddp	yes	estaquirot
cds	no	portanoves
is	yes	dissortat
dmc	yes	feroç
an	no	barroeria
pr	no	rucada
an	no	fera
ddp	yes	enze
cds	no	proscripció
ps	yes	trompellot
cds	no	covard
cds	no	pel·lícula
svp	no	irritable
cds	no	ensarronada
qas	no	pallús
svp	no	mesquina
dmc	yes	taujà
dmc	yes	tacany
cds	no	chismero
pr	no	estimada
an	no	neulit
ddp	yes	neci
qas	no	gentussa
cds	no	prepotència
re	no	terrorisme
dmc	yes	endarrerit
dmc	yes	curt de gambals
pr	no	doneta
qas	no	problemes maker
pr	no	escòria
qas	no	esguerrar
cds	no	macarró
asf	no	encantat
qas	no	desemparat
cds	no	rondinador
cds	no	blabbermouth
an	no	encantat
cds	no	nerd
ddp	yes	subnormal
ddp	yes	bovo
an	no	bàmbol
dmc	yes	canalla
asm	no	beneit
asm	no	idiòcia
svp	no	hauteur
an	no	mandrós
cds	no	scrawler
dmc	yes	entabanador
cds	no	venalitat
cds	no	badoc
an	no	truà
pa	yes	bàrbar
dmc	yes	salvatge
dmc	yes	mal
dmc	yes	agressor
an	no	llanut
dmc	yes	conque
dmc	yes	dilly-dallier
cds	no	préstecs de diners
cds	no	estuf
ddp	yes	cap de turc
asm	no	fer befa
dmc	yes	fanàtic
ddp	yes	frau en l'atenció
is	yes	pervers
cds	no	malfeiner
cds	no	wise guy
cds	no	sagacitat
is	yes	agarrat
an	no	crèdul
svp	no	scrooge
cds	no	bufó
dmc	yes	escurabutxaques
svp	no	miserable
pr	no	bardaixa
an	no	bagassa
or	no	llanut
dmc	yes	ressaguer
pa	yes	talòs
svp	no	golut
an	no	penques
cds	no	escriptor
cds	no	ostentació
cds	no	botcher
an	no	inexorabilitat
dmc	yes	desaplicat
cds	no	desordre
dmc	yes	fortor
cds	no	dolent
asm	no	imbècil
ddp	yes	xerraire
svp	no	rondinaire
is	yes	pobre
ddp	yes	botcher
dmc	yes	funest
svp	no	ravenousness
ddp	yes	pillock
qas	no	blunderer
qas	no	gorrista
an	no	cabró
or	no	xona
cds	no	brutícia
cds	no	know-it-all
cds	no	tacte suau
cds	no	cretí
dmc	yes	poca-vergonya
cds	no	fascista
pa	yes	groller
svp	no	agarrat
cds	no	persona desaliñada
svp	no	jactància
ddf	yes	lleig
dmc	yes	agarrat
pa	yes	tosquedat
asm	no	fer-se una palla
dmc	yes	mala olor
cds	no	weisenheimer
ddp	yes	cul
cds	no	escòria borsa
asm	no	pallús
ddp	yes	indicador
svp	no	abúlic
dmc	yes	dissolut
an	no	imbecil·litat
asf	no	sòmines
or	no	bord
cds	no	policia
qas	no	falsia
qas	no	boig
ddp	yes	bast
ps	yes	doofus
or	no	majareta
qas	no	talòs
dmc	yes	peresós
cds	no	dolent de ficció
cds	no	presumpció
cds	no	chiseller
ddp	yes	variat i globitos
re	no	truà
an	no	gamarús
an	no	prostitució masculina
ps	yes	kraut
ps	yes	negre
dmc	yes	acaparador
dmc	yes	perdulari
cds	no	presumit
ps	yes	sòmines
svp	no	fums
re	no	libeler
cds	no	prepotent
an	no	broma d'internet
an	no	sangonera
dmc	yes	chawbacon
an	no	malifeta
re	no	pervers
dmc	yes	farsaire
om	no	gais
re	no	cosa nostra
cds	no	dastardliness
or	no	idiota
an	no	vilà tràgic
cds	no	assaltant
ddf	yes	desagradable
cds	no	contrarevolucionari
cds	no	màfia italiana
asf	no	xavala
an	no	indelicadesa
an	no	beneit
cds	no	problema
asm	no	curt
dmc	yes	chiseller
cds	no	bòfia
dmc	yes	home mandrós
an	no	idiota
svp	no	irascible
an	no	engany
svp	no	niggardness
dmc	yes	bergant
cds	no	bola
cds	no	rondinós
cds	no	ploramiques
is	yes	gasiu
asf	no	toix
svp	no	desaplicat
dmc	yes	déu entabanador
qas	no	bast
qas	no	barret dolent
an	no	acaparador
cds	no	nyepa
dmc	yes	intolerant
qas	no	escòria
an	no	dolent
cds	no	delinqüent juvenil
cds	no	intolerància
re	no	màfia
ddp	yes	bèstia
dmc	yes	nan
cds	no	manada
cds	no	arlot
ddp	yes	enganyar
ddp	yes	potiner
svp	no	dropo
is	yes	avariciós
svp	no	minginess
pa	yes	pedant
cds	no	neulit
dmc	yes	prevaricador
cds	no	canalla
ddf	yes	nan
ddp	yes	portanoves
qas	no	desgraciat
asm	no	pixa
cds	no	préstec de diners
pr	no	dona fàcil
cds	no	sorneguer
cds	no	màfia siciliana
svp	no	dillydallier
cds	no	deixalla
svp	no	presumptuós
cds	no	indicador
re	no	vilà
or	no	estúpid
ddf	yes	nanus
cds	no	enze
ddp	yes	twaddler
svp	no	maligne
qas	no	bàrbars
om	no	nyicris
an	no	falsa alarma
ddp	yes	incultura
qas	no	fotre
ddp	yes	adolescent
cds	no	picardiosa
pr	no	desvergonyida
an	no	totxo
cds	no	impertinència
cds	no	tosc
cds	no	mocós
ddp	yes	xafarder
ddp	yes	panoli
cds	no	estratagema
an	no	cuckold
cds	no	rebutjar
an	no	ignorant
qas	no	mentida
ddp	yes	ximplet
or	no	ximple
cds	no	esnob
ps	yes	bàrbar
dmc	yes	mentider
cds	no	ximple
asf	no	nena
svp	no	home mandrós
asm	no	burleta
dmc	yes	no per compte
qas	no	confondre
dmc	yes	asquerós
re	no	personatge antagònic
pr	no	mantinguda
ddp	yes	bastard
dmc	yes	frívol
dmc	yes	bast
cds	no	tinyeta
asm	no	cardar
dmc	yes	polissó
cds	no	cap inflat
an	no	banyut
asm	no	cardada
svp	no	urc
dmc	yes	pudent
ddp	yes	obtús
cds	no	destraler
cds	no	argúcia
ddp	yes	xusma
qas	no	moocher
cds	no	bromista
dmc	yes	mala persona
pr	no	animalada
svp	no	tacany
cds	no	barroer
cds	no	wuss
cds	no	impudència
cds	no	fascistes
or	no	nance
an	no	pillet
qas	no	destraler
ddp	yes	gilipolles
svp	no	enfaristolament
qas	no	martiritzar
asm	no	tòtil
asf	no	totxo
an	no	ploramiques
qas	no	fer barroerament
cds	no	estafador
ddp	yes	curanderisme
dmc	yes	soc
dmc	yes	catastròfic
asf	no	cretí
an	no	serp a l'herba
re	no	delinqüent juvenil
ps	yes	changeling
cds	no	ociós
cds	no	imbècil
cds	no	tonto
cds	no	babau
dmc	yes	iniquitat
pa	yes	bèstia
re	no	canalla
asf	no	simple
cds	no	entremaliadura
ps	yes	uprooter
ddp	yes	desgraciat
an	no	gasiva
cds	no	multitud
om	no	marica
an	no	tonteria
asm	no	fer un clau
svp	no	futilesa
re	no	dolenta
svp	no	gourmandizer
asm	no	escarnidor
qas	no	rodamón
dmc	yes	fabricant
an	no	vulgaritat
an	no	gos brut
cds	no	mangui
an	no	malvat
svp	no	trasto
an	no	vaca
cds	no	poca-vergonya
an	no	marrà
asm	no	fer escarni
svp	no	rapacitat
cds	no	crèdul
asf	no	capsigrany
cds	no	pallasso
an	no	chump
pr	no	collonada
ps	yes	tacte suau
dmc	yes	sneak thief
dmc	yes	apòstata
cds	no	tafaner
cds	no	penques
cds	no	pistoler
asm	no	encantat
cds	no	cap de turc
ddp	yes	ignorància
cds	no	feixista
an	no	grassonet
an	no	capsigrany
an	no	malfeiner
qas	no	sangonera
cds	no	exaltat
an	no	dolent de ficció
cds	no	entremaliadures
an	no	nois de lloguer
cds	no	garneu
cds	no	amour propre
asm	no	polvet
an	no	xapa
dmc	yes	immoral
qas	no	potiner
asm	no	palla
asf	no	cap de corriol
cds	no	enfaristolament
an	no	dolenta
dmc	yes	murri
asf	no	talòs
ddp	yes	saltimbanqui
ddp	yes	totxo
dmc	yes	dolenta
pr	no	prostitut
cds	no	wisenheimer
re	no	miserable
cds	no	burlador
cds	no	bèstia
an	no	garrepa
rci	yes	trompellot
an	no	cap de turc
cds	no	home mandrós
cds	no	desvergonyiment
ddp	yes	codswallop
qas	no	frustrar
asf	no	bàmbol
cds	no	trapella
qas	no	xusma
cds	no	palles
is	yes	demanaire
dmc	yes	gandul
ddp	yes	xerrameca
dmc	yes	slackers
dmc	yes	fètid
an	no	estúpidament
svp	no	desdenyós
an	no	virosta
cds	no	saltimbanqui
cds	no	feixisme
asm	no	pendejo
cds	no	murmurador
an	no	ingenu
an	no	raunch
or	no	toix
cds	no	ratolí de biblioteca
an	no	diddly
cds	no	intolerant
dmc	yes	janot
qas	no	exaltat
dmc	yes	pillet
cds	no	lladre
ddf	yes	tap
ddp	yes	ingenu
an	no	lowlife
dmc	yes	barrut
om	no	pederasta
dmc	yes	frau
dmc	yes	botcher
re	no	infamador
pr	no	carrer
or	no	cony
asf	no	vagina
cds	no	feixiste
cds	no	prestador
an	no	ferocitat
cds	no	dèbil
an	no	ganso
asm	no	ximple
cds	no	bajà
qas	no	pesat
svp	no	altivesa
or	no	bàmbol
or	no	animal
re	no	vilà tràgic
cds	no	curt
cds	no	vague
cds	no	atracador
ddp	yes	brutal
or	no	patata
cds	no	proxeneta
pr	no	fornicària
asm	no	bajà
svp	no	maliciós
cds	no	falsia
pa	yes	trompellot
qas	no	miserable
ddp	yes	innocent
dmc	yes	pobre diable
cds	no	xusma
dmc	yes	roí
ddp	yes	cap buit
dmc	yes	enganyosa
or	no	gilipolles
asf	no	tonteria
an	no	desnerit
or	no	marica
dmc	yes	mediocre
dmc	yes	bàrbars
an	no	murri
pr	no	bajanada
cds	no	codswallop
is	yes	mesquina
an	no	brut
dmc	yes	barroer
an	no	pip-squeak
svp	no	inútil
ddp	yes	illetrat
pa	yes	bast
ddp	yes	ignorant
cds	no	proscrit
cds	no	pasma
rci	yes	groller
ddp	yes	bogeria
ps	yes	vàndal
re	no	mafiós
cds	no	gamarús
svp	no	amor propi
dmc	yes	mentida
ddp	yes	incapaç
om	no	tita molla
ddp	yes	tafaner
an	no	babau
asm	no	patsy
dmc	yes	hobo
cds	no	lowlife
pr	no	serveis sexuals
cds	no	lletrut
cds	no	caguerot
dmc	yes	git
cds	no	rèprobe
qas	no	diletant
an	no	gentussa
asm	no	ruc
or	no	cabró
rci	yes	bàrbars
svp	no	estuf
svp	no	ociós
svp	no	rondinador
an	no	fleuma
dmc	yes	bandit
cds	no	adulador
pr	no	burrada
qas	no	contemporitzador
ddp	yes	tonto
cds	no	bergant
cds	no	cut-up
ddp	yes	chump
re	no	màfia siciliana
or	no	simplón
ddp	yes	sòmines
svp	no	dallier
cds	no	subornable
svp	no	desastre
re	no	vilifier
asf	no	neci
ddp	yes	insensatesa
cds	no	rigorista
asm	no	peça de la cua
is	yes	llastimós
re	no	antagonista
re	no	acte de terrorisme
qas	no	paràsit
asf	no	animal
cds	no	barra
an	no	implacabilitat
svp	no	calamitat
asf	no	ximple
dmc	yes	escòria borsa
cds	no	ínfules
cds	no	demagògia
ddp	yes	bajanada
ddp	yes	fava
re	no	pocavergonya
dmc	yes	goof-off
svp	no	esquerp
ddp	yes	sense sentit
ddp	yes	aturat
ps	yes	retardat
ddp	yes	idiotisme
ps	yes	destructor
pr	no	carrer noia
an	no	gandul
asm	no	mà treball
qas	no	plepa
svp	no	escuracassoles
qas	no	esvalotador
ps	yes	darky
om	no	disminuït
asf	no	estúpid
cds	no	grandiloqüència
an	no	avar
cds	no	sneak thief
cds	no	bajanada
cds	no	cosa nostra
cds	no	guerra de colles
ddp	yes	ximple
ddp	yes	folderol
dmc	yes	trampós
cds	no	groveler
re	no	terrorista
dmc	yes	bèstia
svp	no	tightfistedness
cds	no	nympho
cds	no	garrofa
asf	no	xicota
dmc	yes	potiner
cds	no	farfutalla
cds	no	conceitedness
dmc	yes	hipocresia
dmc	yes	dropo
is	yes	canalla
an	no	git
asf	no	changeling
an	no	merda
dmc	yes	pispa
asf	no	cony
is	yes	esparracada
cds	no	pedant
ddp	yes	estupidesa
om	no	nance
svp	no	àvid
ddp	yes	incompetent
dmc	yes	pestilent
dmc	yes	defraudador
qas	no	trist
ddp	yes	toix
cds	no	usura
dmc	yes	malvat
an	no	bruixa
cds	no	moralitzar
cds	no	ruc
is	yes	miserable
cds	no	exigent
dmc	yes	viciós
qas	no	revoltoso
ddp	yes	llanut
cds	no	trompellot
cds	no	truc literari
cds	no	potiner
cds	no	miserable
ddp	yes	twirp
cds	no	poca-pena
ps	yes	enze
svp	no	fartaner
cds	no	nan
dmc	yes	dolent
dmc	yes	malgastador
qas	no	botcher
cds	no	saltejador de camins
cds	no	desaplicat
an	no	incompetent
ddp	yes	pobre peix
asm	no	follar
ps	yes	bàrbars
cds	no	bumbler
cds	no	bandolerisme
dmc	yes	vilà
svp	no	futilitat
re	no	violadors
an	no	ximple com un nen
is	yes	desafortunat
cds	no	superb
cds	no	poli
cds	no	ñoño
dmc	yes	malgirbat
qas	no	paparra
asm	no	mofador
asm	no	maleït
cds	no	pandar
ddp	yes	idiota
cds	no	pressionant
dmc	yes	repugnant
qas	no	pobre
pr	no	adúltera
an	no	simplón
cds	no	enigma
dmc	yes	bo-per-res
dmc	yes	treasonist
pr	no	prostitució masculina
asm	no	panoli
om	no	minusvàlid
an	no	bêtise
is	yes	pocavergonya
cds	no	superbia
ddp	yes	talòs
asf	no	ximple com un nen
dmc	yes	trifler
cds	no	dogmatisme
cds	no	fascisme
ddp	yes	inepte
svp	no	fanàtic
asm	no	fotre un clau
pr	no	dama del plaer
dmc	yes	menyspreable
pa	yes	salvatge
om	no	fada
cds	no	grosser
dmc	yes	torrapipes
cds	no	farsa
ddp	yes	terròs
re	no	dolent
or	no	maricó
or	no	monya
svp	no	altivitat
qas	no	bluf
cds	no	demagog
svp	no	desitjós
asm	no	totxo
an	no	meuca
cds	no	presumptuositat
is	yes	pidolaire
dmc	yes	assaltant
pr	no	meretriu
is	yes	vilà
svp	no	alterós
an	no	gilipollas
an	no	paràsit
an	no	tanoca
asm	no	tonteria
cds	no	ragtag
cds	no	covardia
cds	no	protèrvia
pr	no	bagassa
svp	no	rancuniós
cds	no	picardia
is	yes	desgraciat
svp	no	elació
cds	no	ficat
ddp	yes	persona sense educació
dmc	yes	renegat
cds	no	arrastrante
asf	no	farfutalla
cds	no	fora de la llei
qas	no	embolicar
re	no	delinqüent
re	no	lluita armada
qas	no	falsedat
ddf	yes	menyspreable
an	no	estúpid
cds	no	gangsterisme
ps	yes	mongoloide
ps	yes	curt
an	no	fullaraca
cds	no	afaneta
an	no	porc
cds	no	sequaços
cds	no	pompositat
qas	no	gorrer
svp	no	gorger
dmc	yes	destraler
is	yes	garrepa
asm	no	sabata
qas	no	pintor de pa sucat amb oli
svp	no	malfeiner
dmc	yes	capsigrany
asf	no	bajà
cds	no	règim feixista
an	no	bèstia
an	no	marfanta
ddp	yes	encantat
or	no	innocent
pr	no	buncombe
cds	no	pinxo
cds	no	munió
qas	no	rebutjar
asm	no	idiota
dmc	yes	intelectualoide
cds	no	soc
svp	no	vanitós
ddp	yes	remeier
svp	no	gourmand
ddp	yes	curandero
asm	no	fotre
an	no	personatge antagònic
cds	no	ultraconservador
cds	no	beneit
asf	no	vaginal
an	no	simple
asf	no	cap buit
dmc	yes	avar
om	no	monya
re	no	màfia italiana
qas	no	ragtag
dmc	yes	fumbler
