cds	no	blowhard
an	no	canis aureus
re	no	pers
pa	yes	rekenmeester
cds	no	sport huis
dmc	yes	uitgeworpene
cds	no	uitdunning
an	no	luim
an	no	suig luis
an	no	gans
asm	no	ertjie
asm	no	veld boon
cds	no	swakkeling
asf	no	onnozele
cds	no	familieverwant groep
asm	no	donkerbruin
cds	no	heleboel
ddp	yes	vertraagdes
an	no	boos
cds	no	vent
an	no	aasvoël
qas	no	bloopers
om	no	gesodomiseer
an	no	genus pipistrellus
svp	no	luxuria
ps	yes	hebraism
or	no	homofiel
an	no	slang
om	no	paederast
or	no	nansies
an	no	verbied uil
ps	yes	jood
ps	yes	israelitiese
svp	no	acedia
ddp	yes	vormverwisselaar
om	no	drag queens
an	no	sondig nie
ddp	yes	skinderbek
cds	no	misdadigheid
re	no	mafia
dmc	yes	knoeier
om	no	cross-dresser
asf	no	flous
re	no	ontwringen
or	no	murphy
cds	no	grunge
dmc	yes	sukkelaar
an	no	roodbaars
cds	no	veer strijker
an	no	mug
cds	no	casino dobbel
dmc	yes	veinzer
ddp	yes	dumbass
ddp	yes	gat
cds	no	bevooroordeelde
qas	no	barok argitektuur
svp	no	hoogmoed
om	no	aboral
qas	no	gepeupel
pa	yes	herder
dmc	yes	stink
cds	no	dude
qas	no	testikulêre
cds	no	jokester
cds	no	clans
an	no	megascops
cds	no	misdadiger
cds	no	misdaad heer
ddp	yes	nonsens
cds	no	hoaxer
asm	no	fava bone
re	no	valse beskuldigings
cds	no	rumourmonger
svp	no	aggressief
an	no	humanus
dmc	yes	lingerer
is	yes	armoede
svp	no	taṇhā
asm	no	sagte straal
ddp	yes	kwak dokter
an	no	fysionomie
dmc	yes	misleiding
cds	no	jeugbendes
re	no	tweede graad moord
ps	yes	mongoolse
dmc	yes	cheater
an	no	animalcules
om	no	gestremde persoon
ddp	yes	mongool
re	no	seksuele aanranding
an	no	crocodilia
cds	no	tellings
cds	no	charlatan
qas	no	bourgeoisie
cds	no	bordeel
qas	no	bedelaar
cds	no	eigendunk
an	no	weekdiere
cds	no	sterf
cds	no	behalwe
cds	no	siciliaanse mafia
cds	no	misdadigers
or	no	homoseksuele
cds	no	papbroek
qas	no	parasiteer
or	no	gekweek kool
pa	yes	deur wag
an	no	athene noctua
qas	no	ballock
ps	yes	jigaboo
pa	yes	uncouthness
pr	no	freeks
an	no	strigiformes
an	no	hiëna
om	no	moffie
ps	yes	changelings
cds	no	massa
svp	no	ooreet
pa	yes	akademiese gemeenskap
dmc	yes	vuil
ps	yes	boche
ddp	yes	plomp
re	no	mishandeling
pr	no	manlike prostitusie
dmc	yes	rube
re	no	seksueel aan te rand
an	no	beeste
ps	yes	kruisteling
re	no	seksueel aangerand
om	no	posterior
pa	yes	bellman
an	no	donkies
cds	no	plichtverzaker
asm	no	lomperd
re	no	verduistering
asf	no	kruis hare
re	no	siciliaanse mafia
an	no	pooch
re	no	gangster
qas	no	snoop
or	no	dom
qas	no	bollocks
is	yes	swak
re	no	veroordeelde misdadiger
ddf	yes	crookback
cds	no	nerdy
asm	no	domoor
ddp	yes	lomperd
an	no	anurans
cds	no	skare
cds	no	grifter
qas	no	retoriese
ddp	yes	blunderer
pa	yes	stoel
or	no	queer
qas	no	rhetor
dmc	yes	deugniet
ddp	yes	macro fauna
re	no	calumniation
cds	no	dom persoon
is	yes	armoede in die wêreld
re	no	strydbyl werk
qas	no	conformist
cds	no	ydelheid
cds	no	finagler
pa	yes	rekenmeesters
cds	no	onnozele
ddp	yes	metazoa
is	yes	arm mense
cds	no	huishoudelike riool
om	no	sodomie
dmc	yes	kriminele
cds	no	koppelaars
cds	no	fabricator
pr	no	deern
pa	yes	klerk
cds	no	sny-up
ps	yes	barbaar
an	no	wuss
or	no	cunt
qas	no	nyweraars
an	no	wit haai
ddp	yes	swak vis
cds	no	boekwurm
pa	yes	politieke
cds	no	ondeugd
an	no	eurypterid
ddf	yes	mense met gestremdhede
or	no	fastidiousness
qas	no	winkelier
cds	no	toeschouwer
an	no	onnozele
asm	no	bruin
pa	yes	hoogleraar
re	no	rooftogte
an	no	week diere
cds	no	rustler
an	no	lupus familiaris
re	no	om tot die dood
an	no	hyena
qas	no	huurder boer
an	no	pediculus corporis
cds	no	fib
ps	yes	mongool
asm	no	stoot-off
cds	no	sameswering teorie
qas	no	sake-eienaar
qas	no	besigheid man
re	no	seks misbruik
cds	no	die seun van 'n teef
cds	no	intrigant
cds	no	schurkerij
cds	no	beampte
cds	no	bendebedrywighede
asm	no	aanhangsels
is	yes	sosiale uitgeworpene
dmc	yes	morele bankrotskap
cds	no	makelaar
ddp	yes	ongeletterd
ps	yes	latino
qas	no	besigheid magnaat
cds	no	sub-stam
an	no	slob
om	no	nie-westerse konsepte van manlike seksualiteit
cds	no	selfvoldaanheid
an	no	animeer om
rci	yes	boor
dmc	yes	skurk
ps	yes	sagte aanraking
qas	no	tagalong
an	no	kapater
an	no	steenuil
cds	no	dommerik
or	no	punctiliousness
cds	no	dweeb
an	no	muggie
asm	no	vormverwisselaar
an	no	haas
asm	no	gelovigheid
an	no	domoor
asm	no	ereksie van die penis
cds	no	penman
re	no	maffialid
re	no	afsetter
ps	yes	judeo
cds	no	wank
asf	no	tegniese
pa	yes	spesiale verdediger
ps	yes	vormverwisselaar
cds	no	bordele
cds	no	pudden-kop
an	no	ixodoidea
an	no	algemene luis
ddp	yes	analphabetic
an	no	pillager
dmc	yes	losbol
dmc	yes	afsetter
cds	no	voortvarendheid
cds	no	windzak
cds	no	rou riool
cds	no	fop
asm	no	flous
re	no	lasterlik
re	no	deugniet
an	no	dier
asm	no	ereksie
re	no	martel
svp	no	apaties
cds	no	sterwe
qas	no	amateur
dmc	yes	gemeen
cds	no	afgods
re	no	afpersing
cds	no	roet
an	no	kanaal bas
dmc	yes	kwaaddoener
cds	no	pimp
qas	no	gemeentes
an	no	koeie
qas	no	boor
re	no	misbruik van gesag
cds	no	skroot yster
cds	no	chaotische verwarring
cds	no	toilette
or	no	kool
ps	yes	homp
asm	no	swaksinnige
cds	no	steel
ps	yes	mongoloids
pa	yes	professor aan die universiteit
cds	no	stam
re	no	scammer
cds	no	narcisme
cds	no	italiaanse mafia
cds	no	hustling
an	no	epifaunal
qas	no	huis skilder
ps	yes	barbaarse
qas	no	parasitiese
cds	no	match
re	no	rampokker
an	no	patsy
cds	no	bedrieër
cds	no	sonny boy
dmc	yes	skynheilig
qas	no	oukie
cds	no	afsetter
cds	no	sluip dief
re	no	hom wat 'n doodslag begaan het
an	no	crocodylidae
svp	no	cheapskate
cds	no	vrye en aanvaarde vrymesselaars
dmc	yes	boemelaar
an	no	diddly-kak
cds	no	blou kous
cds	no	kruisteling
pr	no	slordige vrou
asf	no	vormverwisselaar
pa	yes	assistent professor
dmc	yes	spandabelrig
cds	no	retard
re	no	kwaaddoener
cds	no	clotheshorse
ddp	yes	twak
pr	no	hoer
an	no	treuzelaar
or	no	vinkel
cds	no	onderrig steun
dmc	yes	leuen
qas	no	ambagsman
pr	no	buncombe
re	no	rogue
qas	no	parasiet
cds	no	wonk
svp	no	nutteloosheid
cds	no	excavateur
cds	no	gemengde-ras hond
ddp	yes	retard
re	no	veedief
an	no	mikro-organisme
cds	no	provinciaal
or	no	dumbass
an	no	familiaris
qas	no	afval
om	no	gay manlike
asm	no	wanker
re	no	misbruik
re	no	raptio
om	no	crossdress
cds	no	weet-all
an	no	bufo
ps	yes	barbare
is	yes	paria
asm	no	breë bone
qas	no	kneg
ddp	yes	liggelowig
an	no	pip-piep
svp	no	boos
qas	no	sodbuster
re	no	holdup
ddf	yes	fisies gestremde
an	no	infauna
re	no	chiseler
om	no	manlike seksualiteit
ddf	yes	mobiliteit gestremdhede
pa	yes	kollege professor
cds	no	satyriasis
cds	no	boodskapper seuntjie
cds	no	ontuchtig huis
asm	no	uilskuiken
qas	no	blooper reel
an	no	schelp
pr	no	koei
an	no	afluister
cds	no	egghead
an	no	koei
cds	no	familie
cds	no	kwaaddoener
an	no	varke
svp	no	traagheid
an	no	onverbiddelijk
ps	yes	swart mense
cds	no	boetie
re	no	verkragter
an	no	metazoa
om	no	kindermolesteerder
pa	yes	advokaat
an	no	slet
om	no	gayness
cds	no	saak voorgedra seuntjie
ddp	yes	onkunde
cds	no	fascistiese regime
cds	no	katte kwaad
cds	no	tussenrat
or	no	brassica oleracea
cds	no	straat bendes
asm	no	shtup
ps	yes	joodse godsdiens
an	no	anguillidae
cds	no	gevangenis beampte
qas	no	burger mense
ddp	yes	flous
svp	no	graver
cds	no	godsdienstige diskriminasie
dmc	yes	gapper
re	no	laster en
or	no	finocchio
cds	no	familie-lyn
asm	no	vicia faba
pa	yes	skoenmaker
cds	no	newswriter
pa	yes	minister
ps	yes	zulu
cds	no	fundamentalisme
cds	no	bellyacher
ddp	yes	gepeupel
asf	no	twat
ps	yes	bulgaars
an	no	deugniet
an	no	canis familiaris
qas	no	groot sakeman
pr	no	huur seuntjie
an	no	folderol
qas	no	kranksinnige
cds	no	parvenu
qas	no	sakevrou
dmc	yes	haweloses
ddp	yes	sukkelaar
cds	no	leuenaar
re	no	plunder
an	no	val man
or	no	komkommers
or	no	tater
is	yes	gemeen
ps	yes	rroma
om	no	agter
om	no	agterste einde
asm	no	ertjies
pr	no	teef
cds	no	bas bleu
cds	no	oorblyfsels
re	no	lasteraar
qas	no	bemoeial
cds	no	prankishness
pr	no	koninklike beampte
is	yes	tragiese skurk
svp	no	angriness
cds	no	boor
asm	no	changelings
ddp	yes	shit head
om	no	mevrou
ps	yes	swaksinnige
an	no	mikrobe
re	no	debaucher
asm	no	credulousness
cds	no	bliksem
is	yes	arme drommel
cds	no	pedagoog
dmc	yes	lowlife
qas	no	testis
re	no	gewapende roof
cds	no	onwettige aktiwiteite
cds	no	zeur piet
ps	yes	afrika-afkoms
dmc	yes	ongeveins
om	no	moffies
pa	yes	begrafnisondernemer
dmc	yes	so-en-so
re	no	racketeer
or	no	pampoen
ps	yes	ruiner
svp	no	luiheid
re	no	vergrijp
asm	no	fava
or	no	faggot
ddp	yes	weet niks
re	no	diefstal
qas	no	shack
an	no	anuran
ddp	yes	poephol
cds	no	gemors-up
cds	no	kruising
an	no	genus anguilla
or	no	gebrande oranje
dmc	yes	bedrieër
an	no	bosluise
cds	no	koppelaar
asm	no	sot
ddp	yes	stomkop
an	no	jakkals
an	no	vrou chaser
pa	yes	prokureur
an	no	liggaam luise
asm	no	dwaas
is	yes	villainess
pa	yes	bespreking klerk
cds	no	laf
or	no	moffies
cds	no	vark
asm	no	haantjie
an	no	lafaard
cds	no	chiseler
cds	no	mongole
cds	no	gekruis
is	yes	lae-inkomste
ddp	yes	dimwit
om	no	derriere
an	no	hoax
pa	yes	advokate
cds	no	uiterste reg-vleuel
re	no	misdadiger
an	no	familie cimicidae
asf	no	poes
svp	no	slackers
cds	no	hooimold
cds	no	ballingschap
dmc	yes	scattergood
asf	no	changelings
qas	no	verwerp
cds	no	inbreker
cds	no	sameswering van stilte
svp	no	woede
an	no	zooerasty
pa	yes	volle professor
cds	no	stoot-off
asm	no	mannetjie
om	no	prat
dmc	yes	boerenpummel
pa	yes	werknemer
cds	no	swot
svp	no	aggressiewe
is	yes	droewig
svp	no	afgunst
cds	no	camarilla
an	no	krokodilagtiges
re	no	neonaticide
dmc	yes	blunderer
ps	yes	nigga
ddp	yes	patsy
cds	no	struikrower
dmc	yes	sosiale uitgeworpene
or	no	doos
cds	no	clown
cds	no	geswel
dmc	yes	rondlopery
cds	no	vee geritsel
an	no	gansje
cds	no	hope
re	no	skurk
cds	no	pillock
an	no	suur gesig
qas	no	bourgeois samelewing
cds	no	swere
pa	yes	begrafnis direkteur
dmc	yes	mozzarella
svp	no	plichtverzaker
or	no	homoseksueel
cds	no	flub
cds	no	misdryf
ddp	yes	kwak medisyne
an	no	slegte persoon
cds	no	sassing
ps	yes	bulgare
cds	no	clann
pa	yes	minnaar
an	no	muttonhead
qas	no	skilder en versierder
cds	no	skinder
cds	no	chawbacon
re	no	seksuele misdaad
svp	no	toorn
or	no	swak vis
an	no	wurm
an	no	weekdier
asm	no	avialae
om	no	anale penetrasie
an	no	weekdierboerdery
cds	no	balladesanger
ps	yes	interfertility
an	no	mikrobes
pr	no	kommersiële seksuele
pa	yes	opgepas
ps	yes	geel kaart
qas	no	professionele klas
dmc	yes	landloper
asm	no	pterygiophore
ddp	yes	agterlikheid
dmc	yes	homunculus
pa	yes	barbaarse
dmc	yes	hawelose
dmc	yes	dallier
om	no	homoseksuele
asf	no	swaksinnige
cds	no	beguine
ps	yes	planttelersreg
re	no	gesteelde eiendom
pr	no	moll
ddf	yes	sleg
pa	yes	professore
an	no	betise
om	no	poove
cds	no	sipier
re	no	oortreding
re	no	geweld
om	no	dieselfde geslag aantrekkingskrag
pr	no	gehou vrou
dmc	yes	swerwer
cds	no	bemoeial
asf	no	shit head
re	no	rustler
cds	no	wasplaats
cds	no	niks doen
pa	yes	visvrouw
an	no	codswallop
ps	yes	mestizaje
qas	no	volgeling
ddf	yes	runt
cds	no	interspesifieke baster
an	no	fauna
re	no	mugged
cds	no	verwantskap groep
an	no	hyaenidae
re	no	moorde
ps	yes	bedoeïen
re	no	misdryf
dmc	yes	schoft
pr	no	beeste
re	no	raper
pr	no	prostitusie
re	no	laster van karakter
ddp	yes	fuckhead
an	no	prickteaser
om	no	homoseksualisme
om	no	gay man
svp	no	avariciousness
an	no	aasvoëls
cds	no	deurmekaarspul
re	no	grifter
ddf	yes	ongeskiktheid
an	no	knucklehead
an	no	liggaam ruk
ddp	yes	dom
pa	yes	voorsteller
rci	yes	barbaar
qas	no	fout
qas	no	hut
an	no	blattodea
cds	no	bende kultuur
re	no	moordenaar
dmc	yes	vark
cds	no	dime roman
cds	no	pooier
qas	no	ooreenstemming
cds	no	hoë priester
cds	no	nuus korrespondent
cds	no	cathouse
qas	no	fumbler
dmc	yes	chiseler
cds	no	glip van die tong
qas	no	warboel
ddp	yes	stront
an	no	koverte luister toestel
an	no	shote
an	no	bison bonasus
cds	no	brutaliteit
is	yes	het nie
re	no	last raar
pa	yes	herders
an	no	strix varia
an	no	skelm
om	no	gat
ps	yes	jerry
an	no	skaap
ddp	yes	bedrieg
an	no	suborde blattodea
cds	no	self-selfvoldaanheid
qas	no	baroqueness
ps	yes	planteteelt
an	no	luise
ps	yes	negroïde
cds	no	massas
cds	no	toiletfasiliteit
cds	no	bagnio
an	no	hemipterous insek
dmc	yes	fatsoen
cds	no	gelowiges
an	no	escargot
an	no	wisent
qas	no	uitdunning
ps	yes	ander rasse
cds	no	troos stasie
cds	no	tweede-rater
svp	no	eiewaan
re	no	piracy
asm	no	brownness
cds	no	self-bevrediging
ddp	yes	barbarisme
or	no	onnozele
ps	yes	joods
ddp	yes	kwaadstoker
cds	no	hoerboer
pr	no	john
cds	no	fasciste
cds	no	babas
an	no	weeluis
an	no	idioot
cds	no	self-liefde
qas	no	endoparasiete
cds	no	slob
dmc	yes	half-pint
cds	no	vervolger
an	no	body snatchers
dmc	yes	plichtverzaker
dmc	yes	domoor
qas	no	meng-verminken
cds	no	bragger
ddp	yes	bestialiteit
an	no	orde crocodylia
pa	yes	diplomatieke rang
cds	no	egoïsme
pr	no	dame van plesier
dmc	yes	morele kompas
an	no	vlooi
an	no	groot wit haaie
re	no	felons
asf	no	codswallop
cds	no	rakker
re	no	misbruik van die kantoor
an	no	eetbare slak
or	no	aartappel
cds	no	afgod aanbidding
cds	no	demagoog
re	no	gemartel
qas	no	kans en eindig
cds	no	propagandis
cds	no	koerantman
svp	no	tanha
ps	yes	gekruis
pa	yes	berader-by-wet
cds	no	newspaperwoman
an	no	diddly-squat
an	no	straat prostitusie
ddp	yes	asshole
cds	no	natuurlike baster
cds	no	oorblyfsel
asm	no	val man
an	no	see-skerpioen
an	no	sucker
cds	no	vaste afval
or	no	komkommer
svp	no	arrogansie
qas	no	flub
an	no	genus vipera
cds	no	culchie
dmc	yes	git
pa	yes	ooreenstemmende lid
cds	no	kruisteel
cds	no	narren
svp	no	begeerlikheid
re	no	moord op
or	no	cucumis sativus
ddp	yes	pudden-kop
ps	yes	fascistiese
cds	no	huishoudelike afval
qas	no	gewone
ps	yes	romani mense
cds	no	polisiebeamptes
cds	no	vuil-up
cds	no	knaterflater
an	no	liggaam snatcher
an	no	rogue
ps	yes	rommany
cds	no	bemoeiziekerig-parker
dmc	yes	tweede-rater
svp	no	self-liefde
cds	no	loansharking
an	no	homp
qas	no	retoriek
cds	no	korreksies beampte
dmc	yes	boemelaars
om	no	stert
re	no	seks misdade
cds	no	neonatale
qas	no	plaaswerker
an	no	oerdiertje
dmc	yes	ongelukkige persoon
ddp	yes	fumbler
cds	no	schoft
an	no	otus asio
qas	no	moeilikheidmaker
ddp	yes	kretinisme
om	no	donkie
an	no	vark
cds	no	nuweling
cds	no	rower
re	no	seksuele aanrandings
ps	yes	judaïstiese
or	no	aardappel
pa	yes	assistent-professor
cds	no	veil
or	no	onskuldig persoon
cds	no	nerd
pa	yes	boor
ps	yes	oos goot
dmc	yes	moralistiese
cds	no	japannese eenhede van meting
cds	no	slordige persoon
ps	yes	joodse gemeenskap
om	no	keister
cds	no	line-shooter
qas	no	veld hand
cds	no	eiewaan
cds	no	scientisme
or	no	kroesje
an	no	aureus
re	no	gemeen
cds	no	grond
asm	no	fucking
ddp	yes	pappekak
dmc	yes	dilly-dallier
an	no	amerikaanse bison
dmc	yes	banditti
cds	no	conventicles
cds	no	wise guy
cds	no	leër
cds	no	handlanger
pr	no	manlike escort
dmc	yes	bendelid
svp	no	fisiese aantrekkingskrag
an	no	slordige persoon
dmc	yes	moreel bankrot
cds	no	dogmatisme
or	no	twat
om	no	agterste
ps	yes	die zoeloe
cds	no	diewe
re	no	kriminele aktiwiteit
cds	no	losbek
om	no	paederasty
an	no	liggaam luis
re	no	rower
ddp	yes	pillock
ddp	yes	gevangene
re	no	gewelddadige
svp	no	ravenousness
cds	no	val man
qas	no	blunderer
asf	no	doofus
cds	no	heilige oorblyfsel
an	no	hog
cds	no	camorra
cds	no	strooplikker
om	no	queer
re	no	seksmisdaad
asm	no	homp
qas	no	huishoudelike afval
cds	no	betweter
cds	no	fanatikus
cds	no	reaksionêre
om	no	dieselfde geslag
an	no	bloedsuier
cds	no	oortredinge van die wet
an	no	slak
re	no	seks misdryf
ddp	yes	nie in staat
re	no	buit
ddp	yes	val man
an	no	grofheid
qas	no	luilak
ps	yes	vandaalse
an	no	diddlysquat
cds	no	af te ruk
dmc	yes	paria
qas	no	barbaarse
dmc	yes	vent
ps	yes	plantbiotegnologie
cds	no	stelery
asf	no	stomkop
qas	no	ektoparasiete
re	no	cosa nostra
dmc	yes	huichelaar
an	no	esel
cds	no	dastardliness
qas	no	parasiete
cds	no	masonic
cds	no	volk
ps	yes	swart
cds	no	latrine
qas	no	munisipale vaste afval
qas	no	huis skilder en versierder
asm	no	teste
re	no	marteling
dmc	yes	chiseller
qas	no	testikel
cds	no	vertraagde
om	no	homoeroticism
or	no	angstvallig
cds	no	praktiese joker
ddp	yes	mongole
an	no	bokke
asf	no	saphead
qas	no	beduiwel
an	no	sciaenops ocellatus
cds	no	appel poleerder
cds	no	dosyne
qas	no	slegte hoed
ddp	yes	esel
cds	no	rogue
ps	yes	zoeloes
dmc	yes	dwepery
an	no	stroper
asm	no	vuil
ddp	yes	geestelike tekort
cds	no	blackballed
cds	no	barbare
an	no	caprinae
re	no	seksuele misdryf
cds	no	kudde
cds	no	lening haai
svp	no	minginess
om	no	sodomist
re	no	oortredinge van die wet
om	no	verskillende
qas	no	beroerder
asm	no	maroen
an	no	bed foute
an	no	selachimorpha
pr	no	howelinge
ddp	yes	dwaasheid
ddp	yes	fauna
cds	no	soet net
an	no	onverbiddelikheid
svp	no	avaritia
qas	no	sakemanne
svp	no	dillydallier
an	no	hiënas
asm	no	saphead
re	no	roofstroom
dmc	yes	fabricator
cds	no	vas een
svp	no	suinigheid
cds	no	conformist
an	no	papegaai
an	no	piggy
cds	no	lening sharking
cds	no	volume
an	no	bok
om	no	drag queen
ddf	yes	gestremdheid
an	no	ware paling
ddp	yes	idioot
an	no	cuckold
cds	no	beeste stropende
cds	no	scammer
svp	no	nietigheid
qas	no	middel-klas
cds	no	babbelaar
cds	no	balls-up
qas	no	necrotrophic
re	no	terreur daad
dmc	yes	libertine
cds	no	bloopers
cds	no	ton
an	no	ballon slikker
pa	yes	academisme
asm	no	piel
qas	no	mengeling
cds	no	spoggerigheid
an	no	filum mollusca
qas	no	afkeur
cds	no	groot spreker
dmc	yes	mozzarella kaas
ddp	yes	knoeier
or	no	kont
re	no	gewapende rooftogte
dmc	yes	hobos
asm	no	groen ertjies
an	no	gemeenskaplike padda
qas	no	sinker
an	no	muskiet
an	no	muggins
pr	no	huur seuns
pa	yes	vooraanstaande professor
an	no	witdoodshaai
asf	no	dwaas
an	no	schorpioenvis
cds	no	armzalig
an	no	haaie
pa	yes	controleur
or	no	homofiel beweging
re	no	verbied
ps	yes	uprooter
cds	no	fascistiese
an	no	snoet
an	no	huishoudelike esel
cds	no	janhagel
an	no	binnelandse skape
ddp	yes	codswallop
dmc	yes	goed-vir-nietige
qas	no	besigheid persoon
svp	no	abulia
re	no	beeste stropende
cds	no	kwezelaar
dmc	yes	uitdraaier
dmc	yes	hofnar
pr	no	lampyris noctiluca
ddf	yes	gestremde
cds	no	korrupsie
ddp	yes	babbelaar
re	no	stelery
asf	no	domkop
qas	no	testikels
re	no	ballingschap
pa	yes	vishandelaars
re	no	verkragters
cds	no	rumormonger
asm	no	aves
cds	no	verwaand
dmc	yes	misdadig
dmc	yes	morele waardes
om	no	anatomiese terme van plek
an	no	paling
cds	no	sameswering teoretici
ddp	yes	betise
cds	no	opvoeder
an	no	varkie
ps	yes	negroïede
dmc	yes	valsheid
re	no	rakker
re	no	stickup
an	no	naguil
an	no	uile
cds	no	bendegeweld
cds	no	knoeier
pa	yes	lid van die fakulteit
an	no	ixodida
an	no	padda
asf	no	doos
qas	no	middeleeuse
cds	no	party
cds	no	bandiet
dmc	yes	rakker
an	no	crocodylian
ps	yes	boor
cds	no	korrespondent
an	no	groot wit haai
cds	no	lowlife
cds	no	pompousness
ddp	yes	onzin
pa	yes	cordwainer
an	no	bokke dier
qas	no	boo-boo
an	no	vuil hond
pr	no	randsteen kruip
ddp	yes	moronity
dmc	yes	libertinism
cds	no	instrukteur
dmc	yes	skelm
re	no	skelm
cds	no	faktor
dmc	yes	barbare
dmc	yes	gangster
dmc	yes	bandiet
ps	yes	metics
an	no	raunch
ddp	yes	hartseer sak
cds	no	matcher
an	no	lowlife
an	no	domkop
an	no	voëls van minerva
om	no	pederast
re	no	tragiese skurk
qas	no	amerikaanse sakeman
pa	yes	pleiter
re	no	presiese
asm	no	goedgelowigheid
asf	no	vagina
cds	no	saphead
svp	no	uitdraaier
cds	no	free masons
re	no	manslag
asf	no	esel
cds	no	gevangenis bewaak
ps	yes	judaïsme
re	no	plagiaat pleeg
an	no	bison bison
an	no	europese padda
cds	no	ostentatiousness
qas	no	droken
an	no	kaaiman
om	no	anale omgang
asm	no	maxilliped
is	yes	lae inkomste
cds	no	wisenheimer
qas	no	kennel
qas	no	besigheidspersoon
om	no	midklavikulêre lyn
om	no	dorsoventral
ps	yes	baster
cds	no	stapels
re	no	terroriste
cds	no	misdade
ddp	yes	onsin
ps	yes	pikey
an	no	roes sak
ps	yes	vertraagde
an	no	doggy
pr	no	gangster se moll
dmc	yes	boosheid
ps	yes	roma
cds	no	codswallop
qas	no	autoinfection
cds	no	pleegkind
cds	no	boner
cds	no	sass
cds	no	openbare toilet
cds	no	so-en-so
om	no	dame
re	no	bedrieër
qas	no	retories
re	no	verkrag
cds	no	cockup
pr	no	geweer moll
ps	yes	sjinese
ddp	yes	dwaas
is	yes	cheapskate
pr	no	gun moll
an	no	villainess
ps	yes	idioot
cds	no	kakhuis
qas	no	sukkelaar
ddp	yes	verklikker
svp	no	druiloor
an	no	huur seuntjie
an	no	diddley
om	no	edelvrou
cds	no	verworpenes
svp	no	afguns
qas	no	gewone man
om	no	gay
cds	no	homunculi
cds	no	baie
cds	no	homp
qas	no	conformisme
or	no	uilskuiken
asm	no	europese boon
cds	no	kriminele daad
ddp	yes	infauna
dmc	yes	roes sak
an	no	eurasiese griffon
asm	no	betise
om	no	finocchio
an	no	gebande uil
re	no	seksuele misdrywe
is	yes	ongelukkige
qas	no	bekendmaking
cds	no	swembad hustling
an	no	onskuldig persoon
re	no	misdade
ps	yes	metic
asm	no	sagte aanraking
or	no	moffie
an	no	mot
ddp	yes	moroon
cds	no	greenhorn
cds	no	cosa nostra
ps	yes	vertraagdes
ddp	yes	folderol
an	no	krokodil
om	no	slagtand
cds	no	groveler
cds	no	bloedverwante
cds	no	kniesoor
pa	yes	sheepherders
re	no	handel laster
cds	no	aanmatiging
dmc	yes	stank
svp	no	drif
cds	no	vry messelaars
cds	no	petty dief
an	no	vlooie
an	no	os
asf	no	homp
cds	no	idioot
cds	no	armee
qas	no	burgersenaat mense
dmc	yes	vrolik andrew
qas	no	iglo
dmc	yes	zwerver
qas	no	huurder plaas
svp	no	gierig aard
ddp	yes	clown
cds	no	kwaadstoker
dmc	yes	spandabelrige
an	no	bestialiteit
qas	no	krot
an	no	woede
dmc	yes	rower
svp	no	invidia
ddp	yes	sot
qas	no	bourgeoise
an	no	insek
an	no	bok-bok
an	no	doodly-squat
cds	no	vrymesselaar
qas	no	mengelmoes
qas	no	teste
ddp	yes	changelings
re	no	kriminele aktiwiteite
cds	no	bumbler
cds	no	gemeen
asm	no	fallus
qas	no	blooper
cds	no	buite-egtelike kind
an	no	weet niks
om	no	homoseksueel
cds	no	trasformismo
ddf	yes	midget
ddp	yes	ongeletterde persoon
om	no	skandseun
cds	no	gemors
ps	yes	kruising
asm	no	ithyphallic
dmc	yes	sluip dief
cds	no	mengeling
an	no	pudge
ddp	yes	amentia
asf	no	betise
cds	no	ndrangheta
om	no	boude
re	no	laster
cds	no	delik
qas	no	huurder boere
pr	no	hetaira
an	no	yap
pr	no	byvroue
cds	no	deugniet
re	no	dief
an	no	eurypterids
om	no	voorwaardes vir anatomiese plek
asm	no	onnoselheid
re	no	verkragting
an	no	little owl
an	no	coquette
an	no	helix pomatia
pa	yes	buitengewone professor
om	no	proksimale
cds	no	half-pint
an	no	weeluise
cds	no	nouveau-riche
cds	no	onderwyser
cds	no	gratis mason
re	no	siek-gebruik
an	no	bokram
om	no	agterkant
cds	no	mengelmoes
or	no	meticulosity
dmc	yes	etiese motief
ps	yes	negro
an	no	kakkerlakke
cds	no	polisievrou
om	no	crossdressing
ddp	yes	dommerik
cds	no	liefde kind
ddp	yes	ferociousness
dmc	yes	vervalser
ddp	yes	prater
ddp	yes	verstandelike gestremdheid
an	no	vipera berus
ddp	yes	intellektuele gestremdheid
cds	no	kakografie
ddp	yes	diere
ps	yes	white
asm	no	veld ertjies
om	no	kruis dressing
cds	no	muss
asm	no	testikulêre
an	no	mollusca
asm	no	doofus
ps	yes	swart man
cds	no	onderwysers
ddp	yes	onbevoeg
ddp	yes	rumormonger
asm	no	breë boontjie plant
an	no	tragiese skurk
re	no	strafbare oortreding
asm	no	avafauna
dmc	yes	fumbler
ddp	yes	epifauna
cds	no	mensgemaakte hibried
dmc	yes	boor
dmc	yes	druiloor
cds	no	staking-breek
ps	yes	joodse
an	no	minx
an	no	uil
pr	no	bos taurus
re	no	ontvoering
asm	no	jacking af
asm	no	testes
an	no	paddas
asm	no	mongole
an	no	slakke
cds	no	stamgebonde samelewings
cds	no	troep
or	no	gay
qas	no	huurder boerdery
om	no	vroulike skepper
cds	no	gigolo
re	no	korporatiewe vergrype
om	no	twink
re	no	marteling moord
qas	no	landbouer
dmc	yes	snoever
an	no	honde
ps	yes	doofus
dmc	yes	libertijnse
cds	no	pedagog
cds	no	tussenganger
qas	no	skare
cds	no	muggins
or	no	gays
cds	no	snoop
svp	no	kwaai
cds	no	narcissus
cds	no	stam mense
dmc	yes	geen rekening
or	no	muurbal wingerdstok
svp	no	dilly-dallier
an	no	brent
an	no	rouncey
ddp	yes	bliksem
cds	no	aankomeling
dmc	yes	bevooroordeelde
cds	no	roddelaar
qas	no	merrie se nes
cds	no	folderol
ddf	yes	gestremdes
or	no	dom persoon
asm	no	bollocks
om	no	homofiel beweging
pr	no	courtisane
qas	no	geestelike leier
an	no	onbevoeg
svp	no	renons
an	no	brant gans
an	no	sagte aanraking
re	no	petty dief
cds	no	druk
cds	no	plantbiotegnologie
qas	no	hartseer sak
cds	no	slim
cds	no	doener
qas	no	handelaar
pa	yes	fakulteit
dmc	yes	dillydallier
cds	no	protagonism
svp	no	apatie
an	no	prostituee
cds	no	afgodedienaars
an	no	crocodylia
ddp	yes	vertraagde
asm	no	falliese simbool
svp	no	spiritlessness
an	no	buffel
pr	no	bruin rot
qas	no	kerklike gemeente
pr	no	guff
an	no	poets
cds	no	hoi polloi
asm	no	cretin
an	no	vent
qas	no	sakeleier
cds	no	motherfucker
re	no	vee geritsel
ddp	yes	verstandelike agterlikheid
svp	no	faineance
om	no	gays
cds	no	sameswering teoretikus
cds	no	changelings
cds	no	wapad
ps	yes	joodse familie
an	no	mikrobiese
an	no	pes
an	no	brent goose
cds	no	neonate
cds	no	voorspraak
dmc	yes	provinciaal
re	no	kwaadsteker
cds	no	korrespondente
cds	no	paparazzi
re	no	plagiaat
re	no	rowers
or	no	ertappel
an	no	genus capra
cds	no	doodloopstraat
ps	yes	mongoloid
an	no	vuil truuk
re	no	reeksverkragter
asf	no	mongole
om	no	apikale
asf	no	knucklehead
ddp	yes	snert
ps	yes	retard
an	no	pipistrelle
is	yes	arm
re	no	kwaadwillige leuens
cds	no	turnkey
cds	no	roverij
or	no	muttonhead
an	no	phthiraptera
an	no	manlike prostitusie
an	no	bok bok
om	no	bliksem
asf	no	cunt
cds	no	free mason
pa	yes	professor extraordinarius
re	no	plagiarization
cds	no	scrawler
or	no	pudden-kop
cds	no	geleer
pr	no	hogwash
pr	no	straat meisie
cds	no	baster
ps	yes	mestizo
cds	no	amateurishness
pr	no	comare
qas	no	barbare
qas	no	amateurishness
or	no	shit head
dmc	yes	skynheiligheid
svp	no	vrekkigheid
pr	no	rat
an	no	vrek
qas	no	redenaarskap
cds	no	slackers
asm	no	voorhuid
asf	no	fuckhead
om	no	dames
cds	no	geld uitleen
qas	no	handlanger
qas	no	nakoming
asf	no	kont
asf	no	sot
or	no	pillock
cds	no	dandy
cds	no	omerta
cds	no	bendelid
ps	yes	dwaas
ps	yes	vandale
cds	no	sanitêre riool
asm	no	falliese
pr	no	egbreekster
cds	no	bendes
an	no	hardnekkige
an	no	bacterie
pr	no	kraak hoer
om	no	cross-dress
cds	no	hand werk
cds	no	huis van swak reputasie
ps	yes	romanis
cds	no	hoof faktor
qas	no	gemeentelid
dmc	yes	vervalsings
an	no	witdoodhaai
cds	no	dief
ddp	yes	animeer om
dmc	yes	narren
cds	no	cretin
cds	no	phratry
cds	no	fundamentalistiese
asm	no	professionele vieslike
cds	no	sniveller
cds	no	conventicle
ddp	yes	unwiseness
pa	yes	wit-boordjie werkers
re	no	villainess
re	no	mafiosi
cds	no	interfertility
an	no	koppige
cds	no	nouveaux riches
cds	no	intriguer
pa	yes	kantoor werker
svp	no	luiaard
ps	yes	patsy
an	no	stomkop
cds	no	bagasie trein
asf	no	vertraagdes
cds	no	homunculus
qas	no	klassieke retoriek
om	no	buggery
qas	no	huiswerk
pr	no	gepeper mot
re	no	misdadigers
rci	yes	barbaarse
an	no	volaille
svp	no	aboulia
pr	no	sport lady
om	no	nansies
cds	no	voorman
pa	yes	teoretiese
cds	no	omkoopbaar nie
cds	no	jeugoortreder
asm	no	ertjie plant
is	yes	scrooge
ps	yes	judaisme
asf	no	cretin
re	no	polisie mishandeling
om	no	tooshie
is	yes	bedelaar
re	no	calunnia
qas	no	munisipale afval
an	no	zooerastia
cds	no	uitdraaier
qas	no	skroot yster
an	no	dumbass
an	no	binnelandse hond
ddp	yes	onnoselheid
pa	yes	gewone professor
ddp	yes	losbek
cds	no	ongelowige
pa	yes	barbare
cds	no	jacking af
pa	yes	vrijer
cds	no	snuisterye
an	no	brant
dmc	yes	kwezel
an	no	gyps fulvus
asm	no	stomkop
ps	yes	jodedom
pr	no	noorweë rot
an	no	moo-koei
om	no	laterale
ddp	yes	gesondheid bedrog
qas	no	testes
ddp	yes	janhagel
pr	no	onzin
cds	no	prank
cds	no	wa trein
re	no	verkragtings
ddp	yes	zooerastia
cds	no	mafia
om	no	nantes
ps	yes	negers
om	no	esel
cds	no	sondaar
ddp	yes	dier
pr	no	hoerery
cds	no	grootprater
cds	no	literêre hack
re	no	grand diefstal
re	no	libeler
cds	no	wads
cds	no	peon
an	no	hase
svp	no	losbandige
an	no	profiteur
qas	no	hondehok
cds	no	dwaas
cds	no	religiousism
an	no	limacidae
dmc	yes	hobo
qas	no	skeepsmagnaat
qas	no	klaploper
an	no	molluske
cds	no	krygsmag
an	no	sloven
an	no	hoaxes
pa	yes	korporaal
ddp	yes	sagte aanraking
qas	no	nyweraar
svp	no	trots
pa	yes	vishandelaar
re	no	gloed
cds	no	smart aleck
cds	no	misdaad familie
cds	no	banditti
cds	no	vrymesselaars orde
re	no	bendelid
an	no	gemeenskaplike muskiet
dmc	yes	pseudo
svp	no	aanmatiging
cds	no	by-blow
qas	no	baron
cds	no	intergeneric baster
qas	no	middel-inkomste
re	no	bloeddorstigheid
cds	no	gapper
is	yes	arm persoon
qas	no	omnium-gatherum
asm	no	testikels
an	no	shit head
ddp	yes	domoor
cds	no	pad agent
ddp	yes	lummel
cds	no	geslepenheid
qas	no	casteism
svp	no	landloper
an	no	stok-in-die-modder
pa	yes	kriminele prokureur
pa	yes	adjunk fakulteit
cds	no	barbaar
ps	yes	swart gemeenskap
cds	no	peons
an	no	animalculum
svp	no	gebrek aan
cds	no	brigand
an	no	frons
pa	yes	regsadviseur
ps	yes	zoeloe-mense
dmc	yes	motley fool
cds	no	snob
an	no	mikro-organismes
dmc	yes	hooimold
re	no	banditti
an	no	swakkeling
or	no	solanum tuberosum
dmc	yes	clown
or	no	butternut squash
ddp	yes	microcephalus
svp	no	niks doen
cds	no	ultraconservative
cds	no	geldskieter
cds	no	luiaard
re	no	moordenares
ps	yes	mensgemaakte hibried
cds	no	bende oorlogvoering
cds	no	know-it-all
svp	no	goed-vir-nietige
cds	no	bemiddelaar
re	no	manslag speurder
an	no	donkie
dmc	yes	geveins
ddp	yes	knucklehead
om	no	ventrale
cds	no	grunge rock
pa	yes	verhoor prokureurs
cds	no	valsheid
re	no	kriminele
om	no	fopdosser
cds	no	trop dier
cds	no	kriminele oortreding
asf	no	val man
an	no	insekte
qas	no	kastestelsel
asm	no	stuk van stert
re	no	luik
cds	no	mutt
cds	no	craven
ddp	yes	barbaar
dmc	yes	kwaad
om	no	distale
dmc	yes	domkop
svp	no	ontugtige
pr	no	byvrou
dmc	yes	misleidende
cds	no	mongool
om	no	soet net
dmc	yes	hawelose persoon
an	no	luis
ddp	yes	vrek
cds	no	blooper reel
cds	no	oud versleten auto
pa	yes	barbaar
om	no	homoseksualiteit
re	no	datum-verkragting
asm	no	hand werk
cds	no	brigands
dmc	yes	verkwistende
cds	no	sagte aanraking
re	no	steel
dmc	yes	paljas
om	no	gay mans
cds	no	vrymesselary
cds	no	verbied
dmc	yes	rampokker
cds	no	vragte
cds	no	bluffer
asm	no	moroon
cds	no	wanker
re	no	kriminele gedrag
asf	no	vertraagde
an	no	vleisbeeste
cds	no	schoolmarm
qas	no	landbouers
pa	yes	voerman
pr	no	slet
or	no	domkop
cds	no	listig
cds	no	patsy
qas	no	bumbler
re	no	eerste-graad moord
cds	no	kriminele aktiwiteite
asm	no	hard-
dmc	yes	barbaar
svp	no	pridefulness
pa	yes	die akademie
pa	yes	portier
an	no	grootwithaai
pr	no	prostituee
cds	no	persoon
cds	no	croo ners
pa	yes	akademie
cds	no	loanshark
cds	no	vlotte
pr	no	minnaar
dmc	yes	domkop-off
cds	no	leuen
pa	yes	regsgeleerde
an	no	rentboy
an	no	vamper
pr	no	byvrou, gemeenskap gehad.
svp	no	tussenrat
pa	yes	kontroleerder
an	no	skaapooi
ddp	yes	muttonhead
svp	no	onaangename
cds	no	gangster
svp	no	kwaadheid
an	no	adder
qas	no	huis skildery
cds	no	landloper
an	no	vipera
dmc	yes	grifter
cds	no	hierarch
cds	no	demagogiese
an	no	see skerpioen
qas	no	fib
cds	no	idiolatry
dmc	yes	spandeer-all
asm	no	jeerer
re	no	kragdadige verkragting
cds	no	sloven
asm	no	ballock
cds	no	gossiper
cds	no	pion
qas	no	boere
is	yes	hartseer
om	no	voetsool
dmc	yes	afvallige
asm	no	vertraagdes
cds	no	deballoteren
cds	no	oortreder
qas	no	hout baron
an	no	hoender
re	no	polisie misbruik
qas	no	janhagel
dmc	yes	verleier
cds	no	samesweringsteorieë
cds	no	papier-pusher
qas	no	kladderaar
ps	yes	inkiness
dmc	yes	ballingschap
an	no	bison
ddp	yes	onskuldig persoon
ps	yes	mestizos
ddp	yes	hooey
cds	no	stealer
ps	yes	nigra
re	no	misdaad
pr	no	hetaera
an	no	glip van die tong
cds	no	fanatisme
pa	yes	openbare rekeningkundige
dmc	yes	bose
an	no	mikroörganisme
pr	no	vrou van die straat
pa	yes	persoonlike stoel
ps	yes	bedoeïene
om	no	ventrolateral
is	yes	vrek
dmc	yes	morele kode
asm	no	breë boontjie
cds	no	puzzelaar
re	no	kriminele oortreding
cds	no	tricker
or	no	bonce
dmc	yes	gangsters
an	no	treuzel
dmc	yes	arme drommel
om	no	homo-erotiese
asm	no	testis
ps	yes	lomp iemand
dmc	yes	nimmer-doen-goed
an	no	lampyris noctiluca
qas	no	groot betekenis
qas	no	onwaarheid
cds	no	klager
an	no	maaiers
cds	no	git
pa	yes	spesiale gesant
cds	no	blackballing
cds	no	list
ps	yes	straf kaart
asf	no	retard
cds	no	dweepzucht
cds	no	antiek
an	no	culex pipiens
svp	no	korporatiewe gierigheid
dmc	yes	brigand
an	no	vulgariteit
asm	no	nookie
ps	yes	dimwit
cds	no	voorstander
re	no	plagiarisation
dmc	yes	verkwister
re	no	seksueel misbruik
cds	no	cop
cds	no	schraper
re	no	statutêre verkragting
pr	no	prostitute
om	no	homoseksuele mans
an	no	teef
an	no	bloedsuiers
cds	no	hoerhuis
ps	yes	swart vroue
an	no	hond
re	no	daad van terrorisme
cds	no	vormverwisselaar
cds	no	cheekiness
cds	no	oppervlakkigheid
svp	no	ledigheid
re	no	ontvoer
cds	no	kinfolk
cds	no	rube
pa	yes	sheepherder
qas	no	hanger-on
cds	no	grunge musiek
pr	no	rentboy
dmc	yes	slegte persoon
an	no	maw
re	no	italiaanse mafia
ddp	yes	onnozele
ddp	yes	misleiding
cds	no	kliek
re	no	misbruik van mag
cds	no	polisiemanne
svp	no	vervelig
an	no	haai-aanval
cds	no	gobs
an	no	skerpioen visse
asf	no	sagte aanraking
dmc	yes	tussenrat
ddp	yes	muggins
pa	yes	dwaas
an	no	krokodille
ddf	yes	blinde
ddf	yes	skakel
cds	no	rente
om	no	ipsilateral
pr	no	koeie
an	no	janhagel
cds	no	splashiness
an	no	hoenders
om	no	homofiel
re	no	slegs strafbare oortreding
an	no	bees
ddp	yes	roddelaar
rci	yes	dwaas
cds	no	tragiese skurk
an	no	man-eater
an	no	manlike escort
dmc	yes	runt
dmc	yes	leeglêerslewe
ddf	yes	kreupel
an	no	mosquitoe
is	yes	armlastiges
is	yes	miser
dmc	yes	leuenaar
an	no	barbarisme
cds	no	luilak
ddp	yes	moeder neuker
an	no	muggies
asf	no	moroon
cds	no	desperate kriminele
an	no	moue
cds	no	snoever
cds	no	moraliserende
qas	no	amateurs
re	no	seerowers
qas	no	moeilikheid maker
cds	no	ballup
cds	no	pandemonium
cds	no	flous
an	no	dreumes
an	no	git
asf	no	skaamhare
pr	no	mot
cds	no	domkop
cds	no	related
an	no	gemeen
cds	no	regstelling beampte
an	no	bos taurus
an	no	europese bison
ddf	yes	blind
cds	no	toilet
an	no	plunderaar
asf	no	folderol
pr	no	moo-koei
dmc	yes	rogue
cds	no	probleem
asm	no	patsy
dmc	yes	jeugoortreder
pr	no	rotte
cds	no	geldskieters
re	no	plagiarizing
or	no	dommerik
cds	no	moneylending
re	no	datum verkragting
pa	yes	n
cds	no	schoolma'am
cds	no	planteteelt
dmc	yes	vuil hond
cds	no	slimmerik
om	no	cross-dressing
an	no	brent gans
cds	no	pasgeborenes
ps	yes	intergeneric baster
qas	no	redenaarskuns
or	no	muurbal
dmc	yes	vervalsing
dmc	yes	bedrieër god
cds	no	polisieman
qas	no	bemanning
cds	no	kriminele aktiwiteit
svp	no	domkop-off
qas	no	mark oppasser
cds	no	slegte
pr	no	socialites
ps	yes	interspesifieke baster
qas	no	duik gewig stelsel
an	no	epifauna
cds	no	moaner
re	no	ontvoert
dmc	yes	abjection
cds	no	prater
an	no	midget
cds	no	doodgaan
asm	no	muggins
an	no	haai
qas	no	hoogdravend
qas	no	regulatoriese nakoming
re	no	kriminele daad
ddf	yes	gestremdhede
an	no	bunny
cds	no	ketel van vis
is	yes	armlastige
an	no	doggie
cds	no	omnium-gatherum
om	no	gluteale gebied
dmc	yes	fetor
cds	no	propaganda
cds	no	lening haaie
re	no	kindermoord
asm	no	nooky
an	no	fuckhead
an	no	hirudinea
re	no	doodmaak
ddp	yes	barbare
pa	yes	academie
dmc	yes	hartseer sak
an	no	cootie
asf	no	patsy
qas	no	hond huis
om	no	buns
an	no	die voëls van die nag
an	no	salientian
cds	no	kriminele kwaad
cds	no	mussiness
an	no	carcharodon
svp	no	superbia
re	no	mishandel
cds	no	paparazzo
an	no	vernieler
an	no	slang in die gras
pa	yes	professor
re	no	ontvoerders
re	no	afgepers
dmc	yes	barbaarse
dmc	yes	onwaarheid
dmc	yes	bedrog
is	yes	vagebond
cds	no	afgodery
cds	no	swak vis
asm	no	vertraagde
om	no	transvestiet
ps	yes	krauthead
ps	yes	romani
cds	no	huwelik makelaar
an	no	papegaaie
ddp	yes	saphead
cds	no	bende
cds	no	cowardliness
re	no	maligner
cds	no	stomkop
an	no	griffon vulture
asm	no	twirp
re	no	tweede-graad moord
is	yes	deugniet
is	yes	relatiewe armoede
cds	no	kriminele
re	no	moordenaars
cds	no	hubris
or	no	nuwe aartappel
cds	no	nimfomanie
cds	no	swaksinnige
cds	no	arme drommel
re	no	roof
dmc	yes	zedenbederver
or	no	esel
an	no	dwaas
pr	no	straat prostitusie
ddp	yes	lomp iemand
dmc	yes	villainess
or	no	sativus
cds	no	beduiwel
re	no	seksuele misbruik
an	no	brant goose
re	no	gangsters
an	no	caimans
cds	no	skuldeiser
an	no	kerkuil
cds	no	toeskouer
is	yes	ongelukkig
cds	no	kruiper
qas	no	redevoering
svp	no	wellustig
ddp	yes	analphabet
cds	no	nymfo
cds	no	voorbidder
svp	no	gierigheid
an	no	onbevoegde persoon
ps	yes	half-kaste
cds	no	vry messelaar
cds	no	riool
an	no	hasies
om	no	cross-rok
svp	no	verveling
an	no	luister toestel
re	no	agressie
dmc	yes	foetor
svp	no	kwezel
qas	no	snuisterye
dmc	yes	bumbler
qas	no	magnaat
an	no	midge
pa	yes	prokureurs
cds	no	verklikker
ddf	yes	blinde persoon
cds	no	blunderer
an	no	huishoudelike hoender
an	no	carcharodon carcharias
dmc	yes	onsedelikheid
cds	no	nietig
an	no	manlike prostituut
cds	no	mystifier
qas	no	redenaar
an	no	skoen
re	no	finansiële misbruik
cds	no	junto
om	no	lady
svp	no	wellus
re	no	inbreker
an	no	hoor
cds	no	beterweterigheid
qas	no	barbaar
ps	yes	sot
an	no	ovis aries
cds	no	motley fool
an	no	soet net
cds	no	smartlap
ddp	yes	cretin
ddf	yes	half-pint
qas	no	barok
ddp	yes	boor
cds	no	chaos
pr	no	court
ps	yes	rooi kaart
cds	no	gerug
cds	no	archpriest
asm	no	testikel
an	no	hoer
cds	no	ingroup
pa	yes	witboordjie-werker
cds	no	latrines
cds	no	boerenpummel
ddp	yes	stuff and nonsense
pr	no	rattus
an	no	vetsak qualifier
cds	no	korrektiewe beampte
an	no	bokmelk
pa	yes	wetenskaplike
svp	no	begeertes
qas	no	vuil-up
ddp	yes	bedrieër
cds	no	kwezel
dmc	yes	niks doen
re	no	terrorisme
re	no	lasterlike
om	no	shirtlifter
ddp	yes	die seun van 'n teef
svp	no	nimmer-doen-goed
ps	yes	sigeuner
re	no	ndrangheta
asf	no	diensmeisie
qas	no	groot spraak
dmc	yes	homunculi
ps	yes	jode
ddp	yes	epifaunal
ddp	yes	nonsensicality
is	yes	vrywillige armoede
cds	no	fumbler
an	no	muskiete
cds	no	slews
qas	no	gewone mense
svp	no	scrooge
asm	no	dimwit
ps	yes	drifter
asm	no	mongool
om	no	flikker
cds	no	nietigheid
qas	no	valsheid
om	no	anale seks
ps	yes	swerwer
ddp	yes	dom persoon
asf	no	skede
cds	no	skelm
cds	no	self-aanbidding
qas	no	boner
an	no	skape
qas	no	magnate
ddp	yes	gevangenes
is	yes	armoede-koers
an	no	rooi drom
om	no	transvestiete
qas	no	bourgeois
or	no	ierse aartappel
re	no	roof met verswarende omstandighede
cds	no	nouveau riche
cds	no	bawdyhouse
qas	no	granger
cds	no	fout
ps	yes	lummel
dmc	yes	treasonist
re	no	ontvoerder
cds	no	fascista
an	no	nanny-bokke
om	no	transvestism
cds	no	selfsugtig
cds	no	baba
pr	no	koppelaar ster
cds	no	conspiracism
cds	no	lafaard
cds	no	weisenheimer
an	no	schoft
cds	no	beeste
an	no	muil
cds	no	vuil hond
cds	no	verleiding
om	no	basale
qas	no	verlate skip
cds	no	hack skrywer
cds	no	tronkbewaarder
pa	yes	prof
asm	no	stukkie van die esel
asm	no	peester
cds	no	chiseller
ps	yes	cretin
pa	yes	emeritus professor
qas	no	vaste afval
ps	yes	kraut
qas	no	dwaas
ddp	yes	doofus
svp	no	seksuele begeerte
dmc	yes	sogenaamde
an	no	ferociousness
dmc	yes	chawbacon
pa	yes	prokureur vir die verdediging
an	no	wandluis
ddp	yes	gossiper
cds	no	moralisme
qas	no	baronieën
asm	no	fok
re	no	grand theft
ddp	yes	zooerasty
pr	no	minnares
re	no	folteraar
an	no	romp chaser
dmc	yes	narre
cds	no	gewone
dmc	yes	delik
re	no	diewe
or	no	flikker
or	no	cucurbita maxima
cds	no	ontfutselen
cds	no	desperado
an	no	luiaard
cds	no	racketeer
an	no	culicidae
cds	no	polisiebeampte
an	no	kokkerot
is	yes	schooiertje
svp	no	niggardness
ddp	yes	domkop
re	no	capturer
ddp	yes	microcephalic
an	no	bokooi
asm	no	af te ruk
or	no	komkommer wingerdstok
cds	no	huis van prostitusie
pa	yes	vark slagter
qas	no	lessenaar werk
cds	no	huidige
cds	no	boo-boo
cds	no	misdaad baas
asm	no	penis
cds	no	hartseer sak
om	no	crossdresser
pr	no	rot norvegicus
or	no	brassica rapa
an	no	man-eet haai
cds	no	moeder neuker
cds	no	aas
an	no	hemipteron
svp	no	ydelheid
dmc	yes	huigelaar
re	no	plagiarized
cds	no	grap
qas	no	gewone mens
ddf	yes	nanus
ddp	yes	twaddler
cds	no	planttelersreg
an	no	internet hoax
is	yes	gierig aard
or	no	spud
asf	no	mongool
cds	no	rower baron
cds	no	openbare toilette
an	no	macro fauna
cds	no	makelaars
asm	no	voëls
svp	no	luilak
asm	no	flouter
cds	no	amour propre
cds	no	jeug bendes
ps	yes	bedu
ddp	yes	breinskade
svp	no	trencherman
pa	yes	minister-berader
qas	no	huishouding
asm	no	faba boontjie
ddp	yes	barbaarse
asf	no	dumbass
pr	no	socialite
dmc	yes	luilak
cds	no	ongeluk-up
cds	no	verwerp
ps	yes	bedouin
qas	no	gewig gordel
cds	no	wuss
om	no	cross dresser
ps	yes	chinese
svp	no	miser
or	no	poove
ddp	yes	bumbler
svp	no	amour propre
an	no	diere
or	no	cukuewtuwu
an	no	anguilla
an	no	bosluis
cds	no	rampokker
cds	no	afgodediens
pa	yes	akademici
ps	yes	darkie
svp	no	drang
pr	no	buite echtelijk samenwonen
re	no	vuil geld
or	no	fuckhead
re	no	defamer
qas	no	top uitvoerende
an	no	canis lupus familiaris
dmc	yes	verbied
pr	no	seksuele dienste
qas	no	parasitisme
dmc	yes	drifter
pa	yes	hotel bedien
dmc	yes	dwaas
an	no	jakkalse
svp	no	sewe dodelike sondes
cds	no	clan
cds	no	misdaad
cds	no	godsdienstige fundamentalisme
ps	yes	hispanic
svp	no	gourmandizer
ddp	yes	swaksinnige
svp	no	kwaad
pa	yes	advocator
asf	no	onskuldig persoon
an	no	miser
pa	yes	kaartjie agent
cds	no	voldoening
om	no	contralateral
pa	yes	piccolo
an	no	gepeper mot
re	no	moord
ddp	yes	kranksinnige
cds	no	meng-verminken
cds	no	autolatry
pr	no	manlike prostituut
cds	no	kans en eindig
cds	no	pennie vreeslik
cds	no	munisipale vaste afval
dmc	yes	sedes
ps	yes	mongole
om	no	drag show
cds	no	wheeler handelaar
an	no	familie crocodylidae
cds	no	doortrapt
cds	no	stamlede
svp	no	geen rekening
cds	no	munisipale afval
qas	no	boer
cds	no	nuuskierig aard
re	no	camorra
an	no	motte
svp	no	smulpaap
is	yes	stedelike armoede
ddp	yes	motherfucker
re	no	delik
qas	no	swere
cds	no	handlangers
qas	no	skyn geleerde
cds	no	chaotische turvyness
cds	no	oortreding
cds	no	binnekring
dmc	yes	kwezelaar
ddp	yes	rumourmonger
cds	no	dandies
is	yes	behoeftige
pa	yes	akademikus
qas	no	gemeente
or	no	aartappels
an	no	papbroek
cds	no	strikebreakers
asm	no	retard
qas	no	bloodhound
dmc	yes	slackers
cds	no	timeserver
asf	no	muggins
re	no	beledigende
om	no	dorsolaterale
cds	no	kriminele gedrag
dmc	yes	trifler
an	no	hirudinean
pr	no	rot
an	no	diddly
asm	no	aanhangsel
re	no	stealer
ddp	yes	informant
qas	no	baronne
cds	no	gratis messelaar
cds	no	dime romans
svp	no	spoggerigheid
an	no	insecta
asm	no	idioot
pr	no	prostituut
ddp	yes	homp
svp	no	schriel
asm	no	rol in die hooi
svp	no	goed-vir-niks
cds	no	hoogmoed
an	no	kikkerdril
cds	no	blooper
ddf	yes	gestremde persoon
cds	no	verslaafde
re	no	chiseller
cds	no	terugpraat
an	no	diddlyshit
ps	yes	moroon
re	no	seksuele molestering
qas	no	middelklas
ps	yes	swart persoon
qas	no	lummelen
ddp	yes	sondig nie
om	no	vinkel
qas	no	knoeier
om	no	caudally
dmc	yes	rakehell
or	no	poes
an	no	orde crocodilia
svp	no	afgryse
ps	yes	joodse tradisie
svp	no	bevooroordeelde
pr	no	eg breek ster
ps	yes	half-ras
cds	no	villainess
asf	no	idioot
dmc	yes	verraaier
asm	no	naai
asf	no	muttonhead
cds	no	lafheid
an	no	straat meisie
pa	yes	jesuïete
asf	no	die vagina
svp	no	kwezelaar
an	no	pediculus humanus
cds	no	hypersexual
an	no	cimicidae
an	no	pipistrellus
pr	no	riool rat
cds	no	skurk
cds	no	hanepoot
ps	yes	val man
dmc	yes	misdadiger
asm	no	wank
cds	no	lerares
om	no	transvestitism
ddp	yes	verstandelik gestremde
an	no	ou wêreld buffels
cds	no	roes sak
asf	no	pussy
an	no	kakkerlak
cds	no	gangsters
pr	no	slak
an	no	aal
cds	no	hypersexuality
re	no	furiousness
dmc	yes	immorele
qas	no	ideoloog
asm	no	skroefwerk
svp	no	dallier
an	no	escargots
re	no	vilifier
an	no	padda padda
cds	no	go-tussen
an	no	suborde blattaria
ddp	yes	nanocephaly
om	no	vrou van edelman
svp	no	vrek
cds	no	buite-egtelike
dmc	yes	jammer
cds	no	vuil
cds	no	casino
asm	no	oprigting
qas	no	tweedrag saaier
qas	no	fieldhand
asm	no	engels boontjie
dmc	yes	moraliteit
cds	no	vrymesselaars
asf	no	dimwit
an	no	nanus
om	no	pederasty
rci	yes	barbare
pa	yes	raad
an	no	shoat
ddp	yes	onbevoegde persoon
cds	no	vertraagdes
cds	no	lafhartigheid
cds	no	godsdienstigheid
om	no	pederastic
an	no	poulet
cds	no	die groot ongewaste
ps	yes	plomp
re	no	gewapende rower
cds	no	mob baas
qas	no	kaste
cds	no	maffialid
an	no	cimex lectularius
svp	no	dwepery
cds	no	slimmerd
an	no	goue jakkals
cds	no	openbare gerief
ddp	yes	charlatan
an	no	blattaria
ps	yes	negroids
cds	no	pedant
cds	no	diefstal
ps	yes	natuurlike baster
an	no	ongeletterde persoon
re	no	onwettige aktiwiteite
cds	no	afgods-en
ddp	yes	mikrosefalie
dmc	yes	nar
qas	no	vennoot in misdaad
re	no	seks misdaad
cds	no	barbaarse
ddp	yes	twirp
cds	no	gemengde ras hond
or	no	idioot
asm	no	slaapplekke
cds	no	skinderbek
om	no	faggot
asm	no	voëllewe
qas	no	mengsel
cds	no	arrogansie
asm	no	voël
an	no	so-en-so
re	no	eerste graad moord
qas	no	leuen
an	no	crocodylomorpha
an	no	skurk
dmc	yes	tragiese skurk
svp	no	acquisitiveness
cds	no	backtalk
an	no	huur seuns
is	yes	skurk
ps	yes	neger
dmc	yes	goed-vir-niks
ps	yes	kruisteel
cds	no	afkeur
cds	no	gespuis-ou ras
cds	no	pandar
ddp	yes	uilskuiken
pr	no	motte
cds	no	crooner
cds	no	misdadig
cds	no	dobbel casino
cds	no	mafiosi
qas	no	bloedhond
cds	no	domoor
cds	no	veedief
cds	no	dwepery
cds	no	fundamentaliste
an	no	cakehole
cds	no	superbia
cds	no	gepeupel
asf	no	vaginale
ps	yes	nigger
cds	no	nimfomaan
cds	no	fascisme
ddf	yes	fisiese gestremdhede
re	no	jeugoortreder
cds	no	perspicaciousness
ddp	yes	kwak
an	no	menslike liggaam luis
re	no	kidnaper
an	no	hemipteran
cds	no	valse afgod
pr	no	noorweegse rot
an	no	inexorableness
dmc	yes	scammer
dmc	yes	rondlopers
cds	no	onwaarheid
re	no	misdadig
an	no	familie anguillidae
is	yes	gelofte van armoede
cds	no	narcis
cds	no	papparazzi
an	no	gepeupel
pr	no	hoor
re	no	gemolesteer
cds	no	dom
an	no	saphead
pa	yes	akademiese
cds	no	sukkelaar
cds	no	lav
an	no	siphonaptera
qas	no	meen
an	no	bufo bufo
an	no	melkery bok
re	no	marteling toestel
an	no	amerikaanse buffels
cds	no	verkryging
ddp	yes	kwaksalwery
or	no	knucklehead
om	no	fondament
cds	no	moroon
an	no	flous
is	yes	uitgeworpene
qas	no	ketel van vis
re	no	traducement
svp	no	gorger
svp	no	tightfistedness
cds	no	knaap
an	no	ganse
cds	no	poetsbakker
cds	no	junk mail
dmc	yes	harlekyn
cds	no	prelaat
cds	no	band
cds	no	uilskuiken
cds	no	straat bende
svp	no	eros
re	no	beroof
qas	no	volgelinge
pa	yes	navorsing professor
cds	no	hofnar
cds	no	runt
asm	no	vis
cds	no	afval
qas	no	divulgement
