asm	no	choucho
ps	yes	idiota
ps	yes	paifoco
dmc	yes	langrán
cds	no	fachendoso
cds	no	venal
svp	no	lapón
ddp	yes	cretino
cds	no	preguiceiro
dmc	yes	paiolo
qas	no	paiolo
dmc	yes	fraude
or	no	mula
an	no	anano
ddf	yes	antiestético
cds	no	vago
ddp	yes	delator
pr	no	prostituta
dmc	yes	atroz
or	no	cona
cds	no	estafador
asf	no	mula
qas	no	mentira
svp	no	lapadoiras
cds	no	snob
re	no	terrorismo
asf	no	parvo
pr	no	puta
cds	no	lixo
svp	no	alarbe
svp	no	folgazán
or	no	homosexual
or	no	burro
ddp	yes	torpe
dmc	yes	trafulqueiro
svp	no	avaro
ddp	yes	bárbaro
dmc	yes	paduán
an	no	brutal
rci	yes	pailán
cds	no	criminal
asf	no	parrocha
asm	no	carallo
cds	no	charlatán
pa	yes	paifoco
an	no	bestialidade
svp	no	miserento
ddp	yes	necio
or	no	perrecha
is	yes	malicioso
svp	no	inutilidade
pa	yes	bárbaro
an	no	merda
pr	no	prostituto
rci	yes	paiolo
svp	no	lacaceiro
an	no	bestialismo
an	no	avaro
ddp	yes	bobo
dmc	yes	avaro
qas	no	pailaroco
dmc	yes	nugallán
re	no	mafia
om	no	homosexual
svp	no	gorxón
dmc	yes	vilán
cds	no	pecador
rci	yes	badoco
is	yes	avaro
dmc	yes	desvergoñado
an	no	burro
cds	no	vilán
cds	no	covardía
ddp	yes	incompetente
or	no	peseta
ddp	yes	badoco
dmc	yes	bandido
ps	yes	parvo
pa	yes	bárbaros
cds	no	bandido
qas	no	bárbaros
cds	no	exixente
ps	yes	pailaroco
cds	no	bobo
asf	no	burrán
cds	no	hybris
is	yes	desventurado
svp	no	arrogante
ddp	yes	vítima
cds	no	pillería
svp	no	inchado
cds	no	delincuente
dmc	yes	aldeán
ddp	yes	informador
svp	no	vaidade
ddp	yes	idiota
ddf	yes	anano
cds	no	folgazán
ddp	yes	pailán
rci	yes	paifoco
svp	no	arrogancia
cds	no	badoco
cds	no	medroso
ddp	yes	insensato
cds	no	paduán
ps	yes	paduán
an	no	invasor
dmc	yes	estreito
svp	no	resentido
dmc	yes	desprezábel
svp	no	desagradable
dmc	yes	pillabán
dmc	yes	fedento
pa	yes	pailán
re	no	violador
dmc	yes	desprezable
dmc	yes	groseiro
asm	no	pirola
cds	no	bárbaros
cds	no	fanático
cds	no	astuto
svp	no	desagradábel
dmc	yes	hipócrita
svp	no	devorador
cds	no	egoísta
svp	no	mioqueiro
svp	no	imperioso
cds	no	arrogante
pa	yes	pedante
cds	no	intolerancia
asf	no	peseta
cds	no	choucho
dmc	yes	impostor
pa	yes	pailaroco
dmc	yes	mentireiro
an	no	mula
dmc	yes	pirata
dmc	yes	estafador
cds	no	vaidade
cds	no	pedante
qas	no	desventurado
or	no	burrán
dmc	yes	imitado
pr	no	prostitución
svp	no	agresivo
cds	no	groseiro
ps	yes	vándalo
cds	no	altivez
cds	no	fascismo
svp	no	amuado
cds	no	cagón
cds	no	covarde
ddf	yes	malfeito
cds	no	proxeneta
re	no	ladrón
asf	no	cono
cds	no	lerchán
ddp	yes	ollo do cu
qas	no	bárbaro
cds	no	lacaceiro
cds	no	arrogancia
svp	no	nugallán
an	no	miserento
dmc	yes	preguiceiro
qas	no	conformista
svp	no	vago
an	no	rudeza
an	no	porco
dmc	yes	intolerante
svp	no	larpeiro
asm	no	credulidade
re	no	vilán
pa	yes	paduán
cds	no	policía
ps	yes	pailán
or	no	gay
re	no	difamación
cds	no	dogmatismo
dmc	yes	arrepiante
cds	no	torpe
dmc	yes	pestilente
an	no	inmoral
dmc	yes	bárbaro
is	yes	intolerante
dmc	yes	ladrón
svp	no	de moito xenio
ps	yes	mestizo
asm	no	pito
qas	no	paduán
dmc	yes	lerchán
dmc	yes	sen escrúpulos
ddf	yes	decepcionante
re	no	malicioso
cds	no	parvo
ddp	yes	bestialismo
dmc	yes	lacaceiro
cds	no	enxeñoso
re	no	pillabán
ddp	yes	bárbaros
svp	no	egoísta
pr	no	rameira
an	no	burrán
asf	no	burro
svp	no	lombán
ddf	yes	desprezable
dmc	yes	malvado
cds	no	fanatismo
svp	no	malhumorado
cds	no	malfeitor
or	no	queer
ps	yes	bárbaros
ddp	yes	bestialidade
cds	no	estúpido
is	yes	desvergoñado
ddf	yes	desprezábel
an	no	malevolencia
cds	no	misterio
is	yes	vilán
om	no	gay
cds	no	vulgo
an	no	hoax
ddp	yes	paifoco
ddp	yes	paiolo
ddp	yes	charlatán
svp	no	futilidade
an	no	egoísta
re	no	desvergoñado
cds	no	lacazán
dmc	yes	inmoral
cds	no	asustadizo
ddp	yes	zoofilia
svp	no	presumido
svp	no	fachenda
ddp	yes	brutal
pa	yes	paiolo
is	yes	mendigo
asf	no	paxara
cds	no	demagogo
ps	yes	imbécil
cds	no	desprezo
cds	no	sobras
dmc	yes	falso
an	no	vilán
an	no	porcallada
an	no	vulgaridade
dmc	yes	egoísta
is	yes	esmoleiro
cds	no	desprezable
svp	no	soberbia
ddp	yes	malevolencia
or	no	exixente
pa	yes	badoco
cds	no	demagóxico
or	no	esixente
asf	no	imbécil
qas	no	magoante
svp	no	vingativo
ddp	yes	pueril
cds	no	pillabán
cds	no	lombán
ddp	yes	ridículo
svp	no	lambón
dmc	yes	paifoco
dmc	yes	maleducado
svp	no	comellón
svp	no	altivez
cds	no	proxenetismo
svp	no	orgulloso
ps	yes	paiolo
dmc	yes	maligno
dmc	yes	mentirán
dmc	yes	engano
cds	no	fachenda
cds	no	asasino
dmc	yes	desastroso
dmc	yes	catastrófico
cds	no	demagoxia
cds	no	reaccionario
dmc	yes	torpe
svp	no	larpán
an	no	ignorante
om	no	gai
ddp	yes	retardado
cds	no	fascista
ddp	yes	ignorancia
ddp	yes	crédulo
dmc	yes	cheirento
ps	yes	badoco
an	no	parvo
dmc	yes	tufo
cds	no	porco
dmc	yes	indecoroso
qas	no	pailán
rci	yes	bárbaro
dmc	yes	trampulleiro
ps	yes	ridículo
svp	no	lerchán
dmc	yes	falsificado
cds	no	paifoco
cds	no	paiolo
asf	no	cretino
dmc	yes	vago
dmc	yes	pailán
rci	yes	bárbaros
cds	no	delator
rci	yes	pailaroco
cds	no	esixente
dmc	yes	malicioso
asf	no	moza
ddp	yes	paduán
ddp	yes	choucho
dmc	yes	lombán
qas	no	tolo
is	yes	egoísta
is	yes	magoante
asf	no	ridículo
is	yes	miserento
cds	no	turba
ddp	yes	imbécil
om	no	queer
cds	no	descortés
dmc	yes	lacazán
an	no	choucho
dmc	yes	embuste
asf	no	crica
ddp	yes	mula
dmc	yes	indecente
rci	yes	paduán
ps	yes	bárbaro
dmc	yes	non escrupuloso
ddp	yes	estúpido
cds	no	ladrón de camiños
an	no	pillabán
or	no	crica
cds	no	malicioso
svp	no	lampantín
asf	no	cona
cds	no	conformista
cds	no	insolencia
cds	no	mafia
dmc	yes	cheiro
cds	no	langrán
pr	no	harpía
asf	no	choucho
ps	yes	cretino
asf	no	vaxina
qas	no	paifoco
dmc	yes	descortés
dmc	yes	cruel
ddp	yes	incapaz
dmc	yes	bárbaros
an	no	desvergoñado
cds	no	pailán
cds	no	egocéntrico
qas	no	badoco
dmc	yes	fedorento
dmc	yes	miserento
or	no	parvo
cds	no	inmoral
ddp	yes	bestial
dmc	yes	embusteiro
ddp	yes	burrán
svp	no	altivo
svp	no	larfón
or	no	gai
qas	no	torpe
ps	yes	negro
cds	no	ladrón
an	no	zoofilia
dmc	yes	pailaroco
cds	no	pillaría
cds	no	bárbaro
ddp	yes	parvo
svp	no	rancoroso
ddp	yes	infantil
asm	no	pixa
an	no	oportunista
svp	no	lacazán
qas	no	frenético
or	no	paxara
dmc	yes	folgazán
dmc	yes	mentira
re	no	violación
or	no	parrocha
svp	no	rabuxento
dmc	yes	fétido
qas	no	insán
cds	no	mentira
ddp	yes	cu
ddp	yes	ignorante
re	no	chantaxe
is	yes	estreito
dmc	yes	disoluto
dmc	yes	badoco
asf	no	idiota
ddp	yes	pailaroco
cds	no	pailaroco
an	no	bestial
cds	no	nugallán
asf	no	perrecha
cds	no	aldeán
svp	no	preguiceiro
svp	no	langrán
is	yes	pobre
svp	no	fachendoso
or	no	cono
ddf	yes	feo
ddp	yes	burro
cds	no	soberbia
cds	no	desprezábel
an	no	malicioso
svp	no	láparo
dmc	yes	bafento
cds	no	falcatruada
cds	no	desvergoñado
