cds	no	blowhard
cds	no	sicīlijas mafija
an	no	canis aureus
ps	yes	augu biotehnoloģijas
cds	no	svēto relikviju
pr	no	sieviete no ielas
an	no	ģimenes crocodylidae
svp	no	korporatīvo alkatību
cds	no	nediena-up
ddp	yes	metazoans
svp	no	taṇhā
an	no	interneta mānīšana
re	no	sīko zādzību
ddp	yes	tattletale
an	no	ragnesis
cds	no	putot maisā
asm	no	changeling
asm	no	stulbums
qas	no	bloopers
cds	no	tenkas
svp	no	luxuria
ps	yes	garīgi
pa	yes	profesori
dmc	yes	labi-for-veltīgs
cds	no	ragtag un bobtail
om	no	homoseksuāls
cds	no	plosti
cds	no	grāmatu tārps
cds	no	literārā kapāt
ps	yes	lummox
cds	no	snobs
cds	no	layabout
om	no	pēcpuse
pr	no	courtesan
ddp	yes	nezināšana
re	no	policijas vardarbību
dmc	yes	morālo bankrotu
svp	no	acedia
cds	no	japānas mērvienībām
dmc	yes	maldināšanu
cds	no	fundamentisms
asf	no	kretīns
om	no	anālo seksu
re	no	debaucher
an	no	muļķība
cds	no	grimases
re	no	izspiest
dmc	yes	simulants
svp	no	netikls
asf	no	folderol
dmc	yes	viltvārdis
om	no	homofils kustība
cds	no	lieguma
re	no	finanšu ļaunprātīgu
svp	no	alkas
ddp	yes	dumbass
an	no	vardes
cds	no	slaists
om	no	aboral
an	no	diddly-sūdi
cds	no	rokaspuisis
ps	yes	nēģeri
cds	no	dude
an	no	govis
an	no	ielene
re	no	otrās pakāpes slepkavību
re	no	seksuālo uzbrukumu
an	no	pūces
cds	no	hoaxer
cds	no	sadzīves atkritumu
asm	no	vicia faba
asm	no	eiropas pupu
pa	yes	īpašu advokāts
om	no	homofils
dmc	yes	lingerer
an	no	jokdaris
an	no	neizglītots cilvēks
ps	yes	barbarisko
cds	no	viltība
qas	no	nediena-up
ps	yes	ķīniešu
cds	no	netīrs suns
an	no	hiēna
dmc	yes	cheater
an	no	animalcules
cds	no	junk pastu
an	no	crocodilia
dmc	yes	labi-for-neko
an	no	haizivs uzbrukuma
ps	yes	mongoloīdā rase
cds	no	papparazzi
cds	no	cur
cds	no	fanātiķiem
an	no	kuce
qas	no	rakstāmgalda darbu
re	no	nozagts īpašums
pr	no	vēršu
an	no	athene noctua
qas	no	ballock
re	no	policijas pārkāpumiem
dmc	yes	izstumtais
pa	yes	uncouthness
cds	no	cilšu
asf	no	shithead
an	no	cuka
asm	no	plānprātīgs
an	no	strigiformes
om	no	homiķis
cds	no	aizdevumu haizivis
cds	no	cietumsargs
is	yes	skrandainis
or	no	galviņkāposti
cds	no	dickhead
asm	no	jāšanās
om	no	sieviešu impersonator
qas	no	magnāts
qas	no	negodīgums
dmc	yes	netiklis
dmc	yes	lempis
qas	no	sēklinieku
qas	no	kārtības traucētājs
cds	no	konspirācijas teorija
cds	no	suteners
svp	no	fanātisks
ps	yes	jauktenis
dmc	yes	laucinieks
cds	no	slyboots
asf	no	kājstarpes mati
cds	no	bandas
pa	yes	prof
an	no	pūčveidīgie
re	no	pirāts
cds	no	weakling
asf	no	stulbenis
ddf	yes	crookback
ps	yes	Ēbreji
ddp	yes	garīgi
an	no	cūkas
dmc	yes	negodīgi
dmc	yes	barbaru
qas	no	laukstrādnieks
ddp	yes	animēt ir
cds	no	izbalsot
cds	no	noziedzniece
cds	no	izmisuma noziedzīgu
an	no	kazas piena
ps	yes	melnādainais
dmc	yes	pseido
cds	no	itālijas mafijas
re	no	zagt
ddp	yes	blunderer
ddp	yes	stulbenis
cds	no	skumjš maiss
ps	yes	hebraism
qas	no	rhetor
ps	yes	soft touch
re	no	calumniation
svp	no	grūtsirdīgs cilvēks
qas	no	ektoparazītiem
cds	no	bērnu
svp	no	racēji
or	no	kāposti
cds	no	melkulis
an	no	amerikāņu bison
dmc	yes	klaiņošanas
cds	no	finagler
cds	no	masoni
ps	yes	sarkano kartīti
pr	no	hetēra
cds	no	nelikumīgs
re	no	grand zādzībām
dmc	yes	ētisku motīvu
cds	no	kaujamās
cds	no	fabricator
an	no	putns nakts
om	no	homoseksualitāte
an	no	wuss
om	no	homoseksuālis
an	no	blusu kārta
cds	no	pašapmierinātība
qas	no	barbari
pa	yes	kasieris
an	no	eurypterid
or	no	fastidiousness
cds	no	idiolatry
om	no	zobs
an	no	kukaiņu
cds	no	ķeceris
re	no	nelietis
cds	no	rustler
om	no	homofils kustību
svp	no	lustfulness
cds	no	masas
an	no	traģisku nelietis
svp	no	invidia
svp	no	vienaldzīgs
an	no	diddlysquat
an	no	pediculus corporis
cds	no	vagona vilcienu
re	no	plagiarizing
ddp	yes	lempis
re	no	zog
cds	no	apjomu
an	no	insekts
cds	no	topsy-turvydom
ddp	yes	imbecils
is	yes	nabadzības līmenis
cds	no	mafioso
cds	no	naudas aizdevumu
cds	no	maita
ps	yes	latino
svp	no	piktums
re	no	laupītājs
an	no	lielās baltās haizivis
qas	no	tējkanna zivju
an	no	slob
an	no	ovis aries aries
an	no	maitu putni
dmc	yes	meli
an	no	blusa
an	no	bedbug
om	no	sodomite
qas	no	sēklinieki
asm	no	lauka pupa
asm	no	twerp
re	no	mocītājs
re	no	ļaundaris
asf	no	stulbums
cds	no	fanātiķis
cds	no	dweeb
svp	no	sīkstulis
an	no	tāds un tāds
an	no	trusis
pa	yes	zivju pārdevēja
asm	no	piedēkļu
re	no	slepkavība
qas	no	retors
ps	yes	fricis
an	no	cūku
an	no	kopējā moskītu
ddp	yes	barbarisko
cds	no	wank
pr	no	gangster s moll
om	no	midclavicular līniju
svp	no	niggardness
pa	yes	profesors
pr	no	pelēkā žurka
an	no	ixodoidea
ddf	yes	invalīdiem
ddp	yes	analphabetic
asf	no	vagīna
an	no	pillager
or	no	geji
cds	no	brokeri
re	no	laupījums
cds	no	gudrs aleck
cds	no	fop
qas	no	vienkāršās
re	no	nolaupīšanu
re	no	slaists
asm	no	brūnā
dmc	yes	mocarella
cds	no	demagogs
cds	no	konspirācijas teorijas
dmc	yes	bezpajumtnieki cilvēks
om	no	homoseksuālists
ddp	yes	lunkhead
om	no	geju vīriešu
om	no	invalīds
cds	no	chiseller
svp	no	conceitedness
pr	no	seksuālo pakalpojumu
qas	no	mājele
cds	no	pimp
cds	no	traģisku nelietis
an	no	varde
qas	no	baronese
cds	no	laupītājs
re	no	likumu pārtraucējierīces
ddf	yes	punduris
svp	no	rijība
dmc	yes	chiseller
an	no	nepieredzējis uts
qas	no	jaukties citu darīšanās
cds	no	muļķis
re	no	seksuāliem pāridarījumiem
re	no	scammer
cds	no	demagoģisks
re	no	pirātismu
an	no	epifaunal
qas	no	meli
cds	no	augsta handedness
re	no	spīdzināšana
svp	no	gardēdis
an	no	patsy
cds	no	nerātne
pa	yes	durvju sargs
ps	yes	krustošanos
an	no	tārps
qas	no	pavirši strādāt
cds	no	radniecību grupa
cds	no	palaidnība
pa	yes	apkalpotājs
cds	no	pilferer
dmc	yes	punduris
an	no	crocodylidae
cds	no	mobster
svp	no	cheapskate
an	no	brent
an	no	carine noctua
ddp	yes	sabiedrības padibenes
ddp	yes	taleteller
asm	no	faba vulgaris
pa	yes	docents
qas	no	draudzes
cds	no	ndrangheta
an	no	despoiler
cds	no	radikāla labā spārna
an	no	knauši
qas	no	barbars
pa	yes	wooer
pr	no	naktstauriņš
an	no	suns
ps	yes	staigulis
rci	yes	barbaru
cds	no	noziegums boss
cds	no	nelietis
asf	no	stulbs
cds	no	wonk
re	no	noziegumi
cds	no	rādītāji
dmc	yes	blēdis
ddp	yes	šarlatāns
or	no	dumbass
or	no	homofils kustību
om	no	pārrobežu mērci
cds	no	sadzīves notekūdeņus
cds	no	zādzība
qas	no	doghouse
asm	no	wanker
an	no	cilvēks lācis
dmc	yes	drifters
cds	no	banalizēt rakstnieks
cds	no	sīko zagli
dmc	yes	viltu
an	no	skatiens
re	no	negodīgi
ddf	yes	zemisks
qas	no	kopējo cilvēku
ps	yes	starpsugu hibrīds
asm	no	idiote
cds	no	pavirši strādāt
qas	no	nepatikšanas automāts
qas	no	sodbuster
dmc	yes	traģisku nelietis
ps	yes	ebreju reliģija
qas	no	mistrojums
re	no	šantāžists
cds	no	viltīgs
an	no	infauna
re	no	chiseler
cds	no	penss briesmīgs
an	no	ragtag un bobtail
ddp	yes	sīkstulis
ddf	yes	nespēja
cds	no	satyriasis
om	no	gejs
cds	no	lišķis
ddp	yes	fumbler
ps	yes	ebreju ģimenē
cds	no	asinsradniecība
an	no	kaza
dmc	yes	noziedznieks
ddp	yes	zooerasty
cds	no	egghead
dmc	yes	mocarellas sieru
cds	no	neprātis
cds	no	jokester
cds	no	grandžmūzika
cds	no	plānprātīgs
ddp	yes	barbari
svp	no	dusmošanās
ps	yes	jūdaisms
pr	no	liellops
om	no	gayness
om	no	sentimentalitāte
ddf	yes	kroplis
an	no	hiēnas
re	no	seksuālu nodarījumu
qas	no	top izpildvaras
or	no	brassica oleracea
is	yes	nabadzība
asm	no	shtup
an	no	anguillidae
asm	no	faba sativa
re	no	mokas
pa	yes	biroja darbinieks
or	no	finocchio
dmc	yes	nozākāt
svp	no	uzpūtīgums
ddp	yes	garīgiem traucējumiem
cds	no	propagandists
or	no	geju
qas	no	karalis
ddp	yes	stulbums
svp	no	apātija
pr	no	padauza
cds	no	bellyacher
asf	no	twat
or	no	ceturtdaļpinte
cds	no	fašistiem
pa	yes	apbedīšanas biroja īpašnieks
pr	no	ielasmeita
cds	no	tonnas
an	no	canis familiaris
cds	no	muļķe
an	no	folderol
qas	no	partneris noziedzības
cds	no	atliekas
qas	no	gleznotājs un dekorators
ddp	yes	zināt neko
cds	no	kretīns
an	no	poulet
an	no	humanus
re	no	datums izvarošana
dmc	yes	tāds un tāds
dmc	yes	līst zaglis
pr	no	floozie
dmc	yes	blēdi
re	no	uzmācas
or	no	tater
an	no	shithead
cds	no	narcissistic
or	no	audzē kāpostus
ps	yes	rroma
dmc	yes	moralistic
an	no	kazām
cds	no	augļošanu
re	no	camorra
cds	no	veca automašīna
dmc	yes	foetor
svp	no	dusmas
is	yes	ir-nav
dmc	yes	morāli bankrotējusi
cds	no	pedagogs
or	no	homofils
or	no	ķirbis
cds	no	prankishness
cds	no	māja sliktu reputāciju
cds	no	enerģisks cilvēks
svp	no	angriness
asm	no	dzimumlocekļa
pa	yes	zivju tirgotājs
an	no	dzīvnieku valsts
ddp	yes	pakaļu
cds	no	suteneri
an	no	bufo
ddp	yes	plānprātības
asm	no	lauka zirņi
cds	no	noziegumi
dmc	yes	āksts
asm	no	muļķis
cds	no	pienapuika
cds	no	uzpūstiem galvu
cds	no	starpsugu hibrīds
re	no	pirātisms
asm	no	credulousness
cds	no	ganāmpulks
om	no	sānu
dmc	yes	slikta velns
ps	yes	duraks
qas	no	retorika
dmc	yes	lowlife
ps	yes	ebreju kopiena
ps	yes	mongoliete
qas	no	testis
cds	no	joslas
dmc	yes	prevaricator
an	no	looter
qas	no	atbilstības
om	no	transvestite
cds	no	laulība brokeris
pr	no	ielene
pr	no	heterocera
qas	no	krāsotājs
an	no	suņiem
cds	no	melot
cds	no	jauniešu bandas
is	yes	nabadzībā
ps	yes	ruiner
ddp	yes	klanīties
asm	no	fava
dmc	yes	negodīgas
cds	no	brīvās mason
an	no	uts
cds	no	muļķīgs
cds	no	uzpūtība
svp	no	ēdājs
an	no	mūļi
dmc	yes	nepilngadīgo likumpārkāpumu
an	no	anuran
om	no	transvestites
re	no	itālijas mafijas
dmc	yes	neīsto
qas	no	tagalong
cds	no	sazvērestība klusēšanas
cds	no	cilts
dmc	yes	rupjš
an	no	pediculus humanus
cds	no	stiprinājumi
pr	no	socialite
cds	no	juceklis
cds	no	whiner
an	no	amerikāņu sumbri
an	no	crocodylia
om	no	zoles
ddp	yes	māte stulbenis
is	yes	villainess
ps	yes	austrumgoti
qas	no	brīvkungs
ps	yes	romu
asm	no	fava pupas
cds	no	brīvmūrnieks
qas	no	liels biznesmenis
cds	no	chiseler
re	no	likumpārkāpumi
cds	no	elkdievību
svp	no	vientiesītis-off
svp	no	slinkums
om	no	derriere
dmc	yes	shirker
ps	yes	metis
qas	no	kalpotājs
an	no	muļķe
pr	no	mīļākais
svp	no	slackers
cds	no	liellopu šalkas
an	no	mikroorganisms
an	no	duraks
ddp	yes	muļķība
is	yes	traģisku nelietis
asf	no	changelings
svp	no	agresīvs
qas	no	apreibināt
re	no	negatīvais tēls
re	no	seksa noziegumu
cds	no	liellopu raiding
qas	no	endoparazītus
cds	no	cliques
an	no	zooerasty
an	no	zušveidīgie
dmc	yes	scattergood
re	no	seksuāli uzbrukumam
ddp	yes	neprātīgs
pa	yes	valsts grāmatvedības
ddf	yes	neglīts
an	no	haizivis
om	no	cienītā
or	no	butternut skvošs
cds	no	problēmu
an	no	vīriešu eskorts
an	no	ovibovini
dmc	yes	blunderer
an	no	laupītājs
ddp	yes	patsy
svp	no	augstprātīgs
cds	no	laukstrādnieks
cds	no	banda kara
re	no	seksuālo noziegumu
an	no	āzis
dmc	yes	nedarīt neko
an	no	sieviete chaser
svp	no	alkatība
cds	no	pillock
qas	no	barbarisko
qas	no	veikalnieks
pr	no	liellopi
svp	no	sevis mīlestību
om	no	bērns molester
an	no	zoss
an	no	muskusvēršu cilts
cds	no	cūka
asm	no	duraks
cds	no	zog
qas	no	konformists
asm	no	dārza pupas
cds	no	flub
pa	yes	korespondētājloceklis
cds	no	āksts
cds	no	camarilla
cds	no	gangsteru
re	no	sodāms nodarījums
om	no	nav westernised koncepcijas vīriešu seksualitāti
an	no	nanus
re	no	manslayer
cds	no	īgņa
cds	no	newspaperwoman
cds	no	blēdis
cds	no	ļauns
asm	no	nokavēt
re	no	bruņotu laupīšanu
an	no	muttonhead
cds	no	māja prostitūcijas
re	no	neonaticide
cds	no	chawbacon
qas	no	buržuāziskās
svp	no	faineance
om	no	pāri kleita
cds	no	shrewdness
asm	no	falla simbols
ps	yes	beduin
or	no	kartupelis
svp	no	nepatīkama
re	no	šantažējot
re	no	gūstītājs
cds	no	dabas hibrīds
cds	no	hayseed
dmc	yes	pseud
qas	no	ārprātīgs
ps	yes	interfertility
cds	no	duraks
re	no	stiprs
or	no	twat
pr	no	vēršiem
ps	yes	idiots
asm	no	pterygiophore
cds	no	ielu bandas
or	no	homiķis
qas	no	zemkopis
dmc	yes	puse pinte
re	no	liekot uz nāvi
pr	no	hellcat
cds	no	amour propre
cds	no	sazvērestības teorija
cds	no	boastfulness
asm	no	kritums puisis
ps	yes	jūdaisti
an	no	sliņķis
cds	no	zagļiem
pa	yes	bēru uzņēmējs
cds	no	fašistu
dmc	yes	dallier
qas	no	ragtag un bobtail
is	yes	paupers
cds	no	cietuma darbinieks
svp	no	niggardliness
cds	no	stulba
cds	no	noziedzība
cds	no	beguine
cds	no	sīkumi
ps	yes	negroīdi
asm	no	garīgi
pr	no	moll
an	no	betise
pa	yes	lempis
om	no	poove
cds	no	reliģiozitāte
an	no	nozākāt
asm	no	idiots
re	no	rustler
an	no	kode
qas	no	buržuāziskās sabiedrības
pr	no	concubinage
cds	no	freemasons
or	no	lunkhead
an	no	codswallop
ps	yes	mestizaje
ddp	yes	mēlnesis
cds	no	ziņu korespondents
cds	no	cockup
an	no	grifu
svp	no	garlaicība
an	no	negodīgi
an	no	fauna
an	no	ragtag
is	yes	nelaimīgs
an	no	hyaenidae
asm	no	lauku pupas
dmc	yes	zemisks
dmc	yes	neveiksmīgs
ddp	yes	ignorants
an	no	slampa
re	no	seksa noziegumiem
cds	no	nelietīgs
qas	no	parasts cilvēks
om	no	apikāls
cds	no	vaunter
re	no	apmelot un apmelošanu
re	no	raper
an	no	bizoņi
asm	no	gailēns
cds	no	negodīgums
ddp	yes	fuckhead
an	no	dēles
re	no	traģisku nelietis
qas	no	fermeris
ps	yes	jigaboo
pr	no	ielu prostitūciju
asf	no	muļķis
an	no	sus domesticus
cds	no	skatītājs
re	no	grifter
re	no	bandīts
is	yes	skumjš
an	no	knucklehead
an	no	īres zēniem
an	no	blakts
or	no	fenhelis
cds	no	instruktors
re	no	murderess
dmc	yes	slacker
cds	no	trakulis
re	no	likumu izvarošanu
an	no	blattodea
cds	no	garīgi
om	no	maitāt
asf	no	kritums puisis
ddf	yes	atslēgt
cds	no	hoi polloi
cds	no	cathouse
dmc	yes	nepatiess
qas	no	fumbler
asm	no	priekšādiņas
cds	no	paparaci
pa	yes	personīgo krēslu
asf	no	knucklehead
pr	no	tukša pļāpāšana
cds	no	radi
an	no	shote
cds	no	balladeer
an	no	heterocera
ddp	yes	makrofauna
an	no	vardes un krupji
asm	no	zaļie zirnīši
an	no	ecaudata
pr	no	galminieks
ddp	yes	ragtag un bobtail
qas	no	lempis
an	no	strix varia
an	no	putot maisā
cds	no	dimetānnaftalīns romāns
dmc	yes	tiesas āksts
an	no	īres zēns
re	no	grand theft
is	yes	žēl
cds	no	homunkuls
cds	no	bandu vardarbību
cds	no	barbars
re	no	vardarbību
dmc	yes	mocarellas
re	no	libeler
ddf	yes	invaliditāte
cds	no	bagnio
cds	no	cieto atkritumu
an	no	escargot
ps	yes	lempis
re	no	noziedzīgu darbību
svp	no	dusmīgs
asm	no	brownness
cds	no	korekcijas virsnieks
ps	yes	changelings
cds	no	nimfomānija
dmc	yes	skumjš maiss
cds	no	azartspēļu kazino
ddf	yes	invaliditāti
cds	no	fašisms
an	no	mīkstmiešu tipam
an	no	ignorants
pa	yes	gane
dmc	yes	Ļaundaris
qas	no	sadzīves atkritumu
cds	no	augstprātīgums
cds	no	schoolmistress
asm	no	brūns
cds	no	slob
an	no	zeltainais šakālis
pa	yes	fakultātes
an	no	naktstaurenis
svp	no	labi-for-neko
re	no	noziedzīgiem nodarījumiem
or	no	poove
cds	no	barvedis
ddp	yes	animalia
ddf	yes	akls cilvēks
dmc	yes	nepatiesība
cds	no	bragger
cds	no	likumpārkāpumi
cds	no	newspaperman
an	no	baltās haizivis
cds	no	lepnība
cds	no	pedantiska
cds	no	swaggerer
ddp	yes	shithead
ddp	yes	mikrocefālija
an	no	ruksis
asf	no	garīgi
cds	no	aizdevumu haizivs
om	no	peeress
qas	no	kastām
an	no	zušveidīgo kārta
pa	yes	pielūdzējs
qas	no	pauninieks
cds	no	pedants
pa	yes	advokatūra
re	no	plagiarize
cds	no	liellopu rustler
qas	no	barbaru
an	no	kazlēni
re	no	izvaro
ddp	yes	sīkumi un muļķības
ps	yes	protobulgāri
re	no	felons
re	no	slepkava
asf	no	codswallop
an	no	zaķi
cds	no	sassing
an	no	tarakāni
cds	no	savtīgs
cds	no	aizdevuma sharking
ps	yes	izraēliešu
ps	yes	sīkstulis
cds	no	instruktoru
cds	no	masonu
ps	yes	jūdaikas
svp	no	tanha
asf	no	tehnisks
cds	no	klozetpods
cds	no	sporta nams
pa	yes	kontrolieris
cds	no	tualetes
ddp	yes	pūšļošana
dmc	yes	rube
cds	no	sazvērestības teorijām
qas	no	flub
cds	no	culchie
an	no	krokodilu dzimta
asm	no	vientiesis
ps	yes	bulgāriete
an	no	netīrs triks
qas	no	melot
ddp	yes	twerp
svp	no	pārēšanās
cds	no	mīlulis
dmc	yes	klaiņot
or	no	cucumis sativus
om	no	homosexualism
is	yes	nabags
an	no	fizionomija
om	no	viendzimuma
cds	no	lielceļa laupītājs
an	no	ods
ddp	yes	idiots
cds	no	labotājs
re	no	liellopu raiding
cds	no	rotter
cds	no	zubrīt
an	no	crocodilians
ps	yes	rommany
an	no	slikts cilvēks
om	no	vīriešu seksualitāti
an	no	čūska zālē
cds	no	loansharking
an	no	hiēnu dzimta
dmc	yes	hayseed
ps	yes	melna krāsa
cds	no	hiperseksualitāti
dmc	yes	liekulis
an	no	psittaciformes
an	no	ģīmis
dmc	yes	tikumību
an	no	moskīti
cds	no	neģēlis
cds	no	vagons
an	no	mollusk
cds	no	lērums
cds	no	klanu
cds	no	muļķības
cds	no	nodevīgs
dmc	yes	klauns
an	no	prusaku
pa	yes	jurists
qas	no	zemniece
dmc	yes	fanātisms
ddp	yes	mountebank
cds	no	ļaundaris
an	no	otus asio
pa	yes	uzņēmējs
svp	no	concupiscence
cds	no	kritums puisis
dmc	yes	maldinošu
dmc	yes	traģisks nelietis
qas	no	buržuāzija
ddf	yes	invalīds
cds	no	bandītisms
an	no	izjokojot
or	no	slikta zivis
ps	yes	jūdaisma
cds	no	nerd
ddf	yes	nelabs
an	no	slīdēšanas no mēles
cds	no	sevis mīlestību
is	yes	ubags
ddp	yes	nemākulis
cds	no	scrawler
cds	no	crooners
re	no	noziegšanās
cds	no	pārpilnība
cds	no	starpģinšu hibrīds
om	no	velciet ķēniņiene
om	no	caudally
an	no	aureus
dmc	yes	klauni
cds	no	kazino azartspēļu
asm	no	testiculus
cds	no	conventicles
dmc	yes	grūtsirdīgs cilvēks
cds	no	dungot
svp	no	iedomība
cds	no	kramplauzis
re	no	vardarbības
dmc	yes	popurijs muļķis
an	no	ģints pipistrellus
re	no	noziedzniece
cds	no	mafiosi
svp	no	lepnība
dmc	yes	morāli
pr	no	kodes
pr	no	ielas meita
cds	no	gļēvulis
cds	no	ārlaulības bērns
pa	yes	gani
cds	no	savedēja
an	no	sus scrofa domestica
cds	no	relikvijas
qas	no	zemnieku
ddp	yes	pillock
an	no	mājas cūkas
pr	no	kanalizācijas žurkas
ps	yes	Čigāns
svp	no	ravenousness
qas	no	zemnieki
qas	no	blunderer
qas	no	rokaspuisis
asf	no	doofus
qas	no	rūpnieks
ddp	yes	muļķe
cds	no	bordeļi
cds	no	camorra
cds	no	self-dievkalpojumu
ddp	yes	lasītnepratējs
re	no	likumpārkāpums
an	no	brant goose
an	no	lielā baltā haizivs
svp	no	skopulis
cds	no	arriviste
an	no	fizionomisms
cds	no	policisti
ddp	yes	būtne
an	no	neprātis
dmc	yes	sīkstulis
re	no	terorisma akts
cds	no	mācību atbalstu
cds	no	nerdy
cds	no	šantāžists
svp	no	garlaiks
pr	no	brūns žurka
cds	no	nodarījumu
dmc	yes	ne-konta
an	no	odiem
an	no	sarkans cilindrs
an	no	animalia
re	no	cosa nostra
cds	no	complainer
qas	no	maisījums
cds	no	dastardliness
pr	no	staigule
dmc	yes	fabricator
asm	no	sīksēklu pupas
asm	no	lauku pupa
or	no	sviesta ķirbis
an	no	cirmenis
ps	yes	negroīds
cds	no	dimetānnaftalīns romāniem
asm	no	teste
re	no	ļaunprātīgu nepatiesību
ddp	yes	neprātis
an	no	krupis
om	no	dirsa
om	no	homoeroticism
re	no	spīdzināja
ddf	yes	netikumīgs
cds	no	slikta velns
an	no	bezastainie abinieki
qas	no	grandiosity
an	no	moluski
cds	no	clotheshorse
cds	no	pudden galvas
an	no	sciaenops ocellatus
re	no	izlaupīt
om	no	crossdress
cds	no	pimping
or	no	lauka gurķis
cds	no	traģisks nelietis
an	no	krokodilu
cds	no	blackballed
cds	no	švauksts
an	no	caprinae
re	no	negatīvs tēls
cds	no	tattletale
ddp	yes	dimwit
om	no	pakaļa
svp	no	minginess
cds	no	jaukta lopbarība
om	no	sodomist
cds	no	joks
an	no	zutis
pa	yes	konsultants-at-likums
ddp	yes	dēls kuce
re	no	slepkavību
cds	no	bastards
an	no	selachimorpha
asm	no	pisties
ddp	yes	fauna
an	no	vietējiem liellopiem
cds	no	saraustītas off
om	no	astes
svp	no	avaritia
svp	no	septiņiem nāves grēkiem
svp	no	dillydallier
cds	no	cheekiness
asm	no	saphead
pr	no	kuce
pa	yes	ministru padomnieku
cds	no	sabiedriskā tualete
cds	no	ātri vienu
cds	no	stulba persona
ps	yes	dabas hibrīds
ddp	yes	duraks
asm	no	lētticības
an	no	sūcējs
cds	no	publiskais nams
or	no	muļķis
cds	no	konformists
cds	no	scammer
an	no	kaimani
an	no	vepris
qas	no	necrotrophic
ps	yes	dzelteno kartīti
ddp	yes	ārprātīgs
cds	no	bloopers
an	no	spekulants
pa	yes	docente
cds	no	zagšana
or	no	poof
ddp	yes	vientiesis
cds	no	jokdaris
om	no	pederasts
an	no	amerikas bizoni
qas	no	moocher
ps	yes	kritums puisis
svp	no	miesas kārības
dmc	yes	otrās rater
cds	no	pompa
cds	no	dandy
an	no	skopulis
dmc	yes	hobos
cds	no	jauktas šķirnes suns
cds	no	soft touch
an	no	dzīvnieks
cds	no	negatīvais tēls
qas	no	lauksaimnieki
ddp	yes	intelektuāli invalīdi
qas	no	parazīti
cds	no	kurjers zēns
an	no	wisent
svp	no	penss-saspiežot
ps	yes	changeling
qas	no	cilāties
ps	yes	bulgārs
cds	no	ceļš aģents
an	no	nežēlība
cds	no	dēls kuce
an	no	kine
asm	no	tumši brūns
cds	no	šarlatāns
qas	no	tirgus apsaimniekotāja
ps	yes	uprooter
cds	no	pedantisms
cds	no	māte stulbenis
an	no	doodly-tupēt
cds	no	jaundzimušo
an	no	moue
ddp	yes	ieslodzītais
ddp	yes	codswallop
asm	no	faba pupas
om	no	pretējās
svp	no	abulia
ps	yes	kroplītis
asf	no	nokavēt
or	no	meticulousness
an	no	rotter
qas	no	melange
dmc	yes	ļaundaris
cds	no	jūklis
ddf	yes	nekrietns
cds	no	nemiera gars
cds	no	konspirāciju teorijas
qas	no	vidusšķira
pr	no	lampyris noctiluca
an	no	kukaiņi
an	no	gallus gallus domesticus
om	no	dupsis
ps	yes	barbariem
dmc	yes	netikumīgs
om	no	homoerotic
re	no	varmācība
ddf	yes	liliputs
an	no	kāpuri
asm	no	aves
cds	no	stulbenis
an	no	ķermeņa uts
an	no	lunkhead
an	no	knausis
qas	no	biznesa līderi
re	no	Ļaundaris
asm	no	muļķītis
qas	no	slaistīties
ddp	yes	betise
ps	yes	greutungi
cds	no	slampa
an	no	bedbugs
cds	no	gļēvulību
pa	yes	pilns profesors
pr	no	vietējiem liellopiem
svp	no	laiskums
an	no	haizivs
an	no	kvekšķēt
cds	no	baseinu hustling
cds	no	fascista
an	no	crocodylian
re	no	precīzs
cds	no	kazino
re	no	traducer
cds	no	lowlife
cds	no	pompousness
pa	yes	cordwainer
re	no	mēlnesis
an	no	hyaena
qas	no	kastu sistēma
pa	yes	īpašais sūtnis
pr	no	kreka prostitūta
ddp	yes	dumjš
re	no	otrās pakāpes slepkavībā
pa	yes	darbinieks
pr	no	ielu meitene
asm	no	brūna krāsa
an	no	mikrobu
om	no	gejiem
cds	no	nejaušs sitiens
ddp	yes	moronity
dmc	yes	libertinism
dmc	yes	slaists
an	no	Šakāļi
cds	no	reliģiskais fundamentālisms
cds	no	virsnieks
re	no	aplaupīti
ps	yes	metics
an	no	raunch
an	no	stick-in--dubļi
ps	yes	ostrogoth
ddf	yes	invaliditātes
cds	no	matcher
an	no	lowlife
qas	no	amatieri
ps	yes	Čigāņi
om	no	pāri garderobists
qas	no	muļķības
an	no	gliemeži
qas	no	divulgence
qas	no	barbariem
cds	no	sīkstulis
cds	no	saphead
qas	no	slikti cepure
cds	no	paraut-off
ddp	yes	barbaru
cds	no	slacker
cds	no	bordello
an	no	ixodida
svp	no	ne-konta
re	no	sīko zagli
dmc	yes	gangsteris
an	no	gliemis
an	no	bison bison
cds	no	ostentatiousness
re	no	spīdzināšanu
asm	no	sēklinieki
cds	no	grunge mūzikas
an	no	riet
pa	yes	universitātes profesors
or	no	cunt
is	yes	pilsētu nabadzība
cds	no	wisenheimer
asm	no	vidējrupjsēklu pupas
re	no	vardarbīgu
pa	yes	herolds
cds	no	nokavēt
an	no	molusks
cds	no	tāds un tāds
an	no	canis familiaris domesticus
ps	yes	pikey
ps	yes	romanis
cds	no	kriminālais grupējums
ps	yes	ekvatoriālā rase
ps	yes	nokavēt
cds	no	codswallop
cds	no	rakstītājs
om	no	fenhelis
cds	no	meli
cds	no	tiesas āksts
re	no	noziedzība
is	yes	sociālā izstumtais
cds	no	gal'june
cds	no	sass
an	no	jūras skorpions
om	no	dame
an	no	mūlis
an	no	vecā pasaule bifeļa
cds	no	zealotry
cds	no	konspirāciju teorija
cds	no	blabbermouth
qas	no	sciolist
rci	yes	barbari
an	no	relentlessness
is	yes	cheapskate
dmc	yes	git
cds	no	banditti
or	no	īrijas kartupeļu
asf	no	jokdaris
an	no	truši
re	no	villainess
an	no	diddley
qas	no	klasiskā retorika
cds	no	homunculi
qas	no	boo-boo
or	no	peža
dmc	yes	žēl cilvēks
asm	no	faba bona
re	no	terorisms
pa	yes	koledžas profesors
ddp	yes	infauna
asm	no	sējas zirņi
cds	no	reliģisko diskrimināciju
an	no	saldūdens zušu dzimta
asm	no	betise
cds	no	streiku pārtraucējierīces
om	no	finocchio
qas	no	snooper
an	no	vēršiem
an	no	maita
om	no	drātēties
ps	yes	ostgoti
cds	no	fundamentālists
an	no	ģints vipera
is	yes	bēdīgs
ddp	yes	lummox
is	yes	negatīvais tēls
cds	no	reakcijas laikmets
ddp	yes	muļķis
om	no	ēzelis
or	no	kāposts
cds	no	reliģiozitāti
re	no	laupīšanu
an	no	naktstauriņš
asm	no	brūnais
cds	no	vezumnieku rinda
qas	no	cieto atkritumu
svp	no	sliņķis
cds	no	nepatiesība
cds	no	negatīvs tēls
an	no	bison bonasus bonasus
cds	no	cosa nostra
an	no	metazoans
pr	no	naktstauriņi
pr	no	brīvs sieviete
cds	no	fundamentālisti
an	no	prusaks
ddp	yes	folderol
dmc	yes	mobster
asf	no	peža
asf	no	duraks
pa	yes	sheepherders
qas	no	parazītismu
or	no	stulba persona
re	no	izvarotāji
re	no	noziedzīgs nodarījums
cds	no	sniveller
asm	no	imbecils
an	no	slowpoke
pa	yes	sargs
an	no	barbarisms
an	no	kāpurs
an	no	selachii
cds	no	mazulis
is	yes	zemiem ienākumiem
cds	no	neapstrādātu notekūdeņu
cds	no	iekšējais loks
cds	no	uzlikt ielāpu
an	no	resnis
an	no	piparu kožu
re	no	mežonība
re	no	slikti izmantošana
cds	no	reakcionārs
an	no	gaļas liellopi
ps	yes	Žīds
re	no	seksuāla vardarbība
pa	yes	akadēmisks
is	yes	sīkstulis
om	no	sodomized
qas	no	bourgeoise
dmc	yes	morāle
cds	no	grēcinieks
cds	no	cietuma uzraugs
an	no	hemipterous kukaiņu
qas	no	teste
ddp	yes	dzīvnieku
ddp	yes	changelings
an	no	kodes
cds	no	bumbler
ps	yes	vandāļu
re	no	outlawry
ddf	yes	fiziski apstrīdēti
qas	no	viduslaiku
ps	yes	ebreju
cds	no	sabiedrības padibenes
cds	no	nolaupīšanas off
qas	no	zemnieks
ps	yes	roms
cds	no	mīļotājs
re	no	ļaunprātīgi
re	no	thieving
dmc	yes	negatīvs tēls
cds	no	bas bleu
an	no	sīkbūtne
cds	no	starpnieks
asm	no	ithyphallic
or	no	vientiesis
pr	no	īres zēniem
ddp	yes	stulbība
an	no	nelietis
asf	no	betise
asm	no	plaša pupiņu augu
an	no	ovis orientalis aries
ddp	yes	pēkšķēt medicīnā
svp	no	riebums
an	no	liliputs
svp	no	apnikums
cds	no	thieving
pr	no	hetaira
cds	no	lauķis
cds	no	jauktenis
an	no	eurypterids
or	no	gurķis vīnogulāju
cds	no	grandžs
cds	no	naudas aizdevēji
an	no	vientiesis
dmc	yes	melkulis
an	no	helix pomatia
cds	no	banda kultūru
ddp	yes	dickhead
cds	no	melange
cds	no	demagog
qas	no	apkalpes
cds	no	nouveau-riche
dmc	yes	malodor
re	no	pārkāpumiem
re	no	seksa nodarījumu
re	no	gangsteru
pr	no	laulības pārkāpēja
asm	no	dārza pupa
cds	no	aizliegtā
asm	no	iepazīt
cds	no	slikta zivis
om	no	dorsolateral
or	no	meticulosity
asf	no	vientiesis
cds	no	conceitedness
ps	yes	negro
ddp	yes	nekompetents
an	no	fizionomika
om	no	crossdressing
an	no	ģints capra
cds	no	slews
re	no	vardarbība
cds	no	japāņu mērvienībās
is	yes	nelietīgs
an	no	ģints angilja
dmc	yes	slikts cilvēks
om	no	aizmugure
an	no	kalnu kazas
an	no	vipera berus
an	no	siphonaptera
re	no	cirvis darbs
cds	no	fanātisms
ps	yes	ebrejs
asm	no	sēklinieks
cds	no	hierarhs
re	no	netīra nauda
ps	yes	starpģinšu hibrīds
asm	no	drāzties
ps	yes	melno cilvēku
pr	no	seksa pakalpojumi
cds	no	viltus elks
an	no	mollusca
om	no	šķērsot mērci
asm	no	doofus
an	no	nekompetents cilvēks
asm	no	falls
dmc	yes	barbarisko
qas	no	lauks rokas
or	no	gejs
asm	no	erekciju
qas	no	ragtag
dmc	yes	fumbler
an	no	spītīgs
re	no	ļaunprātīga izmantošana
asm	no	nediena
is	yes	trūcīgajiem
pa	yes	barbars
ddp	yes	skopulis
cds	no	parvēnijs
cds	no	ratnieks tirgotājs
qas	no	baroka arhitektūru
an	no	baltā haizivs
qas	no	pauts
pr	no	bos taurus
qas	no	parazitāras
cds	no	zēniņš
qas	no	blooper ruļļa
an	no	sabiedrības padibenes
cds	no	sazvērestības teorētiķis
pa	yes	akadēmiķis
cds	no	audzināt
ps	yes	boche
an	no	eiropas bizons
ddp	yes	labotājs
asf	no	muļķība
asm	no	resgalis
ddp	yes	pēkšķēt
cds	no	ieslodzījuma vietu apsardzes
an	no	papagailis
re	no	izvarotāju
cds	no	gigolo
cds	no	melsa
pa	yes	barbariem
pa	yes	papildinājums fakultātes
cds	no	elku pielūgšanu
re	no	slepkavības
qas	no	uzņēmuma īpašnieks
cds	no	wangler
an	no	ielasmeita
pr	no	Žurkas
an	no	insekti
dmc	yes	bandīts
an	no	floozie
ps	yes	doofus
re	no	nogalināšana
re	no	reketieris
om	no	geji
cds	no	pedagog
cds	no	punduris
cds	no	idiots
cds	no	pandar
qas	no	garīgais līderis
an	no	lai crocodylia
an	no	šakālis
ddp	yes	arsehole
dmc	yes	uzdzīvotājs
svp	no	dilly-dallier
qas	no	konformisms
an	no	vērsis
an	no	zušveidīgās
an	no	lode
cds	no	noraidīt
svp	no	slacker
ddp	yes	dzīvnieku valsts
or	no	pampalis
pa	yes	kaprālis
ddp	yes	mūlāps
cds	no	folderol
asm	no	bollocks
asm	no	falla
pr	no	netikli
qas	no	baronies
asm	no	pimpis
cds	no	fanātismu
ddp	yes	bastards
cds	no	klans
ddp	yes	idiote
cds	no	Ļaundaris
re	no	nepilngadīgo likumpārkāpumu
asm	no	sarkanbrūns
dmc	yes	dillydallier
asm	no	soft touch
cds	no	protagonism
ps	yes	metisu izcelsmes pārstāvjiem
qas	no	diletants
cds	no	cilšu cilvēki
an	no	naktstauriņi
re	no	grand zādzību
cds	no	faktors
dmc	yes	defrauder
ps	yes	jūds
svp	no	spiritlessness
pr	no	kine
ps	yes	nigga
cds	no	neprāte
cds	no	mafija
re	no	enerģisks cilvēks
cds	no	likumpārkāpums
cds	no	motherfucker
qas	no	nemākulis
or	no	maitāt
an	no	vistas
cds	no	ābolu spodrinātāja
cds	no	changelings
an	no	priekša
an	no	maitasputni
an	no	prusaki
qas	no	baroka
asf	no	resgalis
an	no	sentimentalitāte
cds	no	jauniesaucamais
re	no	liellopi zaglis
an	no	dzēlējodu dzimta
asm	no	pipele
ddp	yes	kretīnisms
qas	no	freeloader
ps	yes	vagabond
cds	no	kanalizācijas
an	no	bison bonasus
an	no	vermes
an	no	bison americanus
dmc	yes	līgumreisu
om	no	drag queens
ps	yes	metic
pr	no	brūnā žurka
asm	no	pupas
ps	yes	mongoloid
cds	no	intrigants
qas	no	apakšnama loceklis
svp	no	lepnums
pa	yes	biļete aģents
cds	no	demagoģija
an	no	pipistrelle
cds	no	negodīgi
cds	no	sanitārās kanalizācijas
asf	no	stulbība
ddp	yes	barbariem
or	no	muttonhead
an	no	phthiraptera
qas	no	ideologa
an	no	purna
cds	no	dēliņš
asf	no	cunt
asf	no	neprātis
re	no	plagiarization
asf	no	idiote
an	no	zemieņu sumbrs
ps	yes	kretīns
an	no	ganību ērču virsdzimta
an	no	negatīvais tēls
cds	no	augu audzētājs
pr	no	hogwash
cds	no	atkarīgais
an	no	cilvēka ēšanas haizivs
cds	no	haoss
cds	no	zaglis
cds	no	reketieris
cds	no	amateurishness
pr	no	comare
ddp	yes	nokavēt
qas	no	biznesa cilvēks
qas	no	amateurishness
cds	no	fašistu režīmu
pr	no	pistole moll
cds	no	slackers
ps	yes	nēģeris
cds	no	korekcijas amatpersona
cds	no	bēbis
asf	no	fuckhead
an	no	vista
an	no	kazu antilopes
an	no	carcharodon carcharias
re	no	sodāms tikai nodarījumu
or	no	pillock
pr	no	palaistuve
cds	no	omerta
qas	no	juceklis
qas	no	labotājs
pa	yes	jezuīts
om	no	noteikumi par anatomiskā novietojuma
an	no	kazas pienu
ps	yes	negroaustraloīdā rase
cds	no	brīvmūrnieki
or	no	pudden galvas
cds	no	nedarīt neko
pr	no	prostitūtas
cds	no	phratry
qas	no	noliktavas pārzinis
re	no	teroristiem
om	no	dorsoventral
om	no	ass
cds	no	gossipmonger
ddp	yes	plānprātīgs
qas	no	magnates
dmc	yes	fanātisks
pa	yes	akadēmisko
re	no	mafiosi
an	no	putna minerva
cds	no	interfertility
cds	no	fawner
cds	no	noziedzīgs nodarījums
ddp	yes	changeling
an	no	ērce
cds	no	intriguer
om	no	kundze
ps	yes	patsy
or	no	pīzda
qas	no	skumjš maiss
an	no	naemorhedini
asm	no	pauti
an	no	bos bison
ps	yes	jūdi
or	no	dārza kāposts
om	no	buggery
qas	no	bonera
an	no	knislis
qas	no	autoinfection
cds	no	ģeķis
an	no	volaille
qas	no	būda
cds	no	atklātais nams
an	no	weakling
re	no	nolaupīšana
an	no	mājas vista
svp	no	uzpūtība
svp	no	enviousness
cds	no	foxiness
is	yes	scrooge
an	no	sus
re	no	varas ļaunprātīgu izmantošanu
an	no	makrofauna
dmc	yes	evilness
rci	yes	lempis
pr	no	prostitūta
om	no	tooshie
ps	yes	zulus
ps	yes	bulgāri
ddp	yes	stulbs
re	no	calunnia
ddp	yes	gossipmonger
an	no	zooerastia
or	no	dārza kāposti
qas	no	algādzis
an	no	balons swallower
svp	no	slothfulness
qas	no	divulgement
dmc	yes	vientiesītis-off
ps	yes	greitungi
asm	no	lopbarības pupas
ddp	yes	denuncētājs
cds	no	banda
re	no	plaģiātisms
qas	no	sīkumi
cds	no	prapjus
ps	yes	fašistu
pr	no	slampa
an	no	brant
cds	no	conventicle
an	no	traģisks nelietis
an	no	gyps fulvus
ps	yes	negroīdā rase
an	no	kopējā uts
an	no	krupji
rci	yes	barbarisko
cds	no	izstumtais
ps	yes	mūlāps
cds	no	desmitiem
cds	no	metāllūžņu
ddp	yes	zooerastia
or	no	homoseksuāls
an	no	dumbass
re	no	mocīšana
svp	no	shirker
an	no	negatīvs tēls
re	no	izstumtais
an	no	equus asinus x caballus
re	no	zaglis
cds	no	narcisms
re	no	dienesta stāvokļa ļaunprātīgu izmantošanu
svp	no	seksuālā vēlme
ddp	yes	smadzeņu bojājums
om	no	transvestitism
cds	no	religiousism
an	no	krokodils
pa	yes	cūkgaļa miesnieks
an	no	grossness
ddp	yes	tenku vācele
cds	no	nesamaksāts
an	no	grifs
pa	yes	pētniecības profesors
ddp	yes	kroplītis
cds	no	delikts
ddp	yes	neprātība
an	no	anura
asm	no	skrūvēm
cds	no	grunge roka
an	no	villainess
svp	no	garlaicību
cds	no	brīvmūrniecība
an	no	kazas
re	no	defrauder
re	no	zagšana
qas	no	metāllūžņu
dmc	yes	sociālā izstumtais
ps	yes	barbars
pr	no	moo-govs
dmc	yes	sliņķis
asm	no	erekcija
asm	no	gabals ass
an	no	iekšzemes ēzelis
cds	no	slodzes
is	yes	maznodrošinātām
cds	no	krustošanos
an	no	slowcoach
qas	no	kaujamās
ps	yes	citām rasēm
cds	no	melnstrādnieks
asm	no	stulbs
is	yes	nabaga cilvēki
an	no	mikrobiem
om	no	anālais sekss
om	no	twink
cds	no	laupītājs barons
ps	yes	mongolis
pa	yes	akadēmiķe
qas	no	omnium-gatherum
re	no	ļaunprātīgas seksuālas
asm	no	zirņi augu
an	no	bezastaino abinieku kārta
cds	no	krustojums
qas	no	casteism
an	no	utains
an	no	hirudinea
is	yes	trūkums
pr	no	izdedži
ps	yes	melns
ps	yes	plānprātīgs
qas	no	noraidīt
cds	no	peons
an	no	animalculum
asm	no	rupjsēklu pupas
cds	no	fanātisks
dmc	yes	pilferer
an	no	koķete
cds	no	savedējs
dmc	yes	pāķis
cds	no	nursling
an	no	dzīvniekutis
ddp	yes	ragtag
dmc	yes	nekrietns
an	no	Āzis
an	no	mājas aitas
cds	no	rokaspuišiem
re	no	banditti
re	no	pirmās pakāpes slepkavībā
re	no	notiesāts kriminālnoziedznieks
an	no	soft touch
cds	no	ultraconservative
pr	no	komerciāliem seksa
an	no	utis
ddp	yes	muļķības
asf	no	muļķe
qas	no	nomnieks
cds	no	know-it-all
an	no	ķermeņa snatching
om	no	homoseksuālisms
ddp	yes	pudden galvas
an	no	marodieris
asm	no	sēkliniekos
asf	no	dumbass
ddp	yes	gossiper
cds	no	ļaunums
ddp	yes	knucklehead
cds	no	mākslīgs hibrīda
an	no	mikrobs
an	no	bos americanus
asm	no	daikts
cds	no	grunge rock
qas	no	jaukta lopbarība
asm	no	putni
cds	no	kaudzes
an	no	limacidae
an	no	mājas aitām
an	no	brent zoss
re	no	slepkavoja
an	no	dzēlējodi
an	no	papagaiļveidīgie
ddp	yes	analfabēts
an	no	iekšzemes vistas
an	no	miģele
an	no	dzīvnieki
re	no	mocīt
re	no	bruņotu laupītāju
asm	no	nolaupīšanas off
cds	no	brīva mason
pr	no	courtesans
cds	no	liels nemazgājies
an	no	eiropas krupis
an	no	fulvus
an	no	sivēnu
cds	no	brigands
pa	yes	academicism
re	no	terorists
re	no	bruņota laupīšana
dmc	yes	dezertieris
cds	no	sazvērestības teorētiķi
cds	no	pārdrošība
dmc	yes	chawbacon
is	yes	slikts
qas	no	buržuāzijas
cds	no	mob
re	no	mafioso
cds	no	pūlis
cds	no	liellopi zaglis
an	no	būtne
is	yes	nelietis
an	no	ķermeņa snatchers
re	no	izvarošanas
an	no	cimicidae
an	no	pūce
cds	no	wanker
om	no	fenheļa
or	no	brassica oleracea var. capitata
an	no	krokodilu kārta
an	no	moskītu
asm	no	vdaikts
an	no	ēdami gliemezis
re	no	šantāža
ddf	yes	kustību traucējumiem
dmc	yes	smaka
cds	no	lav
cds	no	patsy
qas	no	bumbler
dmc	yes	nelietīgs
dmc	yes	loiterer
qas	no	māja gleznotājs un dekorators
svp	no	pridefulness
cds	no	dedzīgs piekritējs
an	no	cilvēka ķermeņa uts
cds	no	elku kalpi
cds	no	bandīts
ddp	yes	garīgi apstrīdēt
cds	no	bandas loceklis
cds	no	galvenais faktors
ddp	yes	muļķīgi
svp	no	layabout
an	no	vēžskorpioni
cds	no	gangsteris
cds	no	loanshark
re	no	spīdzināšanas slepkavību
cds	no	paparazzo
qas	no	parazītisms
an	no	megascops
an	no	rouncey
an	no	sivēns
an	no	rentboy
an	no	vamper
an	no	brant zoss
an	no	nelietīgs
re	no	nelietīgs
ddp	yes	muttonhead
an	no	scorpionfish
qas	no	troubler
an	no	anguilliformes
dmc	yes	laupītājs
an	no	maitas putns
cds	no	noziegšanās
an	no	kopējā odze
an	no	sīkstulis
ps	yes	mākslīgs hibrīda
an	no	vipera
dmc	yes	grifter
asf	no	wench
ps	yes	mongoļu
an	no	mikroskopisks dzīvnieks
qas	no	kasta
an	no	krokodili
cds	no	uzpūtīgums
an	no	stulbums
asm	no	jeerer
an	no	zaķis
om	no	viendzimuma piesaisti
re	no	seksuāli uzbrukums
asm	no	ballock
cds	no	gossiper
ddp	yes	kretīns
an	no	kanāls bass
svp	no	skaudība
qas	no	parasitize
pa	yes	advokāts
ddp	yes	stulba
cds	no	mēlnesis
an	no	ķermeņa snatcher
re	no	nodarījumu
an	no	prickteaser
cds	no	bandītu
cds	no	barbariem
re	no	nesamaksāts
an	no	gliemji
pr	no	īres zēns
cds	no	changeling
cds	no	itāļu mafiju
cds	no	mistrojums
cds	no	prātnieks
dmc	yes	negodīgums
ps	yes	darkey
asm	no	neprāte
an	no	amerikas bizons
an	no	bison
cds	no	ķeburs
ddp	yes	slikta zivis
asm	no	drātēties
ddp	yes	hooey
cds	no	pūlis-rouser
cds	no	stealer
an	no	ganību ērces
ps	yes	nigra
pa	yes	akadēmiskās
an	no	kazu apakšdzimta
re	no	slikta apiešanās
cds	no	nozākāt
pr	no	hetaera
qas	no	brāķēt
dmc	yes	melis
an	no	idiots
ddp	yes	nodevīgs
asm	no	roku darbs
dmc	yes	ļauns
cds	no	zādzībām
re	no	laupīšana
pa	yes	jezuītu
cds	no	tricker
or	no	bonce
an	no	netīrs suns
an	no	vīriešu prostitūciju
cds	no	outlawry
re	no	apmelojošus
ddp	yes	skumjš maiss
svp	no	lazybones
an	no	ielu meitene
is	yes	traģisks nelietis
qas	no	plācenis
cds	no	naudas aizdevējs
svp	no	fanātiķis
an	no	dēle
ps	yes	zulu cilvēki
is	yes	slikta velns
svp	no	garlaicīgi
svp	no	lecherousness
asm	no	testis
an	no	lampyris noctiluca
svp	no	pikts
ddp	yes	neizglītots cilvēks
ddp	yes	muļķīgs
cds	no	fundamentālistu
ddf	yes	slikts
ddp	yes	dirsas caurums
cds	no	git
ddp	yes	tenkotājs
cds	no	nepilngadīgo likumpārkāpumu
ddp	yes	atpalicība
re	no	literāra zādzība
cds	no	blackballing
an	no	cālis
dmc	yes	cūka
cds	no	augļotājs
an	no	mājas kaza
pr	no	vīriešu prostitūtu
qas	no	mājturība
an	no	gliemezis
an	no	culex pipiens
cds	no	sazvērestība klusēt
cds	no	gļēvs
asm	no	nookie
asm	no	brūnā krāsa
ps	yes	dimwit
pa	yes	zivju cēlējs
re	no	plagiarisation
re	no	terorismu
dmc	yes	netīrs
pa	yes	balto apkaklīšu
qas	no	mājsaimniecības darbi
re	no	liellopu rustler
ps	yes	beduīnu
an	no	frogspawn
dmc	yes	barbars
an	no	eirāzijas griffon
pr	no	vazaņķe
dmc	yes	nemākulis
dmc	yes	kūpēt
qas	no	amerikāņu uzņēmējs
cds	no	kinfolk
cds	no	lempis
pa	yes	sheepherder
qas	no	liekēdis
re	no	mobster
dmc	yes	fanātiķis
cds	no	lielībnieks
pr	no	rentboy
cds	no	negodīgas
re	no	kriminālnoziegums
svp	no	fizisko pievilcību
an	no	ielu prostitūciju
cds	no	gobs
om	no	homoseksualitāti
an	no	anserini
pr	no	konkubīnes
cds	no	moralizēšanu
dmc	yes	labotājs
cds	no	mob boss
pr	no	norway žurka
re	no	traģisks nelietis
cds	no	scientisma
re	no	korporatīvās pārkāpumus
om	no	ipsilateral
qas	no	lauksaimnieks
cds	no	sicīlijas mafiju
cds	no	splashiness
an	no	zelta šakālis
an	no	zoslēns
ps	yes	Čigāni
cds	no	baseins hustling
pa	yes	zivju veikali
an	no	eurypterida
an	no	amerikas buffalo
svp	no	iedomīgs
cds	no	policists
pr	no	govs
om	no	sēžamvieta
an	no	maitas putni
re	no	aizliegtā
cds	no	klupt
cds	no	shirker
qas	no	parazitēšana
cds	no	narcism
cds	no	tualete
cds	no	augu biotehnoloģijas
pa	yes	diplomātisko rangu
cds	no	mīlestība bērns
cds	no	imbecils
re	no	felonies
dmc	yes	roue
ddp	yes	blabbermouth
cds	no	maitu
ddf	yes	invalīdu
cds	no	jaundzimušais
qas	no	apakšnama
cds	no	ballup
cds	no	jaundzimušajiem
cds	no	bufonāde
ps	yes	imbecils
an	no	mikroorganismi
cds	no	looker-on
an	no	cūka
cds	no	whorehouse
ddf	yes	fiziski apstrīdēt
pa	yes	profesora
cds	no	reliģiozums
ddp	yes	viciousness
svp	no	lepns
an	no	equus asinus
cds	no	barbari
asf	no	plānprātīgs
om	no	pārrobežu garderobists
an	no	bos taurus
qas	no	rhetorics
cds	no	daudz
pr	no	buncombe
an	no	capra hircus
dmc	yes	atkritējs
pa	yes	noziedzīgu attorney
dmc	yes	pieklājība
re	no	pārestība
cds	no	reliģisko fundamentālismu
an	no	mikrobi
cds	no	noziedzīgu darbību
an	no	cāļi
or	no	punctiliousness
asm	no	jokdaris
cds	no	sazvērestības teorijas
asm	no	ņemties
asf	no	lunkhead
cds	no	puse
qas	no	pagasta
asm	no	avafauna
qas	no	pamesta kuģis
cds	no	aizstāvēšana
cds	no	moneylending
ddp	yes	jokdaris
om	no	posteriorly
an	no	gliemju
cds	no	noziedznieks
dmc	yes	delikts
cds	no	schoolma'am
qas	no	nedarbnieks
qas	no	sēklinieks
om	no	dāmas
cds	no	papīra stūmējs
cds	no	moneygrubber
cds	no	netīrumi
cds	no	cilšu sabiedrībās
ddp	yes	nekompetents cilvēks
ps	yes	idiote
an	no	zuši
cds	no	slīdēšanas no mēles
qas	no	parazīts
cds	no	kliķe
ps	yes	mongoļi
cds	no	devilment
re	no	datums-izvarošanu
pr	no	tur sieviete
pr	no	socialites
asm	no	muļķe
an	no	epifauna
cds	no	moaner
ps	yes	melnā krāsa
qas	no	retoriskums
cds	no	bonera
asf	no	idiots
an	no	moskīts
is	yes	globālo nabadzību
dmc	yes	pazemojums
ps	yes	inkiness
an	no	gļēvulis
cds	no	laucinieks
or	no	gurķi
re	no	plaģiāts
an	no	iekšzemes vistu
cds	no	haoss-up
qas	no	sabiedrības padibenes
an	no	purva pūce
ddp	yes	doofus
cds	no	presumptuousness
dmc	yes	ne'er-do-labi
cds	no	omnium-gatherum
qas	no	sīkstulis
ddp	yes	barbarisms
re	no	laupītāji
or	no	galviņkāposts
svp	no	ne'er-do-labi
cds	no	bagāžas vilcienu
asm	no	nooky
cds	no	fašismu
an	no	fuckhead
an	no	familiaris
an	no	muļķis
asf	no	saphead
om	no	cross-kumodes
cds	no	topsy-turvyness
an	no	cootie
asf	no	patsy
dmc	yes	netikumisks
asm	no	kretīns
cds	no	mountebank
om	no	gūžas
an	no	idiote
an	no	salientian
pa	yes	aizstāvības advokāts
an	no	papagaiļi
cds	no	mussiness
cds	no	nepatikšanas
asm	no	izdrāzt
dmc	yes	morālo kompasu
an	no	pip-kviekt
an	no	carcharodon
svp	no	superbia
dmc	yes	malodour
an	no	aitu
om	no	distālās
cds	no	cacography
ps	yes	barbaru
or	no	kartupeļu
an	no	capra aegagrus hircus
is	yes	Ļaundaris
cds	no	clann
cds	no	ielu banda
an	no	mājas apogs
an	no	iekšzemes suns
ps	yes	vandalis
asm	no	neprātis
an	no	blēdis
ps	yes	krauthead
cds	no	stulbs
an	no	goralu cilts
cds	no	line-šāvēja
ddp	yes	saphead
cds	no	cowardliness
pa	yes	sīkstulis
re	no	maligner
asm	no	mīkstu ray
re	no	izspiešanu
asm	no	twirp
cds	no	taleteller
qas	no	kuģniecības magnāts
or	no	knucklehead
an	no	ērču
cds	no	otrās rater
asm	no	putnu
cds	no	defrauder
an	no	mājas aita
cds	no	hubris
dmc	yes	wastrel
pa	yes	balto apkaklīšu darba ņēmējs
om	no	vēdera
pa	yes	comptroller
asf	no	pīzda
dmc	yes	renegāts
dmc	yes	villainess
or	no	sativus
pr	no	kode
an	no	kaimans
an	no	dzēlējods
pa	yes	ārkārtas profesors
pr	no	prostitūcija
cds	no	bawdyhouse
an	no	ēzeļi
cds	no	zīdaiņiem
cds	no	grandžroks
an	no	dzīvnieku
cds	no	gudrs puisis
cds	no	zinu-visas
dmc	yes	putot maisā
ps	yes	ebreji
ddp	yes	analphabet
cds	no	fundamentālisms
an	no	sunītis
qas	no	tirgotājs
re	no	sicīlijas mafija
cds	no	korespondents
svp	no	septiņi nāves grēki
cds	no	iedomība
dmc	yes	smirdēt
om	no	nance
cds	no	slyness
an	no	sivēni
pa	yes	pasniedzējs
re	no	zādzībām
an	no	mauka
an	no	batrachian
dmc	yes	barbariem
ddp	yes	veselības krāpšanu
an	no	animēt ir
an	no	nevīžīgs cilvēks
pr	no	naktstaurenis
cds	no	notekūdeņu
cds	no	grifter
an	no	vēršu
dmc	yes	bumbler
cds	no	dogmatisms
pr	no	prostitūtu
an	no	midge
cds	no	fumbler
cds	no	hiperseksualitāte
an	no	ērces
cds	no	blunderer
re	no	izvarotājs
pr	no	saimniece
an	no	diddlyshit
cds	no	conspiracism
ps	yes	ostrogoti
dmc	yes	staigulis
asf	no	imbecils
cds	no	mystifier
pa	yes	proponents
ps	yes	melnās sievietes
dmc	yes	barbari
om	no	lady
qas	no	jūklis
dmc	yes	liekulība
ps	yes	beduīns
qas	no	blooper
ddp	yes	pļāpa
qas	no	klupt
pr	no	maita
re	no	bērnu slepkavībām
qas	no	retoriski
ps	yes	muļķis
cds	no	netīrumiem
asf	no	soft touch
ps	yes	vandāļi
an	no	kazlēns
qas	no	daiļrunība
cds	no	archpriest
ps	yes	stulbs
svp	no	iekāre
cds	no	ingroup
cds	no	hibrīds
or	no	homofils kustība
pr	no	rattus
asm	no	stulbība
pr	no	norvēģija žurka
dmc	yes	nelietis
cds	no	pērkamība
cds	no	rube
ddp	yes	muļķītis
re	no	gangsteris
cds	no	pulciņš
re	no	nepatiesas apsūdzības
or	no	muļķīgs
svp	no	boastfulness
cds	no	masonu kustība
cds	no	trasformismo
an	no	mājas suns
re	no	mafija
cds	no	apjoms
re	no	ndrangheta
dmc	yes	homunculi
ps	yes	krustojums
qas	no	amatieru
an	no	kritums puisis
cds	no	fundamentālismu
ddp	yes	epifaunal
ddp	yes	nonsensicality
ddp	yes	cietumnieks
asm	no	zirņi
dmc	yes	liekulīgi
ps	yes	Āzijas—amerikas rase
an	no	stulbenis
svp	no	scrooge
asm	no	dimwit
or	no	tupeņi
pr	no	galminieki
cds	no	gangsterism
an	no	saldūdens zuši
pr	no	eskortēšana
ps	yes	Žīdi
pr	no	žurkām
asf	no	maksts
pa	yes	grāmatvedis
cds	no	augsnes
re	no	tirdzniecības paņēmieniem
om	no	muižniece
dmc	yes	krāpnieks
qas	no	suņu māja
an	no	gultas bugs
qas	no	lauksaimniece
cds	no	nouveau riche
cds	no	tenku vācele
dmc	yes	pieklājības
qas	no	amatnieks
qas	no	granger
re	no	slanderer
dmc	yes	treasonist
dmc	yes	priecīgus andrew
cds	no	grunge
an	no	dzīvniekutu kārta
om	no	transvestism
svp	no	nedarīt neko
an	no	moo-govs
qas	no	rūpnieku
ddp	yes	neprāte
qas	no	mob
pr	no	tenkas
cds	no	sīko zādzību
cds	no	weisenheimer
an	no	suborder blattodea
dmc	yes	outlawry
cds	no	krustoja
pa	yes	academe
re	no	slayer
cds	no	roku darbs
ddp	yes	plānprātība
an	no	tārpi
cds	no	wiliness
qas	no	bollocks
cds	no	likumpārkāpējs
asm	no	angļu pupu
ps	yes	kraut
pa	yes	zāle porteris
cds	no	vajātājs
re	no	niknums
asm	no	gailis
cds	no	apakšgrupas klans
qas	no	atliekas
an	no	zosu cilts
an	no	ferociousness
qas	no	barons
ps	yes	beduīni
cds	no	dēliņš zēns
dmc	yes	nodevējs
om	no	pediņš
asf	no	kaunuma mati
re	no	agonija
pa	yes	bēru direktors
svp	no	augstprātība
cds	no	morāle
qas	no	baronu
an	no	bullēns
an	no	purva-pūce
cds	no	līst zaglis
cds	no	ģimenes līnija
svp	no	veltīgums
or	no	cucurbita maxima
an	no	mikroorganismu
pr	no	vīriešu prostitūciju
an	no	culicidae
asm	no	cūku pupas
cds	no	dzimta grupa
re	no	likumā izvarošanu
cds	no	noziegums kungs
an	no	odi
dmc	yes	krāpnieks dievs
an	no	ķermeņa utis
re	no	capturer
ddp	yes	microcephalic
re	no	itāļu mafiju
cds	no	nevīžīgs cilvēks
an	no	iestājies noilgums pūce
is	yes	brīvprātīgu nabadzību
asm	no	dick
om	no	bazālo
cds	no	boo-boo
an	no	mājas cūka
an	no	prusaku kārta
cds	no	masonu ordeņa
ps	yes	drifters
dmc	yes	klaidoņi
asm	no	penis
ddf	yes	slikti
an	no	bloodsucker
dmc	yes	negatīvais tēls
qas	no	fieldhand
cds	no	snooper
or	no	shithead
om	no	crossdresser
or	no	brassica rapa
om	no	poof
om	no	hind beigas
svp	no	skopums
qas	no	sēkliniekos
om	no	anatomiskās gan no atrašanās vietas
cds	no	paviršība
an	no	sumbrs
an	no	hemipteron
qas	no	saimnieks
cds	no	idiote
cds	no	fašists
re	no	uzbrukums
qas	no	testiculus
ddf	yes	nanus
pr	no	rattus norvegicus
an	no	bizons
ddp	yes	soft touch
an	no	liellopu
pa	yes	barbari
om	no	sodomy
rci	yes	barbariem
dmc	yes	homunkuls
cds	no	klana
re	no	terora akti
or	no	fenheļa
ps	yes	mongoloīdi
pr	no	govis
svp	no	fanātisms
an	no	neprāte
an	no	moluskiem
ddp	yes	kritums puisis
or	no	tupenis
asm	no	flouter
cds	no	resgalis
pa	yes	papildinājums profesors
qas	no	biznesa magnāts
or	no	skvošs vīnogulāju
re	no	rīkoties terorisma
or	no	jaunas kartupeļu
pa	yes	šveicars
cds	no	ganāmpulka dzīvnieks
an	no	ovis aries
cds	no	gradžs
an	no	hemipteran
cds	no	uzbāzīgs cilvēks
an	no	knišļiem
an	no	tarakāns
svp	no	avariciousness
cds	no	fašisti
an	no	angilja
qas	no	uzņēmējs
cds	no	lazybones
asf	no	neprāte
om	no	ventrolateral
or	no	jaunā kartupeļu
cds	no	wuss
asm	no	pauts
re	no	slepkavas
or	no	nance
cds	no	jūtīgs-parker
an	no	inexorableness
an	no	caprini
cds	no	skolotāja
ddp	yes	bumbler
svp	no	amour propre
cds	no	relikts
asm	no	paraut-off
cds	no	sabiedrības ērtības
is	yes	skopulis
ps	yes	darkie
an	no	ģimenes anguillidae
asm	no	cūku pupa
cds	no	barbarisko
ps	yes	augu audzētājs
or	no	fuckhead
re	no	defamer
asm	no	putns
pr	no	paklīdene
an	no	Ļaundaris
an	no	canis lupus familiaris
pa	yes	akadēmiķi
cds	no	māca
pr	no	konkubīne
an	no	vīriešu prostitūtu
re	no	blackmailed
an	no	ovis gmelini aries
pa	yes	profesors extraordinarius
ps	yes	muļķe
cds	no	bandītismu
ps	yes	hispanic
an	no	bizoni
qas	no	nemākulīgi uzgleznots
re	no	spīdzināšanas ierīci
dmc	yes	aizliegtā
cds	no	noziegums
pa	yes	advocator
cds	no	nymphomaniac
re	no	pirāti
cds	no	zīdainis
pa	yes	barbaru
pa	yes	akadēmisms
cds	no	nekaunīga atbilde
om	no	shirtlifter
pr	no	piparu kožu
an	no	līķu zadzējs
re	no	izvarošana
cds	no	autolatry
an	no	savvaļas vērsis
qas	no	acolytes
an	no	kazu cilts
dmc	yes	layabout
ps	yes	melns cilvēks
an	no	protelidae
an	no	iekšas
cds	no	bezrūpība
re	no	nolaupa
qas	no	negodīgas
ddp	yes	barbars
an	no	bifelis
cds	no	komforts stacija
pr	no	ubadze
qas	no	nepatiesība
or	no	rācenis
cds	no	aizdevums haizivs
an	no	blusas
qas	no	nojume
svp	no	bezdarbība
ps	yes	balts
cds	no	ģimenes
ddp	yes	motherfucker
dmc	yes	netikumība
cds	no	augstprātība
asm	no	maxilliped
re	no	nolaupīt
ps	yes	barbari
an	no	mājas ēzelis
cds	no	sarežģīta problēma
or	no	stulbenis
ps	yes	resgalis
dmc	yes	ļaunumu
ps	yes	vandaļi
cds	no	dandies
cds	no	narcissist
dmc	yes	spendthrift
svp	no	gourmandizer
cds	no	strikebreakers
qas	no	bloodhound
dmc	yes	slackers
cds	no	timeserver
re	no	plagiarise
cds	no	newswriter
ddp	yes	garīga atpalicība
qas	no	uzlikt ielāpu
an	no	ass
qas	no	zemniecība
dmc	yes	trifler
an	no	hirudinean
an	no	diddly
pa	yes	ministrs
svp	no	netiklību
re	no	stealer
qas	no	mare ligzdu
cds	no	sentimentalitāte
pa	yes	barbarisko
ddp	yes	prater
an	no	insecta
ps	yes	zulu
pr	no	dāma par prieku
an	no	aita
an	no	staigule
qas	no	parazītiem
cds	no	egoisms
dmc	yes	bandītu
an	no	skorpēnām
ps	yes	romi
re	no	liellopu šalkas
pr	no	sporta dāma
cds	no	blooper
qas	no	vidēju ienākumu
svp	no	aboulia
asm	no	saraustītas off
re	no	chiseller
cds	no	pāķis
om	no	keister
qas	no	baroqueness
an	no	ēzelis
an	no	liellopi
ps	yes	klanīties
asm	no	avifauna
dmc	yes	chiseler
dmc	yes	rakehell
asm	no	lauka pupas
cds	no	vientiesis
an	no	ģimenes cimicidae
dmc	yes	netīrs suns
cds	no	villainess
an	no	stulbība
asm	no	putnu klase
an	no	baltgalvas grifs
or	no	pediņš
re	no	noziedznieks
ddf	yes	akls
asf	no	muttonhead
cds	no	bumbiņas-up
an	no	iksodīdu ērces
ddp	yes	unwiseness
an	no	nekompetents
cds	no	elks dievkalpojumu
cds	no	hypersexual
svp	no	labi-for-veltīgs
an	no	pipistrellus
qas	no	balamute
an	no	Šakālis
dmc	yes	pavadīt-visas
svp	no	riebumu
rci	yes	barbars
cds	no	izsūtāmais
an	no	lai crocodilia
asm	no	wank
pa	yes	gans
an	no	diddly-tupēt
ddp	yes	blēņas
an	no	drūmi skatīties
an	no	viciousness
asm	no	patsy
cds	no	skolotājs
qas	no	biržas magnāts
asf	no	pussy
re	no	zagļiem
an	no	odze
ddp	yes	ferociousness
pa	yes	porteris
cds	no	nemākulis
cds	no	gudrs
asm	no	roll siena
re	no	apmelojums
re	no	terora akts
ddf	yes	neredzīgs
re	no	furiousness
qas	no	pauti
cds	no	cut-up
an	no	govs
asm	no	piedēklis
cds	no	nekārtība
svp	no	dallier
qas	no	uzņēmēja
re	no	vilifier
or	no	cuke
ps	yes	hibrīds
ddp	yes	nanocephaly
re	no	kramplauzis
re	no	blēdis
svp	no	augstprātīgums
pr	no	mauka
cds	no	saprecināt
dmc	yes	vagabond
pr	no	nevīžīgs sieviete
an	no	canis аureus
cds	no	draiskulība
asm	no	gabals asti
asf	no	dimwit
ddp	yes	neprātīgums
dmc	yes	viltus
cds	no	zilzeķe
re	no	raptio
ddp	yes	piekrāptais
asm	no	muļķība
ddp	yes	dzīvnieki
re	no	zādzība
an	no	shoat
or	no	kartupeļi
dmc	yes	faktu slēpšanu
an	no	dusmas
svp	no	baudkārs
cds	no	gļēvulība
om	no	pederastic
dmc	yes	dilly-dallier
an	no	cūciņa
pa	yes	profesors emeritus
cds	no	nympho
an	no	zosis
ddp	yes	pēkšķēt ārsta
an	no	cimex lectularius
cds	no	tualete iekārta
cds	no	audzinoša virsnieks
an	no	git
asf	no	changeling
dmc	yes	banditti
an	no	lielā balta haizivs
qas	no	kopējā persona
an	no	blattaria
qas	no	scrounger
asm	no	sēklinieku
cds	no	resgalis pieņemšanā
an	no	suborder blattaria
cds	no	dievinošs
om	no	maizītes
an	no	krupis varde
pr	no	Žurka
is	yes	negatīvs tēls
dmc	yes	nesamaksāts
cds	no	blooper ruļļa
re	no	sicīlijas mafiju
ddp	yes	twirp
pa	yes	smagais ormanis
asm	no	fuck
cds	no	mākleris
re	no	piespiedu izvarošanu
asm	no	profesionālu nediena
an	no	bullis
ddf	yes	netikumisks
svp	no	acquisitiveness
cds	no	backtalk
pr	no	bullis
an	no	svārki chaser
dmc	yes	lauķis
svp	no	uzpūtīgs
ddp	yes	smadzeņu bojājumus
qas	no	vidusšķiras
an	no	resgalis
cds	no	hustling
qas	no	retorisks
is	yes	izstumtais
re	no	nogalināšanu
cds	no	brāķēt
cds	no	crooner
cds	no	jaukties citu darīšanās
ddp	yes	brutalitāti
om	no	sēžas
qas	no	pilsētnieks cilvēki
qas	no	mājas krāsošana
ddp	yes	idiotisms
cds	no	strupceļa iela
an	no	cakehole
cds	no	superbia
pa	yes	politisks
an	no	sūds
ps	yes	āzijas
dmc	yes	lazybones
an	no	klausīšanās ierīci
cds	no	līdējs
ddf	yes	puse pinte
pr	no	fornicatress
cds	no	perspicaciousness
an	no	vulgaritāte
dmc	yes	bufonāde
ddp	yes	stulba persona
cds	no	tējkanna zivju
re	no	kidnaper
asm	no	plaša pupiņu
re	no	teroristu
ps	yes	bedu
dmc	yes	gangsteru
cds	no	bordelis
an	no	apogs
om	no	pederastija
an	no	escargots
re	no	delikts
dmc	yes	scammer
cds	no	lepnums
an	no	liellops
ps	yes	krustoja
cds	no	sliņķis
ddp	yes	twaddler
re	no	noziegums
cds	no	mazgāt istabu
pr	no	vīriešu eskorts
asm	no	cūkpupas
cds	no	elku pielūgšana
ps	yes	judaisms
dmc	yes	amorāla
asm	no	dzimumloceklis
pr	no	nebēdne
cds	no	ragtag
an	no	saphead
an	no	blusu
ddp	yes	resgalis
an	no	mānīšana
qas	no	ideologs
cds	no	likumu pārtraucējierīces
rci	yes	sīkstulis
om	no	aiz
pa	yes	darbinieku
ddp	yes	dzīvnieks
om	no	geju
an	no	bufo bufo
an	no	zināt neko
an	no	šakāļi
cds	no	drūzmēties
cds	no	barbaru
qas	no	kastas
qas	no	notekgrāvis
cds	no	popurijs muļķis
an	no	brutalitāti
re	no	traducement
cds	no	streiklauzis
svp	no	gorger
svp	no	tightfistedness
re	no	stickup
cds	no	prelāts
is	yes	trūcīgas personas
is	yes	skumji
an	no	greizs sejas
cds	no	puse pinte
svp	no	eros
om	no	homoseksuālu vīriešu
cds	no	praktisko joker
an	no	bugging
pr	no	savedēja
cds	no	tenkotājs
svp	no	augsta handedness
an	no	kukainis
cds	no	egoistiski
asm	no	zirgu pupas
dmc	yes	rotter
asm	no	changelings
ddp	yes	epifauna
or	no	gurķis
pr	no	elkdievība
