cds	no	blowhard
cds	no	lagbrott
an	no	canis aureus
an	no	familjen crocodylidae
dmc	yes	moraliskt bankrutt
cds	no	fri murare
pa	yes	undertaker
dmc	yes	kriminella
qas	no	amatörspelare
asm	no	övernattningsplatser
re	no	grov våldtäkt
pr	no	prostitutionen
om	no	posteriora
ddp	yes	metazoans
an	no	inhemska ass
an	no	sanna ål
ddp	yes	idiot
pa	yes	academism
dmc	yes	gängmedlem
cds	no	dålig stil
cds	no	smörsångare
asm	no	bit av svansen
re	no	lista över tortyrredskap
or	no	nick jr.
an	no	late
ddp	yes	dårskap
ddp	yes	tattletale
cds	no	besservisser
an	no	tacka
qas	no	bloopers
cds	no	olaglig verksamhet
svp	no	luxuria
an	no	brutal
cds	no	skrytsamhet
cds	no	hauteur
ps	yes	hebraism
qas	no	medelinkomstländer
an	no	bitch
cds	no	litterära hacka
om	no	paederast
ps	yes	svart
pa	yes	professor emeritus
cds	no	fräckhet
re	no	missbruk
an	no	sjöskorpionen
cds	no	inre krets
re	no	misshandel
om	no	bögig
cds	no	hjord
an	no	ilska
an	no	bister uppsyn
ps	yes	bulgariska
an	no	nötkött
svp	no	acedia
an	no	diddly-skit
cds	no	entusiast
an	no	sjakal
ddp	yes	kvacksalvare läkare
re	no	gängmedlem
cds	no	nördar
om	no	sodomi
cds	no	rallare
an	no	vithajar
ddp	yes	djurrike
asf	no	folderol
cds	no	självbelåtenhet
qas	no	stora affärsman
cds	no	fascista
re	no	missbrukare
cds	no	förebedjare
pa	yes	teoretiska
re	no	illvilligt angrepp
cds	no	spädis
re	no	barnamord
dmc	yes	bigotteri
an	no	rynka pannan
an	no	gå i sin
asm	no	nöt
an	no	insekter
ps	yes	intergenerisk hybrid
pr	no	könshandel
ddf	yes	dvärg
pa	yes	ombud
svp	no	överlägsen
cds	no	dude
cds	no	pultron
an	no	krokodildjur
an	no	stickmygga
cds	no	jokester
asm	no	morgonstånd
asm	no	roosting
cds	no	avgudadyrkan
qas	no	skrivbord jobb
om	no	påklädning
asm	no	skruvning
cds	no	rumourmonger
ddf	yes	handikappade
cds	no	tjockskalle
cds	no	klåpare
qas	no	hund hus
an	no	eurasian griffon
re	no	tortyrinstrument
cds	no	reaktionära
cds	no	ynkling
pr	no	det lätta gardet
cds	no	slug
qas	no	affärsman
pa	yes	bokhållare
om	no	fin dam
svp	no	slarver
pr	no	nattfjäril
cds	no	mes
cds	no	bortbyting
qas	no	avfall
ps	yes	darky
ddf	yes	funktionshinder
cds	no	skurkaktighet
an	no	crocodilia
svp	no	hetlevrad
qas	no	konformist
cds	no	highwayman
pr	no	råtta
asm	no	tok
cds	no	charlatan
qas	no	bourgeoisie
cds	no	papparazzi
cds	no	vindsäck
an	no	pöbel
an	no	vägglöss
svp	no	bra-för-intet
qas	no	amatörisering
cds	no	cur
an	no	raseri
svp	no	äckel
svp	no	begär
qas	no	måleri
dmc	yes	homunculus
dmc	yes	mozarella
qas	no	pöbeln
ps	yes	judarna
om	no	anatomiska lägesbeskrivningar
om	no	bugger
qas	no	konforma
an	no	fetknopp
ps	yes	judinnor
dmc	yes	onda
cds	no	plant biotechnology
pr	no	mal
om	no	kvinna av stånd
cds	no	selot
an	no	djurvärld
asm	no	fåglars
an	no	athene noctua
cds	no	gycklare
qas	no	ballock
ps	yes	jigaboo
qas	no	lumber baron
cds	no	frimurareorden
svp	no	lathet
an	no	american buffalo
dmc	yes	hovnarr
pa	yes	akademiska
ddp	yes	svikare
cds	no	släkting
an	no	strigiformes
re	no	förtal och ärekränkning
qas	no	ruckel
qas	no	borgerliga samhället
qas	no	borgarstånd
an	no	fathead
ps	yes	changelings
cds	no	massa
an	no	oxe
qas	no	besättningen
asf	no	piga
ddp	yes	djurriket
pa	yes	fiskmånglerska
qas	no	kyrkoförsamling
cds	no	konformistiska
asm	no	rödbrun
ddp	yes	hälsa bedrägeri
asm	no	idioti
is	yes	marginalisering
pa	yes	hall porter
re	no	terrordåd
re	no	barnarov
dmc	yes	rube
qas	no	undersåtar
cds	no	shylock
asf	no	kjoltyg
an	no	hynda
an	no	get
an	no	egentliga ålar
asm	no	knulla
om	no	posterior
ddp	yes	idioter
pa	yes	bellman
qas	no	testikulär
cds	no	bumpkin
svp	no	uttråkning
qas	no	vältaligheten
cds	no	fast avfall
cds	no	slyboots
cds	no	frimurarloge
an	no	dumbom
qas	no	barack
cds	no	dö
ps	yes	ruiner
cds	no	gnällspik
an	no	pooch
re	no	gangster
qas	no	snoop
dmc	yes	lögnhals
dmc	yes	tragisk skurk
cds	no	ytlighet
asf	no	idiot
re	no	väpnat rån
or	no	rå potatis
ddf	yes	crookback
dmc	yes	spendera-all
om	no	ända
dmc	yes	paria
qas	no	mooch
cds	no	brott herre
svp	no	lusta
qas	no	konformt beteende
ps	yes	mongolid
rci	yes	buffel
cds	no	frimurare
cds	no	gigolo
dmc	yes	tabbe
or	no	potäter
om	no	homosexualitet
qas	no	dilettant
an	no	svin
re	no	grovt förtal
cds	no	grifter
qas	no	barbar
an	no	mikroorganismer
svp	no	egenkärlek
an	no	kossa
cds	no	egenmäktigheten
or	no	queer
asf	no	mutta
cds	no	brottsligt
dmc	yes	ledsen säck
an	no	vipera
cds	no	fria och accepterade masons
cds	no	byracka
an	no	familjen cimicidae
asm	no	bordeaux
svp	no	odugling
an	no	ynkling
cds	no	finagler
cds	no	fjäskare
an	no	vägglus
ddp	yes	metazoa
asm	no	tupp
re	no	gruppvåldtäkt
qas	no	fältet handen
om	no	adelsdam
pr	no	kurtisaner
pa	yes	akademicismer
is	yes	njugga
cds	no	truckler
cds	no	fabricator
om	no	bak
ddp	yes	analfabetisk
cds	no	pedanteri
an	no	kölsniglar
cds	no	polis
qas	no	baronial
cds	no	djävul
an	no	hora
cds	no	genom-slag
asf	no	pubishår
om	no	åsna
svp	no	självsvåld
re	no	slayer
qas	no	barbari
is	yes	fattiga
dmc	yes	moraliska
pr	no	manlig prostituerad
an	no	eurypterid
svp	no	tristess
asm	no	Ärtor
ddp	yes	vilde
dmc	yes	tilltufsad
qas	no	klåpare
qas	no	värddjur
ps	yes	växtförädling
cds	no	rustler
an	no	glysmask
cds	no	nuvarande
an	no	kanin
an	no	gnet
cds	no	parvenyer
ps	yes	latinamerikan
cds	no	plugghäst
an	no	hyena
an	no	diddlysquat
an	no	pediculus corporis
dmc	yes	händelse
asm	no	tjockskalle
ps	yes	konstgjorda hybrid
pr	no	streetwalker
cds	no	gäng kultur
cds	no	publiken
cds	no	grunge musik
or	no	murphy
cds	no	röran
cds	no	fångvaktare
pa	yes	juris professor
pr	no	gata flicka
cds	no	tjuvlyssna
an	no	dvärg
cds	no	topsy-turvydom
cds	no	fanatiker
re	no	ärekränkande
re	no	cammora
cds	no	stråtrövare
ps	yes	latino
cds	no	skämt
an	no	åsna
ps	yes	zigensk historia
om	no	homosexuella manliga
dmc	yes	smitare
ddp	yes	idiotanstalt
rci	yes	boor
dmc	yes	skurk
an	no	dumhuvud
asm	no	ha sex
cds	no	partiet
om	no	röv
cds	no	fundamentalistisk
asm	no	brunhet
ddf	yes	fysiska funktionshinder
pa	yes	begravningsentreprenör
ddp	yes	okunnighet
an	no	klädlöss
re	no	missbrukas
an	no	gås
cds	no	intrigör
or	no	snippa
ddf	yes	rörelsehinder
qas	no	magnat
re	no	antastade
cds	no	wank
qas	no	barrack
pr	no	gangster s moll
dmc	yes	person som slingrar sig
an	no	kovältning
an	no	lusmark
ddp	yes	analphabetic
an	no	pillager
om	no	foeniculum vulgare
cds	no	fop
asm	no	fjonge
cds	no	feg stackare
cds	no	jävel
an	no	buggning
om	no	bögen
re	no	kidnappningar
re	no	företagens missbruk
ps	yes	sigenare
cds	no	camorran
cds	no	frimureriet
an	no	människoätare
qas	no	bonde-
qas	no	ledsen säck
dmc	yes	ljuga
re	no	plagierat
svp	no	conceitedness
om	no	laterala
or	no	pantoffel
cds	no	pimp
ddf	yes	blind person
asm	no	engelska bönor
or	no	vitkål
qas	no	boor
an	no	höns
cds	no	strejkbryteri
cds	no	boskap prasslande
pa	yes	biljett agent
an	no	equus africanus asinus
an	no	marauder
cds	no	stam
cds	no	lilla annika
cds	no	råttunge
qas	no	byta böcker
an	no	boskap
an	no	nattfjärilar
cds	no	flock
cds	no	hustling
an	no	epifaunal
re	no	krok
qas	no	amatör
cds	no	listig
an	no	patsy
re	no	döda
asm	no	Ärt
cds	no	sonny boy
cds	no	släktgren
cds	no	spelhåla
svp	no	högmod
svp	no	fåfänga
cds	no	lömsk
dmc	yes	vagabond
svp	no	vällustig
re	no	missbruk av myndighet
re	no	häftighet
asf	no	tok
pa	yes	begravningsverksamhet
cds	no	stealer
qas	no	lantarbetare
is	yes	tragisk skurk
an	no	crocodylidae
om	no	mjäkig
ps	yes	tölp
cds	no	bebisar
an	no	brent
dmc	yes	resandefolk
ddp	yes	taleteller
svp	no	passivitet
ddf	yes	ful
asf	no	slidsekret
cds	no	växtförädlare
pr	no	slovenly kvinna
an	no	loppor
pr	no	otukt
cds	no	korrespondenter
pr	no	tamboskap
cds	no	stackars djävulen
cds	no	ndrangheta
cds	no	händelse
an	no	despoiler
cds	no	religiositet
cds	no	retard
om	no	homophile rörelse
qas	no	talekonst
cds	no	hallick
cds	no	kärleksbarn
an	no	oxarna
cds	no	förbrytare
pr	no	buncombe
an	no	sniglar
re	no	rogue
dmc	yes	smutsiga
an	no	familjen anguillidae
cds	no	klaner
pa	yes	kollegium
cds	no	wonk
ps	yes	lösdrivare
om	no	bögklubb
qas	no	skattetorp
dmc	yes	klåpare
ddp	yes	retard
ddp	yes	syndabock
pr	no	avlopp råtta
or	no	dumbass
an	no	familiaris
cds	no	smida planer
cds	no	sub-klan
dmc	yes	bigot
asm	no	wanker
cds	no	bov
or	no	enfaldig
an	no	bufo
an	no	getar
pr	no	kvinna på gatan
om	no	aboral
cds	no	postfascism
cds	no	trångsynthet
ddp	yes	åsna
qas	no	sodbuster
om	no	buggery
pa	yes	nattportier
dmc	yes	skändlig
qas	no	röra
qas	no	buffel
ddp	yes	lout
cds	no	skrytare
re	no	sexuellt ofredande
an	no	bock
an	no	kossor
or	no	operabög
an	no	infauna
qas	no	hinduism kast
re	no	chiseler
cds	no	problem
asm	no	Åderpåle
cds	no	hallickar
an	no	hajar
om	no	lateralt
an	no	slaktsvin
asm	no	bred-böna växt
cds	no	ledsen säck
ps	yes	växtbioteknik
ddf	yes	lyte
an	no	nedlusad
qas	no	bonde
cds	no	mutbar
asm	no	gula ärter
qas	no	övergivna fartyg
ddp	yes	zooerasty
cds	no	egghead
ddp	yes	fånge
ddp	yes	slödder
ddp	yes	barbari
pa	yes	barbariska
an	no	hoax
cds	no	pudden-huvud
svp	no	saligia
an	no	glismask
om	no	gayness
or	no	brassica oleracea var. alba
asf	no	skäggmacka
an	no	mänskliga kroppen lus
cds	no	lärar
an	no	skälla
asm	no	bondböna
an	no	kackelacka
qas	no	balle
an	no	sann ål
or	no	brassica oleracea
cds	no	skojare
cds	no	korsa
qas	no	handlare
an	no	anguillidae
ps	yes	svarta folkgrupper
re	no	maffian
svp	no	superbia
ddp	yes	nonsens
cds	no	reaktionism
asm	no	erigerad
cds	no	kriminella gäng
pa	yes	lärostol
dmc	yes	moraliska värderingar
or	no	finocchio
an	no	för crocodilia
an	no	bed bug
om	no	anatomiska termer för läge
pa	yes	kändisadvokat
cds	no	newswriter
dmc	yes	fejk
an	no	tjocksmock
pa	yes	minister
ps	yes	zulu
dmc	yes	hypokrit
re	no	förberedelse till mord
is	yes	utarmning
cds	no	spridare av skvaller
qas	no	baroqueness
cds	no	bellyacher
asf	no	twat
dmc	yes	landsförrädare
om	no	posteriort
an	no	canis familiaris
om	no	stjärt
qas	no	parasit
qas	no	kastväsende
an	no	folderol
an	no	uvar
an	no	luder
dmc	yes	barbar
an	no	syndabock
qas	no	gallra
cds	no	koppleri
an	no	poulet
an	no	humanus
an	no	såskopp
qas	no	ljuga
cds	no	dumhuvud
pr	no	floozie
cds	no	seattlesoundet
svp	no	glupsk
qas	no	överensstämmelse
or	no	tater
cds	no	demagogiska
cds	no	religiös fundamentalism
asm	no	ståfräs
an	no	svarta mygglarver
ps	yes	judinna
an	no	klädlus
re	no	camorra
cds	no	småaktig tjuv
cds	no	bas bleu
pa	yes	tjänsteman
an	no	patrask
qas	no	målarkludd
qas	no	besättning
re	no	kidnappning
cds	no	prankishness
re	no	stöld
svp	no	angriness
an	no	groddjur
cds	no	boor
asm	no	changelings
cds	no	brottsling
ddp	yes	nöt
om	no	sätesregion
or	no	bonce
cds	no	lögner
cds	no	omerta
cds	no	idiot
re	no	debaucher
asm	no	credulousness
cds	no	blandrashund
dmc	yes	fuskare
asf	no	vaginal
svp	no	girighet
an	no	mikoorganism
ps	yes	mongoloider
dmc	yes	lowlife
an	no	vinbärssnäckor
qas	no	kastsystemet
an	no	padda groda
qas	no	testis
dmc	yes	förbrytare
qas	no	kastväsen
cds	no	skarpsinnig
cds	no	billig rysare
cds	no	rövartåg
cds	no	cammora
an	no	blodiglar
ps	yes	barbar
cds	no	prelat
cds	no	tavla
cds	no	spännrullen
an	no	hönan
asm	no	fallossymbol
dmc	yes	förställning
asm	no	fava
cds	no	lekare
qas	no	bönderna
cds	no	åskådare
om	no	uranism
qas	no	borgarklassen
re	no	stark
dmc	yes	etiska motiv
qas	no	shack
dmc	yes	nedsmutsade
ddf	yes	enögd
pr	no	moo-cow
re	no	småaktig tjuv
cds	no	nymfomani
asm	no	bred-böna
asm	no	runka av
qas	no	tagalong
pr	no	luder
an	no	Äkta gäss
ps	yes	barbariska
cds	no	folkmassa
svp	no	lat
re	no	vapenmakt
cds	no	umgängeskrets
is	yes	frivillig fattigdom
cds	no	spädisar
is	yes	ledsen
qas	no	äggcell
ddp	yes	ignorans
an	no	crocodylia
cds	no	sexberoende
is	yes	villainess
cds	no	tidningskorrespondent
cds	no	nyrika
cds	no	omertá
om	no	olika
cds	no	toalettstol
asm	no	fågel
dmc	yes	extrem ondska
svp	no	trångsynthet
cds	no	chiseler
dmc	yes	lat
cds	no	nosy-parker
pa	yes	assistant professor
ps	yes	kines
an	no	metazoa
re	no	förbrytelse
pr	no	noctiluca
an	no	gynnare
asm	no	pucko
cds	no	hantlangare
cds	no	brottslig gärning
re	no	dubbelmord
asm	no	kuken
svp	no	slackers
an	no	internet bluff
om	no	tush
or	no	skitstövel
ddp	yes	soft touch
cds	no	parveny
cds	no	gäng krigföring
pr	no	nötkreatur
ddp	yes	elakheter
an	no	överge
asf	no	changelings
pa	yes	barbari
qas	no	tavla
qas	no	amatörmässig
qas	no	illusion
cds	no	nyhet korrespondent
an	no	vinbergssnäcka
cds	no	religiös fanatism
om	no	anal sex
svp	no	hagalen
an	no	skurkaktige
qas	no	konformt
om	no	lesbianism
an	no	zooerasty
dmc	yes	scattergood
om	no	prat
ps	yes	dumskalle
om	no	homofili
cds	no	swot
an	no	gässling
re	no	snatteri
cds	no	avfallsdeponierna
cds	no	egenkärlek
cds	no	person som lägger sig i allting
qas	no	företagsledare
dmc	yes	skrupelfri
an	no	uggla
re	no	neonaticide
cds	no	proppa i sig
ps	yes	nigga
ddp	yes	patsy
ddp	yes	fathead
asm	no	ärt växter
an	no	skitstövel
dmc	yes	brottsling
ps	yes	korsbefruktning
dmc	yes	resande folkslag
om	no	medialt
svp	no	leda
re	no	terrororganisation
asm	no	runk
cds	no	jerk-off
re	no	gängvåldtäkt
or	no	pärrer
asf	no	fitta
pr	no	kossor
re	no	skurk
cds	no	git
an	no	rulta
svp	no	lättja
cds	no	pillock
qas	no	kast
dmc	yes	mozzarellaost
dmc	yes	fånig
ddp	yes	utvecklingsstörning
an	no	brant goose
asm	no	fallos
dmc	yes	mozzarella
ddf	yes	handikapp
qas	no	blooper rulle
cds	no	messerschmitt germanism i modern svenska
an	no	hemipterous insekt
pr	no	nötboskap
cds	no	flockar
cds	no	flub
dmc	yes	odör
cds	no	sicillianska maffian
dmc	yes	lögn
ps	yes	pundhuvud
cds	no	folkmängd
pr	no	hålls kvinna
cds	no	sassing
an	no	skojare
pa	yes	korpral
cds	no	mängd
dmc	yes	narr
cds	no	clann
re	no	tjuv
qas	no	partesmodellen
cds	no	förbjudna
pr	no	stor lysmask
an	no	muttonhead
an	no	fårskalle
an	no	hyra pojke
qas	no	församlingen
an	no	fjant
an	no	hund
or	no	noggin
an	no	obönhörlighet
ps	yes	svarta människor
cds	no	felsägning
svp	no	nolla
ps	yes	beduin
re	no	sexuellt övergrepp
cds	no	know-all
qas	no	affärsmän
dmc	yes	fredlöshet
asf	no	muffla
or	no	kvalificerad
pa	yes	wagoner
svp	no	klantskalle
cds	no	gängbrottslighet
ps	yes	interfertility
cds	no	förtappade
cds	no	konspirationsteoretiker
an	no	blötdjuren
cds	no	gärningsman
is	yes	ragamuffin
qas	no	retoriker
or	no	twat
cds	no	nymfoman
dmc	yes	lösdrivare
dmc	yes	lekare
cds	no	krake
asm	no	pterygiophore
an	no	fysiognomik
om	no	manlig sexualitet
pr	no	ko
asm	no	ståfjong
an	no	flercelliga djur
pa	yes	begravningsentrepenör
an	no	släktet pipistrellus
ps	yes	bulgar
asf	no	pubeshår
svp	no	ilska
ddp	yes	vet ingenting
asm	no	manslem
ddp	yes	medelsvensson
an	no	lusig
cds	no	datornörd
qas	no	vilde
qas	no	baroner
dmc	yes	svindlare
qas	no	retorik: olika sorters tal
cds	no	beguine
svp	no	lustfyllt
cds	no	fängelsevakt
cds	no	offentlig toalett
pr	no	moll
an	no	betise
om	no	poove
an	no	krokodiler
svp	no	ilsken
om	no	rump
cds	no	idiotas
an	no	fysionomi
cds	no	sattyg
pr	no	glisemark
cds	no	sluka
an	no	slyna
cds	no	journalist
an	no	padda
re	no	traducer
re	no	maffia
pr	no	brunråtta
cds	no	hus av prostitution
qas	no	borgerskap
re	no	plåga
qas	no	elokvens
is	yes	inskränkt
re	no	brottsligt
an	no	skogssniglar
cds	no	laster
an	no	codswallop
asf	no	fårskalle
cds	no	finare
asm	no	jöns
re	no	skadlig lögn
an	no	moo-cow
an	no	ätbara snigel
an	no	kroppen rycka
cds	no	sonny
cds	no	cockup
qas	no	fast avfall
an	no	fauna
om	no	fänkol
qas	no	botch
cds	no	förbrytelse
an	no	nötkreatur
asm	no	pungkulor
an	no	hyaenidae
is	yes	absolut fattigdom
is	yes	fattighjon
ddp	yes	fängelsekund
qas	no	retorik: model att åstadkomma språkliga effekter
cds	no	guling
an	no	tamhunden
an	no	gåsar
om	no	onormal
re	no	missdådare
cds	no	vaunter
cds	no	småljuga
cds	no	skröna
dmc	yes	hyckleri
an	no	arionidae
re	no	raper
asm	no	penisen
cds	no	mjäkig
cds	no	så och så
or	no	poof
pa	yes	kamrer
ddp	yes	fuckhead
ddp	yes	microcefali
om	no	medioklavikularlinjen
om	no	homophile
cds	no	självkär pedant
an	no	maskar
cds	no	avloppsledning
cds	no	bladdra
an	no	ugglor
is	yes	gnidare
dmc	yes	turncoat
re	no	grifter
cds	no	slödder
pr	no	oxar
an	no	knucklehead
om	no	pedofil
ps	yes	mongoliska
pr	no	hussy
ps	yes	svarting
re	no	våldtäktsmän
pa	yes	uncouthness
dmc	yes	slacker
cds	no	hjordar
pa	yes	rättegång advokater
an	no	blattodea
re	no	beväpnad rånare
re	no	maffiaorganisation
an	no	equus asinus
cds	no	skvallerbytta
ddp	yes	idiotas
ps	yes	växtförädlare
cds	no	kloak
cds	no	dime roman
cds	no	hoi polloi
an	no	hårlöss
re	no	dödande
cds	no	cathouse
pa	yes	bellboy
dmc	yes	ostadd karl
asf	no	knucklehead
om	no	bullar
ps	yes	barbarer
cds	no	paparazzi
pa	yes	fisk monger
cds	no	kriminella
cds	no	balladeer
pr	no	konkubinat
an	no	gigantostraker
dmc	yes	faker
pr	no	floozy
an	no	get antilop
pr	no	fnask
an	no	diddly
an	no	dålig person
ddp	yes	jävel
an	no	profitör
om	no	samma kön
cds	no	blunder
cds	no	härsken
cds	no	stolthet
ps	yes	jerry
pa	yes	svinslaktare
cds	no	smuts
re	no	grand theft
ps	yes	bedouin
om	no	dam
pa	yes	framstående professor
cds	no	sicilianska maffian
cds	no	smutsgris
qas	no	retorikkonsult
is	yes	stackars djävulen
re	no	libeler
svp	no	omättlig
svp	no	avsky
re	no	förtal
pr	no	dam av njutning
an	no	escargot
an	no	grimas
cds	no	strejk-breaking
an	no	bluffar
dmc	yes	missdådare
ddf	yes	dålig
rci	yes	barbariska
pr	no	slagg
an	no	gatuprostitution
cds	no	tonvis qualifier
ps	yes	med mörk hudfärg
an	no	gata flicka
om	no	superior
ddp	yes	animalisk
cds	no	fega
re	no	bedragaren
ddp	yes	mental retardation
svp	no	sur
re	no	mordet
cds	no	situationen tillfredsställande
pa	yes	hotellpojke
is	yes	be
dmc	yes	skitig
cds	no	seloter
an	no	body snatchers
cds	no	hushållssopor
an	no	stjärtlösa groddjur
ddp	yes	utvecklingsstörda
qas	no	patrask
dmc	yes	ovårdad
pr	no	norge råtta
cds	no	ynkrygg
ddp	yes	animalia
or	no	nick jr
re	no	stjäla
cds	no	bragger
qas	no	arrendatorer
ddp	yes	bumbler
cds	no	avgudadyrkande
ps	yes	romska folket
cds	no	swaggerer
cds	no	andra maffiakriget
cds	no	trängsel
cds	no	sopor
qas	no	sammelsurium
qas	no	målare och dekoratör
ps	yes	naturlig hybrid
ddf	yes	synskadad
re	no	människomördare
re	no	tragisk skurk
dmc	yes	bumpkin
ddp	yes	utvecklingsstörd
svp	no	girig
qas	no	testiklar
dmc	yes	hycklare
om	no	operabög
asf	no	codswallop
cds	no	nyfödda
cds	no	gängledare
qas	no	tiggare
svp	no	raseri
ddp	yes	dolt
asm	no	fan
an	no	noctiluca
an	no	djur
an	no	nanus
cds	no	sexmissbruk
an	no	mal
dmc	yes	amoralisk
cds	no	kasino
re	no	plagiat
qas	no	vanliga
an	no	vovve
asm	no	Åkerböna
cds	no	as
ps	yes	ostrogoter
asm	no	fjong
svp	no	tanha
cds	no	croon
pr	no	äktenskapsbryterska
cds	no	äktenskap mäklare
cds	no	newspaperwoman
an	no	diddly-squat
ddp	yes	enfaldig
pr	no	älskare
dmc	yes	dirty dog
cds	no	stackars sate
an	no	sucker
an	no	krokodilartade djur
pr	no	hovmän
an	no	megascops asio
qas	no	barbariska
ddp	yes	dumma
an	no	käft
qas	no	flub
cds	no	religiös diskriminering
an	no	vild oxe
cds	no	folk
an	no	dragoxe
ps	yes	svarta kvinnor
pa	yes	skomakeri
asm	no	penisar
an	no	uv
re	no	dråpet
cds	no	vagn tåg
cds	no	taleteller
cds	no	lurig
or	no	cucumis sativus
svp	no	niggardliness
pr	no	bihustrur
re	no	piratflagga
ddp	yes	förrädare
an	no	skäkter
ps	yes	idiotas
qas	no	kastväsendet
ps	yes	vandalerna i rom
asm	no	fisken
an	no	rogue
dmc	yes	libertin
cds	no	rotter
om	no	bakre
asf	no	hammerhead
om	no	analt samlag
asf	no	kvinnans sexualorgan
re	no	boskap prasslande
svp	no	högfärdig
qas	no	blandningen
cds	no	loansharking
pr	no	hor
cds	no	avgud
pa	yes	kontorist
cds	no	fränder
cds	no	zeloterna
cds	no	flockdjur
qas	no	industriman
re	no	mördare
om	no	distalt
cds	no	delinkvent
an	no	barred owl
cds	no	intergenerisk hybrid
an	no	mollusk
om	no	fru
svp	no	kardinalsynd
an	no	egentliga insekter
cds	no	kriminalvårdare
om	no	pugga
svp	no	högmodig
an	no	avskum väska
qas	no	landsmaninna
cds	no	frimurarna
is	yes	tiggare
cds	no	narcissistisk
qas	no	lappskräddare
ddp	yes	saker och nonsens
an	no	mejeri get
an	no	hyra pojkar
an	no	glisemark
an	no	otus asio
ddp	yes	blabber
asf	no	blockhead
asf	no	knasboll
dmc	yes	spenderbyxa
an	no	cimex lectularius
asm	no	pitt
an	no	nos
an	no	papegojfåglar
qas	no	blandning
ps	yes	zigenare
qas	no	värdorganism
ddp	yes	skvallerbytta
an	no	köttdjur
ddp	yes	hälso bedrägeri
cds	no	delikt
asm	no	mörkbrun
re	no	pirat
pa	yes	boor
ps	yes	uprooter
dmc	yes	oförskämd
om	no	keister
cds	no	förtal
an	no	mikroskopiskt djur
an	no	hunden
cds	no	avloppsvatten
dmc	yes	skurkaktige
re	no	våldtäckt
ddp	yes	mentalt utmanade
pr	no	sällskap
qas	no	trubbel
pa	yes	barbar
cds	no	brottslingar
an	no	aureus
qas	no	skitsnack
an	no	biston betularia
pr	no	kossa
cds	no	moralist
cds	no	dibarn
dmc	yes	dilly-dallier
qas	no	amatörregeln
pa	yes	kriminell advokat
qas	no	stormän
ps	yes	vit
cds	no	gängmedlem
cds	no	barbar
cds	no	utpressare
or	no	kurbits
asf	no	kärleksmussla
cds	no	mafiosi
or	no	rova
ddf	yes	krympling
pr	no	fornicatress
or	no	idiot
an	no	halvvinge
cds	no	tragisk skurk
an	no	mikrober
cds	no	fanatism
cds	no	rövare
om	no	paederasty
svp	no	oanständigt
an	no	kycklingfilé
ddp	yes	pillock
ps	yes	jude
ps	yes	vandaler
svp	no	ravenousness
re	no	'ndrangheta
om	no	apikala
qas	no	slödder
asf	no	doofus
svp	no	begärelse
an	no	huggorm
dmc	yes	falskhet
an	no	hog
re	no	tjuvaktiga
cds	no	camorra
ddf	yes	funktionsnedsättningar
re	no	mördad
pa	yes	friare
an	no	skogsbässe
or	no	hammerhead
cds	no	bawdyhouse
cds	no	klyftig
asm	no	godtrogenhet
cds	no	hypersexualitet
pr	no	glismask
pa	yes	adjungerad forskare
svp	no	skrytsamhet
cds	no	arriviste
cds	no	läraren
dmc	yes	falska
ddp	yes	lappskräddare
ddp	yes	barnslig
an	no	majskyckling
an	no	blötdjur
an	no	enfaldig
or	no	pantoffla
om	no	anteromedial
cds	no	splashiness
an	no	mikrob
cds	no	svartfot
an	no	manslukerska
ps	yes	syndabock
qas	no	parasiterar
asm	no	pisum sativum
om	no	homophile rörelsen
is	yes	fattig
cds	no	reaktionär
cds	no	spädbarn
ps	yes	plant biotechnology
an	no	animalia
pr	no	hellcat
cds	no	tvättrum
qas	no	trader
or	no	operabögarna
cds	no	complainer
cds	no	dastardliness
dmc	yes	fabricator
dmc	yes	narrinnan elisabet
cds	no	latrine
ps	yes	judisk
re	no	utpressning
re	no	sjöröveri
cds	no	bigotteri
om	no	pederasti
cds	no	papparazzo
asm	no	teste
cds	no	läsarkonventikel
pa	yes	teoretisk
pa	yes	kontrollekonom
dmc	yes	chiseller
qas	no	testikel
asm	no	tissemand
pr	no	vanlig lysmask
or	no	medelsvensson
dmc	yes	överlöpare
an	no	tamsvin
an	no	tamgrisar
ddp	yes	dåraktighet
cds	no	clotheshorse
cds	no	öre fruktansvärda
pa	yes	professurer
an	no	sciaenops ocellatus
ddp	yes	varelse
dmc	yes	ondska
om	no	crossdress
cds	no	rogue
an	no	vamp
re	no	brottslig verksamhet
ddp	yes	patrask
qas	no	konformism
pr	no	socitet
cds	no	blackballed
cds	no	räv
svp	no	snålhet
an	no	kaniner
cds	no	slughet
pr	no	älskarinna
pr	no	protistuerad
asm	no	knull
cds	no	konspirationsteoretisk
an	no	caprinae
cds	no	tattletale
svp	no	minginess
om	no	sodomist
ddp	yes	intellektuella funktionsnedsättningar
cds	no	grupp
ddp	yes	dupera
cds	no	poäng
pr	no	svinmat
qas	no	packet och byket
pr	no	mätress
ps	yes	halv-kast
dmc	yes	lögner
cds	no	fundamentalism
an	no	skräp
ddp	yes	fauna
pa	yes	herde
svp	no	hämndlysten
om	no	bakom
dmc	yes	förfalskad
svp	no	avaritia
or	no	jordäpple
svp	no	dillydallier
or	no	schlagerbög
cds	no	nyckelfärdiga
cds	no	hick
dmc	yes	vällusting
cds	no	omertà
cds	no	rättelser officer
ddf	yes	funktionshindret
ddp	yes	kvacksalvare
asf	no	vaginalt
dmc	yes	dallier
an	no	tamhundar
an	no	tragisk skurk
asm	no	testiklar
cds	no	klumpar
an	no	piggy
qas	no	chien de saint-hubert
an	no	stut
an	no	tjockis
pr	no	kovältning
re	no	kriminell
om	no	drag queen
dmc	yes	stackars djävulen
ps	yes	rroma
cds	no	nörd
cds	no	hjuling återförsäljare
an	no	kreti och pleti
ddp	yes	folly
an	no	maggot
an	no	subba
ddf	yes	invalid
re	no	plundrande
cds	no	barbarer
asf	no	slinka
cds	no	kloaksystem
qas	no	necrotrophic
cds	no	farrago
an	no	tamåsna
asf	no	pappskalle
dmc	yes	libertine
om	no	underhåll
cds	no	bloopers
an	no	röd trumfisk
ddp	yes	hammerhead
cds	no	ton
an	no	vithaj
cds	no	linje-shooter
an	no	hundavel
pa	yes	hotelpojke
cds	no	olaglig
qas	no	halvparasit
ps	yes	soft touch
pa	yes	råd
cds	no	liga
an	no	amerikanska bison
ps	yes	ziggisar
cds	no	ljuga
cds	no	narcism
svp	no	likgiltighet
cds	no	gallra
pa	yes	skoflickare
svp	no	frosseri
re	no	kriminalitet
cds	no	vattenkokare av fisk
ps	yes	niggers
cds	no	mobb
dmc	yes	hobos
dmc	yes	hick
cds	no	soft touch
qas	no	tillmötesgående
an	no	prutgås
an	no	gallus gallus domesticus
asm	no	balle
an	no	muggins
qas	no	parasiter
an	no	snäcka
asm	no	gröna ärtor
an	no	wisent
re	no	smutsiga pengar
re	no	inbrottstjuv
re	no	serievåldtäksman
qas	no	partner i brott
cds	no	nymoralist
re	no	våldtagen
cds	no	syndabock
an	no	kine
ddp	yes	arsle
cds	no	konformist
an	no	djurriket
an	no	gemensam huggorm
cds	no	kopplerska
cds	no	bokmal
dmc	yes	roue
or	no	romanesco
qas	no	barockarkitektur
ddp	yes	förståndshandikapp
ddp	yes	codswallop
cds	no	desperat brottsling
om	no	transvestit
cds	no	runkar
om	no	bakdelen
svp	no	abulia
is	yes	löfte av fattigdom
re	no	sexuella övergrepp
cds	no	avloppssystem
cds	no	tönt
an	no	rotter
qas	no	melange
or	no	irländsk potatis
an	no	phylum mouusca
cds	no	fascistiska regimen
dmc	yes	quisling
qas	no	vältalighet
an	no	ugglan
pr	no	lampyris noctiluca
asm	no	ligg
an	no	girigbuk
re	no	brottsling
or	no	foeniculum vulgare
cds	no	frimurarnas
re	no	kriminella nätverken
cds	no	fängelse officer
ddp	yes	kvacksalveri
cds	no	folkstam
cds	no	konspirationism
an	no	djurisk
cds	no	toalett
cds	no	rumormonger
cds	no	beginkloster
asm	no	aves
an	no	inkompetent
cds	no	moralism
cds	no	tillbaka prata
an	no	mulåsna
ddp	yes	betise
ps	yes	romsk
svp	no	gourmand
an	no	sinko
an	no	bluff
asm	no	ballen
asf	no	idiotism
pr	no	nattfjärilar
cds	no	faktor
dmc	yes	gangster
dmc	yes	socialt utstött
dmc	yes	gyckel
pa	yes	porter
an	no	ixodida
re	no	terroristnätverk
an	no	tidelag
cds	no	wisenheimer
om	no	homosexuella
ddp	yes	mikrocefali
or	no	operabögar
an	no	crocodylian
svp	no	hagalenskap
an	no	lipsill
ps	yes	boor
cds	no	korrespondent
dmc	yes	skurkaktiga
re	no	kidnappa
cds	no	lowlife
cds	no	pompousness
pa	yes	cordwainer
asf	no	enfaldig person
an	no	hyaena
qas	no	boo-boo
an	no	löss
ps	yes	mongolier
pr	no	björkmätare
svp	no	trishna
cds	no	dåre
om	no	lesb
ddp	yes	mother fucker
cds	no	vattenklosett
ddp	yes	dum person
cds	no	familj
ddp	yes	moronity
dmc	yes	libertinism
qas	no	retor
an	no	saknas
qas	no	parasitoid
cds	no	pandemonium
an	no	raunch
re	no	våldsbegreppet
re	no	ungdomsbrottsling
an	no	grodrom
cds	no	matcher
an	no	scowl
an	no	kackerlacka
an	no	lowlife
cds	no	spratt
om	no	pederast
dmc	yes	tjura
ddp	yes	dåraktig
an	no	kajmaner
om	no	samma kön attraktion
cds	no	djurflock
cds	no	klan
re	no	lagbrott
pr	no	konkubin
cds	no	fredlös
asm	no	bånge
asf	no	muggins
cds	no	snobb
cds	no	slacker
cds	no	bordello
an	no	cayman
re	no	delinkvent
qas	no	borgarna
re	no	sicillianska maffian
cds	no	tribal
an	no	bison bison
ps	yes	judiska religionen
asf	no	teknikalitet
cds	no	rookie
om	no	tarmsex
asm	no	soft touch
or	no	tönt
an	no	gnat
qas	no	kennel
pa	yes	bärare
or	no	bög
qas	no	skrot
is	yes	snåljåp
qas	no	hutch
qas	no	amatörer
dmc	yes	yokel
om	no	icke västerländska begreppen manlig sexualitet
asf	no	medelsvensson
ps	yes	pikey
ddp	yes	kretin
an	no	kajman
ps	yes	rom
om	no	operabögarna
an	no	doggy
qas	no	kula
asm	no	ståfralla
cds	no	konstapel
ddp	yes	faunistisk
pa	yes	akademimedlem
asm	no	ärtor
an	no	vit haj
ps	yes	negern
pr	no	maitresse
cds	no	boner
cds	no	sass
ddp	yes	hjärnskador
qas	no	falskhet
re	no	italienska maffian
an	no	rå
ddp	yes	packet och byket
om	no	dame
cds	no	seloterna
cds	no	begarder
re	no	förtalare
cds	no	blabbermouth
qas	no	sciolist
rci	yes	barbari
svp	no	högdragen
ddf	yes	runt
pr	no	gun moll
an	no	villainess
ps	yes	andra races
cds	no	offentliga toaletten
cds	no	narr
qas	no	casteism
cds	no	buffel
or	no	enfaldig person
an	no	diddley
cds	no	kverulant
pr	no	societeten
ps	yes	idiotism
dmc	yes	lazybones
ps	yes	hybrid
ps	yes	cretin
an	no	ragtag
asm	no	dumhet
om	no	gay
qas	no	barockens arkitektur
cds	no	homunculi
rci	yes	vilde
qas	no	restposter
cds	no	krets
qas	no	påhäng
an	no	faunan
svp	no	längtan
svp	no	stridslysten
qas	no	hushållsavfall
cds	no	mischmasch
re	no	belackare
ddp	yes	infauna
re	no	terrorvälde
pr	no	rådis
cds	no	pomposity
an	no	full mal
or	no	dum person
asm	no	betise
om	no	skinkor
om	no	finocchio
qas	no	snooper
dmc	yes	buffel
an	no	gam
dmc	yes	goof-off
dmc	yes	stinker
ddp	yes	intellektuellt funktionshindrade
cds	no	lag
cds	no	procentar
ddp	yes	pundhuvud
cds	no	lånehaj
pa	yes	förkämpe
cds	no	kasinon
re	no	olaglig verksamhet
is	yes	olycklig
cds	no	feg
cds	no	idiotism
ddp	yes	imbecill
re	no	baktalare
an	no	metazoans
ddp	yes	pappskalle
svp	no	arg
an	no	packet och byket
ddp	yes	folderol
an	no	krokodil
ps	yes	patsy
dmc	yes	föraktlig
om	no	sapfism
ddp	yes	efterbliven
an	no	kropp snatcher
re	no	vånda
rci	yes	barbarer
ddp	yes	djurart
qas	no	engelsk blodhund
cds	no	brottslighet
dmc	yes	stank
qas	no	kreti och pleti
or	no	päror
qas	no	vattenkokare av fisk
cds	no	småsaker
an	no	vanlig padda
an	no	mikroorganism
cds	no	smörmusik
svp	no	tightwad
an	no	smutsgris
re	no	maktmissbruk
an	no	haj
re	no	ekonomiska övergrepp
re	no	exakt
re	no	terroristbrott
re	no	datum våldtäkt
re	no	terroristorganisationer
qas	no	kastsystem
asm	no	pillesnopp
an	no	orm i gräset
re	no	cosa nostra
an	no	stylommatophora
qas	no	foul-up
ddf	yes	funktionsnedsättning
asf	no	retard
om	no	anal penetration
cds	no	caitiff
svp	no	invidia
svp	no	apati
pa	yes	forskning professor
ddp	yes	kreti och pleti
dmc	yes	apostat
cds	no	demagoger
pa	yes	fiskhandlare
an	no	doodly-squat
svp	no	indolens
an	no	mule
an	no	tamfår
an	no	mekosuchinae
cds	no	problemet
dmc	yes	odugling
dmc	yes	solkig
ddp	yes	dumbass
ddp	yes	changelings
ps	yes	judiskt
cds	no	bumbler
cds	no	svällde huvud
an	no	kråsuggla
asm	no	morgonfjong
asm	no	testiklarna
cds	no	collegia pietatis
qas	no	blooper
qas	no	församlings-
ddp	yes	pucko
ddf	yes	liten kille
dmc	yes	neoluff
pa	yes	lärarkollegium
ps	yes	gawk
is	yes	skinflint
cds	no	trasformismo
svp	no	sju dödssynderna
ddp	yes	barbar
qas	no	församling
svp	no	hetsig
dmc	yes	trickster
cds	no	baby
ddp	yes	gnidare
an	no	åsnor
asm	no	ithyphallic
pa	yes	universitetsprofessor
dmc	yes	skrymtare
pa	yes	akademin
asf	no	betise
om	no	villkor för anatomisk plats
pa	yes	diplomat
an	no	papegojor
dmc	yes	gör-ingenting
cds	no	kadaver
an	no	mygga
re	no	ärekränkning
pr	no	hetaira
an	no	yap
cds	no	horhuset
ps	yes	mongolider
pa	yes	prof.
cds	no	brott
ps	yes	mosaiska trosbekännelsen
an	no	eurypterids
ps	yes	svarta
or	no	potatisodling
qas	no	blunder
or	no	tomat
dmc	yes	förbjöds
qas	no	divulgement
an	no	little owl
cds	no	packet och byket
an	no	helix pomatia
cds	no	maffiaboss
re	no	smädelse
pr	no	sköka
cds	no	demagog
cds	no	springpojke
cds	no	nouveau-riche
an	no	inexorableness
cds	no	runk
re	no	dömd brottsling
om	no	rumpor
dmc	yes	skojare
dmc	yes	misstag
cds	no	avfall
cds	no	gratis mason
cds	no	konstgjorda hybrid
svp	no	obehagligt
qas	no	församlingar
an	no	djurens reproduktion
dmc	yes	nolla
cds	no	officer
re	no	bedragare
or	no	noggranhet
or	no	meticulosity
an	no	animalcules
om	no	homosexualism
asf	no	tetta
asm	no	handen jobb
ps	yes	idiotanstalt
om	no	crossdressing
cds	no	slews
asm	no	fågelfaunan
cds	no	fängelse
asm	no	stång
ddp	yes	djur
qas	no	professionell klass
cds	no	manshora
cds	no	japanska måttenheter
svp	no	dödssynderna
svp	no	dödssynd
asm	no	flane
pr	no	råttor
ddp	yes	ferociousness
svp	no	habegär
cds	no	instruktör
qas	no	Övre medelklass
re	no	kidnappare
asf	no	slidans
an	no	vipera berus
cds	no	medelmåtta
asm	no	kewk
or	no	majrova
qas	no	skräp
dmc	yes	rånare
re	no	tjuvar
re	no	bödel
cds	no	pussel
pa	yes	biträdande professor
qas	no	kyrkliga församlingen
ddp	yes	tönt
ddp	yes	dumhet
ddp	yes	enfaldig person
cds	no	uppkomling
cds	no	dime romaner
an	no	förförerska
an	no	mes
dmc	yes	ond
cds	no	muss
an	no	plundrare
ps	yes	mongolerna
an	no	mollusca
or	no	homosexuell
cds	no	rentiér
pr	no	gigolo
cds	no	mafioso
asm	no	doofus
qas	no	medelklass
cds	no	lärarinna
qas	no	industrialister
cds	no	skräppost
ddp	yes	rumormonger
an	no	europeisk bison
an	no	djurart
dmc	yes	så och så
cds	no	kommunalt avfall
an	no	tamhöna
qas	no	ragtag
ddp	yes	epifauna
ddf	yes	funktionsnedsättande
dmc	yes	boor
or	no	gurka
pa	yes	buffel
an	no	inkompetent person som
ps	yes	dumbom
cds	no	korsbefruktning
om	no	bögsex
an	no	minx
an	no	insekt
qas	no	blodhund
asm	no	jubelidiot
an	no	pappegoja
pr	no	bos taurus
ddp	yes	folie
svp	no	de sju dödssynderna
qas	no	retorik
cds	no	ockrare
pr	no	doxy
svp	no	spännrullen
asf	no	vagina
cds	no	besserweiser
om	no	stuss
qas	no	tidningsmogul
cds	no	skrot
qas	no	pungkula
cds	no	brottslig handling
ps	yes	boche
an	no	mula
or	no	fänkål
or	no	gay
an	no	fåravel
qas	no	lögn
qas	no	sedvanlig
re	no	åtalbart endast brott
om	no	ipsilaterala
ps	yes	halvblod
om	no	twink
cds	no	hovnarr
cds	no	svartvatten
cds	no	wangler
re	no	skojare
pa	yes	affärsekonom
cds	no	osynlig inre krets
ps	yes	doofus
cds	no	feghet
cds	no	kreti och pleti
cds	no	fredlöshet
cds	no	pedagog
ps	yes	korsning
cds	no	gärningsmannen
cds	no	antic
om	no	arsle
re	no	andra maffiakriget
an	no	tamhund
cds	no	muggins
re	no	mord
ddp	yes	tjockskalle
asm	no	Ärta
cds	no	snoop
cds	no	förmäten
re	no	rånad
qas	no	borgarklass
qas	no	tabbe
cds	no	enskild avlopp
re	no	fredlös
cds	no	gängvåld
ps	yes	rött kort
ddp	yes	pöbel
asf	no	cretin
dmc	yes	osanning
cds	no	runka av
pa	yes	minister-rådgivare
qas	no	feodal
asm	no	röv
an	no	jycke
svp	no	slacker
asm	no	pungkula
ddp	yes	meningslösa
an	no	ko
ddp	yes	blockhead
re	no	rån
pr	no	gå i sin
cds	no	folderol
qas	no	torpar
ddf	yes	funkis
cds	no	röra upp
qas	no	baronies
cds	no	ostentatiousness
om	no	damer
dmc	yes	homonculus
om	no	tooshie
dmc	yes	moralisk auktoritet
ddp	yes	brutal
cds	no	maffiaorganisation
qas	no	vanliga människor
qas	no	efterlevnad
cds	no	dandyn
an	no	manlig prostitution
re	no	krimenella nätverk
cds	no	avskum väska
re	no	datum-våldtäkt
cds	no	jester
dmc	yes	dillydallier
re	no	lönnmörda
qas	no	mischmasch
cds	no	protagonism
an	no	gåsfåglar
asm	no	otillåtet spel och olämpligt uppträdande
ddp	yes	telltale
pr	no	kunglig älskarinna
cds	no	pöbeln
pa	yes	controller
ddp	yes	ledsen säck
an	no	ål
cds	no	gatukorsning
asm	no	idiot
svp	no	spiritlessness
om	no	homosexuell man
om	no	kontralaterala
re	no	brottslig handling
pr	no	guff
pr	no	kine
cds	no	smitare
svp	no	sexuell lust
cds	no	blåstrumpa
asm	no	cretin
asm	no	runkar
cds	no	busig
ps	yes	svarta samhället
svp	no	faineance
cds	no	beginer
asm	no	europeiska bönor
an	no	dirty dog
an	no	vet ingenting
dmc	yes	bedrägeri
cds	no	grabb
cds	no	maffiakung
cds	no	changelings
an	no	gris
re	no	svindlare
dmc	yes	hemlös person
an	no	fluglarver
an	no	kropp lus
qas	no	ofrälse
cds	no	oordning
asm	no	jävla
cds	no	strejkbrott
cds	no	babyar
ddp	yes	mental brist
cds	no	besserweisser
qas	no	freeloader
ps	yes	vagabond
an	no	killing
qas	no	barock
an	no	cootie
cds	no	osanning
dmc	yes	spännrullen
re	no	plagiering
an	no	bison bonasus
an	no	vermes
an	no	bestialisk
cds	no	boskap tjuv
re	no	missgärning
svp	no	vällust
qas	no	barlast
ps	yes	metic
cds	no	dass
svp	no	fysisk attraktion
cds	no	narrinnan elisabet
an	no	psittaciformes
re	no	la cosa nostra
cds	no	falskhet
or	no	bränd orange
dmc	yes	fel
re	no	pirater
ps	yes	retard
qas	no	affärsc
an	no	pipistrelle
is	yes	arm
cds	no	grinvarg
or	no	muttonhead
re	no	sjörövare
asm	no	idiotas
cds	no	datanörd
an	no	hundvalpar
asm	no	hårt på
an	no	myggor
ps	yes	idiot
pr	no	manlig prostitution
cds	no	knipa
pa	yes	professor extraordinarius
cds	no	tjuvar
re	no	plagiarization
svp	no	ennui
cds	no	scrawler
an	no	shote
cds	no	stamsamhälle
re	no	falska anklagelser
re	no	kidnapparna
cds	no	boskap rustler
cds	no	fascisterna
om	no	analsex
re	no	utpressade
ps	yes	mestizo
cds	no	amateurishness
asm	no	dumhuvud
pr	no	comare
qas	no	klassisk retorik
an	no	röd trumma
an	no	tamget
qas	no	amateurishness
re	no	missbruk av tjänsteställning
cds	no	mother fucker
re	no	fredlöshet
is	yes	den globala fattigdomen
cds	no	reliker
cds	no	slackers
an	no	gäss
an	no	kokett
ps	yes	austrogoter
om	no	korsa dressing
ddp	yes	sladdertacka
asf	no	fuckhead
an	no	kombinationsras
svp	no	ondskefull
or	no	squash vinstockar
an	no	minervauggla
qas	no	vältalig
qas	no	konformistiska
re	no	polisens övergrepp
or	no	pillock
an	no	björkmätare
svp	no	lättretlig
cds	no	dandy
cds	no	mellanhand
cds	no	gris
dmc	yes	bra-för-intet
an	no	fästing
ddp	yes	kretiner
ddp	yes	pudden-huvud
cds	no	gänget krigföring
asm	no	knasboll
cds	no	stickler
ps	yes	romanis
ddp	yes	fjompa
om	no	gump
cds	no	dum
re	no	brott
ddp	yes	makrofauna
an	no	igel
ps	yes	asiat
an	no	varelse
cds	no	cretin
qas	no	svulstighet
cds	no	moraliserande
ps	yes	juden
cds	no	lipsill
an	no	papegoja
re	no	terrorister
cds	no	kukhuvud
om	no	dorsoventral
cds	no	botch
an	no	krake
ps	yes	vandalerna
asm	no	sockerärtor
qas	no	medelklassfamilj
svp	no	dilly-dallier
om	no	rövsex
cds	no	avlida
re	no	villainess
re	no	mafiosi
pa	yes	advokat
cds	no	interfertility
cds	no	fawner
cds	no	handen jobb
cds	no	inbrottstjuv
or	no	kål
an	no	gyps fulvus
svp	no	matglad person
dmc	yes	förfalskningar
re	no	missbrukar
cds	no	fascistisk
an	no	rovdjur
cds	no	undervisade
ps	yes	inkiness
re	no	sicilianska maffian
an	no	strix varia
cds	no	homunculus
cds	no	pedantisk
cds	no	frimureri
cds	no	late
re	no	våldtäktsman
ddp	yes	amentia
re	no	serievåldtäkt
cds	no	fest
re	no	piratskatt
svp	no	ingen hänsyn
re	no	spädbarnsmord
qas	no	autoinfection
an	no	fetto
qas	no	bandhund
an	no	volaille
om	no	homoerotiska
svp	no	aboulia
pa	yes	politiska
cds	no	kvalificerad
pa	yes	forskarassistent
asf	no	dumskalle
ddp	yes	löjlig
or	no	homofile
pr	no	horstigma
ddp	yes	omtöcknad
qas	no	galen
asm	no	sex
re	no	våldtäkter
an	no	tryne
or	no	fitta
ps	yes	vandal
ps	yes	mongol
ps	yes	redbone
cds	no	foxiness
an	no	floozie
an	no	sus
om	no	glutealregionen
cds	no	hellion
cds	no	kamarilla
pa	yes	vilde
an	no	makrofauna
pr	no	hovman
cds	no	latmask
cds	no	skolfröken
om	no	skinkorna
or	no	potatisskal
or	no	pudden-huvud
re	no	calunnia
an	no	buffel
an	no	zooerastia
re	no	brottslig gärning
asm	no	pundhuvud
om	no	arslet
or	no	fänkol
cds	no	korsades
re	no	rånare
cds	no	tribal samhällen
cds	no	idioti
dmc	yes	slarver
cds	no	lismare
ps	yes	negrar
om	no	schlagerbög
cds	no	homonculus
re	no	lönnmord
ps	yes	ostrogot
re	no	handel ärekränkning
dmc	yes	falsarium
cds	no	föraktlig
dmc	yes	elak
re	no	terrorismen
qas	no	retoriskt
dmc	yes	olyckligt
an	no	blodigel
an	no	grisning
an	no	brant
cds	no	conventicle
cds	no	fågelfri
re	no	sätta till döds
asf	no	slida
an	no	havsskorpioner
an	no	vanlig lysmask
ddp	yes	stupe
re	no	förbjöds
is	yes	har-inte
cds	no	mingel-mangla
cds	no	enfaldig
pr	no	oanständighet
asm	no	falliska
cds	no	pander
qas	no	kaster
or	no	färskpotatis
om	no	kaudal
svp	no	snåljåp
om	no	rövknull
ddp	yes	zooerastia
om	no	inferior
asm	no	kula
an	no	grossness
cds	no	billig sensationsroman
ddp	yes	mentalt handikappade
pr	no	lusmark
dmc	yes	bedragaren
svp	no	lodare
cds	no	pengar utlåning
cds	no	förbjöds
an	no	equus asinus x caballus
svp	no	gormand
om	no	arsel
asf	no	grenen hår
cds	no	frimurarnas order
re	no	barnadråp
re	no	sjörövarna
cds	no	surrningar
an	no	animalisk
asm	no	patsy
cds	no	växtförädling
cds	no	religiousism
pa	yes	lärostolen
an	no	dumbass
an	no	equus africanus. asinus
asm	no	gula ärtor
ps	yes	korsades
pr	no	glismark
ddp	yes	jöns
cds	no	oäkta
an	no	släktet capra
pa	yes	akademiledamot
qas	no	hushållssopor
re	no	förbjudna
svp	no	skinflint
re	no	tortyr mord
pa	yes	skomakare
or	no	dumbom
cds	no	poliser
an	no	anura
ddp	yes	godtrogen
or	no	rödkål
an	no	kroppen lus
dmc	yes	git
pr	no	hora
om	no	bög
cds	no	gynnare
ddp	yes	dum
cds	no	ocker
an	no	ansikte
cds	no	slyngel
cds	no	dumma
pr	no	full mal
ps	yes	buffel
asm	no	bihang
qas	no	medeltida
svp	no	vrede
re	no	byte
qas	no	sänke
asm	no	pappskalle
dmc	yes	pseudo
ddp	yes	cretin
cds	no	bandit
cds	no	kaos
asm	no	pille
om	no	bakre ände
ps	yes	kinesisk
or	no	nick junior
pa	yes	bonde
cds	no	gyckel
an	no	anserini
cds	no	klick
qas	no	omnium-gatherum
cds	no	dagdrivare
ddf	yes	rörelsehindrade
an	no	bisonoxe
re	no	terroristorganisation
qas	no	järnskrot
re	no	detektiv
svp	no	åtrå
qas	no	borgarståndet i sverige
an	no	screech-uggla
cds	no	avlopp
dmc	yes	dålig lukt
cds	no	banditer
om	no	druga
dmc	yes	slösaktiga
cds	no	extrema högerkanten
cds	no	laddie
dmc	yes	moralisk
asf	no	fittan
cds	no	maffia
an	no	faunistisk
qas	no	småljuga
cds	no	växtbioteknik
cds	no	skollärare
cds	no	peons
an	no	animalculum
cds	no	usling
ddf	yes	inaktivera
pa	yes	barbarer
or	no	mutta
dmc	yes	lögnare
dmc	yes	pilferer
an	no	anuran
cds	no	brigand
svp	no	drönare
an	no	kor
or	no	blockhead
dmc	yes	motley fool
asm	no	storfjong
cds	no	fegis
ps	yes	negrer
cds	no	hybrid
ddp	yes	ragtag
cds	no	kin-grupp
re	no	rustler
dmc	yes	bedrövlig
pr	no	prostitutionsutredningen
cds	no	lån sharking
ddp	yes	barbariska
or	no	solanum tuberosum
dmc	yes	fågelfri
cds	no	liten kille
cds	no	peon
an	no	soft touch
or	no	butternut squash
cds	no	högar
ddp	yes	microcephalus
cds	no	bäbis
cds	no	kind
cds	no	spärra
ddp	yes	dåre
qas	no	verksamhet magnat
an	no	svindjur
pa	yes	ordinarie professor
dmc	yes	omoral
asm	no	skitsnack
an	no	snåljåp
cds	no	dacoit
cds	no	förhandla
svp	no	acédia
om	no	kaudalt
asm	no	förhuden
cds	no	know-it-all
cds	no	rånare
om	no	transvestism
svp	no	bigotteri
asf	no	dumbass
ddp	yes	gossiper
or	no	homo
ddp	yes	knucklehead
cds	no	fibber
asf	no	pundhuvud
re	no	utpressare
an	no	idiot
cds	no	förföljare
cds	no	snooper
cds	no	fånggevaldiger
ddf	yes	handikappad person
is	yes	girigbuk
cds	no	vilde
ddp	yes	inkompetent person som
asm	no	flouter
ps	yes	idioter
an	no	getter
om	no	rumpsex
om	no	homosexuell
cds	no	facism
dmc	yes	luffning
qas	no	jordbrukarna
cds	no	avgudadyrkare
svp	no	illvillig
qas	no	lantarbete
cds	no	konventiklar
pr	no	kritter
dmc	yes	latmask
re	no	vilifier
an	no	medelsvensson
om	no	fallo-anal
cds	no	mutt
an	no	hundens historia
ddp	yes	kukhuvud
qas	no	riksfriherre
an	no	smutsiga trick
an	no	törntaggad haj
an	no	paddor
asm	no	jerk-off
an	no	snigel
ddp	yes	knasboll
cds	no	upptåg
dmc	yes	anständighet
cds	no	hybris
cds	no	praktisk joker
cds	no	sport hus
cds	no	konspiration av tystnad
ps	yes	judendomen
dmc	yes	omoraliskt
an	no	fulvus
cds	no	fascistiska
re	no	slyngel
ddp	yes	djurens reproduktion
dmc	yes	slashas
cds	no	besticklighet
re	no	bov
ps	yes	rasande
qas	no	församlingssal
re	no	ouppklarade mord
qas	no	borgerlig
re	no	maffiakung
ps	yes	kosmetika
cds	no	indianerna
an	no	rounceyhäst
asf	no	punghår
pa	yes	tjänstemän arbetare
asm	no	stånd
re	no	mafioso
cds	no	barbariska
asm	no	brun
an	no	skogsbässar
cds	no	smyga tjuv
svp	no	girigbuk
an	no	loppa
cds	no	neonatal
or	no	underhåll
ps	yes	judaism
ddp	yes	tidelag
ddp	yes	fårskalle
dmc	yes	lilla annika
cds	no	wanker
an	no	envis
pa	yes	pyronia tithonus
re	no	terroristhandling
cds	no	codswallop
asm	no	ärter
svp	no	gnidare
cds	no	vanliga
cds	no	lömskhet
qas	no	bondeklass
an	no	amerikansk bison
cds	no	gallring
cds	no	oäkta barn
cds	no	patsy
qas	no	bumbler
an	no	limacidae
cds	no	yokel
svp	no	pridefulness
pa	yes	herdinna
cds	no	duffer
cds	no	relik
pa	yes	portier
ddp	yes	klåpare
an	no	kycklingkött
ddp	yes	angivare
an	no	gap
cds	no	korrumperad
dmc	yes	uselhet
pa	yes	motsvarande medlem
an	no	hundhistoria
an	no	tik
cds	no	loanshark
asf	no	tjej
asm	no	testikulär
qas	no	arrendegård
qas	no	ideolog
an	no	megascops
an	no	rouncey
cds	no	idoldyrkan
an	no	rentboy
an	no	vamper
qas	no	hydda
cds	no	skvaller
svp	no	avsmak
qas	no	bondfolk
cds	no	stjäla
asm	no	idiotism
cds	no	meningslös
qas	no	retorik: att övertyga
dmc	yes	ungdomsbrottsling
ddp	yes	dumskalle
qas	no	barbarer
ddp	yes	galen
cds	no	dum person
ddp	yes	muttonhead
qas	no	acolyte
re	no	brottslingar
cds	no	gangster
qas	no	troubler
an	no	anguilliformes
an	no	fårskötsel
pr	no	subba
re	no	grovt rån
ddp	yes	efterblivenhet
cds	no	procentare
re	no	kriminella
or	no	dum
an	no	hundvalp
asf	no	dumhuvud
cds	no	egoistiska
om	no	lesbisk
dmc	yes	grifter
svp	no	dagdrivare
cds	no	hierarch
qas	no	testiklarna
svp	no	egenmäktigheten
cds	no	idiolatry
om	no	cross-köksskåp
asm	no	jeerer
re	no	captor
qas	no	högsta verkställande
cds	no	självdyrkan
qas	no	prat
rci	yes	barbar
om	no	fänkål
dmc	yes	det onda
asm	no	ballock
cds	no	gossiper
is	yes	scrooge
asm	no	bondbönor
asm	no	skitsnackare
qas	no	målare
ps	yes	kinesiska
dmc	yes	pseud
qas	no	lagerhållaren
is	yes	pauperism
dmc	yes	svek
pr	no	norge rat
an	no	gemensam lus
pr	no	kommersiella sexuella
cds	no	offentliga toaletter
an	no	blodsugare
svp	no	obehagliga
an	no	gemensam mygga
dmc	yes	svin
cds	no	bordellmamma
cds	no	landsvägsrövare
cds	no	bollar upp
an	no	bison
ddp	yes	hooey
qas	no	kennlar
pa	yes	offentlig redovisning
ps	yes	afrikansk härkomst
dmc	yes	lappskräddare
asm	no	störding
cds	no	pilferer
ps	yes	nigra
dmc	yes	delikt
cds	no	ett
qas	no	socken-
an	no	oförsonlighet
or	no	dumhuvud
is	yes	utstött
an	no	lus
svp	no	sparsamhet
dmc	yes	smutsig
ddp	yes	djurisk
cds	no	sladdertacka
qas	no	bourgeoisin
an	no	selachimorpha
an	no	skorpionfisk
cds	no	tricker
ddp	yes	inkompetent
cds	no	högfärd
dmc	yes	gangsters
ps	yes	romer
cds	no	joker
cds	no	helig relik
svp	no	lazybones
an	no	enfaldig person
qas	no	ideologi
cds	no	camarillan
qas	no	vanlig
cds	no	pruta
re	no	gynnare
qas	no	regelefterlevnad
ddp	yes	dumhuvud
svp	no	lecherousness
dmc	yes	falsk
asm	no	testis
dmc	yes	smyga tjuv
an	no	lampyris noctiluca
an	no	channel bass
asf	no	idiotas
an	no	freebooter
cds	no	pöbel
re	no	terroristattack
om	no	distala
an	no	groda
an	no	fågel av minerva
cds	no	dussintals
om	no	lespisk
ps	yes	judism
qas	no	landsman
om	no	dragdrottning
pa	yes	herdar
cds	no	blackballing
cds	no	list
svp	no	butter
dmc	yes	moraliska kompass
cds	no	lodare
dmc	yes	grym
pa	yes	fåraherde
an	no	culex pipiens
an	no	grisar
qas	no	baron
cds	no	tjuv
re	no	dåligt användning
qas	no	hantlangare
asm	no	nookie
an	no	minervas uggla
an	no	getabock
re	no	plagiarisation
re	no	våldsam
svp	no	slashas
re	no	förbrytare
an	no	prickteaser
an	no	kroppen löss
cds	no	hushållsavloppsvatten
ps	yes	judiska samfundet
re	no	lista över tortyrmetoder
re	no	seriell våldtäktsman
pa	yes	professur
svp	no	Äcklig
cds	no	pool hustling
pa	yes	revisorer
ddp	yes	skitstövel
dmc	yes	barbariska
ddp	yes	djurvärld
svp	no	ynkliga
qas	no	vältalare
pa	yes	politisk
cds	no	pornografiberoende
cds	no	bedragaren
om	no	rumpsamlag
svp	no	företagens girighet
om	no	abnorm
an	no	sciaenops
asm	no	syndabock
cds	no	zelot
re	no	våldtäkt
pr	no	rentboy
or	no	dolt
qas	no	talare
ddp	yes	savage
dmc	yes	rogue
pa	yes	fakultet medlem
or	no	squash
pa	yes	styrekonom
an	no	tok
an	no	mikrobiella
svp	no	bigot
cds	no	kvacksalvare
or	no	odlade kål
qas	no	lögner
an	no	Åsnor
cds	no	ungdomsgäng
cds	no	bekvämlighetsinrättning
dmc	yes	medelmåtta
an	no	getmjölk
ddp	yes	muggins
an	no	haj attack
om	no	gayklubb
an	no	fegis
ddf	yes	funktionshindrade
cds	no	klanen
cds	no	dumbom
an	no	manlig prostituerad
cds	no	demagogi
cds	no	utlåningsinstitut
an	no	branta bernicla
cds	no	upptågsmakare
cds	no	idioter
om	no	queer
re	no	boskap tjuv
cds	no	snusförnuftig
om	no	lebb
ddp	yes	arsel
cds	no	opinionsbildning
pa	yes	dörrvakten
pa	yes	personlig professur
cds	no	högmod
ps	yes	drifter
asm	no	hästböna
cds	no	roffare
ddp	yes	dumt
an	no	eurypterida
dmc	yes	treasonist
asf	no	snippa
an	no	man-eater
pr	no	prostituera
dmc	yes	runt
an	no	slödder
an	no	hundar
cds	no	arrogans
an	no	mosquitoe
ddp	yes	buffel
ddp	yes	jubelidiot
cds	no	dirty dog
an	no	rötsimpa
an	no	geten
an	no	sus domestica
qas	no	skröna
dmc	yes	sjabbig
ps	yes	negress
om	no	kaudala
re	no	sexuellt övergrepp mot barn
an	no	moue
an	no	mollusker
an	no	slovenly personen
ddp	yes	blabbermouth
pr	no	glysmask
an	no	pediculus humanus humanus
an	no	guldschakal
qas	no	parasitangrepp
an	no	släktet vipera
pa	yes	rättegången advokater
ddp	yes	rövhål
cds	no	ballup
om	no	proximal
cds	no	bordell
svp	no	odåga
re	no	tortyr enhet
cds	no	självsvåld
an	no	svinavel
cds	no	lärarexamen
cds	no	fåfänga
an	no	trög
cds	no	lappskräddare
cds	no	kommunalt fast avfall
is	yes	skurkaktiga
cds	no	styckade
an	no	så och så
qas	no	dykning viktsystem
svp	no	apatisk
cds	no	fascister
ddp	yes	idioti
pa	yes	korpraler
cds	no	barn
re	no	förtalsbrott i sverige
asm	no	bortbyting
or	no	pära
svp	no	avund
an	no	asp
an	no	stut qualifier
cds	no	gatugäng
ddp	yes	charlatan
ddp	yes	bortbyting
an	no	savage
an	no	capra hircus
om	no	drag-queen
ddf	yes	blind
om	no	dragqueen
ps	yes	lout
ddp	yes	animera vara
an	no	människokroppen lus
cds	no	bebbo
an	no	oxar
cds	no	blandras
cds	no	ungdomsbrottsling
pr	no	prostituerad
dmc	yes	bedragare
an	no	okunnig
cds	no	återvändsgränd
an	no	kycklingar
an	no	nötboskap
ps	yes	judendom
an	no	maggots
asm	no	fjompa
pr	no	oxarna
dmc	yes	dagdrivare
svp	no	goof-off
cds	no	huvudman
qas	no	församlingsmedlem
ddp	yes	hjärnskada
asm	no	avafauna
asm	no	ståkuk
cds	no	moneylending
asm	no	professionell foul
dmc	yes	mozzarella di bufala campana
om	no	homo
cds	no	lån hajar
re	no	spaningsmord
an	no	svinuppfödning
an	no	kvinna chaser
cds	no	horhus
cds	no	schoolma'am
re	no	grov stöld
cds	no	naturlig hybrid
an	no	kyckling
cds	no	brottslig verksamhet
qas	no	dålig hatt
dmc	yes	pajas
om	no	cross-dressing
svp	no	avundsjuka
qas	no	bondson
ddp	yes	tölp
ddp	yes	imbecillitet
pa	yes	biljettsäljare
or	no	broccolo
an	no	hyenor
cds	no	missbrukare
cds	no	släktskap grupp
ps	yes	judiska sakrament
pa	yes	fåraherdar
cds	no	vagndrev
ddp	yes	kvacksalvare medicin
an	no	feg
cds	no	klok kille
qas	no	får röja
ps	yes	judisk familj
re	no	terrorist
dmc	yes	plump
an	no	epifauna
cds	no	moaner
cds	no	väg agent
pa	yes	professorn
qas	no	snyltare
ps	yes	metoiker
pa	yes	arbetstagare
qas	no	sopor
asm	no	muggins
an	no	felsägning
pr	no	sexuella tjänster
om	no	operabögar
an	no	visent
an	no	djurlöss
an	no	schakal
an	no	Åsnan
qas	no	arrende
dmc	yes	förbjudna
cds	no	nymoralism
asm	no	kuk
qas	no	affärskvinna
re	no	fribytare
cds	no	ostadd karl
ddp	yes	doofus
re	no	stulen egendom
an	no	doggie
cds	no	omnium-gatherum
cds	no	egocentrisk
cds	no	konspirationsteori
asm	no	falloskult
dmc	yes	ingen hänsyn
qas	no	bondeklassen
ddp	yes	faunan
pa	yes	försvarsadvokat
ps	yes	hybrider
cds	no	lägger näsan i blöt
asm	no	nooky
svp	no	ond
asm	no	idioter
an	no	fuckhead
an	no	hirudinea
re	no	plagiera
cds	no	hypersexuell störning
qas	no	welter
qas	no	hus målning
an	no	blockhead
cds	no	topsy-turvyness
dmc	yes	clown
asf	no	patsy
om	no	flexion
an	no	avrop blattaria
om	no	analknull
asm	no	idiotanstalt
cds	no	culchie
cds	no	nympho
cds	no	propagandist
an	no	cuckold
pr	no	kor
an	no	salientian
an	no	köttboskap
is	yes	utblottade
an	no	ballong swallower
cds	no	mussiness
re	no	väpnade rån
om	no	lägesterminologi
cds	no	metallavfall
ddp	yes	flercelliga djur
an	no	carcharodon
om	no	bögar
re	no	tjuveri
cds	no	gangstervälde
rci	yes	bonde
cds	no	snabb en
dmc	yes	förfalskning
cds	no	paparazzo
an	no	krokodilerna
asm	no	rulla i höet
an	no	capra aegagrus hircus
is	yes	låg inkomst
an	no	gödkalv
pa	yes	professor
cds	no	sutenör
cds	no	seloternas
cds	no	viktigpetter
dmc	yes	desertör
asm	no	task
dmc	yes	slyngel
dmc	yes	moral
cds	no	avloppsrör
re	no	malversation
om	no	sodomized
pa	yes	teologie professor
re	no	våldta
ddp	yes	flane
ps	yes	krauthead
om	no	transvestiter
ps	yes	romani
dmc	yes	lodare
asm	no	sova med
is	yes	sorgsen
an	no	floozy
ddp	yes	best
asm	no	råa ärtor
pa	yes	professuren
ps	yes	mestizaje
asm	no	twirp
an	no	grisuppfödare
re	no	sexuellt utnyttjad
cds	no	konspirationsteorier
qas	no	dricka
qas	no	gallring
pa	yes	comptroller
om	no	rumpknull
an	no	fluglarv
an	no	svinskötsel
ddf	yes	invaliditet
is	yes	paria
dmc	yes	villainess
or	no	sativus
qas	no	borgerliga
qas	no	hundkoja
cds	no	stöld
om	no	homoerotik
pa	yes	portvakt
re	no	gangsters
or	no	stupe
cds	no	patrask
qas	no	pungkulor
ddp	yes	barbarer
is	yes	relativ fattigdom
qas	no	företagare
ps	yes	mestis
asm	no	dåre
cds	no	lärare
an	no	pruttgås
asm	no	cockerel
pr	no	idrottsliga dam
re	no	delikt
dmc	yes	joker
ddp	yes	analphabet
qas	no	teste
cds	no	räddhågad
re	no	händelse
cds	no	bäbis qualifier
ps	yes	knasboll
qas	no	rödfärgare
ps	yes	judedomen
cds	no	hus dåligt rykte
pa	yes	tjänstemän
om	no	anala samlag
cds	no	slusk
pr	no	kurtisan
cds	no	dolt
ddp	yes	analfabet
re	no	grova brott
cds	no	dogmatism
asf	no	dåre
cds	no	le droit humain
an	no	midge
cds	no	förmätenhet
ddf	yes	arbetshandikapp
ps	yes	judar
cds	no	fundamentalist
re	no	företagens övergrepp
cds	no	bedräglighet
or	no	stackars sate
qas	no	högtravande språk
an	no	carcharodon carcharias
dmc	yes	trångsynt
cds	no	mystifier
re	no	camorran
ps	yes	judiska
or	no	homosexuella
qas	no	borgare människor
pr	no	gödkalv
or	no	homophile rörelse
cds	no	avloppsnät
cds	no	junto
cds	no	blackball
qas	no	marknaden keeper
cds	no	nerdy
ddp	yes	bestialisk
dmc	yes	falskt
ps	yes	mestiser
cds	no	klotter
ddp	yes	fångar
or	no	potät
cds	no	satyriasis
an	no	ovis aries
an	no	nattfjäril
cds	no	motley fool
re	no	mörderska
an	no	havsskorpion
asf	no	idiotanstalt
qas	no	hunduppfödare
asf	no	soft touch
an	no	billy goat
qas	no	värdorganismer
qas	no	akolut
qas	no	trouble maker
cds	no	archpriest
asm	no	testikel
cds	no	strejkbrytare
ddp	yes	intern
an	no	brant gås
pr	no	manlig eskort
an	no	screech owl
pr	no	socialist
om	no	bakdel
ddp	yes	okunnig
ps	yes	idioti
cds	no	'ndrangheta
is	yes	tightwad
dmc	yes	bumbler
asm	no	vicia faba
pr	no	lös kvinna
asm	no	pick
qas	no	sjöfart magnat
cds	no	rube
ps	yes	zigenar
cds	no	rånare baron
svp	no	hauteur
cds	no	avvisa
or	no	krav konstaterades
qas	no	småsaker
cds	no	relikgömma
asm	no	wank
qas	no	kommunalt avfall
is	yes	tatterdemalion
om	no	shirtlifter
cds	no	besserwisser
re	no	ndrangheta
qas	no	näringsidkare
ps	yes	judiska gudar
cds	no	paparazzina
cds	no	överstepräst
om	no	korsvisa köksskåp
cds	no	phratry
ddp	yes	epifaunal
ddp	yes	nonsensicality
svp	no	dödssynder
re	no	dräpande
ps	yes	negroids
pa	yes	advokatbyrån
an	no	tamgris
an	no	caiman
qas	no	bråkmakare
cds	no	korrigering officer
ddp	yes	lättrogen
svp	no	scrooge
an	no	fågel natten
ps	yes	mongoler
cds	no	kotteri
qas	no	farrago
an	no	hajfisk
om	no	homosexuella män
cds	no	enfaldig person
an	no	phthiraptera
an	no	baktus
an	no	människoätande djur
dmc	yes	odåga
cds	no	spillvatten
pr	no	biston betularia
qas	no	boner
an	no	spädgris
an	no	best
re	no	torterare
cds	no	vanlig
qas	no	orator
qas	no	andlig ledare
cds	no	telltale
cds	no	röra
an	no	kackelackor
cds	no	trängas
ps	yes	zulu folket
pa	yes	särskild pleader
an	no	tjuserska
svp	no	avundsjuk
pr	no	gatuprostitution
qas	no	granger
cds	no	blandad ras hund
re	no	obehörig
cds	no	stupe
cds	no	grunge
cds	no	kriminalitet
svp	no	förmäten
asm	no	älska
qas	no	lista över begrepp inom retoriken
an	no	animaliska
cds	no	conspiracism
om	no	samkönade
cds	no	weisenheimer
an	no	manlig eskort
pr	no	societetsdam
ps	yes	bulgarer
an	no	slusk
om	no	posterolateralt
dmc	yes	dålig person
om	no	kors dressing
cds	no	tystnadens konspiration
dmc	yes	hemlösa
pa	yes	prof
qas	no	bönder
qas	no	knipa
cds	no	chiseller
an	no	grodor
svp	no	liderlig
cds	no	foul-up
ps	yes	kraut
qas	no	arrendator
cds	no	superbia
qas	no	hushållning
pr	no	brun råtta
an	no	ferociousness
re	no	andra gradens mord
an	no	capra aegagrus. hircus
an	no	vildåsna
dmc	yes	dofta
an	no	gamar
dmc	yes	clowner
an	no	pip-pip
qas	no	amerikansk affärsman
re	no	politiskt våld
qas	no	affärsinnehavaren
ddf	yes	lam
cds	no	la cosa nostra
dmc	yes	hycklande
an	no	grisarna
cds	no	bordeller
ddp	yes	lättlurad
or	no	cucurbita maxima
om	no	drag queens
ps	yes	rommany
re	no	lönnmördare
cds	no	desperado
an	no	iglar
an	no	culicidae
cds	no	wc
om	no	homofil
svp	no	niggardness
cds	no	fascistoid
re	no	capturer
ddp	yes	microcephalic
qas	no	amatörism
pa	yes	dörrvakt
cds	no	grungerock
is	yes	fattig person
ddp	yes	utvecklingstörd
re	no	tortera
an	no	Ålartade fiskar
dmc	yes	barbari
svp	no	kedjegrävare
cds	no	boo-boo
an	no	simpa
dmc	yes	fredlös
an	no	fästingar
re	no	mordförsök
an	no	människoätandet haj
qas	no	gemensamma person
pr	no	hetär
asf	no	idioti
asm	no	penis
asm	no	fågelarter
cds	no	cosa nostra
cds	no	italienska maffian
om	no	lady
re	no	baneman
an	no	prostituerad
qas	no	avvisa
qas	no	klåperi
re	no	grymhet
ddp	yes	obildad person
om	no	crossdresser
cds	no	skämtare
re	no	kriminellt beteende
pa	yes	akademiker
or	no	brassica rapa
cds	no	idiotanstalt
om	no	poof
is	yes	fattiga människor
asf	no	könshår
asf	no	enfaldig
qas	no	monger
re	no	skurkaktige
cds	no	blooper rulle
an	no	hemipteron
an	no	griskulting
an	no	getdjur
om	no	homo sexuell
pa	yes	kroppslig
ddf	yes	nanus
is	yes	socialt utstött
cds	no	äktenskapsmäklare
pr	no	rattus norvegicus
ddp	yes	intellektuella funktionshinder
dmc	yes	barbarer
re	no	tortyrredskap
ddp	yes	twaddler
svp	no	slöhet
an	no	gåsgam
or	no	spud
dmc	yes	gudlös
ps	yes	pappskalle
pr	no	prosstitution
svp	no	trångsynt
asm	no	foul
ps	yes	jubelidiot
asf	no	syndabock
dmc	yes	rotter
ddp	yes	mikrocephali
om	no	gränsöverskridande byrå
re	no	banditer
ddp	yes	rå
svp	no	smitare
re	no	terrorism
asf	no	skitstövel
cds	no	amour propre
svp	no	late
cds	no	skräp
dmc	yes	inskränkt
an	no	avrop blattodea
cds	no	papper-pusher
cds	no	fjant
om	no	homofile
ps	yes	bedu
is	yes	fattigdom
re	no	fågelfri
cds	no	trubbel
qas	no	amatörbestämmelser
asm	no	erektion
qas	no	torpare
re	no	kidnappar
pa	yes	resultatanalytiker
asm	no	förhud
svp	no	arrogans
cds	no	medelsvensson
an	no	dåre
qas	no	dräng
cds	no	illistig
svp	no	sysslolöshet
cds	no	svindlare
cds	no	lazybones
ps	yes	lugier
asm	no	dumbom
cds	no	tjuvaktiga
dmc	yes	liten kille
cds	no	tidningsman
cds	no	ingrupp
qas	no	industrialist
dmc	yes	avfälling
ddp	yes	hokum
cds	no	maffian
ddp	yes	kretinism
cds	no	mängder
ddp	yes	gawk
an	no	kritter
or	no	poove
ps	yes	fascistiska
om	no	röven
cds	no	bäbisar
svp	no	amour propre
an	no	anguilla
cds	no	tok
ps	yes	darkie
an	no	mask
qas	no	hushållsarbete
or	no	fuckhead
ddf	yes	funktionshindrad
re	no	defamer
ddp	yes	boor
qas	no	målarhantverk
cds	no	plump
dmc	yes	gycklare
is	yes	marginalisera
an	no	canis lupus familiaris
dmc	yes	trickster gud
cds	no	fundamentalister
cds	no	latriner
an	no	get-antilop
ddp	yes	sinnesslöhet
an	no	vulgaritet
cds	no	nördo
svp	no	högfärd
dmc	yes	drifter
an	no	Ålfiskar
cds	no	bilskrälle
asm	no	shtup
qas	no	akolyt
re	no	piratkopiering
cds	no	missdådare
cds	no	snut
cds	no	vårdare
cds	no	bondlurk
an	no	euselachii
or	no	plugg
pr	no	slyna
qas	no	osanning
om	no	rumpa
qas	no	mingel-mangla
svp	no	gourmandizer
svp	no	snåla
re	no	rövare
svp	no	concupiscence
pa	yes	advocator
cds	no	egoism
re	no	plagiarism
asm	no	äggcell
an	no	gyllene schakal
an	no	mjäkig
re	no	tortyr
qas	no	mobb
cds	no	autolatry
pr	no	sinko
ps	yes	bortbyting
qas	no	eloquentiæ
asf	no	jubelidiot
cds	no	förslagen
qas	no	retorisk
asm	no	trädgårdsärter
om	no	ventrolaterala
cds	no	klåperi
cds	no	smart
cds	no	hacka författare
asf	no	bortbyting
cds	no	hushållsavfall
cds	no	fundamentalistiska
om	no	proximala
ddp	yes	förtal
cds	no	hybrider
ps	yes	judiska traditionen
an	no	acanthia lectularia
cds	no	timeserver
cds	no	banal
an	no	bos taurus
cds	no	tabbe
dmc	yes	klantskalle
an	no	knott
qas	no	retoriken
om	no	homoerotisk
om	no	rumpan
pr	no	glädjeflicka
ddp	yes	animaliska
asf	no	slidan
cds	no	grungen
or	no	gurka vinstockar
cds	no	gör-ingenting
cds	no	groveler
ps	yes	Östgotisk
ps	yes	barbari
cds	no	toaletter
pr	no	rattus
qas	no	återförsäljare
an	no	barbari
cds	no	penman
ddp	yes	rumourmonger
pa	yes	professorer
om	no	dorsolaterala
re	no	pressa
cds	no	dandies
an	no	kungsfisk
cds	no	narcissist
qas	no	salig blandning
pa	yes	stol
an	no	människans bästa vän
asm	no	retard
an	no	ynkrygg
qas	no	bloodhound
dmc	yes	slackers
pr	no	slampa
ddp	yes	idiotism
an	no	suger lus
svp	no	meningslöshet
or	no	homophile
cds	no	stamfolk
an	no	elakheter
an	no	hanrej
svp	no	snikenhet
ps	yes	negroid
cds	no	besserwessi
qas	no	pöbel
dmc	yes	trifler
an	no	hirudinean
cds	no	conceitedness
cds	no	melange
dmc	yes	fibber
ps	yes	negro
re	no	stealer
cds	no	gäng
ddp	yes	prater
pr	no	bitch
an	no	insecta
ps	yes	judisk tradition
asm	no	fisk
asm	no	fåglar
cds	no	slovenly personen
om	no	sodomera
an	no	animera vara
an	no	streetwalker
qas	no	målning
pa	yes	anställd
qas	no	kommunalt fast avfall
cds	no	hop
cds	no	utnött
re	no	falsk våldtäkt
cds	no	blooper
ps	yes	Östgoter
dmc	yes	jester
ps	yes	beduiner
ddf	yes	personer med funktionshinder
or	no	fårskalle
re	no	chiseller
om	no	anatomiska gäller läge
ps	yes	svart person
an	no	diddlyshit
dmc	yes	förrädare
om	no	kvinnlig imitatör
cds	no	kriminell
an	no	Äkta gås
asm	no	favaböna
an	no	siphonaptera
dmc	yes	rakehell
cds	no	tjuveri
pa	yes	vetenskaplig
dmc	yes	prat
dmc	yes	avskum väska
svp	no	gör-ingenting
an	no	djurrike
an	no	inhemska hund
pr	no	prostituerade
an	no	för crocodylia
qas	no	endoparasiter
an	no	gnidare
cds	no	villainess
ddp	yes	sinnesslö
cds	no	scuttlebutt
re	no	infanticid
cds	no	bagage tåget
om	no	plantar
ddp	yes	psykisk utvecklingsstörning
asf	no	muttonhead
ddp	yes	unwiseness
svp	no	otukt
qas	no	metallavfall
cds	no	missgärning
an	no	pediculus humanus
dmc	yes	brottsligt
asf	no	jänta
cds	no	hypersexual
an	no	cimicidae
an	no	pipistrellus
cds	no	crooners
re	no	pina
cds	no	skurk
cds	no	narcissism
dmc	yes	vilde
qas	no	acolytes
cds	no	flottar
cds	no	ledare
svp	no	stolthet
qas	no	tycoon
re	no	serievåldtäktsman
svp	no	begäret
asm	no	dumskalle
om	no	transvestitism
cds	no	bebis
dmc	yes	hobo
an	no	hajattack
ps	yes	svart man
svp	no	Övernäring
dmc	yes	banditer
ddp	yes	tok
cds	no	gangsters
or	no	knucklehead
cds	no	skurkaktige
ddp	yes	poppycock
ps	yes	korsa
an	no	simpor
ddp	yes	störding
cds	no	kriminellt beteende
dmc	yes	bandit
pa	yes	särskilda sändebud
cds	no	poliskonstapel
re	no	furiousness
cds	no	fascist
dmc	yes	gynnare
svp	no	fåfäng
an	no	hammerhead
an	no	old world buffel
pr	no	john
re	no	pärs
svp	no	dallier
cds	no	bigot
qas	no	medelklassen
pa	yes	revisor
an	no	kackerlackor
or	no	cuke
asm	no	åkerböna
cds	no	skurkaktiga
asf	no	idioter
ddp	yes	nanocephaly
dmc	yes	homunculi
om	no	nater
cds	no	jubelidiot
qas	no	retorikkonsulter
om	no	stjärtknull
pa	yes	piccolo
om	no	distal
om	no	rörelseterminologi
cds	no	penningutlånare
svp	no	aggressiv
cds	no	casino
ddp	yes	fåfänga
pa	yes	jesuit
qas	no	fieldhand
dmc	yes	slösare
pa	yes	professors
cds	no	fascism
qas	no	undersåte
or	no	potatis
re	no	raptio
re	no	torterad
om	no	flektera
re	no	traducement
re	no	mord av första graden
ps	yes	östgot
cds	no	skrävlare
an	no	shoat
ddp	yes	pratmakare
pa	yes	adjungerad professor
an	no	kulting
svp	no	överätande
ps	yes	ostrogoterna
om	no	pederastic
svp	no	gorger
is	yes	skurkaktige
or	no	homophile rörelsen
om	no	jävel
svp	no	tjura
pr	no	prostitution
cds	no	moralkonservatism
qas	no	vanliga människan
cds	no	släkt
dmc	yes	brigand
re	no	stickup
cds	no	volymen
re	no	fribytarna
ddp	yes	dumbom
an	no	skit
an	no	glismark
an	no	stickmyggor
ddp	yes	stackars sate
re	no	plundring
an	no	vanlig huggorm
qas	no	retorik: arbetsgången för en talare
qas	no	ektoparasiter
an	no	blattaria
re	no	samlag med minderårig
cds	no	pedant
cds	no	smörsång
cds	no	gröngöling
dmc	yes	lösdriveri
om	no	stjärtar
re	no	sexualbrott
cds	no	scientism
pa	yes	förespråkare
dmc	yes	olyckligt personen
an	no	släktet anguilla
is	yes	ynkliga
cds	no	lärarinnan
ps	yes	fascist
qas	no	grandiositet
or	no	pumpa
an	no	outbildade personer
pa	yes	pleader
ddp	yes	twirp
dmc	yes	luffare
pr	no	bunkum
om	no	transversit
ps	yes	straff kort
an	no	får
qas	no	retorik: talets delar
cds	no	polisman
svp	no	avundsjukans
re	no	ett brott
qas	no	viktbälte
cds	no	gosse
re	no	boskap rustler
dmc	yes	bondlurk
an	no	skurk
om	no	ventrala
cds	no	latrin
cds	no	backtalk
cds	no	barbari
re	no	mördat
cds	no	prat
is	yes	skurk
an	no	tamhöns
ps	yes	neger
an	no	vinbergssnäckor
svp	no	latmask
ps	yes	blandras
dmc	yes	trångsynthet
an	no	kjol chaser
ps	yes	vilde
pr	no	hyra pojkar
om	no	frun
asm	no	dase
cds	no	crooner
dmc	yes	moralen
an	no	oxe qualifier
qas	no	parasitism
re	no	våld
cds	no	pandar
cds	no	lögn
pr	no	boskap
an	no	skogssnigel
an	no	cakehole
ps	yes	vandalriket
svp	no	eros
an	no	tamboskap
pa	yes	giljare
an	no	schakaler
cds	no	lån haj
ps	yes	negroida
cds	no	medlare
cds	no	perspicaciousness
cds	no	fascismen
dmc	yes	utstött
cds	no	korsning
re	no	kidnaper
re	no	torterar
re	no	brottslighet
an	no	hemipteran
cds	no	restposter
cds	no	mäklare
cds	no	den stora otvättade
cds	no	crooning
cds	no	falsk idol
pr	no	manshora
svp	no	njugga
dmc	yes	foetor
an	no	crocodylinae
cds	no	illgärningsman
re	no	skurkaktiga
ddp	yes	outbildade personer
an	no	larv
ddf	yes	handikappad
cds	no	ultrakonservativa
cds	no	sliten
cds	no	järnskrot
dmc	yes	drönare
om	no	rompa
asm	no	maxilliped
pa	yes	akademiska världen
cds	no	runt
an	no	grisen
ps	yes	gult kort
cds	no	ragtag
cds	no	konventikel
re	no	våldtäkt mot barn
asf	no	dumbom
cds	no	dator nördar
cds	no	toaletten
pr	no	hyra pojke
cds	no	bedragerskan
cds	no	lav
or	no	nya potatis
dmc	yes	chiseler
an	no	bufo bufo
dmc	yes	renegat
dmc	yes	oren
svp	no	Äckliga
cds	no	maffiabossen
qas	no	barock arkitektur
an	no	skurkaktiga
or	no	nypotatis
dmc	yes	eftersläntrare
qas	no	campesinos
pr	no	spricka hora
pa	yes	advokater
pr	no	pistol moll
re	no	maffiaboss
qas	no	campesino
om	no	damen
ddp	yes	meningslös
svp	no	tightfistedness
qas	no	bråkstake
cds	no	trångsynt
cds	no	ofog beslutsfattande
pr	no	societet
om	no	basala
an	no	git
re	no	kval
dmc	yes	duffer
an	no	lyssnande anordning
om	no	sodomit
re	no	feloni
cds	no	band
an	no	Östlig skrikdvärguv
ps	yes	nigger
an	no	stor lysmask
om	no	homosexuallitet
asm	no	kustfåglar
cds	no	liderlig hus
asm	no	ligga med
an	no	europeiska padda
qas	no	industrimagnat
an	no	gnetter
cds	no	bedragare
qas	no	halvparasiter
svp	no	lust
an	no	lusbräda
an	no	fysionomik
cds	no	dandyism
cds	no	syndare
asm	no	petter-niklas
cds	no	snatteri
om	no	handikappad person
ps	yes	niggaz
cds	no	massor
cds	no	tribesman
