or	no	babau
an	no	animàlcul
cds	no	maçons lliures
pa	yes	advocat
cds	no	chump
ps	yes	targeta vermella
ddp	yes	xarlatanisme
cds	no	jactància
dmc	yes	moralista
cds	no	brut
pr	no	puta
asm	no	changeling
pr	no	dona de la vida
qas	no	bloopers
an	no	genus pipistrellus
qas	no	satèl·lit
or	no	papa
asf	no	tomfool
cds	no	sobremenjar
cds	no	penny dreadful
om	no	línia mitjana clavicular
dmc	yes	gàngsters
svp	no	inutilitat
ddp	yes	virosta
cds	no	encreuament
an	no	imbècil
pr	no	arna
dmc	yes	merry andrew
dmc	yes	brètol
svp	no	garreperia
cds	no	réprobo
asm	no	quiqui
pa	yes	pretendent
or	no	murphy
ps	yes	poble jueu
re	no	bandolerisme
svp	no	ansiós
svp	no	inacció
re	no	assassinar
ddp	yes	dumbass
svp	no	repugnància
cds	no	destraler
an	no	polls del cos
or	no	exigent
asm	no	vicia faba
dmc	yes	garrepa
qas	no	pintora de pa sucat amb oli
pa	yes	treballadors de coll blanc
cds	no	astuta
dmc	yes	abjecció
an	no	bisons europeus
ddp	yes	cretí
cds	no	puticlub
qas	no	agricultors
or	no	marieta
qas	no	falsetat
om	no	regió glútia
an	no	heteròcer
dmc	yes	cheater
dmc	yes	rata
pa	yes	auditor
dmc	yes	falsetat
pr	no	prostituta
re	no	assaltat
an	no	panerola
asf	no	sexe vaginal
dmc	yes	ociós
an	no	tita molla
an	no	tauró
cds	no	penya
cds	no	cafetera
qas	no	sequaç
cds	no	papparazzi
dmc	yes	enganyador
cds	no	cur
cds	no	rude
re	no	bravesa
qas	no	magnat navilier
an	no	xusma
re	no	gangsterisme
asf	no	gamarús
re	no	molestat
qas	no	ballock
cds	no	broma
ddp	yes	balbotejador
an	no	bacó
cds	no	simplón
an	no	strigiformes
dmc	yes	fallida moral
ps	yes	gitano
svp	no	superb
ps	yes	vagabund
pr	no	concubines
qas	no	conformitat
qas	no	masover
cds	no	massa
an	no	gallina
ddp	yes	discapacitat intel · lectual
qas	no	bullidor de peix
cds	no	manefla
an	no	cap buit
cds	no	demagogia
asm	no	estúpid
or	no	carbassa
cds	no	il·legal
cds	no	gamberro
pr	no	rucada
re	no	gàngsters
an	no	poca-pena
dmc	yes	endarrerit
cds	no	fanàtic
an	no	ruca
cds	no	pocavergonya
re	no	assassinat tortura
cds	no	presumptuós
an	no	xot americà comú
an	no	avara
qas	no	talòs
ps	yes	híbrids
an	no	bestiar boví
pa	yes	professor distingit
dmc	yes	vil
or	no	ase
asm	no	burla
dmc	yes	talòs
svp	no	insignificància
cds	no	grifter
cds	no	teoria conspiràtoria
cds	no	conspiracionisme
cds	no	tanoca
ddp	yes	blunderer
an	no	vampir
or	no	queer
svp	no	peresós
cds	no	ingenu
pa	yes	bastaix
ddp	yes	bestialitat
cds	no	esbart
om	no	transvestit
cds	no	ultradretà
re	no	roberia
an	no	escòria borsa
svp	no	ínfules
ps	yes	canviants
om	no	travestisme
cds	no	tita molla
cds	no	biotecnologia vegetal
qas	no	pintar-se
qas	no	fusta baró
pr	no	sexuals comercials
an	no	porcell
an	no	ovina
dmc	yes	ruinós
or	no	coco
ddf	yes	inhabilitat
svp	no	concupiscència
qas	no	barroer
cds	no	teories de la conspiració
cds	no	beguins
an	no	pediculus corporis
cds	no	teoria de la conspiració
cds	no	autocomplaença
svp	no	voracitat
is	yes	baixos ingressos
an	no	saquejador
cds	no	gos brut
dmc	yes	bufonería
pa	yes	professional
om	no	natja
cds	no	garlar
dmc	yes	abjecte
cds	no	casino cultural
cds	no	immundícia
cds	no	noi encàrrec
cds	no	entremaliat
pa	yes	professor adjunt
or	no	punctiliousness
cds	no	sap-ho-tot
qas	no	societat burgesa
re	no	turment
cds	no	malvat
an	no	persona desaliñada
an	no	nan
svp	no	fellonia
qas	no	magnat
an	no	cançoner
pr	no	arnes
cds	no	robatori de bestiar
ddp	yes	macrocèfal
re	no	assassins
an	no	rescaza
qas	no	lapa
an	no	ixodoidea
cds	no	maquinador
om	no	foeniculum vulgare
ps	yes	groller
re	no	delictes sexuals
om	no	moviment homòfil
cds	no	fonamentalistes
cds	no	procacitat
cds	no	gàngsters
qas	no	amateur
an	no	no saben res
pa	yes	peixatera
svp	no	conceitedness
qas	no	mescla heterogènia
svp	no	arrogància
ps	yes	home negre
cds	no	maçons
is	yes	ronyosa
cds	no	munts
dmc	yes	triganer
cds	no	conveniència pública
pr	no	guineu
re	no	entremaliat
re	no	atracament
cds	no	fabricant
cds	no	debilitar-se
cds	no	vague
cds	no	marcir-se
svp	no	pecat capital
dmc	yes	manta
an	no	insectes
qas	no	chapucería
an	no	bisont
cds	no	xusma
an	no	bovins domèstics
an	no	ovis àries
cds	no	caos
an	no	patsy
pr	no	mundà
qas	no	pagès
cds	no	stealer
asm	no	fàl · lic
an	no	crocodylidae
asm	no	pterigióforo
ps	yes	darkey
re	no	vilana
an	no	xacal daurat
qas	no	potentat
asf	no	estupidesa
cds	no	fantotxe
cds	no	xerrar
cds	no	ndrangheta
ddp	yes	metazous
cds	no	reaccionàries
pr	no	dona mantinguda
an	no	gallines
an	no	bison
cds	no	conte
dmc	yes	negre
cds	no	turmentador
cds	no	pendejo
qas	no	barreja
an	no	tambor vermell
cds	no	insolent
or	no	ruc
cds	no	colla
ddp	yes	endarreriment mental
or	no	dumbass
dmc	yes	ensibornador
qas	no	delirant
cds	no	fums
ddp	yes	lent
an	no	gos
ddp	yes	analfabeta
ps	yes	religió jueva
pa	yes	escolasticisme
qas	no	sodbuster
is	yes	mesquí
ps	yes	judàica
qas	no	parròquies
dmc	yes	curt de gambals
qas	no	problemes maker
ps	yes	babau
cds	no	nyicris
qas	no	plebeu
an	no	fisonomia
cds	no	masturbant
ddp	yes	fumbler
dmc	yes	mandrós
cds	no	policia
pa	yes	oïdor de comptes
an	no	dona chaser
cds	no	somicaire
an	no	bisons
cds	no	dinyar-la
cds	no	burla
cds	no	maçons lliures i acceptats
pa	yes	pallús
ps	yes	híbrid interespecífic
pr	no	meuca
is	yes	tacany
re	no	extorsió
qas	no	pintor dolent
cds	no	pedanteria
or	no	brassica oleracea
asm	no	shtup
an	no	anguillidae
svp	no	enrabiat
dmc	yes	immund
qas	no	casta
an	no	anguiliforme
qas	no	gran home de negocis
an	no	diddlyshit
svp	no	intolerància
cds	no	mà treball
qas	no	arquitectura del barroc
pr	no	foca
an	no	poulet
cds	no	munt
ps	yes	búlgar
an	no	regne animal
asm	no	estupidesa
an	no	bajanada
an	no	cargol comestible
pa	yes	administratiu
an	no	imbecil
pr	no	despropòsit
re	no	camorra
ps	yes	idiotisme
dmc	yes	degradació
cds	no	vilà
cds	no	demagògica
cds	no	manta
svp	no	d'espiritualitat
pa	yes	intercessor
svp	no	rabiüt
cds	no	nodrissó
cds	no	bullidor de peix
ps	yes	beduí
dmc	yes	bandoler
cds	no	andrangheta
qas	no	ferralla
om	no	sodomites
or	no	bonce
ps	yes	bast
cds	no	polidor de poma
dmc	yes	gilipollas
pr	no	donota
svp	no	ganduleria
om	no	invàlid
dmc	yes	ferum
asf	no	cabró
an	no	bajà
dmc	yes	brut
qas	no	ideologia
cds	no	fonamentalisme islàmic
an	no	puça
cds	no	policies
cds	no	descarament
cds	no	bufó de la cort
pr	no	cony
asm	no	gall
or	no	cogombres
asm	no	pesol
om	no	posteriorment
om	no	fonoll
cds	no	picardiós
cds	no	cadell
an	no	ase
an	no	hirudini
re	no	furibund
asm	no	mofeta
svp	no	envanit
dmc	yes	gos brut
cds	no	mistificador
pr	no	acompanyant masculí
dmc	yes	delinqüent juvenil
dmc	yes	calamitat
cds	no	capsigrany
re	no	violenta
dmc	yes	degradat
cds	no	gent
an	no	bramar
an	no	rata
an	no	metazoa
an	no	matxo
cds	no	pervers
pa	yes	acadèmics
svp	no	slackers
qas	no	grandiositat
an	no	lampyris noctiluca
cds	no	cruspir-se
dmc	yes	fals
re	no	maltractament
dmc	yes	mesquí
an	no	crocodilia
qas	no	patètic
dmc	yes	scattergood
dmc	yes	propietat
cds	no	mafiós
pa	yes	proponent
cds	no	camarilla
asm	no	favó
ddp	yes	patsy
cds	no	delinqüent
re	no	terrorisme patrocinat per l'estat
an	no	mussols
cds	no	rodet blooper
svp	no	innacció
re	no	abusos sexuals
cds	no	pillock
qas	no	esbirro
svp	no	gasiva
cds	no	clavegueram sanitari
dmc	yes	sorn
rci	yes	bèstia
cds	no	marcir
cds	no	falsetat
or	no	col cultivat
cds	no	teòric de la conspiració
cds	no	impertinència
ps	yes	mestissos
an	no	crueltat
ddf	yes	baix
pr	no	prostitució al carrer
an	no	nanus
an	no	gall
qas	no	llastimós
cds	no	clann
or	no	cols
asm	no	credulitat
an	no	poyntonophrynus
cds	no	proxenetisme
cds	no	chawbacon
ps	yes	beduin
cds	no	màfies
om	no	ruc
asm	no	erecció
is	yes	desterrat
qas	no	bungle
asm	no	ou
cds	no	bandoler
cds	no	rapinyaire
svp	no	tedi
dmc	yes	trànsfuga
cds	no	entusiasta
qas	no	persona comú
re	no	malfactor
dmc	yes	home mandrós
or	no	talòs
an	no	gilipolles
cds	no	noi
dmc	yes	trist
ddp	yes	folly
cds	no	truaneria
cds	no	comentari
re	no	dolenta
dmc	yes	cruel
asm	no	gall jove
om	no	cranial
pa	yes	botons
cds	no	defraudador
cds	no	educador
cds	no	delicte
dmc	yes	pillet
ps	yes	salvatge
an	no	codswallop
asf	no	babau
om	no	tafanari
ddp	yes	despropòsit
cds	no	bloopers
or	no	carbasses
an	no	hyaenidae
qas	no	gentussa
cds	no	nap-buf
an	no	ovelles domèstiques
re	no	plagiarisation
cds	no	sorn
ddp	yes	persona sense educació
asm	no	falta
an	no	bestial
svp	no	fatu
an	no	mussol
cds	no	instructor
ps	yes	negres
re	no	raper
an	no	macrofauna
ddp	yes	impossibilitat
an	no	prickteaser
an	no	cabrit
ddp	yes	tonteria
cds	no	mandrós
dmc	yes	antagonista
an	no	avariciós
svp	no	ronyós
cds	no	intermediari
asf	no	obtús
re	no	transgressor
asf	no	ingenu
ddp	yes	retrassat
pa	yes	pastor
dmc	yes	pistoler
asm	no	cargolar
svp	no	ànsia
pr	no	arna clapada
pr	no	dona pública
an	no	equus asinus
cds	no	feixista
an	no	gilipollas
asm	no	pésol
qas	no	partidària
asm	no	simplón
an	no	mol•lusc
ps	yes	jueves
cds	no	crooner
cds	no	criminal
svp	no	golafre
an	no	tacte suau
is	yes	poca-vergonya
re	no	difamació comercial
ddp	yes	discapacitat intel·lectual
ps	yes	jerry
an	no	gènere anguilla
ddp	yes	metazoos
ddp	yes	xarlatà
is	yes	trist
or	no	fenoll
cds	no	fanatisme religiós
pa	yes	advocat especial
re	no	libeler
ddf	yes	roí
an	no	brètol
cds	no	bandes juvenils
pa	yes	sabater
dmc	yes	maldat
asm	no	pilotes
dmc	yes	desastrós
ps	yes	simplón
pr	no	john
svp	no	apatia
ddp	yes	imbècil
an	no	ventosa
svp	no	malhumorós
asm	no	aviaris
cds	no	seductor
pa	yes	bitllet agent
qas	no	empresària
ddf	yes	invàlid
cds	no	desori
ddp	yes	rondinaire
re	no	brètol
cds	no	mustigar
ps	yes	judaica
qas	no	acòlits
cds	no	per cop
an	no	família crocodylidae
ddp	yes	juvenil
om	no	homòfil
an	no	búfal
cds	no	casa de mala reputació
dmc	yes	pària social
pa	yes	càtedres
ps	yes	jueus
re	no	trampós
re	no	destral treball
cds	no	novel · les de deu centaus
an	no	mul
cds	no	xaval
cds	no	vanitat
an	no	salvatge
an	no	barjaula
re	no	frustrar
svp	no	cobdiciós
cds	no	croon
pr	no	harpia
cds	no	híbrid interespecífic
ddp	yes	cap de corriol
an	no	anurs
cds	no	truà
dmc	yes	catastròfic
an	no	genus vipera
svp	no	intolerant
an	no	tauró devorador d'homes
asm	no	pajero
ddf	yes	incapacitat
svp	no	golafreria
is	yes	implorar
an	no	peresós
re	no	rampinyar
an	no	microbià
cds	no	clavegueram
or	no	moviment homòfil
qas	no	sacrifici
ddp	yes	tacte suau
ddp	yes	discapacitats psíquiques
ddp	yes	beneit
cds	no	idiota
ps	yes	changeling
dmc	yes	falsificació
re	no	segrestar
ddf	yes	malformat
qas	no	gosseres
cds	no	majareta
an	no	rondaire
re	no	homicidi
ddp	yes	discapacitat cognitiva
qas	no	seguidora
om	no	posterior
an	no	anguíl·lid
cds	no	bandada
re	no	il·legal
cds	no	covard
cds	no	defensa
cds	no	desconcert
pr	no	estimada
rci	yes	pagès
ddp	yes	neci
an	no	batraci
re	no	assassí
pr	no	doneta
cds	no	macarró
asm	no	ocell
asf	no	encantat
qas	no	desemparat
qas	no	rodet blooper
cds	no	nerd
ddp	yes	subnormal
an	no	bàmbol
om	no	keister
an	no	gènere pipistrellus
pa	yes	professorat
svp	no	abúlia
cds	no	venalitat
cds	no	badoc
qas	no	gos
dmc	yes	salvatge
asm	no	canviants
om	no	dóna'm
dmc	yes	agressor
an	no	escarabat
pa	yes	comunitat acadèmica
an	no	biston betularia
dmc	yes	dilly-dallier
ps	yes	gitanos
asf	no	cony
re	no	robament
re	no	trapella
cds	no	wise guy
cds	no	tou
an	no	anguila
svp	no	golut
cds	no	dogmatisme
ddp	yes	bajanades
cds	no	botcher
cds	no	dolent
ddp	yes	xerraire
dmc	yes	destraler
cds	no	tacs
an	no	gamarús nord-americà
qas	no	neteja
cds	no	vagó de tren
qas	no	blunderer
asf	no	doofus
cds	no	camorra
cds	no	forçut
pa	yes	groller
om	no	queer
pa	yes	conseller-at-law
ps	yes	zulús
cds	no	xantatgista
ddf	yes	lleig
an	no	xinxa del llit
an	no	caragol
cds	no	lavabo
pa	yes	pescater
an	no	assaltant
an	no	tossut
svp	no	crapulós
ddp	yes	bast
cds	no	poli
re	no	truà
ps	yes	negre
pa	yes	empleada
dmc	yes	perdulari
cds	no	presumit
an	no	animalia
cds	no	factor
qas	no	dispersió col·loidal
ps	yes	persona negre
pa	yes	acadèmia
dmc	yes	farsaire
om	no	gais
cds	no	comportament criminal
asm	no	aviària
dmc	yes	engalipador
cds	no	relíquia sagrada
an	no	cul
pa	yes	eines de sabater
asm	no	teste
an	no	indelicadesa
or	no	patates
dmc	yes	chiseller
cds	no	bòfia
an	no	corball ocel·lat del carib
an	no	paparres
an	no	acaparador
an	no	animals
dmc	yes	bergant
an	no	curt
an	no	sciaenops ocellatus
cds	no	propagandista
qas	no	bast
qas	no	sistema homogeni
ps	yes	beduïns
svp	no	àvid
cds	no	xicot
cds	no	escurabutxaques
is	yes	trista
asm	no	símbol fàl · lic
dmc	yes	afligit
cds	no	intolerància
pa	yes	ministre conseller
svp	no	enfat
an	no	caprinae
dmc	yes	nan
cds	no	manada
an	no	xacals
ddp	yes	enganyar
svp	no	minginess
cds	no	neulit
re	no	martiri
pa	yes	jurista
an	no	selachimorpha
ddp	yes	fauna
svp	no	avaritia
cds	no	sorneguer
svp	no	dillydallier
cds	no	deixalla
re	no	vilà
or	no	estúpid
cds	no	omertà
or	no	carbassa vinya
cds	no	teoria de conspiració
re	no	mort
ddp	yes	incultura
ddp	yes	idiòcia
an	no	poll del cos
re	no	abús
an	no	escarabat de cuina
cds	no	esnob
ddp	yes	murmurador
cds	no	ximple
ddp	yes	retard mental
dmc	yes	no per compte
dmc	yes	asquerós
dmc	yes	disimulador
ddp	yes	gentussa
dmc	yes	bast
cds	no	tinyeta
pa	yes	acadèmic
cds	no	argúcia
ddp	yes	xusma
qas	no	moocher
pr	no	animalada
cds	no	barroer
an	no	cony
qas	no	martiritzar
cds	no	autosatisfacció
dmc	yes	soc
asm	no	bajà
an	no	malifeta
cds	no	ociós
cds	no	imbècil
re	no	tempestívol
re	no	lladrocini
asf	no	simple
or	no	dengue
cds	no	intercessor
ddp	yes	desgraciat
cds	no	multitud
re	no	'ndrangheta
an	no	malvat
svp	no	trasto
qas	no	autoinfección
or	no	homòfil
pr	no	lampyris noctiluca
cds	no	fill il · legítim
cds	no	pallasso
cds	no	infracció
an	no	trabucança
pr	no	collonada
cds	no	baró lladre
an	no	gallus gallus domesticus
cds	no	tafaner
cds	no	fill
cds	no	penques
re	no	abús de poder
cds	no	cap de turc
ddp	yes	ignorància
an	no	capsigrany
cds	no	pastitxo
qas	no	sangonera
cds	no	exaltat
cds	no	fora de la llei
dmc	yes	immoral
cds	no	desvergonyiment
asf	no	cap de corriol
cds	no	prostíbul
an	no	ixodida
an	no	poca-vergonya
cds	no	bèstia
rci	yes	trompellot
an	no	cap de turc
cds	no	casa de barrets
re	no	segrestadors
an	no	hyaena
qas	no	boo-boo
cds	no	primat
ddp	yes	moronity
or	no	cogombre vinya
svp	no	desdenyós
cds	no	saltimbanqui
an	no	raunch
svp	no	orgullós
cds	no	matcher
qas	no	barraca
an	no	cabres
dmc	yes	barrut
om	no	pederasta
dmc	yes	frau
dmc	yes	botcher
cds	no	línia familiar
qas	no	pobre
an	no	escórpora
an	no	euriptéridos
an	no	sciaenops
asm	no	ximple
dmc	yes	bufó de la cort
an	no	nas
an	no	bison bison
or	no	animal
or	no	totxo
cds	no	guixada
cds	no	neci
cds	no	ratolí de biblioteca
cds	no	falsia
cds	no	ídol fals
ddp	yes	innocent
re	no	béns robats
asf	no	tonteria
svp	no	lascívia
cds	no	matrimonier
cds	no	delictes
an	no	murri
an	no	gripau granota
svp	no	mesquinesa
om	no	ruca
re	no	slayer
an	no	pip-squeak
svp	no	fartaneria
cds	no	carceller
pa	yes	bast
ddp	yes	ignorant
cds	no	cantant
ddp	yes	microcefàlia
ddp	yes	bogeria
svp	no	amor propi
dmc	yes	mentida
cds	no	potes turvyness
an	no	babau
re	no	mal ús
pr	no	gun moll
cds	no	caguerot
cds	no	corredors
om	no	caudal
svp	no	estuf
an	no	xais
svp	no	rondinador
ps	yes	metec
dmc	yes	fake
pr	no	burrada
re	no	maledicència
is	yes	vilà tràgic
svp	no	desastre
ddp	yes	amb problemes mentals
cds	no	endogrup
ddp	yes	infauna
an	no	caragol terrestre
svp	no	pecats capitals
cds	no	lladre
re	no	abusiu
an	no	vell món búfal
om	no	finocchio
cds	no	dessecar-se
re	no	pocavergonya
dmc	yes	goof-off
ddp	yes	sense sentit
ps	yes	retardat
ps	yes	destructor
cds	no	robador
om	no	homes homosexuals
cds	no	residus sòlids
cds	no	grandiloqüència
pa	yes	llaurador
an	no	xinxes
an	no	ser animat
cds	no	cosa nostra
cds	no	família
dmc	yes	trampós
cds	no	adoració d'ídols
dmc	yes	bèstia
cds	no	societats tribals
an	no	anguílids
re	no	diabló
dmc	yes	potiner
cds	no	farfutalla
asm	no	retrassat
dmc	yes	hipocresia
pr	no	rates comunes
ddp	yes	estupidesa
qas	no	galimaties
dmc	yes	mafiós
dmc	yes	falsificat
an	no	crocodilis
cds	no	moralitzar
dmc	yes	persona desafortunada
ps	yes	jueu
re	no	matant
pa	yes	rang diplomàtic
re	no	delictes
an	no	athene noctua bactriana
svp	no	avarícia corporativa
an	no	anguiles
cds	no	atracament
dmc	yes	dolent
an	no	microbi
cds	no	maçònics
an	no	arna clapada
cds	no	feixiste
dmc	yes	tancat
re	no	furiós
re	no	motada
ddp	yes	ser animat
dmc	yes	malgirbat
asm	no	mofador
asm	no	maleït
cds	no	trasformismo
cds	no	cap del crim
dmc	yes	bo-per-res
cds	no	tacte suau
om	no	minusvàlid
an	no	bêtise
an	no	lladre de cadàvers
cds	no	nadó
qas	no	pilotes
an	no	ovelles
an	no	bou salvatge
ps	yes	poble d'israel
cds	no	ordinari
pa	yes	treballador
cds	no	demagog
cds	no	nouveau-riche
asm	no	totxo
an	no	athene noctua noctua
an	no	udolar
dmc	yes	bluf
ps	yes	híbrid
svp	no	alterós
cds	no	maçoneria
ddf	yes	discapacitats
cds	no	covardia
cds	no	mustiar
cds	no	conceitedness
cds	no	lavabos
cds	no	dèbil
qas	no	agricultor arrendatari
re	no	prendre
an	no	anguila cert
an	no	estúpid
cds	no	gangsterisme
an	no	cabrum
re	no	proscrit
re	no	estafar
qas	no	gorrer
pa	yes	caporal
an	no	búfal gegant
dmc	yes	capsigrany
re	no	suplici
qas	no	retalls
an	no	athene noctua indigena
cds	no	conquistador
pr	no	rata
ddp	yes	curandero
om	no	monya
cds	no	soc
qas	no	ragtag
dmc	yes	fumbler
dmc	yes	història
qas	no	maquillar
ddp	yes	deficiència mental
cds	no	gentussa
svp	no	faineance
an	no	grosseria
cds	no	falòrnia
qas	no	tafanejar
asm	no	testicles
asf	no	tacte suau
cds	no	expirar
cds	no	desesperat criminal
cds	no	vàter
om	no	transvestisme
ps	yes	boche
re	no	acte terrorista
qas	no	variat i globitos
an	no	llet cabra
an	no	phylum mollusca
cds	no	beguines i begards
ddp	yes	salvatjada
cds	no	wangler
re	no	violar
ps	yes	doofus
or	no	patateres
asf	no	virosta
pr	no	dona del carrer
an	no	dispositiu d'escolta secret
cds	no	pedagog
om	no	ñoño
an	no	microbial
cds	no	lladrocini
cds	no	jactanciós
an	no	moltó
cds	no	bandolers
an	no	brent
cds	no	reverir
svp	no	ranci
re	no	poca-vergonya
cds	no	membre de la tribu
or	no	homosexual
an	no	innocent
an	no	ganyota
re	no	bandolers
svp	no	indolència
asm	no	gallet
cds	no	plebs
om	no	fenoll
cds	no	masses
cds	no	pansir-se
pr	no	cortesans
cds	no	il · legítim
an	no	inexorabilitat
an	no	caprins
cds	no	la plebs
ddp	yes	crueltat
cds	no	fariseu
an	no	crocodylia
cds	no	moralisme
cds	no	rock grunge
qas	no	plom
pr	no	guff
ps	yes	nigga
an	no	pendó
dmc	yes	intolerància
qas	no	compliment normatiu
an	no	estic-in-the-mud
qas	no	cabanya
svp	no	perdulari
cds	no	canalla
or	no	meticulositat
qas	no	mescles homogènies
pr	no	rata de noruega
pr	no	poca-soltada
dmc	yes	gasiu
qas	no	artesà
svp	no	maliciós
qas	no	burgesia
ps	yes	targeta groga
cds	no	paparazzi
cds	no	2 avaluador
dmc	yes	truà
om	no	drag queens
is	yes	granuja
ps	yes	capsigrany
an	no	lladrar
an	no	acompanyant masculí
asm	no	prepuci
ps	yes	greutung
cds	no	falsa
asf	no	palla
an	no	llimacs
cds	no	pobre peix
qas	no	ectoparasitisme
re	no	delinqüència
re	no	infanticidi
an	no	metazou
asm	no	rodar al fenc
pa	yes	grumet
dmc	yes	trola
an	no	ronyosa
svp	no	avar
pr	no	comare
cds	no	funcionari de presons
asm	no	granat
pr	no	rat
cds	no	slackers
cds	no	activitats il · legals
cds	no	embull
om	no	dames
cds	no	retardar
an	no	caparra
or	no	pillock
ddf	yes	esguerrat
an	no	moo-vaca
cds	no	homuncles
cds	no	idolatria
asm	no	tomfool
svp	no	rata
cds	no	apilament
asf	no	llanut
cds	no	murmuració
re	no	homicidis
or	no	toix
ps	yes	xinès
an	no	marta
om	no	dorsoventral
cds	no	arrastrante
an	no	morro
cds	no	conqueridor
an	no	hienes
cds	no	aigües residuals
cds	no	fawner
ddp	yes	changeling
asm	no	bru
cds	no	codswallop
qas	no	executiu
ps	yes	patsy
ddp	yes	confiat
cds	no	gilipolles
is	yes	canalla
pa	yes	advocat defensor
an	no	foca
qas	no	pel·lícula
cds	no	retalls
cds	no	mediocre
re	no	calumniador
re	no	malversació
an	no	persona sense educació
dmc	yes	menyspreable
re	no	murri
is	yes	personatge antagònic
pa	yes	lectora
an	no	volaille
cds	no	sneak thief
qas	no	matèria heterogènia
re	no	fúria
an	no	llet de cabra
dmc	yes	pervers
or	no	delicadesa
pa	yes	professor emèrit
an	no	sus
pr	no	prostitutes
svp	no	ronsejaire
an	no	hiènid
dmc	yes	miserable
an	no	bergant
cds	no	simple
cds	no	residus domèstics
svp	no	sorn
ddp	yes	capritx
an	no	zooerastia
re	no	agressions sexuals
cds	no	sass
cds	no	innocent
qas	no	nyepa
or	no	figa
cds	no	sacerdot
qas	no	garbuix
svp	no	anhel
cds	no	addicte
asm	no	polla
cds	no	conspiració del silenci
cds	no	adulterí
cds	no	furt
qas	no	desferra
pr	no	barjaula
an	no	gyps fulvus
qas	no	església parroquial
pa	yes	lletrat
ps	yes	imbècil
om	no	ventral
dmc	yes	predelinqüència
cds	no	rondinaire
or	no	simple
an	no	ases
cds	no	embolic-up
qas	no	acostumat
ddp	yes	tòtil
an	no	mesquí
re	no	robar
cds	no	blunderer
asf	no	retrassat
an	no	pollet d'oca
pr	no	brau
an	no	crocodílid
ddp	yes	tafaner
or	no	col
dmc	yes	marginat
re	no	lladre d'estar per casa
cds	no	infantil
pr	no	amiga
or	no	patata nova
asf	no	bagatel·la
cds	no	antagonista
re	no	dolent de ficció
an	no	anura
qas	no	canera
cds	no	francmaçoneria
cds	no	cantants
svp	no	malenconiós
svp	no	vague
cds	no	changeling
cds	no	apilotament
an	no	ovella
qas	no	líder empresarial
cds	no	potes turvydom
dmc	yes	pseudo
qas	no	sistema heterogeni
cds	no	bandit
re	no	assassinat en segon grau
cds	no	galà
qas	no	classes mitjanes
asm	no	nooky
pr	no	fornicadora
qas	no	gònada
cds	no	vanaglòria
cds	no	cap de la màfia
an	no	ordre crocodylia
re	no	robatori de bestiar
qas	no	bàrbars
ps	yes	gitanes
dmc	yes	artificial
an	no	cuques
re	no	violador en sèrie
pa	yes	advocats
dmc	yes	farsa
pr	no	bandarra
qas	no	garrofa
asm	no	gilipolles
cds	no	peons
cds	no	teories de conspiració
re	no	acusacions falses
re	no	data de la violació
an	no	cuc marí
ddp	yes	delator
ddp	yes	immadur
dmc	yes	descortesia
an	no	seductora
an	no	escarabats
pr	no	heteròcer
ddp	yes	bàrbars
ddp	yes	ragtag
asm	no	imbecil·litat
asm	no	tirar-se qualifier
qas	no	busca-raons
svp	no	furiós
or	no	solanum tuberosum
dmc	yes	clown
ddp	yes	microcephalus
om	no	estrany
an	no	pallús
cds	no	janot
cds	no	cantant melòdic
cds	no	supèrbia
dmc	yes	desterrat
re	no	matança
cds	no	zelota
qas	no	corcó
cds	no	know-it-all
an	no	bol
cds	no	altiu
asf	no	dumbass
svp	no	avidesa
qas	no	gos de la casa
an	no	bos americanus
an	no	bestiar oví
om	no	homosexual
qas	no	sangonella
cds	no	personatge antagònic
asf	no	imbecil·litat
qas	no	arruïnar
an	no	depredador
re	no	furt
dmc	yes	calamitós
cds	no	fleuma
an	no	dropo
an	no	lloros
ddf	yes	cec
dmc	yes	impostor
ddp	yes	fera
an	no	l'evolució del tauró
cds	no	fill il·legítim
dmc	yes	despreciable
ps	yes	encantat
cds	no	wheeler dealer
cds	no	alcavot
re	no	màfia italiana
ddp	yes	idiota
qas	no	bèstia
re	no	abusos de poder
cds	no	escura pisos
ps	yes	hispà
an	no	somicaire
svp	no	amour propre
cds	no	falsedat
qas	no	equip
re	no	acte de terrorisme
is	yes	antagonista
om	no	cabal
asm	no	panoli
dmc	yes	tap de bassa
rci	yes	pallús
qas	no	masiaire
cds	no	pistoler
ddf	yes	discapacitats físiques
asm	no	marró fosc
an	no	gallineta nòrdica
an	no	meuca
ddp	yes	portaplatets
cds	no	corresponsal
qas	no	treballador agrícolo
asf	no	tòtil
qas	no	bumbler
qas	no	empresari nord-americà
cds	no	corredor
cds	no	ficada de pota
qas	no	rebuig
re	no	assalt
ddf	yes	nap-buf
an	no	escòria
an	no	cucs marins
asf	no	petitesa
an	no	caragol de borgonya
an	no	pollós
cds	no	xerraire
ddp	yes	fill de puta
ddf	yes	caguerot
ddf	yes	menyspreable
ddp	yes	bestiesa
an	no	avar
an	no	megascops
an	no	rouncey
asm	no	sabata
an	no	au de minerva
cds	no	poble
asf	no	capfluix
an	no	brau
an	no	covard
pr	no	cortesana
asm	no	burlar-se
ddp	yes	muttonhead
ps	yes	encreuament
or	no	col vera
cds	no	senyor del crim
qas	no	comú
an	no	gosset
pr	no	bestiar boví
an	no	Íbex
ddp	yes	farfutalla
asm	no	ballock
pa	yes	peixater
asf	no	retardar
an	no	bisó americà
cds	no	dandi
dmc	yes	pallassos
cds	no	mentida
cds	no	murri
cds	no	trepa
pr	no	bous
is	yes	mendicant
asf	no	chump
an	no	arrufar el nas
or	no	ingenu
asm	no	vara
om	no	darrere
an	no	asticot
an	no	bec
ps	yes	nigra
rci	yes	bàrbar
svp	no	desgrat
cds	no	fanfarró
dmc	yes	passar-tot
svp	no	colèric
ddf	yes	discapacitat
asf	no	pallús
qas	no	vividor
qas	no	el líder empresarial
om	no	termes anatòmics de localització
dmc	yes	bufó
ddp	yes	chismero
is	yes	escàs
pa	yes	pastors
an	no	athene noctua glaux
re	no	malvat
cds	no	bagasser
cds	no	gos de raça mixta
an	no	agarrat
asm	no	fer l'amor
rci	yes	bast
cds	no	groller
is	yes	indigent
cds	no	git
cds	no	unitats japoneses de mesura
ddp	yes	estupiditat
ddp	yes	idiotesa
cds	no	blackballing
asm	no	àmplia fesol
ps	yes	comunitat negre
or	no	creïlles
asf	no	entrecuix pèl
pa	yes	corporal
cds	no	saberuda
ps	yes	retrassat
asf	no	nimietat
asm	no	faba vulgaris
ps	yes	vàndals
pr	no	putes
cds	no	xafarderia
pa	yes	bàrbars
an	no	toix
svp	no	irat
qas	no	barroc arquitectònic
om	no	gai
om	no	burro
or	no	cap buit
ddp	yes	folderol
cds	no	insolència
re	no	assaltament
svp	no	acaparador
re	no	lladre
asf	no	canviants
an	no	pseudepidalea
pr	no	rata comuna
asm	no	ximple com un nen
ps	yes	gamarús
ps	yes	negroide
cds	no	gobs
cds	no	goril·la
an	no	oca
svp	no	ronyosa
cds	no	escòria
an	no	xinxa
cds	no	llepaculs
an	no	branta bernicla
ddf	yes	minusvalidesa
cds	no	pudden de cap
ddp	yes	variat i globitos
cds	no	pallús
ps	yes	half-breed
an	no	eurypterida
om	no	cul
re	no	delicte sexual
cds	no	devorar
re	no	atracament a mà armada
dmc	yes	pestilència
om	no	marieta
cds	no	narcism
an	no	sus domestica
an	no	be
an	no	lladruc
re	no	poca-pena
ddp	yes	bêtise
ddp	yes	ximplet
ddp	yes	blabbermouth
cds	no	bordells
ddp	yes	totxo
qas	no	empresari
cds	no	urc
om	no	anatomia descriptiva
cds	no	tribal
dmc	yes	2 avaluador
cds	no	embolic
pr	no	marcolfa
an	no	implacabilitat
cds	no	saberut
ddp	yes	retardar
an	no	furor
om	no	caudalment
ddp	yes	endarreriment
cds	no	criminal desesperat
an	no	capra hircus
cds	no	truc literari
cds	no	mestressa
svp	no	avariciós
cds	no	gigoló
dmc	yes	poca-pena
cds	no	bàrbar
qas	no	bola
an	no	especulador
cds	no	idòlatres
cds	no	préstecs de diners
re	no	prevaricació
cds	no	diabló
svp	no	triganer
ps	yes	mestís
asm	no	avafauna
pa	yes	pescatera
cds	no	cercle interior
cds	no	múrria
cds	no	feixistes
cds	no	cagada
re	no	apresador
cds	no	moneygrubber
qas	no	baturrillo
ddp	yes	crèdul
an	no	marfanta
or	no	nap salvatge
cds	no	perseguidor
ps	yes	terròs
cds	no	mentider
an	no	ranci
cds	no	extrema dreta
cds	no	literata
cds	no	vol
cds	no	marrà
cds	no	alcavota
an	no	caimans
an	no	vilana
cds	no	conspiracions
cds	no	règim feixista
an	no	serp a l'herba
asm	no	estafar
ddp	yes	doofus
dmc	yes	lladregot
cds	no	fartar-se
dmc	yes	ètica
dmc	yes	fetor
qas	no	barroc
dmc	yes	groller
pa	yes	professor extraordinari
qas	no	cabana
re	no	difamació
cds	no	nyap
re	no	tempestós
an	no	oca oca
cds	no	immovilista
dmc	yes	delinqüent
cds	no	gentada
qas	no	erudit a la violeta
an	no	rucs
re	no	acte criminal
qas	no	sistema de castes
an	no	salientian
an	no	gossa
cds	no	novel barata
cds	no	exèrcit
cds	no	relíquies cristianes
an	no	carcharodon
svp	no	superbia
dmc	yes	persona sense llar
pa	yes	pastor d'ovelles
re	no	agressió sexual
pa	yes	institut
ps	yes	krauthead
ps	yes	romani
cds	no	mestís
an	no	sangoneres
dmc	yes	dissolut
ps	yes	asiàtics
re	no	maligner
cds	no	engany
or	no	patatera
an	no	oques
svp	no	avariciosa
ps	yes	negroides
qas	no	home de negocis
asm	no	erecció del penis
cds	no	rentar habitació
cds	no	hubris
an	no	puta
an	no	porquet
cds	no	xulo
re	no	violada
re	no	estafador
svp	no	iracund
an	no	ibex
ddp	yes	barroer
qas	no	amateurisme
cds	no	descaradura
asf	no	sabata
an	no	canal de baixos
dmc	yes	estafador
an	no	bordar
an	no	ordinariesa
cds	no	talòs
dmc	yes	desemparat
pa	yes	pagès
pa	yes	talòs
cds	no	retardat
an	no	incompetent
asf	no	simplón
cds	no	trabucança
ddp	yes	discapacitat mental
cds	no	desnerit
or	no	capsigrany
cds	no	splashiness
is	yes	ronyós
ddp	yes	retràs mental
an	no	conills
cds	no	reaccionari
an	no	canis canis
cds	no	enfaristolament
cds	no	cúmul
cds	no	rondinador
dmc	yes	bumbler
qas	no	eloqüència
pa	yes	acadèmica
re	no	gàngster
pa	yes	defensor
or	no	fada
an	no	deixat
cds	no	barreja
om	no	home gai
pr	no	alta societat
dmc	yes	engany
dmc	yes	feroç
an	no	barroeria
is	yes	incòmode
qas	no	desgraciat
cds	no	pel·lícula
qas	no	pallús
an	no	ovis aries
svp	no	mesquina
dmc	yes	taujà
cds	no	satisfacció de si mateix
svp	no	llaminer
an	no	billy goat
cds	no	trola
re	no	estupre
an	no	microbis
cds	no	latrines
qas	no	medieval
asm	no	xítxero
pr	no	rattus
dmc	yes	diabló
ddp	yes	bovo
ddf	yes	mutilat
svp	no	aïrat
svp	no	hauteur
an	no	mandrós
re	no	infracció
om	no	shirtlifter
re	no	violació de menors
asm	no	marró
dmc	yes	conque
ddp	yes	cap de turc
svp	no	scrooge
an	no	bandarra
cds	no	alterós
qas	no	ideòleg
dmc	yes	desaplicat
dmc	yes	fortor
rci	yes	salvatge
svp	no	rondinaire
qas	no	mescla
dmc	yes	funest
qas	no	gorrista
an	no	cabró
cds	no	facció
qas	no	granger
asm	no	ithyphallic
asf	no	cap de turc
cds	no	grunge
cds	no	gomós
re	no	lladre de bestiar
or	no	taronja cremat
pa	yes	tosquedat
an	no	taurons blancs
ddp	yes	metazoic
cds	no	weisenheimer
cds	no	escòria borsa
svp	no	afamat
an	no	imbecil·litat
or	no	bord
cds	no	musulmans fonamentalistes
qas	no	tasques de la casa
qas	no	boig
pa	yes	prof
ddp	yes	barbàrie
dmc	yes	peresós
cds	no	dolent de ficció
an	no	prostitució masculina
re	no	delinqüents
cds	no	delicte criminal
cds	no	cientificisme
cds	no	prepotent
cds	no	professor
cds	no	lladre d'estar per casa
an	no	antagonista
an	no	athene noctua saharae
asm	no	titola
an	no	obstinat
ddf	yes	desagradable
cds	no	contrarevolucionari
qas	no	embolic
an	no	cabra-antílop
asm	no	curt
om	no	travestit
svp	no	irascible
qas	no	partidari
an	no	engany
an	no	diddly esquat
ps	yes	mongols
re	no	capturer
an	no	voltor lleonat
or	no	tonto
ddf	yes	distorsionat
dmc	yes	trapella
cds	no	ostentació
qas	no	escòria
an	no	dolent
cds	no	delinqüent juvenil
an	no	fera
asf	no	gilipolles
svp	no	tírria
svp	no	gola
re	no	robatoris a mà armada
svp	no	peresa
asm	no	pixa
cds	no	conventículos
cds	no	indicador
an	no	ronyós
svp	no	enveja
om	no	nyicris
ddf	yes	persona cega
or	no	spud
ddp	yes	adolescent
cds	no	picardiosa
cds	no	barrut
cds	no	tosc
dmc	yes	falsia
cds	no	servici
ddp	yes	xafarder
cds	no	amour propre
ps	yes	búlgars
cds	no	usura
an	no	caprí
an	no	pediculosi
ps	yes	bàrbar
dmc	yes	mentider
asf	no	nena
cds	no	variat i globitos
re	no	personatge antagònic
dmc	yes	frívol
cds	no	francmaçó
asm	no	cardar
ddf	yes	tap de bassa
asm	no	cardada
ddp	yes	obtús
pa	yes	conserge
om	no	ventrolateral
cds	no	venal
dmc	yes	mala persona
cds	no	wuss
qas	no	agricultor
svp	no	acídia
om	no	cross dresser
an	no	trabucament
an	no	pillet
svp	no	enfaristolament
qas	no	àmbit mà
cds	no	lladre de pisos
pa	yes	controlador
ps	yes	tarjeta amarilla
cds	no	estafador
cds	no	nan
cds	no	fillet
qas	no	retòricament
cds	no	tonto
an	no	estrigiformes
dmc	yes	falsedat
pa	yes	bèstia
cds	no	entremaliadura
qas	no	burghers
an	no	gasiva
om	no	marica
an	no	rostre
cds	no	tercer
pr	no	bardaixa
an	no	merda
asm	no	ocells
svp	no	gourmandizer
asm	no	escarnidor
pa	yes	bàrbar
dmc	yes	bandolerisme
an	no	gos brut
cds	no	oficial de correcció
cds	no	mangui
an	no	vaca
svp	no	rapacitat
cds	no	autolatry
an	no	moŀlusc
svp	no	desig sexual
re	no	bandits
re	no	delicte
asm	no	apèndix
cds	no	entremaliadures
cds	no	garneu
an	no	pollastre domèstic
cds	no	fonamentalisme religiós
cds	no	mitrat
an	no	conill
dmc	yes	dolorit
an	no	dolenta
an	no	gènere vipera
asf	no	talòs
or	no	finocchio
ddp	yes	saltimbanqui
pa	yes	carreter
qas	no	ficar la pota
qas	no	parceria
an	no	rossí
qas	no	pobletà
qas	no	usual
cds	no	'ndrangheta
pa	yes	diplomàtic
cds	no	adulador
cds	no	palles
ps	yes	jueva
is	yes	esparracada
qas	no	pintor
an	no	estúpidament
pr	no	adúltera
dmc	yes	trifler
an	no	hirudinean
svp	no	rancuniós
svp	no	cobdícia
cds	no	intolerant
qas	no	exaltat
re	no	stealer
ddp	yes	ingenu
an	no	gossos
ps	yes	regne vàndal
pa	yes	empresari de pompes fúnebres
dmc	yes	principis morals
an	no	microbiana
re	no	infamador
svp	no	gasiu
an	no	mula
cds	no	prestador
cds	no	palla
cds	no	blooper
qas	no	parròquia
cds	no	fundamentalisme
an	no	fesomia
re	no	vilà tràgic
cds	no	curt
svp	no	desagradable
qas	no	barroquisme
cds	no	magisteri
pa	yes	trompellot
svp	no	gasiveria
dmc	yes	pobre diable
cds	no	aigües residuals domèstiques
qas	no	parasitària
cds	no	teòrics de la conspiració
an	no	desnerit
or	no	marica
dmc	yes	mediocre
dmc	yes	bàrbars
pr	no	bajanada
an	no	antílop cabra
dmc	yes	fora de la llei
pa	yes	comptadors
qas	no	burgès
cds	no	pasma
an	no	carn de pollastre
qas	no	burgesa
an	no	microbians
dmc	yes	moralitat
asm	no	patsy
an	no	canis familiaris
an	no	metazoic
dmc	yes	bandit
cds	no	bergant
re	no	màfia siciliana
asm	no	pèsols
ddp	yes	sòmines
cds	no	idiotisme
svp	no	dallier
cds	no	ficar la pota
asm	no	turma
cds	no	baladista
cds	no	narcisisme
ddp	yes	nanocephaly
qas	no	paràsit
re	no	assalt sexual
svp	no	esquerp
cds	no	casino
an	no	escorpí marí
an	no	cimícid
ddp	yes	idiotisme
an	no	escurçó comú europeu
pa	yes	professors
is	yes	pobresa
qas	no	plepa
an	no	gripau europeu
cds	no	bany
svp	no	escuracassoles
ps	yes	darky
re	no	raptio
qas	no	espifiar
pa	yes	porter
om	no	homosexualisme
cds	no	interfertilidad
ps	yes	interfertilidad
dmc	yes	dropo
qas	no	dídim
cds	no	estiba
dmc	yes	pispa
re	no	violència
om	no	nance
dmc	yes	malvat
is	yes	miserable
cds	no	exigent
cds	no	nimfòmana
ddp	yes	llanut
cds	no	potiner
cds	no	miserable
dmc	yes	sense llar
ps	yes	enze
svp	no	fartaner
dmc	yes	malgastador
ddf	yes	deformat
an	no	rhaebo
an	no	carrer
asm	no	follar
is	yes	desafortunat
re	no	miserable
cds	no	ñoño
pa	yes	porc carnisser
is	yes	marginat
re	no	segrestador
ps	yes	lugions
an	no	dels polls del cos
an	no	cuca panera
or	no	monya
ddf	yes	handicap
re	no	falsedat maliciosa
pa	yes	camàlic
qas	no	falsia
re	no	instrument de tortura
pr	no	nois de lloguer
cds	no	fascisme
ddp	yes	inepte
pr	no	dama del plaer
cds	no	francmaçons
cds	no	perspicaciousness
om	no	fada
an	no	crocodili
an	no	bisonte
re	no	dolent
ps	yes	bedu
re	no	pirateria
qas	no	bluf
asm	no	ocell minúscul
qas	no	botiguer
an	no	ovella domèstica
pa	yes	professor d'investigació
cds	no	idolatrar
is	yes	vilà
an	no	paràsit
re	no	lladre de pisos
pr	no	concubinat
cds	no	protèrvia
qas	no	ou
cds	no	eclesiàstic
dmc	yes	gàngster
an	no	bufo bufo
cds	no	enrenou
an	no	anur
ps	yes	mongoloide
ps	yes	curt
an	no	fullaraca
cds	no	missatger
cds	no	letrina
cds	no	sequaços
an	no	criatura
cds	no	pompositat
svp	no	tightfistedness
cds	no	castell
an	no	òliba
dmc	yes	falsa
om	no	travestis
cds	no	mustigar-se
is	yes	pària
an	no	poll comú
an	no	euriptèrid
svp	no	eros
qas	no	rebutjar
cds	no	juntament
an	no	ruc
dmc	yes	falsejat
cds	no	beneit
dmc	yes	avar
qas	no	divulgement
ps	yes	idiota
ddp	yes	simple
an	no	canis aureus
ps	yes	desventurat
re	no	calvari
cds	no	cregut
svp	no	còlera
cds	no	bungle
an	no	nyicris
qas	no	circ
dmc	yes	malfeiner
dmc	yes	gangsterisme
ddp	yes	ase
dmc	yes	nefand
re	no	violació forçada
dmc	yes	ranci
qas	no	revoltoso
an	no	microorganisme
ps	yes	tòtil
an	no	brutal
cds	no	hauteur
cds	no	peó caminer
ps	yes	ascendència africana
re	no	plagiar
pr	no	noruega rata
dmc	yes	1 2 pinta
dmc	yes	dissimulació
ddp	yes	senzill
asm	no	faves
qas	no	llagrimós
qas	no	mescla homogèna
dmc	yes	codi moral
cds	no	sever
cds	no	bàrbars
cds	no	claveguera
is	yes	raquític
or	no	trompítxol
svp	no	butzinaire
asm	no	anglès fesol
an	no	devorador d'homes
asf	no	folderol
qas	no	afeccionat
cds	no	bany públic
qas	no	trola
is	yes	captaire
cds	no	pajero
cds	no	baturrillo
asm	no	toix
cds	no	lavabo públic
om	no	aboral
svp	no	fúria
an	no	insecte
cds	no	estudiós
asm	no	talòs
ddf	yes	guerxo
cds	no	clans
an	no	peix escorpí
qas	no	espifiada
an	no	humanus
pr	no	hetàira
qas	no	maquillar-se
om	no	transformista
dmc	yes	maligne
re	no	criminal
re	no	bergant
re	no	delicte criminal
dmc	yes	bandolers
cds	no	violència de colles
cds	no	morir-se
om	no	penetració anal
an	no	coqueta
cds	no	satiriasis
cds	no	gandul
is	yes	dolent
an	no	gripaus
asm	no	idiotisme
cds	no	mestra
cds	no	pelleringa
pa	yes	verdulaire
cds	no	mestre
cds	no	transgressor
cds	no	berganteria
ddp	yes	estirabot
an	no	psitacciformes
is	yes	inoportú
ps	yes	ostrogoda
an	no	athene noctua
ps	yes	jigaboo
dmc	yes	malenconiós
an	no	american buffalo
dmc	yes	balafiador
qas	no	engany
pr	no	rata de claveguera
an	no	farfutalla
pr	no	vaca
dmc	yes	pària
asm	no	tacte suau
re	no	crim
pa	yes	director de pompes fúnebres
asm	no	bordeus
pr	no	bestiesa
an	no	ploraner
pr	no	xapa
asf	no	totxo
cds	no	bebé
cds	no	prelat
pa	yes	professor universitari
re	no	proscripció
an	no	escombreu owl
asf	no	enze
an	no	inepte
asf	no	ruc
pr	no	bovins domèstics
re	no	comportament criminal
svp	no	set pecats capitals
dmc	yes	pallasso
cds	no	gargotejar
cds	no	bebè
dmc	yes	carrer
qas	no	industrials
re	no	torturar
cds	no	chiseller
dmc	yes	farsant
ps	yes	cap de turc
qas	no	hobby
ps	yes	romanís
re	no	rapinya
cds	no	babau
cds	no	finagler
ddp	yes	metazoa
om	no	extrem posterior
an	no	pertinaç
cds	no	truckler
cds	no	pispa
cds	no	porc
ps	yes	negror
an	no	wuss
cds	no	ferralla
an	no	corball ocel·lat
qas	no	bunyol
svp	no	mesquí
an	no	eurypterid
an	no	somera
an	no	tocatardà
or	no	gai
dmc	yes	brúixola moral
dmc	yes	vagància
svp	no	furor
an	no	dèbil
ddp	yes	porc
cds	no	excepte
qas	no	barons
an	no	athene noctua plumipes
svp	no	invidia
an	no	diddlysquat
dmc	yes	bandits
ddp	yes	pueril
asf	no	retardat
or	no	estrany
re	no	pervers
cds	no	egoisme
cds	no	hipersexual
re	no	violació de la llei
cds	no	avisador
cds	no	intrigant
an	no	bisons americans
dmc	yes	perjudicial
cds	no	agressor
cds	no	sagal
asf	no	farfutalla
pr	no	gàngster moll
cds	no	zelotes
an	no	cabra
cds	no	bandits
re	no	delicte-només
asf	no	fullaraca
cds	no	violació de la llei
cds	no	dweeb
qas	no	turmentar
svp	no	buidesa
re	no	injúria
an	no	athene noctua orientalis
an	no	marranxó
re	no	furtador
an	no	gènere capra
cds	no	reverenciar
om	no	aristòcrata
is	yes	avara
asf	no	estaquirot
an	no	mules
an	no	vaques
asf	no	tecnicisme
ddp	yes	fullaraca
svp	no	fastig
is	yes	avariciosa
cds	no	bufanúvols
qas	no	falsa
cds	no	agitador
an	no	bisó europeu
dmc	yes	pudor
or	no	pobre peix
re	no	andrangheta
cds	no	capitost
asm	no	culoti
cds	no	conformista
qas	no	retòrica
an	no	anguil·liforme
pa	yes	politicaire
cds	no	setciències
pa	yes	professor ordinari
an	no	doodly-esquat
an	no	avariciosa
cds	no	corruptible
dmc	yes	nap-buf
re	no	sofriment
an	no	pelleringa
dmc	yes	infeliç
cds	no	cientifisme
asm	no	camp de fesol
cds	no	sonny boy
ps	yes	moro
qas	no	groller
an	no	anguil·liformes
cds	no	trampós
cds	no	fer-se una palla
dmc	yes	imitat
an	no	culícids
cds	no	tomfool
asf	no	idiota
ddp	yes	taleteller
svp	no	galvana
an	no	lapsus linguae
cds	no	rezongante
qas	no	habitual
om	no	apical
dmc	yes	hipòcrita
cds	no	família línia
svp	no	fums
svp	no	ira
cds	no	colles
an	no	athene noctua vidalii
an	no	bous
om	no	coit anal
pr	no	buncombe
qas	no	mescladissa
qas	no	endoparàsit
ddp	yes	retardat
asm	no	escarni
an	no	vampiressa
ddf	yes	mal
an	no	asní
cds	no	protagonisme
cds	no	sagaç
an	no	tanoca
an	no	familiaris
cds	no	perspicacitat
pa	yes	tartaner
an	no	bestiar
asm	no	àmplia planta de fesol
qas	no	divulgació
pa	yes	taquiller d'estació
an	no	oví
an	no	tòtil
ddp	yes	imbecil
an	no	bufo
om	no	dama
asm	no	carall
an	no	dolent de ficció
is	yes	dolenta
re	no	bandit
re	no	lladre armat
ps	yes	israelita
an	no	infauna
cds	no	remugador
cds	no	carcerari
cds	no	nyepa
om	no	distint
an	no	tortuga
asm	no	bollocks
ddp	yes	ruc
an	no	cucs
ddp	yes	zooerasty
re	no	tempestuós
svp	no	malèvol
qas	no	excitat
dmc	yes	falòrnia 
is	yes	pobresa voluntària
qas	no	embull
svp	no	agressiu
ddp	yes	animals
ddp	yes	insuls
cds	no	mocós
cds	no	estratagema
cds	no	lactant
dmc	yes	desgraciat
an	no	prostitució al carrer
re	no	improperis
asf	no	mossa
om	no	contralateral
is	yes	poca-pena
an	no	obtús
ddp	yes	destraler
ddf	yes	mobilitat reduïda
re	no	abús contra l'honestedat
cds	no	newswriter
an	no	estupidesa
dmc	yes	janot
om	no	diferent
ps	yes	zulu
re	no	raptor
cds	no	bellyacher
qas	no	home comú
qas	no	magnats
cds	no	parents
svp	no	enutjat
pa	yes	advocada
an	no	suid
re	no	maldient
an	no	folderol
an	no	mosquits
svp	no	mandra
svp	no	antipatia
cds	no	residus municipals
cds	no	escolàstic
cds	no	cap de colla
cds	no	escarabat
or	no	tater
asm	no	bovo
qas	no	camperol
ddp	yes	ximpleries
pr	no	bruixa
ddp	yes	infantil
re	no	martiritzar
dmc	yes	foetor
cds	no	poruc
cds	no	prankishness
cds	no	venerar
pr	no	gigoló
cds	no	amor propi
ps	yes	bèstia
cds	no	graneua
asf	no	bajanada
re	no	segresta
re	no	delicte greu
re	no	robatori a gran escala
ddp	yes	pallús
re	no	debaucher
asf	no	vaginal
dmc	yes	ruc
dmc	yes	lowlife
cds	no	porqueria
qas	no	arquitectura barroca
an	no	idiota
asm	no	ruc
qas	no	ficada de pota
cds	no	endrapar
qas	no	monger
ddp	yes	salvatgeria
ps	yes	ruiner
cds	no	tap de bassa
dmc	yes	pesta
asm	no	fava
an	no	porc domèstic
pr	no	putero
an	no	hemipteron
an	no	cabra domèstica
ddf	yes	lletjor
ddp	yes	imbecil·litat
an	no	miula
qas	no	tagalong
an	no	genus anguilla
cds	no	brivallada
om	no	bujarró
ddp	yes	eixarmador
cds	no	whiner
cds	no	piscina pressionant
an	no	xuclant poll
ddp	yes	bàrbar
ddp	yes	debilitat mental
an	no	voltor
qas	no	acolitat
pr	no	bou
ddp	yes	bajà
re	no	tortures
cds	no	perspicaç
is	yes	intolerant
svp	no	geniüt
an	no	vandijkophrynus
an	no	miserable
an	no	hoax
dmc	yes	ronsejaire
an	no	gos domèstic
om	no	tush
dmc	yes	vague
an	no	mosquit comú
an	no	cargol bover
om	no	ase
cds	no	crim
asm	no	mofaire
svp	no	inactivitat
cds	no	cientista
re	no	mocós
an	no	zooerasty
ps	yes	beneit
asf	no	crèdul
cds	no	estúpid
dmc	yes	pallús
qas	no	testicular
an	no	tosquedat
an	no	pollastres
cds	no	un ràpid
cds	no	manyoc
asm	no	gamarús
an	no	tauró blanc
dmc	yes	blunderer
cds	no	pila
cds	no	astut
pa	yes	misser
ddp	yes	malparit
cds	no	rebuig
qas	no	tafaner
qas	no	falòrnia
cds	no	dolenta
cds	no	demagògic
an	no	mala persona
dmc	yes	mozzarella
asm	no	pal
cds	no	grunge música
cds	no	morir
cds	no	furtador
cds	no	flub
an	no	alfeñique
re	no	detectiu d'homicidis
cds	no	lladres
cds	no	conspirador
asm	no	estaquirot
qas	no	mescla homogènia
cds	no	sassing
re	no	plagiat
cds	no	newspaperwoman
an	no	saqueig
an	no	donota
an	no	muttonhead
re	no	calúmnia i difamació
asf	no	patata
pa	yes	ministre
re	no	defraudador
ps	yes	estaquirot
ps	yes	mestissatge
cds	no	aparatositat
re	no	abús d'autoritat
cds	no	paper impulsor
re	no	abús sexual
is	yes	pervers
qas	no	paràsits
asm	no	fotre
pa	yes	comptabilitat pública
cds	no	mescla
an	no	bisó
ddp	yes	tanoca
pr	no	hellcat
pr	no	barrabassada
cds	no	màfia italiana
om	no	maricó
qas	no	classe mitjana
asf	no	tonto
an	no	puces
cds	no	peresós
dmc	yes	dallier
cds	no	mustiar-se
svp	no	niggardliness
qas	no	confondre
is	yes	malvat
cds	no	beguine
cds	no	animal de ramat
or	no	ximple
an	no	wisent
an	no	xacal
om	no	poove
ps	yes	híbrid artificial
svp	no	enfadat
dmc	yes	fabricant
re	no	fora de la llei
svp	no	inflor
or	no	clepsa
cds	no	xafardejar
dmc	yes	bufons
ddp	yes	palla
re	no	traducer
qas	no	arrendatari
dmc	yes	pel·lícula
an	no	atac de tauró
cds	no	altisonància
svp	no	cobejança
pr	no	carrer
is	yes	pobresa urbana
svp	no	luxúria
svp	no	altivesa
asm	no	europea de fesol
re	no	allevança
pr	no	àulic
asm	no	tonto
ps	yes	vàndal
cds	no	cockup
pr	no	serveis sexuals
svp	no	ociós
an	no	fauna
an	no	ragtag
asm	no	color granat
cds	no	taujà
an	no	cimícids
pr	no	rata marró
qas	no	melodramàtic
cds	no	bandes de carrer
qas	no	testicles
is	yes	suplicar
an	no	per crocodilia
qas	no	gossera
re	no	bravura
cds	no	festa
an	no	selacimorf
cds	no	orgull
cds	no	vaunter
cds	no	enigma
cds	no	virosta
dmc	yes	avariciós
cds	no	grotesc
svp	no	rabiós
cds	no	astúcia
cds	no	munió
an	no	sus domesticus
re	no	grifter
asf	no	figa
an	no	caragol de terra
an	no	poll
an	no	sangonella
cds	no	salvatge
an	no	carrer noia
pr	no	disbarat
svp	no	bo-per-res
re	no	extorsionar
is	yes	misèria
qas	no	fumbler
asm	no	cafè
dmc	yes	poriomania
cds	no	bast
re	no	captora
cds	no	malfactor
an	no	mollusca
qas	no	multitud
qas	no	testicle
an	no	bison bonasus
cds	no	galimaties
an	no	athene noctua ludlowi
an	no	salvatjada
dmc	yes	trasto
an	no	strix varia
an	no	hiènids
ddf	yes	repugnant
an	no	brutalitat
is	yes	pobre diable
cds	no	desferra
cds	no	hack d'escriptor
re	no	grand theft
ddf	yes	1 2 pinta
cds	no	ampul·lositat
dmc	yes	predelinqüent
cds	no	estafa
an	no	xot petit
svp	no	altivitat
om	no	sexe anal
an	no	escargot
svp	no	parsimònia
qas	no	feligrès
dmc	yes	personatge antagònic
svp	no	malhumorat
cds	no	agent
an	no	burro
dmc	yes	brutes
re	no	murmurador
asm	no	brownness
cds	no	cretí
ddf	yes	geperut
dmc	yes	mala olor
qas	no	caseta del gos
re	no	robatori
an	no	ignorant
cds	no	falòrnia 
cds	no	estrany
an	no	ximple
cds	no	inodor instal · lacions
re	no	calúmnia
ddp	yes	bàmbol
cds	no	malparit
ddp	yes	inintel·ligència
is	yes	ranci
ddp	yes	simplón
qas	no	xusma
ddp	yes	animalia
svp	no	rasadora
cds	no	ves bleu
an	no	cornut
cds	no	diableria
cds	no	swaggerer
an	no	burra
ps	yes	romanins
qas	no	gos coniller
an	no	ganso
cds	no	fatuïtat
re	no	segrest
an	no	maimó
cds	no	prestadors
an	no	anguilla
an	no	musell
ddf	yes	minusvàlid
cds	no	emmusteir-se
ddp	yes	no saben res
pa	yes	lector
ddp	yes	cabró
cds	no	intel · lectual
ps	yes	ximple
svp	no	atracció física
re	no	activitats il · legals
ddp	yes	pobre peix
svp	no	tanha
cds	no	novell
an	no	lloro
asm	no	neci
an	no	megascops asio
or	no	gais
re	no	xantatgista
qas	no	flub
is	yes	escurat
qas	no	barrejadissa
cds	no	ximple com un nen
cds	no	elació
cds	no	deixat
qas	no	nau abandonada
an	no	barrut
cds	no	tap
asm	no	fal·lus
qas	no	llast
an	no	salvatgeria
or	no	cucumis sativus
qas	no	endoparàsits
an	no	vipèrid
cds	no	guàrdia
qas	no	conformista
an	no	porco
cds	no	banys
or	no	tomàquet
pa	yes	jesuític
an	no	phthiraptera
ps	yes	rommany
ddp	yes	canviants
re	no	violació
dmc	yes	acaparador
asm	no	masturbació
ddp	yes	estaquirot
om	no	atracció del mateix sexe
dmc	yes	criminal
cds	no	proscripció
re	no	defraudar
svp	no	irritable
cds	no	ensarronada
qas	no	industrial
dmc	yes	baix
an	no	Íbexs
cds	no	latrina
an	no	xinxa dels llits
qas	no	castes
cds	no	híbrid artificial
dmc	yes	tacany
cds	no	chismero
qas	no	derelicte
re	no	pispar
cds	no	prepotència
an	no	barbaritat
om	no	homosexualitat
re	no	assassinat
cds	no	carnús
asm	no	fal · lus
asm	no	idiòcia
cds	no	scrawler
an	no	blatodeu
ddp	yes	oligofrènia
cds	no	fonamentalistes islàmics
re	no	pirateria marítima
cds	no	teoria conspirativa
an	no	llanut
re	no	lluita armada
dmc	yes	bola
asm	no	fer befa
ddp	yes	frau en l'atenció
cds	no	malfeiner
qas	no	arrendataris
cds	no	sagacitat
svp	no	miserable
om	no	no occidentalitzades conceptes de la sexualitat masculina
or	no	llanut
dmc	yes	ressaguer
is	yes	pocavergonya
an	no	penques
svp	no	fart
re	no	assaltament a mà armada
cds	no	desordre
an	no	sus scrofa domestica
is	yes	pobre
ddp	yes	pillock
cds	no	activitats delictives
cds	no	clan
cds	no	parlar de nou
svp	no	ravenousness
an	no	papallona del bedoll
an	no	cutxo
asm	no	fer un clau
or	no	xona
cds	no	engolir
ps	yes	hebrea
cds	no	persona desaliñada
svp	no	jactància
cds	no	gàngster
an	no	ràbia
cds	no	sub-clan
ddp	yes	cul
asm	no	pallús
svp	no	impacient
an	no	xot
an	no	mol · luscs
svp	no	lasciu
pr	no	moo-vaca
asf	no	imbècil
asm	no	pisum sativum
ps	yes	sòmines
pa	yes	agregat
re	no	cosa nostra
qas	no	barraca d'horta
cds	no	dastardliness
or	no	idiota
an	no	vilà tràgic
om	no	noble
ps	yes	mongoloides
cds	no	gilipollas
an	no	beneit
cds	no	problema
cds	no	ídol adoració
cds	no	afeccionat
cds	no	mafiosos
svp	no	ociositat
ddp	yes	reclús
an	no	grolleria
cds	no	ploramiques
is	yes	gasiu
om	no	crossdress
svp	no	desaplicat
dmc	yes	déu entabanador
qas	no	pagesia
cds	no	cançoneria
pa	yes	intercessor especial
an	no	mol·luscs
qas	no	comerciant
cds	no	narcisista
an	no	blatoideus
pa	yes	xarcuter
svp	no	taquineria
an	no	bou
ddp	yes	bèstia
qas	no	senyorial
an	no	polls
ddp	yes	potiner
svp	no	dropo
is	yes	avariciós
dmc	yes	prevaricador
ddp	yes	portanoves
cds	no	préstec de diners
or	no	trumfes
an	no	granota
cds	no	màfia siciliana
qas	no	ectoparàsit
pr	no	odalisca
cds	no	befa
svp	no	presumptuós
cds	no	desbarrar
an	no	carn porcina
svp	no	maligne
svp	no	ràbia
om	no	pederàstia
an	no	cabra dòmestica
an	no	totxo
re	no	rapinyaire
om	no	drag queen
om	no	anòmal
cds	no	cul-de-sac
ddp	yes	panoli
cds	no	carronya
an	no	cuckold
or	no	cervell
dmc	yes	entremaliat
an	no	personatge antagònic
an	no	granotes
dmc	yes	formatge mozzarella
om	no	sodomita
asm	no	burleta
cds	no	guerra de colles
cds	no	robament
dmc	yes	polissó
an	no	banyut
svp	no	urc
cds	no	religiositat
cds	no	bromista
cds	no	gernació
svp	no	tacany
cds	no	impudència
qas	no	destraler
ddp	yes	gilipolles
cds	no	sòl
cds	no	tracalada
re	no	tortura
qas	no	fer barroerament
re	no	escura pisos
re	no	plagi
ddp	yes	curanderisme
an	no	protelidae
ddf	yes	desactivar
cds	no	periodista
dmc	yes	pesarós
cds	no	espuri
cds	no	guàrdia de la presó
asf	no	fotesa
pa	yes	partidari
dmc	yes	iniquitat
pa	yes	pescateria
pa	yes	economista
ps	yes	uprooter
an	no	microorganismes
qas	no	trepa
ddp	yes	codswallop
pr	no	doxia
re	no	maldiença
an	no	vulgaritat
om	no	sodomia
svp	no	abulia
cds	no	afartar-se
cds	no	poca-vergonya
an	no	marrà
svp	no	elació
an	no	chump
ps	yes	tacte suau
an	no	mol·lusc
asm	no	testicular
asf	no	cretí
asm	no	aves
is	yes	vot de pobresa
qas	no	emborratxar
an	no	nois de lloguer
asm	no	polvet
an	no	xapa
qas	no	potiner
cds	no	negrer
asf	no	estúpid
an	no	cocodrils
cds	no	petimetre
cds	no	trapella
re	no	abusos de les empreses
cds	no	carreró sense sortida
an	no	semblant
cds	no	wisenheimer
an	no	xai
an	no	crocodylian
cds	no	chapucería
an	no	garrepa
cds	no	lowlife
an	no	guau guau
qas	no	frustrar
ps	yes	color negre
an	no	bestiar domèstic
asf	no	bàmbol
qas	no	retòric
is	yes	demanaire
re	no	furt major
ddp	yes	xerrameca
dmc	yes	fètid
an	no	voltors
an	no	unicel.lulars
an	no	virosta
cds	no	monitor
asm	no	pendejo
an	no	ingenu
re	no	matar
cds	no	conspirar
re	no	colèric
an	no	lowlife
cds	no	robatori
ddp	yes	encantat
re	no	escurabutxaques
qas	no	endoparasitisme
asf	no	vagina
re	no	saqueig
an	no	espionatge
ps	yes	judaïsme
qas	no	pesat
an	no	moscard
qas	no	barret dolent
cds	no	atracador
cds	no	tribals
dmc	yes	moral
cds	no	calaix de sastre
qas	no	miserable
dmc	yes	roí
ddp	yes	groller
dmc	yes	enganyosa
or	no	gilipolles
re	no	assassinat en primer grau
qas	no	desventurat
pr	no	bestiar
cds	no	tim
is	yes	mesquina
an	no	brut
dmc	yes	barroer
ddp	yes	illetrat
re	no	agressor
svp	no	futilitat
qas	no	batibull
svp	no	desinterès
ddp	yes	confident
om	no	tita molla
re	no	ferocitat
cds	no	blabbermouth
cds	no	lletrut
cds	no	moralitzador
dmc	yes	git
cds	no	rèprobe
an	no	gentussa
pa	yes	mosso
rci	yes	bàrbars
an	no	diddley
an	no	arnes
qas	no	pagesos
om	no	gay
an	no	paparra
an	no	animálculo
cds	no	subornable
dmc	yes	homuncle
dmc	yes	llibertins
cds	no	conciliàbul
re	no	exactes
cds	no	parlotejar
cds	no	farda
ddp	yes	aturat
an	no	prostituta
dmc	yes	transgressor
pr	no	cortesà
pr	no	carrer noia
an	no	gandul
qas	no	retòrica clàssica
cds	no	rareses
om	no	disminuït
cds	no	casa de putes
ddf	yes	borni
cds	no	bajanada
or	no	carabassa
qas	no	bàrbar
re	no	activitats delictives
cds	no	lapsus linguae
cds	no	groveler
re	no	terrorista
ps	yes	família jueva
pr	no	bagassa
asf	no	xicota
pa	yes	professora
asf	no	bêtise
qas	no	parròquia eclèsiastica
an	no	escurçó
dmc	yes	defraudador
qas	no	trist
pr	no	papallona del bedoll
an	no	bruixa
qas	no	pintar
cds	no	quantitat
an	no	insect
an	no	variat i globitos
cds	no	concurs
qas	no	camperols
pa	yes	empleat
cds	no	poca-pena
pa	yes	funerari
an	no	vilà
cds	no	homuncle
cds	no	desaplicat
ddp	yes	regne animal
qas	no	teste
svp	no	gourmand
cds	no	bumbler
dmc	yes	vilà
or	no	cogombre
qas	no	blooper
asm	no	maxilípedo
cds	no	superb
qas	no	sistema de ponderació busseig
ps	yes	ostrogots
rci	yes	talòs
dmc	yes	repugnant
re	no	pistoler
is	yes	empobriment
om	no	aparador creuat
ddf	yes	coix
dmc	yes	treasonist
asm	no	moixó
qas	no	fieldhand
an	no	ovis orientalis aries
ddp	yes	talòs
asf	no	ximple com un nen
cds	no	tafaneria
rci	yes	llaurador
cds	no	pansir
pr	no	hetaira
dmc	yes	moralment en fallida
om	no	postura corporal
re	no	violent
or	no	brassica rapa
an	no	subordre blattodea
dmc	yes	torrapipes
cds	no	comuna
ddp	yes	terròs
an	no	helix pomatia
or	no	maricó
re	no	torturat
cds	no	propaganda de bústia
cds	no	presumptuositat
an	no	hemípter
cds	no	fill de puta
pr	no	cortesanes
an	no	grassonet
cds	no	baratar
asm	no	aus
om	no	dorsolateral
re	no	dicteri
cds	no	masturbació
cds	no	slews
svp	no	autoestima
cds	no	ficat
an	no	llimac
asm	no	testicle
dmc	yes	vagabunderia
ps	yes	biotecnologia vegetal
asm	no	carall)
an	no	vipera berus
cds	no	bord
or	no	trumfo
asf	no	borrissol púbic
qas	no	pintor de pa sucat amb oli
pa	yes	treballadora
asf	no	bajà
or	no	innocent
an	no	enze
dmc	yes	intelectualoide
asm	no	doofus
dmc	yes	vagabund
an	no	simple
asf	no	cap buit
cds	no	híbrid
re	no	robador
ddp	yes	epifauna
cds	no	cabró
cds	no	dropo
cds	no	esportiu casa
is	yes	pobresa relativa
qas	no	normal
cds	no	robar
cds	no	encantat
an	no	tacany
pr	no	bos taurus
svp	no	ufanós
cds	no	%e2%80%99ndrangheta
an	no	vermell tambor
cds	no	cultura de les colles
ddp	yes	curt
dmc	yes	ronyós
qas	no	calaix de sastre
cds	no	arlot
is	yes	infeliç
re	no	predelinqüent
an	no	xinxa domèstica
is	yes	patètic
dmc	yes	ferotge
om	no	twink
ps	yes	rodamón
svp	no	romancer
qas	no	paparra
cds	no	cacografía
an	no	animálculos
is	yes	scrooge
asf	no	curt
cds	no	arxipreste
is	yes	inapropiat
cds	no	xarlatà
re	no	afanar
cds	no	xarxa de clavegueram
cds	no	conducta criminal
qas	no	desafortunat
an	no	porcs
ddp	yes	sabata
cds	no	empastifada
cds	no	agent de policia
ddp	yes	animal
cds	no	gargot
an	no	tonto
ps	yes	chump
cds	no	empassar se
cds	no	pecador
svp	no	dilly-dallier
an	no	poll del cos humà
cds	no	estenedor
qas	no	posar pegats a
pa	yes	picaplets
or	no	got
cds	no	folderol
pr	no	rata bruna
cds	no	ultraconservador
ps	yes	búlgara
ddp	yes	capsigrany
cds	no	brètol
qas	no	rareses
ddf	yes	lletgesa
qas	no	baronies
cds	no	egolatria
cds	no	puntuacions
re	no	assassina
pr	no	fresca
pa	yes	oficinista
pa	yes	peixateria
dmc	yes	dillydallier
cds	no	llest
dmc	yes	malfactor
svp	no	garrepa
om	no	imitador femení
re	no	sexe crim
or	no	patata
dmc	yes	viciós
qas	no	pífia
ddf	yes	diversitat funcional
re	no	crucifixió
an	no	metazous
pa	yes	comptador
asm	no	fàl·lica
ps	yes	raça i etnicitat en el cens dels estats units
re	no	predelinqüència
qas	no	història
an	no	espoliador
an	no	doneta
om	no	paresa
qas	no	necrotrófico
qas	no	residus municipals
svp	no	fàstic
an	no	brent goose
om	no	nates
dmc	yes	proscrit
qas	no	freeloader
ps	yes	xinesa
ps	yes	totxo
svp	no	no per compte
svp	no	prepotent
svp	no	voraç
qas	no	burgesos
an	no	gasiu
svp	no	fatuïtat
cds	no	missera
cds	no	contemporitzador
an	no	genus capra
om	no	sexualitat masculina
qas	no	paràsita
om	no	derrière
an	no	xacal comú
is	yes	indigents
ddp	yes	criatura
dmc	yes	falòrnia
an	no	truà
an	no	blatodeus
cds	no	gall
or	no	muttonhead
an	no	crocodilians
asm	no	avians
cds	no	bluf
asm	no	dídim
om	no	termes per a la localització anatòmica
asm	no	inintel·ligència
pa	yes	docent
ddf	yes	tap
dmc	yes	caguerot
svp	no	supèrbia
cds	no	line-shooter
dmc	yes	mal
cds	no	deshidratar-se
pr	no	hogwash
ddp	yes	botcher
cds	no	banda
cds	no	història
dmc	yes	pallassa
an	no	broma d'internet
cds	no	regatejar
re	no	xantatge
cds	no	vilà tràgic
an	no	pediculus humanus
cds	no	clerical
an	no	falsa alarma
cds	no	bola negra
pa	yes	advocat criminal
ddf	yes	dolent
cds	no	pandar
pa	yes	empleat d'oficina
an	no	hirudinis
pr	no	esportiu dama
re	no	canalla
ps	yes	romaní
an	no	família cimicidae
cds	no	gos
qas	no	peó
or	no	foeniculum vulgare
re	no	violacions
om	no	plantar
an	no	ftiràpter
pr	no	dona desaliñada
cds	no	cardenal
dmc	yes	tinyeta
dmc	yes	tap
cds	no	activitat criminal
cds	no	don juan
cds	no	muntanya
svp	no	glot
an	no	capfluix
cds	no	amateurisme
cds	no	proscrit
asm	no	pesolera
ddp	yes	cretinisme
cds	no	espifiada
ddp	yes	ximple
an	no	dispositiu d'escolta
ddp	yes	dany cerebral
cds	no	finar
cds	no	nounat
qas	no	matèria homogènia
dmc	yes	traïdor
ps	yes	poble gitano
an	no	mussol comú
cds	no	usurer
pa	yes	professor agregat
is	yes	desgraciat
qas	no	text retòric
an	no	persona incompetent
cds	no	reaccionària
ps	yes	targeta
svp	no	torrapipes
cds	no	mediador
ps	yes	mongol
dmc	yes	vilana
pr	no	dona fàcil
an	no	truja
dmc	yes	atracador
ps	yes	judaisme
an	no	gamarús ratllat
svp	no	protèrvia
an	no	blattodea
an	no	insecte hemípter
om	no	tooshie
ps	yes	zulus
cds	no	xafarder
asm	no	terrós
an	no	arna
re	no	activitat criminal
asm	no	masturbant
svp	no	despectiu
an	no	fúria
om	no	basal
svp	no	arrogant
ps	yes	ostrogot
cds	no	expòsit
cds	no	romanceria
re	no	segrestos
svp	no	irritat
cds	no	ase
re	no	robatoris
an	no	hiena
an	no	brant
an	no	pollastre
cds	no	banys públics
an	no	mollusc
cds	no	1 2 pinta
cds	no	bracer
dmc	yes	bàrbar
cds	no	tren d'equipatge
an	no	porca
cds	no	nen
om	no	somera
or	no	crèdul
cds	no	ploraner
an	no	dumbass
qas	no	cinturó de pes
qas	no	codelincuente
ddp	yes	zooerastia
ddp	yes	ximple com un nen
ps	yes	pallús
ps	yes	mòngol
an	no	porcí
svp	no	vanaglòria
an	no	família anguillidae
ps	yes	Ètnia gitana
dmc	yes	trompellot
ps	yes	retardar
dmc	yes	llibertinatge
cds	no	trabucament
cds	no	religiousism
an	no	athene noctua somaliensis
an	no	limacidae
dmc	yes	hobo
ddp	yes	ximpleria poc amagada
an	no	sloven
ddp	yes	bestial
cds	no	bandidatge
cds	no	portaplatets
an	no	canalla
re	no	organització terrorista
pa	yes	defensors
cds	no	caravana
cds	no	enviat
svp	no	prepotència
ddp	yes	analfabetes
an	no	barbàrie
cds	no	agent de negocis
ddp	yes	estúpid
qas	no	diletant
qas	no	baró
cds	no	càrregues
qas	no	classe professional
re	no	mals tractes
an	no	fisiognòmica
an	no	ñoño
asm	no	babau
cds	no	merder
asf	no	pèl púbic
qas	no	salvatge
cds	no	cap
pr	no	alcavota
dmc	yes	vagabunds
is	yes	fretura
re	no	violava
asf	no	xona
asf	no	animal
dmc	yes	penques
svp	no	frenètic
qas	no	escombraries
cds	no	maçó
cds	no	egoista
pr	no	amistançada
qas	no	residus domèstics
dmc	yes	apòstata
pa	yes	càtedra
asm	no	marronós
an	no	animalculum
is	yes	pillastre
om	no	natges
pr	no	guanyat
cds	no	complaença
qas	no	niu de euga
pr	no	prostitució
cds	no	bufons
dmc	yes	motley fool
asm	no	color marró fosc
dmc	yes	escòria borsa
pa	yes	academicisme
cds	no	clauer
qas	no	aficionats
is	yes	vilana
dmc	yes	llibertí
ddp	yes	majareta
cds	no	petaner
pr	no	puta drogoaddicta
an	no	encantat
an	no	canis domesticus
cds	no	fratria
dmc	yes	motiu ètic
asf	no	tanoca
or	no	simplón
re	no	delinqüent
cds	no	enredada
qas	no	ingressos mitjans
cds	no	familia
an	no	xinxa comuna
qas	no	pertorbador
ps	yes	tanoca
re	no	asaltador
ps	yes	persones d'ètnia romaní
cds	no	híbrids
asm	no	mofar-se
an	no	garrí
ddp	yes	bajanada
qas	no	mentida
an	no	athene noctua impasta
cds	no	oficial de correccions
qas	no	pintor i decorador
asf	no	neci
svp	no	altiu
cds	no	predelinqüent
cds	no	hybris
an	no	conque
cds	no	perspicàcia
ps	yes	talòs
cds	no	rigorista
an	no	fulvus
svp	no	avarícia
cds	no	hipersexualitat
svp	no	indiferència
pr	no	amant
rci	yes	groller
asm	no	follada
cds	no	integrisme islàmic
cds	no	relíquies
re	no	terroristes
an	no	pervers
or	no	capfluix
qas	no	deixalla
cds	no	neonatal
pa	yes	grum
an	no	cargol
re	no	presa
re	no	calumnia
is	yes	avar
dmc	yes	sense sostre
svp	no	superbiós
or	no	nap
qas	no	líder espiritual
cds	no	patsy
cds	no	afaneta
cds	no	perdonavides
cds	no	superbiós
cds	no	basses
cds	no	orgullós
cds	no	espectador
dmc	yes	il·legal
cds	no	retrassat
re	no	exacció
om	no	homoerotisme
an	no	bardaixa
cds	no	petulant
dmc	yes	inútil
pr	no	rates
dmc	yes	desventurat
an	no	vamper
dmc	yes	rodamón
an	no	faldilla chaser
cds	no	remor
qas	no	espatllar
qas	no	trompellot
cds	no	ufanós
cds	no	híbrid natural
an	no	anguilliformes
an	no	cap-roig
ddf	yes	orb
dmc	yes	malesa
an	no	vipera
dmc	yes	grifter
om	no	travesti
ddp	yes	disbarat
cds	no	idiolatry
cds	no	garbuix
asm	no	candidesa
asm	no	jeerer
re	no	captor
asm	no	apèndixs
cds	no	sloven
cds	no	ramat
an	no	diddly-merda
asf	no	innocent
cds	no	pobre diable
ps	yes	judeo
asm	no	tros de cul
cds	no	ultraconservadora
qas	no	baronessa
ddp	yes	salvatge
cds	no	begards
an	no	mosquit
dmc	yes	lladre
ps	yes	neci
dmc	yes	desastre
cds	no	pilot
cds	no	fatxa
svp	no	libidinoso
cds	no	arrogant
cds	no	lladregot
an	no	bestiar cabrum
cds	no	fill natural
cds	no	arrogància
ddp	yes	hooey
an	no	pocavergonya
pa	yes	ministre-conseller
cds	no	fanatisme
an	no	tomfool
pa	yes	defensoria
cds	no	altivesa
asm	no	bêtise
pa	yes	advocadessa
qas	no	cap espiritual
an	no	animal
cds	no	tricker
cds	no	ardit
an	no	bos bonasus
qas	no	cagar-la
ddp	yes	tomfool
svp	no	manta
an	no	cocodril
re	no	assassinats
pr	no	marfanta
cds	no	conspiració
svp	no	lecherousness
asf	no	beneit
qas	no	casot
asm	no	enze
ps	yes	cretí
ps	yes	híbrid natural
re	no	estafa
dmc	yes	infame
cds	no	tafanejar
cds	no	confusió
cds	no	alfeñique
an	no	culex pipiens
ps	yes	hebraisme
asm	no	nookie
svp	no	vanitós
svp	no	desitjós
cds	no	altivitat
qas	no	cambra de pintura
pa	yes	peixateries
an	no	frogspawn
asm	no	retardar
qas	no	rebre
qas	no	llaurador
asm	no	tanoca
qas	no	falòrnia 
dmc	yes	moralistes
svp	no	abúlic
qas	no	altisonància
cds	no	proxenetes
cds	no	espavilat
dmc	yes	pocavergonya
qas	no	brutícia
om	no	lateral
dmc	yes	llastimós
asm	no	sòmines
cds	no	esquirols
asf	no	codswallop
cds	no	escriptor
cds	no	turba
re	no	lladres
om	no	ipsilateral
dmc	yes	fariseu
or	no	creïlla
qas	no	treball d'escriptori
an	no	estrigiforme
re	no	furtar
re	no	assaltant
cds	no	lliures i acceptats maçons
ddp	yes	bastard
cds	no	grup
dmc	yes	afaneta
cds	no	trasto
ddp	yes	inculte
cds	no	casa de prostitució
cds	no	camí carreter
an	no	cimex lectularius
cds	no	crèdul
an	no	boc
qas	no	dutch burghers
cds	no	predelinqüència
an	no	filibuster
re	no	homicida
an	no	gola
pa	yes	advocacia
an	no	truges
cds	no	ballup
om	no	proximal
cds	no	bordell
cds	no	negociar
re	no	abusat
cds	no	escombraries
an	no	git
om	no	senyora
asf	no	changeling
re	no	neonaticidio
cds	no	acte criminal
cds	no	inflor
ddp	yes	babau
dmc	yes	dolent de ficció
is	yes	els que no tenen
om	no	pastes
an	no	bos taurus
an	no	cap de corriol
dmc	yes	mocós
pr	no	hetera
ddp	yes	trompellot
an	no	ca
cds	no	nou-ric
cds	no	coquinesa
ddp	yes	burro
cds	no	jocs de casino
pr	no	socialité
cds	no	barrilaire
cds	no	esquirol
svp	no	goof-off
an	no	ganyolar
an	no	deixar plantat
asf	no	toix
re	no	màfies
cds	no	schoolma'am
pr	no	vaques
cds	no	nimfomania
cds	no	camarilles
or	no	gamarús
an	no	cul domèstic
dmc	yes	romancer
an	no	gripau
cds	no	rata
qas	no	conte
qas	no	fotre
an	no	epifauna
om	no	bord
cds	no	desgraciat
cds	no	fullaraca
ps	yes	inkiness
qas	no	afició
svp	no	mandrós
cds	no	nissaga
is	yes	pidolaire
pa	yes	membre de la facultat
is	yes	rata
an	no	ximple com un nen
re	no	delicte major
cds	no	vetat
pr	no	ramera
cds	no	entremetedor
an	no	hirudinea
pa	yes	enviat especial
re	no	botí
an	no	mesquina
or	no	beneit
asf	no	patsy
om	no	anormal
or	no	cap de corriol
re	no	%e2%80%99ndrangheta
an	no	ocell de la nit
or	no	pudden de cap
qas	no	ectoparàsits
cds	no	mussiness
an	no	cans
or	no	obtús
pa	yes	portera
an	no	capra aegagrus hircus
cds	no	grup de parentiu
cds	no	excusat
pa	yes	professor
cds	no	canviants
ps	yes	greutungs
svp	no	apàtic
qas	no	tuguri
asm	no	palles
an	no	sifonàpter
qas	no	dissortat
ddp	yes	gamarús
cds	no	curt de gambals
re	no	abusos
is	yes	desventurat
dmc	yes	atroç
re	no	violador
cds	no	cercle
asm	no	twirp
cds	no	taleteller
cds	no	sacrifici
an	no	subordre blattaria
an	no	brent oca
qas	no	frenètic
ddf	yes	vil
dmc	yes	valors morals
an	no	mol · lusc
re	no	difamador
dmc	yes	homuncles
qas	no	parasiten
or	no	sativus
qas	no	altiloqüència
dmc	yes	vilà tràgic
ddf	yes	antiestètic
cds	no	ninfómana
qas	no	turma
ddp	yes	persona incompetent
asm	no	au
pr	no	mantinguda
asm	no	clau
cds	no	atracar-se
an	no	bestialitat
qas	no	merder
asf	no	ximple
dmc	yes	immoralitat
cds	no	idòlatra
re	no	torturador
ps	yes	sabata
ps	yes	metecs
ddp	yes	analfabet
re	no	pirates
qas	no	incontrolat
an	no	talòs
or	no	papa a irlanda
cds	no	fumbler
an	no	ratpenat
re	no	abusos policials
asm	no	entroncament
pr	no	ximpleria poc amagada
an	no	carcharodon carcharias
om	no	burra
ddp	yes	pres
pa	yes	pastora
asm	no	cap de turc
ps	yes	llatí
asm	no	retardat
cds	no	portanoves
re	no	mafiosos
is	yes	dissortat
svp	no	menjar en excés
re	no	turmentar
pa	yes	contralor
om	no	diferents
cds	no	blackball
re	no	màfia
ps	yes	dones negres
ddp	yes	enze
cds	no	delinqüència
ps	yes	trompellot
qas	no	farda
an	no	metazoos
ps	yes	poble zulu
cds	no	motley fool
cds	no	fonamentalista
ps	yes	tradició jueva
qas	no	ectoparásit
an	no	neulit
cds	no	pífia
is	yes	pària social
cds	no	conspiranoia
svp	no	avara
pr	no	escòria
cds	no	lladre de bestiar
cds	no	escusat
om	no	paner
dmc	yes	gandul
dmc	yes	proscripció
qas	no	casa pintor
dmc	yes	canalla
an	no	cuc
asm	no	beneit
cds	no	atuell
or	no	trumfera
dmc	yes	entabanador
qas	no	grandiloqüència
cds	no	ordre maçònica
re	no	ndrangheta
pa	yes	assessor legal
cds	no	discriminació religiosa
pr	no	bestiar domèstic
or	no	cucurbita màxima
dmc	yes	slackers
an	no	caiman
is	yes	agarrat
an	no	crèdul
pr	no	pendó
cds	no	bufó
dmc	yes	escurabutxaques
is	yes	exigu
an	no	bagassa
cds	no	criador
pr	no	biston betularia
an	no	sciaenops ocellata
qas	no	embolicar
qas	no	barrija-barreja
asm	no	imbècil
is	yes	gasiva
asm	no	pèsol
ps	yes	blancs
is	yes	lamentable
an	no	cos snatcher
cds	no	nouveau riche
cds	no	bawdyhouse
qas	no	tripulació
cds	no	brutícia
ddp	yes	cotorra
cds	no	l'oficial de policia
svp	no	orgull
dmc	yes	poca-vergonya
cds	no	fascista
svp	no	agarrat
dmc	yes	agarrat
an	no	taurons
qas	no	confusió
ps	yes	comunitat jueva
asm	no	fer-se una palla
asm	no	peça de la cua
ddp	yes	pudden de cap
ddp	yes	indicador
qas	no	acòlit
qas	no	infeliç
asf	no	sòmines
asf	no	futilitat
om	no	homosexuals
or	no	majareta
qas	no	bollocks
cds	no	presumpció
ddf	yes	tort
an	no	gamarús
ps	yes	gitana
dmc	yes	contrafaïment
dmc	yes	colltort
an	no	sangonera
dmc	yes	chawbacon
dmc	yes	mangui
svp	no	presumpció
cds	no	màfia
or	no	carabasses
an	no	cabra lletera
asf	no	xavala
ps	yes	feixista
an	no	culicidae
svp	no	la cobdícia
svp	no	malfeiner
svp	no	niggardness
cds	no	corresponsals
cds	no	bola
cds	no	rondinós
cds	no	faceciós
an	no	escurçó comú
qas	no	home d'empresa
pa	yes	membre corresponent
dmc	yes	intolerant
cds	no	boo-boo
an	no	fisiognomia
asm	no	penis
asm	no	fotre un clau
an	no	cargols
ps	yes	zíngar
pa	yes	facultat
ps	yes	rroma
pa	yes	pedant
svp	no	gandul
re	no	assaltat sexualment
ddf	yes	nan
asm	no	gònada
pa	yes	salvatge
qas	no	parròquia eclesiàstica
qas	no	mercat guardià
ddf	yes	nanus
pr	no	rattus norvegicus
cds	no	enze
an	no	ulular
ddp	yes	twaddler
cds	no	desenes
cds	no	corresponsal notícies
qas	no	seguidor
qas	no	pintor de parets
an	no	oca de collar
pr	no	desvergonyida
an	no	palla
dmc	yes	delicte
cds	no	mola
cds	no	dissertar
asm	no	flouter
cds	no	rebutjar
dmc	yes	llicenciós
cds	no	mitjancer
asf	no	capsigrany
re	no	violadors
svp	no	picor
svp	no	home mandrós
cds	no	bufonería
asm	no	chump
cds	no	rum-rum
qas	no	aficionat
dmc	yes	pudent
asf	no	idiotisme
cds	no	fascistes
ps	yes	raça negra
an	no	mussol ratllat
or	no	nance
qas	no	gran empresari
cds	no	cap inflat
or	no	poove
cds	no	masoneria
ddp	yes	bumbler
an	no	otus asio
asm	no	tòtil
an	no	ploramiques
an	no	gripau comú
ps	yes	darkie
dmc	yes	murri
ps	yes	kraut
asm	no	pèsols verds
re	no	delinqüent juvenil
qas	no	compliment
an	no	canis lupus familiaris
qas	no	parasitisme
ps	yes	fatxa
ddp	yes	presoner
cds	no	intel · ligent
an	no	jònec
an	no	voltor comú
cds	no	relíquia
an	no	tonteria
svp	no	futilesa
svp	no	avorriment
qas	no	rodamón
cds	no	infractor
pa	yes	advocator
cds	no	nadons
cds	no	integrista
asm	no	mofa
pa	yes	professor assistent
asm	no	fer escarni
cds	no	batibull
or	no	trumfa
dmc	yes	sneak thief
cds	no	hibris
asm	no	encantat
ddf	yes	disminuït
cds	no	moltes
an	no	malfeiner
ps	yes	altres races
or	no	cony
pa	yes	expenedor
asm	no	palla
qas	no	residus sòlids
an	no	mol.lusc
dmc	yes	dolenta
pr	no	prostitut
cds	no	burlador
cds	no	beguines
cds	no	home mandrós
qas	no	conformisme
cds	no	francmasoneria
cds	no	ranci
or	no	panotxa
cds	no	tribu
qas	no	bloodhound
dmc	yes	delinqüència
re	no	pillet
pa	yes	polític
asm	no	planta del pèsol
or	no	creïllera
cds	no	murmurador
an	no	diddly
cds	no	tribus
svp	no	vanitat
om	no	mateix sexe
an	no	insecta
an	no	animalcule
pa	yes	oïdors de comptes
an	no	ferocitat
ddf	yes	pmr
asm	no	protuberància
an	no	xinxa dels cereals
cds	no	bajà
re	no	chiseller
an	no	mul eguí
cds	no	xafarderies
or	no	bàmbol
ddp	yes	boig
cds	no	tòtil
ddp	yes	brutal
cds	no	nen de pit
cds	no	proxeneta
asm	no	avifauna
ddf	yes	persones amb discapacitat
qas	no	necrotròfic
asm	no	membre
pr	no	fornicària
pa	yes	jesuïta
ddp	yes	incompetent
cds	no	volum
ddp	yes	barbaritat
ddp	yes	cap buit
om	no	sodomitzat
cds	no	demagògia
cds	no	bastard
asf	no	muttonhead
cds	no	servei
ddp	yes	unwiseness
cds	no	fonamentalisme
ps	yes	desgraciat
an	no	cimicidae
an	no	pipistrellus
svp	no	inútil
svp	no	accídia
re	no	mafiós
asm	no	peix
cds	no	gamarús
cds	no	pillet
ddp	yes	incapaç
cds	no	legió
is	yes	malaurat
an	no	porcina
an	no	capra
re	no	robatori agreujat
asm	no	cretí
or	no	cabró
an	no	fleuma
re	no	furiousness
qas	no	contemporitzador
ddp	yes	tonto
cds	no	cut-up
ddp	yes	chump
pa	yes	porta de protecció
re	no	vilifier
cds	no	conque
ddp	yes	insensatesa
cds	no	parentiu grup
or	no	trompítxols
an	no	ansarino
is	yes	llastimós
re	no	antagonista
ps	yes	ostrogodo
cds	no	vestidor
cds	no	superficialitat
cds	no	barra
svp	no	calamitat
cds	no	ínfules
ddp	yes	metazou
an	no	aureus
ddp	yes	fava
om	no	distal
ddp	yes	ximpleria
cds	no	trapisondista
cds	no	cientisme
asm	no	mà treball
qas	no	esvalotador
an	no	gran tauró blanc
cds	no	assaltant
is	yes	els pobres
qas	no	esguerrar
or	no	fonoll
ps	yes	hebreu
re	no	robat
an	no	culícid
cds	no	estudiosa
pa	yes	comptable
svp	no	enuig
cds	no	nympho
cds	no	garrofa
is	yes	garrepa
cds	no	estuf
an	no	protèlid
qas	no	societat burgesa contemporània
cds	no	fonamentalisme musulmà
cds	no	pandemònium
dmc	yes	falsificacions
pa	yes	hall porter
dmc	yes	fanàtic
an	no	blattaria
cds	no	pedant
ddp	yes	balbucejador
is	yes	dolent de ficció
cds	no	peó
dmc	yes	pestilent
ddp	yes	toix
an	no	anguíl·lids
asm	no	animal de ploma
cds	no	ruc
re	no	assalt a mà armada
cds	no	jerarca
cds	no	trompellot
ddp	yes	ferocitat
an	no	molusc
an	no	cus
ddp	yes	twirp
ddp	yes	brutalitat
cds	no	bunyol
om	no	imbècil
qas	no	botcher
cds	no	saltejador de camins
cds	no	atreviment
ps	yes	bàrbars
cds	no	bandolerisme
cds	no	feix
cds	no	corresponsal de guerra
ddp	yes	macrofauna
an	no	brant oca
cds	no	culchie
re	no	terrorisme
cds	no	pressionant
re	no	maltractaments
is	yes	proscrit
an	no	simplón
cds	no	vilana
an	no	cakehole
cds	no	superbia
dmc	yes	degenerat
qas	no	conillera
svp	no	fanàtic
re	no	abusos deshonestos
asm	no	idiota
is	yes	pobres
cds	no	grosser
cds	no	farsa
re	no	bandoler
re	no	insult
pa	yes	professor titular
dmc	yes	brutal
re	no	diners brut
re	no	robatori a mà armada
dmc	yes	assaltant
pr	no	meretriu
re	no	rapte
asm	no	tonteria
qas	no	plebeus
an	no	cocodrilia
cds	no	ragtag
cds	no	feixisme
cds	no	picardia
cds	no	arribista
cds	no	lav
cds	no	teoria conspiratòria
an	no	siphonaptera
dmc	yes	renegat
qas	no	falsedat
qas	no	mescles
ddp	yes	capfluix
an	no	calàpet
an	no	galàpet
dmc	yes	apesarat
an	no	porc
re	no	traducement
svp	no	gorger
cds	no	oficial
dmc	yes	cabró
asm	no	defraudar
pa	yes	funeral director
an	no	bèstia
pr	no	concubina
pr	no	prostitució masculina
cds	no	pinxo
is	yes	pobresa global
is	yes	taxa de pobresa
ddp	yes	remeier
asm	no	ocellet
an	no	guanyat
ps	yes	poble hebreu
