ddp	yes	بیشعور
cds	no	گر
an	no	كفتاران
dmc	yes	روستایی
cds	no	شرور
cds	no	باندهای خیابانی
ddp	yes	وحشیانه
ddp	yes	metazoans
an	no	کفتار
qas	no	درهم آمیختگی
ddp	yes	ادم احمق و کودن
an	no	صدای ناهنجار جغد
om	no	دگرجنس پوشی
ddp	yes	tattletale
an	no	کوسه ماهی
re	no	شانتاژ
cds	no	دلال محبت
qas	no	bloopers
ddp	yes	ابلهانه
re	no	مافیایی
svp	no	جوکی
cds	no	خود پرستی
dmc	yes	بوی بد
ps	yes	مغول
ps	yes	مردم زولو
cds	no	layabout
an	no	اخم
asm	no	یک جور بازی
is	yes	نذر از فقر
qas	no	کذاب
ddp	yes	عقب ماندگي ذهني
an	no	حلزون هايي
qas	no	کوته نظر
an	no	شاپرک فلفلی
cds	no	سگ دورگه
an	no	کنده
dmc	yes	نظام اخلاقي
re	no	کودک کشی
cds	no	پاپارازی
cds	no	تفاله
dmc	yes	بی تمدن
an	no	مرغ خانگی
ddp	yes	dumbass
cds	no	ساکن جهنم
cds	no	قمارخانه
om	no	همجنس گرایان
re	no	تجاوز جنسي
an	no	غول
an	no	میکروبها
asf	no	یک جور بازی
cds	no	استخر hustling
svp	no	عدم تحمل
an	no	کرم حشره
dmc	yes	وضع
pa	yes	استاد
qas	no	خانه داری
asf	no	مهبل
cds	no	دبیر
re	no	بزهکار
qas	no	بلند پروازی
an	no	میکروبی
om	no	مقاربت مقعد
an	no	crocodilia
pr	no	اسكورت
cds	no	papparazzi
re	no	سواستفاده جنسی
ps	yes	بادیهٔ نشینان عرب
cds	no	ماسون
om	no	امیزش جنسی از عقب
ps	yes	دین یهودیت
om	no	عجیب و غریب
an	no	اشکال تخت
pr	no	موش صحرایی قهوه ای
re	no	میمون
an	no	گاو میش کوهان‌دار اروپایی
cds	no	ادم سفیه و احمق
an	no	مارماهی سانان
ps	yes	سياهپوستان
pa	yes	دانشگاه
qas	no	ballock
cds	no	دستشويي عمومي
cds	no	دماگوژی
asf	no	shithead
an	no	strigiformes
ddp	yes	حيوانات
asm	no	کیر
an	no	fathead
qas	no	نقاش خانه
pa	yes	چوپاني
ddp	yes	میکروسفالی
an	no	scorpionfish
om	no	بیان جهات در آناتومی
an	no	وزغ اروپایی
svp	no	لاف
cds	no	افسر اصلاحات
an	no	شریر
re	no	کلاه بردار
an	no	بوف سانان
an	no	غازيان
cds	no	خانم معلم
cds	no	نارسیسیسم
svp	no	یکنواختی
cds	no	خودپرستی افراطی
or	no	كلم راپا
an	no	لاک پشت دریایی
om	no	crossdresser
qas	no	طفیلی
an	no	جسد دزد
an	no	anurans
cds	no	حرف دو پهلو
ddf	yes	غیر مداوم
cds	no	grifter
an	no	شاپرك فلفلي
om	no	فرد معلول
ddp	yes	blunderer
svp	no	راحت طلبی
dmc	yes	راهزن
cds	no	سر دسته
cds	no	قبايل
ddp	yes	فریب خورده
cds	no	اراذل
an	no	قاطران
an	no	کوسه سفید
cds	no	عوام‌فريبي
om	no	همجنسگرايي مردانه
qas	no	اجرایی بالا
cds	no	دست پاچه شدن و بهم مخلوط کردن
re	no	fierceness
qas	no	بورژوا
pr	no	زنان فاحشه
cds	no	دین گرایی
cds	no	افسر تادیبی
re	no	قوی
ddp	yes	حيوان
cds	no	خیال باف
om	no	همجنسگرایانه
pa	yes	گاويار
cds	no	رمان های کیلویی
cds	no	تیزهوش
asm	no	فاك
an	no	لیسه
cds	no	بیکاره
re	no	گناه
asm	no	فریب خورده
an	no	دستگاه گوارش
svp	no	بی عاطفگی
cds	no	دله دزد
svp	no	lustfulness
dmc	yes	فاسق
re	no	غاصب
ddp	yes	احمق
cds	no	یاغی
an	no	سگ داخلی
dmc	yes	پوست
an	no	اراذل و اوباش
cds	no	ساخته دست انسان ترکیبی
svp	no	جوینده
pr	no	رفيقه
an	no	میکروارگانیزم
cds	no	دلالهٔ محبت
an	no	اشکالات تخت
re	no	افترا زن
is	yes	نرخ فقر
qas	no	انطباق
asm	no	twerp
pa	yes	اندرز
asm	no	باقالي
cds	no	زند
ps	yes	مستيزو
dmc	yes	ناکس
or	no	punctiliousness
pa	yes	عامل بلیط
ps	yes	فریب خورده
cds	no	اومرتا
pa	yes	ماهی فروش
dmc	yes	شیاد
is	yes	کم درآمد
dmc	yes	خیلی بد
om	no	همجنس گرايي مردانه
cds	no	ساده لوح
ddp	yes	ادم سفیه و احمق
an	no	ترسو
an	no	بی کله
asm	no	ابله
ps	yes	لولی
an	no	حیوانک
pa	yes	متعهد
is	yes	لات
re	no	سوءاستفادهٔ جنسي
ddp	yes	زباله
is	yes	شریر
cds	no	دانا
dmc	yes	سارق مسلح
svp	no	ﻭﺠﻩﻁﻠﺴ
om	no	همجنس‌گرائی
cds	no	مشرکان
re	no	بدرفتاری
pr	no	زن نگهداری می شود
an	no	hoaxes
cds	no	مرتکب سرقت
ps	yes	سياه پوستان
svp	no	conceitedness
qas	no	قصاب
an	no	ناتوان
an	no	ميش
is	yes	درخواست کردن از
or	no	مبرم
qas	no	توده
an	no	دیاثت
an	no	حشره
an	no	خرگوش
ps	yes	mongoloids
an	no	کلاش
is	yes	منفور در سطح جهانی
an	no	نرم‌تنان
ddp	yes	زیاگان
an	no	epifaunal
cds	no	خبرنگاران
is	yes	بی بضاعت
an	no	جانداران
cds	no	لوده
an	no	جانوری
ps	yes	يهوديت
an	no	پوزه
an	no	ریزه
cds	no	شوخی
om	no	همجنس‌گرائي
cds	no	مسخرگی است
cds	no	بدکار
ps	yes	يهودي
an	no	crocodylidae
pa	yes	کارمند یقه سفید
cds	no	ورم
cds	no	فاشیسم
om	no	دگرجنس‌پوشی
asm	no	کنده
or	no	کرم
cds	no	غرور
cds	no	مستراح عمومی
cds	no	مخلوط
ps	yes	زنگی
cds	no	ndrangheta
an	no	despoiler
pr	no	خودفروش
cds	no	گروه فراماسوني
cds	no	ناامید جنایی
qas	no	بربرها
an	no	شکم
pr	no	خرموش
an	no	خوک،
pr	no	پروانه
cds	no	فساد گیری
qas	no	دست پاچگی
dmc	yes	افسرده بودن
cds	no	آثار
pa	yes	استاد عادی
cds	no	فاشیست
cds	no	خرت و پرت
ddf	yes	نقص
or	no	dumbass
cds	no	سرسپردگان
an	no	طوطی(پرنده)
cds	no	بتعویق انداختن
pr	no	موش قهوه ای
asm	no	wanker
ps	yes	صحرا نشينان عرب
ps	yes	سياهپوست
an	no	نرم تنان
an	no	پرستار بچه بز
qas	no	sodbuster
an	no	تحریک و تشجیع کردن بودن
om	no	لواط
cds	no	روشن فکر
re	no	پست و حقیر
asf	no	موهای ناحیه تناسلی
cds	no	فواره اب اشامیدنی
re	no	chiseler
pa	yes	کارمند
cds	no	پرستش کردن
ddp	yes	fumbler
cds	no	واسطه ازدواج
ps	yes	کولی ها
an	no	ادم کثیف و ژولیده
cds	no	ترکیبی طبیعی
re	no	دزدي حقوق معنوي
cds	no	آبریز
an	no	سوسری
or	no	چرک
dmc	yes	تعفن
re	no	سوء استفاده مالی
cds	no	عقده نرگسي
ddf	yes	نابینا
an	no	کفتاران
asm	no	shtup
an	no	anguillidae
pa	yes	مدعی
asm	no	قهوه اي
re	no	سؤاستفاده جنسي
cds	no	hoaxer
pa	yes	عرضحال دهنده
om	no	رازیانه،
re	no	سو استفاده جنسي
ddp	yes	گول
cds	no	rumourmonger
ddp	yes	حرف
cds	no	فساد جنایی
cds	no	لمباندن
an	no	diddlyshit
cds	no	عوامفریب
cds	no	کلاهبردار
qas	no	عصبانی
ps	yes	ترکیبی دارای خصوصیاتی بین
or	no	بیل کندن
an	no	بوف‌سانان
ps	yes	جوکی
cds	no	علمزدگی
qas	no	تاجر بزرگ
pa	yes	وحشی
pr	no	قحبه
an	no	اشغال
an	no	shithead
svp	no	بدون فعالیت
an	no	میکرب
ps	yes	ویرانگر
cds	no	ماشین حفاری
cds	no	گله
ps	yes	سوزماني
re	no	camorra
an	no	شکمبه
om	no	همجنس گرايان
an	no	ولگرد
an	no	صدای ناهنجار، جغد
re	no	بچه دزد
an	no	افعی اروپایی معمولی
re	no	رفتار خشونت‌آمیز
re	no	دستگاه مستخرج
svp	no	angriness
cds	no	سپاه
re	no	backbiter
qas	no	انگل ها
cds	no	اخلاق گرایی
asm	no	changelings
qas	no	کذب
qas	no	کاسب
asm	no	الت نري
om	no	خانوم
asm	no	credulousness
re	no	تقلب علمي
an	no	گول
re	no	سرقت فكري
an	no	کیسه تفاله
an	no	جغد
cds	no	سرکش
cds	no	پوست زخم
cds	no	حکومت فاشیستی
re	no	فعالیت های غیر قانونی
cds	no	میسون آزاد
re	no	سوء استفادهٔ جنسی
cds	no	ادم خوش نیت ولی احمق و بی عرضه
an	no	آنگویلا
asm	no	گیاه نخود
cds	no	ادم احمق و کودن
an	no	می دانم هیچ چیز
re	no	نوزادان
qas	no	فساد ساز
ddp	yes	ميكرو سفالي
an	no	بوفالو
or	no	کلم‌برگ
ps	yes	کاکا سیاه
an	no	الاغ
cds	no	خردل
qas	no	صنعتگر
an	no	bunnies
cds	no	omertà
om	no	derriere
ddp	yes	توده مردم پست
an	no	میکرو ارگانیسم ها
svp	no	slackers
an	no	گاومیش کوهان دار امریکایی
pa	yes	رایزن
re	no	هراس افكني
an	no	غازیان
cds	no	توالت
om	no	خلفی
an	no	سیرابی
ddp	yes	قربانی
cds	no	پرکاری
ps	yes	اسیایی ها
an	no	بوفالوي آمريكا
ps	yes	مشكي
re	no	جنایت
cds	no	حشری بودن زن
ddp	yes	لاک پشت دریایی
ddp	yes	اشغال
dmc	yes	حقه باز
om	no	prat
an	no	ضعیف
cds	no	رئیس روحانی
or	no	خيار
re	no	سکرات مرگ
ddp	yes	سازه ای تزئینی
an	no	ريزاندامگان
svp	no	اروس
an	no	حیوانات
ddp	yes	كند ذهني
cds	no	معلم
re	no	neonaticide
an	no	كيمن
ddp	yes	fathead
dmc	yes	جعلی
cds	no	کذب
an	no	پارازیت
asm	no	خروس
re	no	دستبرد هنري
om	no	امیزش جنسی از راه مقعد
ps	yes	بچهای که پریان بجای دزدیدهاند میگذارند
cds	no	فراماسون
re	no	رفتار خشونت آمیز
pa	yes	منشی
svp	no	بی تفاوتی،
cds	no	pillock
cds	no	زمزمه
ddp	yes	ادم نادان
om	no	سکس مقعدی
pa	yes	هيات علمي
cds	no	فرقه
cds	no	sniveller
pa	yes	طرفداران
ddp	yes	ادم خرف و بی هوش
ddp	yes	فرزند فاحشه
ps	yes	سیاه پوستی
re	no	گروه‌های تروریستی
re	no	اثار ادبی دیگران را سرقت کردن
an	no	nanus
pa	yes	حقوقدان
or	no	گیاه brassica rapa
ddp	yes	ادم کودن و احمق
cds	no	clann
ps	yes	قره چی
cds	no	کنده
qas	no	عذاب دادن
cds	no	chawbacon
cds	no	shrewdness
ps	yes	beduin
cds	no	دين گرايي
dmc	yes	احمق رنگارنگ
ps	yes	ترکیبی
an	no	کولیسیده
ps	yes	interfertility
ddp	yes	عوضي
re	no	خوشهچین
asm	no	pterygiophore
an	no	سیما
cds	no	رمه
cds	no	متعصب
cds	no	چرخ دنده ساعت
cds	no	boastfulness
dmc	yes	داستان سرا
om	no	کفل
re	no	دستبرد فكري
ps	yes	یهودیان
an	no	کنه
ddf	yes	معلولین
dmc	yes	نفاق
is	yes	paupers
svp	no	تهاجمی
an	no	حرف
cds	no	علمزدگي
ddp	yes	pudden سر
cds	no	پر خوردن
cds	no	کوزه گلی
an	no	وزق معمولي
an	no	culex pipiens
pr	no	موش نروژ
cds	no	خانه فحشا
an	no	betise
cds	no	خانم رئیس
re	no	انتحال
om	no	پری
an	no	خرگوش کوچک
an	no	ناکس
cds	no	وحشی
an	no	مارماهی
qas	no	امیزش
an	no	قساوت قلب
om	no	خانم
svp	no	غضبناک
cds	no	پیگ
an	no	قورباغه
an	no	شخص بد
an	no	زیگان
qas	no	ایدئولوگ
an	no	codswallop
ps	yes	mestizaje
cds	no	پولی
cds	no	نشسته بزرگ
dmc	yes	فقیر شیطان
or	no	ساده لوح
om	no	پایه
an	no	hyaenidae
qas	no	خبط
ddf	yes	ناتوانی
an	no	مارماهي سانان
cds	no	چیزهای متفرقه
pa	yes	استاد فوق العاده ای
an	no	كره خر
svp	no	خشکی
cds	no	خوشامد گو
re	no	raper
an	no	macrofauna
om	no	سپر شحمي
qas	no	كذاب
ddp	yes	fuckhead
cds	no	خوره
svp	no	ولع
an	no	مارماهی مهاجر
cds	no	اتاق آرایش
an	no	بز كوهي
re	no	سعایت
dmc	yes	ریاکارانه
svp	no	بی تفاوت
cds	no	بزه
cds	no	پست
om	no	اساس
an	no	مارماهیان مهاجر
cds	no	قرمساق
an	no	ميكروبها
an	no	طوطی
svp	no	دل تنگی
qas	no	نجیب زاده
ddp	yes	اسير
or	no	رازيانه
an	no	limacidae است
cds	no	راه زنی
cds	no	مبلغ
an	no	کوسه بزرگ سفید
re	no	شخص بدگو
asf	no	knucklehead
an	no	ریزسازواره‌ها
an	no	ساده لوح
cds	no	خودشیفته
an	no	بُز
cds	no	قشری‌گری
re	no	خشونت آمیز
om	no	مبدل‌پوش
cds	no	دست پاچگی
pa	yes	هيئت علمي
asf	no	واژن
ddp	yes	تشکر
an	no	بوفديسان
an	no	غیر عملی
an	no	معده
ddp	yes	مادر
pr	no	سلیطه
cds	no	ادم قاچاق و قمارباز
qas	no	آهن قراضه،
qas	no	وزنه
dmc	yes	ولگردی
re	no	سرقت عظیم
pr	no	concubines
ddp	yes	سازه تزئيني
an	no	گوسپند
or	no	پری
asm	no	آلت تناسلی مرد
ps	yes	فرد سیاه
cds	no	نقش جایگزین ارزشیابی دوزبانه
re	no	ايدهٔ دزدي
cds	no	ارتجاعی
cds	no	دستشویی
svp	no	شدت عمل
an	no	piggy رو
cds	no	برگزیدهی
qas	no	عمل آمدن
cds	no	brigands
qas	no	کلیساهای
cds	no	پول بگیر
cds	no	توهم توطئه
pa	yes	دهقانی
cds	no	قبيله
an	no	وسواس
cds	no	سخن چینی
pr	no	شاپرک فلفلی
ddp	yes	بچهای که پریان بجای بچه حقیقی بگذارند
cds	no	مجرم
ddp	yes	shithead
cds	no	کارگزاران
ddp	yes	لوده
qas	no	انگل
an	no	انسان با خوردن کوسه
an	no	سیمیسیده
re	no	مفتری
cds	no	دسته
re	no	felons
asf	no	codswallop
om	no	متقابل ضرسرس
cds	no	وکالت
re	no	سو استفاده جنسی
om	no	مقابل
pa	yes	كاركنان يقه سفيد
re	no	گرفتن
cds	no	ادم کثیف و ژولیده
an	no	اورئوس کانیس)،
ps	yes	چینی
asf	no	زهدان‌راه
ddp	yes	قساوت قلب
cds	no	توده ها
asm	no	شق کردن
qas	no	کلبه
an	no	پرنده مینروا
ps	yes	اوباش
svp	no	هفت گناه کبیره
cds	no	تقصیر
cds	no	كارگزار
ddp	yes	twerp
pr	no	روسپی گری
cds	no	روسپي خانه
dmc	yes	نادان
an	no	غاز شمالی
qas	no	کارگر مزرعه
cds	no	رمان امير ارسلاني
an	no	سگ کوچولو
an	no	حلزون هایی
cds	no	هک ادبی
cds	no	مافیا
cds	no	دغل
an	no	حيوانات
cds	no	رایگان میسون
cds	no	منسوب به جمعیت زنان جوراب ابی درقرن هیجدهم
ps	yes	واندال‌ها
cds	no	بچه شیر خوار
ps	yes	خانواده یهودی
or	no	گي
pr	no	میسترس
cds	no	بلید
qas	no	پارازيتوئيد
cds	no	gobs
qas	no	طبقه متوسط
ddp	yes	خردل
om	no	بانو
cds	no	اشتباه احمقانه
svp	no	عقل معاش
cds	no	شدت عمل
cds	no	nerd
is	yes	بخشی
pa	yes	شباني
om	no	keister
cds	no	دلال
an	no	رند
cds	no	حرام خواری
cds	no	کسیکه ادعای عقل میکند ولی نادان است
an	no	بنبک
re	no	گول زدن
cds	no	قرم ساق
re	no	سرقت بزرگ
ddp	yes	عقب ماندگی ذهنی
dmc	yes	banditti
cds	no	conventicles
cds	no	سانتيسم
or	no	کس
or	no	هموسکسوئل
an	no	چهره‌خوانی
cds	no	معتاد
is	yes	فقر
re	no	ارعابگری
cds	no	mafiosi
ddp	yes	لمسی نرم
cds	no	فضول پارکر
cds	no	botcher
an	no	حیوان بز
an	no	لغزش زبان
dmc	yes	حیله گر
ps	yes	مغولها
om	no	paederasty
ddp	yes	نادان
an	no	افعي اروپايي معمولي
an	no	مو گاو
cds	no	بیش از حد محافظه کار
an	no	خنگ
dmc	yes	حیله
ddp	yes	کنده
cds	no	خودشیفتگی
qas	no	blunderer
ddp	yes	ادم نادان و نفهم
asf	no	doofus
cds	no	camorra
ps	yes	اسرائیلی
om	no	پرگزيمال
ps	yes	شريعت موسوي
an	no	بوفالوی امریکا
ps	yes	اوستروگوت ها
pr	no	یار
cds	no	رفتس
cds	no	arriviste
dmc	yes	شرور
cds	no	قصه
cds	no	واسطه
qas	no	انگلی
an	no	شپش
cds	no	كس كش
cds	no	دستخوش امواج
cds	no	عمومی دستشویی
qas	no	اراذل و اوباش
cds	no	تئوري توطئه
cds	no	خبر کش
or	no	کلم،
cds	no	عقده نرگسی
an	no	بز،
cds	no	توطئه سکوت
an	no	خطر نزدیک
ddp	yes	جانوران
asm	no	teste
pr	no	درباریان
dmc	yes	chiseller
svp	no	خیلی گرسنه
om	no	homoeroticism
qas	no	زجر دادن
asf	no	saphead
an	no	چهرهٔ خوانی
cds	no	فاشيست
svp	no	خست
an	no	sciaenops ocellatus
an	no	گاومیش کوهان دار امریکایی bonasus
asm	no	گول زدن
is	yes	بينوايى
dmc	yes	جزئي
dmc	yes	متعصب
an	no	caprinae
cds	no	اعتصاب
an	no	انبوه
ps	yes	سیاه و سفید
cds	no	tattletale
svp	no	minginess
cds	no	مسخره
ps	yes	صحرا نشين
cds	no	فرنشین
cds	no	تیمارستان
dmc	yes	بربرها
asm	no	فاک
svp	no	avaritia
svp	no	dillydallier
asm	no	تخم
cds	no	هلاک شدن
cds	no	حزب
asm	no	saphead
an	no	اسب چموش
an	no	ادم کند دست
pr	no	فحشا
cds	no	فریبکار
dmc	yes	متقلب
dmc	yes	بد
re	no	پول کثیف
is	yes	تنگ نظر
an	no	نرمتن
qas	no	بورژوايي
an	no	پست
pa	yes	شارع
qas	no	necrotrophic
qas	no	کشاورزی مستاجر
cds	no	bloopers
cds	no	ژیگولو
or	no	poof
qas	no	خایه
cds	no	کس کش
is	yes	جوکی
an	no	بز نر
an	no	یابو
asm	no	اروپا لوبیا
dmc	yes	آواره
asm	no	باقالا
ps	yes	سياه پوست
om	no	گي
re	no	مورد تعرض قرار
om	no	بانوی خانه
ps	yes	احمق
or	no	قبه
cds	no	توالت عمومي
qas	no	تابعين
cds	no	فاشيسم
pr	no	جنسی تجاری
an	no	muggins
ddf	yes	عجز
qas	no	دکان دار
qas	no	endoparasites
om	no	آمیزش جنسی مقعدی
om	no	زنانه پوش
dmc	yes	نادرست
cds	no	عیاری
asm	no	خايه
asf	no	موي زهار
pr	no	جنده
cds	no	مغرور
dmc	yes	بی سود
pa	yes	کارکنان یقه‌سفید
cds	no	پاپارازي
or	no	meticulousness
pr	no	گله گاو
cds	no	بت نادرست می باشد
an	no	frogspawn،
ddp	yes	فضول
qas	no	مزاحم
an	no	strix پوشاک
qas	no	كانفورميسم
pr	no	نگه داشته زن
cds	no	فاشیستی
dmc	yes	اغفال
ps	yes	بادیه نشینان عرب
om	no	هومواروتیک
qas	no	مجموعه اشیا
qas	no	شهر
om	no	مديال
cds	no	التماس کردن
qas	no	صنعتگران
pr	no	کلاهبردار
ddp	yes	ببو
cds	no	فضولی کردن
an	no	دیوث
an	no	آدم‌خوار
or	no	کونی
cds	no	کوتهنظرانه
cds	no	تعصب مذهبی
dmc	yes	سند جعلی
qas	no	نقاش و دکوراتور
dmc	yes	دهقانی
dmc	yes	دست و دل باز
an	no	تمساح
ddp	yes	codswallop
an	no	عنکبوت
an	no	شغال طلايي
pa	yes	پروفيسور
ps	yes	پرورش دهنده گیاه
asm	no	شق كردن
ddp	yes	اراذل و اوباش
pa	yes	هیئت علمی دانشگاه
cds	no	بچه
ddp	yes	moronity
qas	no	چوب بارون
dmc	yes	libertinism
an	no	طفیلی
ps	yes	metics
an	no	raunch
cds	no	ترشی
re	no	غیر قانونی
cds	no	بی نظمی کامل
dmc	yes	botcher
an	no	ميكرو ارگانيسم
re	no	سؤ استفاده جنسی
cds	no	پا انداز
cds	no	شخصی که غده درقی او ترشحات لازم را ندارد و در نتیجه دارای مشاعر نادرست است
cds	no	هردمبیل
cds	no	gaoler
ps	yes	مردم رومانیایی
om	no	جانبی
an	no	diddly-گه
cds	no	اتومبیل یا هواپیمای کهنه و اسقاط
cds	no	وحشیانه
ddf	yes	از کار افتادگی
pr	no	روسپی‌گری
dmc	yes	بوزینه
or	no	ادم احمق و کودن
cds	no	شارلاتان
pa	yes	متصدی حمل ونقل
cds	no	هنر و ادبیات گمانهزن
cds	no	گول زدن
ddp	yes	جانداران
is	yes	نحیف
ddf	yes	عاجز
qas	no	تلکه کردن
cds	no	codswallop
pa	yes	جامعه دانشگاهی
re	no	طعمه کردن
cds	no	گیر
an	no	ارقه
dmc	yes	خوب برای جز
asm	no	خردل
qas	no	علوم بلاغت
dmc	yes	رند
cds	no	شایعات بیاساس
cds	no	دیوانه
cds	no	سخن چيني
cds	no	روسپی‌خانه
an	no	شرارت
dmc	yes	دربدر
ps	yes	واندال ها
is	yes	فقر جهانی
ddp	yes	زیگان
cds	no	نیرنگ آمیز
re	no	متجازين به عنف
re	no	دارای صدای خش خش
re	no	از راه قاچاق یا شیادی پول بدست اوردن
dmc	yes	بی تربیت
or	no	دسته‌
qas	no	اش شله قلمکار
ddp	yes	infauna
cds	no	ادم بطیء و کندرو
dmc	yes	سالوس
an	no	کلاهبردار
asm	no	betise
om	no	finocchio
qas	no	رقت انگیز
asf	no	ناچیز
pr	no	روسپیگری
svp	no	ناخوش
cds	no	نارسيسم
dmc	yes	فرد ناکام
svp	no	سلطهجو
or	no	گی
asf	no	اصطلاحات فنی
cds	no	cosa nostra
ddp	yes	زيا
re	no	رشوه
asf	no	جوجه
an	no	گاو داخلی
cds	no	سارق
asm	no	بچهای که پریان بجای دزدیدهاند میگذارند
re	no	سوء استفاده شرکت های بزرگ
svp	no	غرور
pa	yes	sheepherders
ddp	yes	خرس
pa	yes	دانشگاهيان
qas	no	پارازیتوئید
is	yes	فلاکت
or	no	خواستار
re	no	انعام
qas	no	خوگرفته
ps	yes	مغولسان
an	no	بزغاله
is	yes	لاغر
dmc	yes	سند
re	no	لات
svp	no	ادم ارزان خر
qas	no	معماری باروک
an	no	لوده
pr	no	جاکش
an	no	خرده نان
dmc	yes	قطب نمای اخلاقی
ps	yes	مرغ نوروزی
qas	no	زندگي انگلي
an	no	doodly چمباتمه
ddp	yes	بیسوادی
om	no	sodomized
pa	yes	وكيل مدافع
cds	no	موذی
cds	no	عضو جمعیت فراماسون
an	no	غارتگر
cds	no	ارقه
svp	no	هفت گناه كبيره
an	no	حیوانی
ddp	yes	خبط دماغ
an	no	پروانه
ps	yes	ادم اواره و ولگرد
an	no	گاو اهلي
an	no	حیوانیت
cds	no	trasformismo
ddp	yes	سبک مغزی
dmc	yes	فساد
om	no	اميزش جنسي از عقب
cds	no	شرارت
qas	no	لانه مادیان
om	no	ساحره
asm	no	ithyphallic
re	no	مافیا
an	no	تنبل و کند
an	no	لمسی نرم
an	no	بچه خوک
cds	no	اختلال
cds	no	افاده ای
an	no	بوفالوی امریکایی
dmc	yes	بدلی
qas	no	نجیب زاده حمل و نقل
cds	no	دقیق
om	no	مفاهیم غیر غربی از تمایلات جنسی مردان
cds	no	ناگهان ناپدیدشدن
re	no	اجحاف
an	no	كروكوديل
svp	no	غضب
dmc	yes	دلخک
cds	no	اجتماع
qas	no	کشاورز مستاجر
ps	yes	زرد پوست
ddp	yes	dickhead
re	no	شدت
an	no	وزغ
cds	no	لغزش زبان
ps	yes	سياه پوستي
pa	yes	مقاطعه کار کفن ودفن
cds	no	اصول گرایی
an	no	سيميسيده
an	no	ادم خائن و بدنهاد
cds	no	conceitedness
om	no	کپل
asf	no	بتعویق انداختن
cds	no	سرزنش کننده
asf	no	ادمکله خر
qas	no	قصبه
pa	yes	حسابدار
cds	no	عزت نفس
dmc	yes	شر
an	no	بي دمان
an	no	کژدم های دریایی
dmc	yes	علم‌الاخلاق
cds	no	اب و تاب
cds	no	دروغ
asm	no	نخود سبز
pa	yes	استاد برجسته
svp	no	خستگی
ddp	yes	زندانیان
om	no	باسن
an	no	نژادهاي گوسفند
cds	no	پادو
dmc	yes	fumbler
dmc	yes	نظام اخلاقی
dmc	yes	بی خانمان
ddp	yes	شکمبه
cds	no	سر بالایی
pa	yes	صراف
ddp	yes	زاغی
cds	no	عوام انگیز
pa	yes	دروازه بان
svp	no	اکول
ps	yes	دين يهود
ps	yes	کلیمیان
cds	no	ضربت تصادفی
om	no	نشيمنگاه
om	no	روابط همجنس گرایانه
ddf	yes	زمین گیر
ps	yes	boche
or	no	کدو تنبل
an	no	كرم
pr	no	شخص مقتدر در جامعه
ddp	yes	مست کردن
or	no	موشکافی
cds	no	wangler
an	no	وزق معمولی
an	no	diddlysquat
ddp	yes	سیرابی
cds	no	رمان امیر ارسلانی
pa	yes	دانشگاه ها
qas	no	ماهواره
cds	no	muggins
om	no	کون
svp	no	خشک دستی
an	no	افعی
cds	no	نارسیسیزم
om	no	سر زندگی
om	no	پشت سر
pa	yes	وزیر مشاور
cds	no	مزدور
qas	no	ساز مشکل
cds	no	مافیای ایتالیایی
om	no	گی
an	no	جغد راه‌راه
ddp	yes	شارلاتان بازی
cds	no	پسر رسول
ddp	yes	چرند گو
ddp	yes	شخص بی کفایت
ddp	yes	بی کله
ddp	yes	کند ذهن
an	no	لیوان
ddp	yes	چرند
re	no	آدم ربایی،
pr	no	عوضی
om	no	همجنسگرايانه
re	no	صدای خش گاو
pr	no	تن فروشی
svp	no	خود رایی
asm	no	طعمه کردن
ps	yes	فاشیستی
pa	yes	کارمند رزرو
cds	no	تعداد زیادی
re	no	دزد خرده
an	no	crocodylia
ddp	yes	bungler
cds	no	دزدي
cds	no	خود رایی
svp	no	spiritlessness
cds	no	خط بد
asm	no	قهوه ای تیره
ps	yes	دورگه
asf	no	خنگ
om	no	بيان جهات در اناتومي
cds	no	طفل
an	no	کروکودیل
ddp	yes	کرتینیسم
qas	no	شارلاتان
re	no	ناسزاگویی
asf	no	دلقک
cds	no	عوام فريبي
cds	no	تازه بدوران رسیده
cds	no	بیش از حد
dmc	yes	دورویی
cds	no	paparazzi
an	no	اسكارگو
cds	no	ماهی میگو
ps	yes	استروگوت ها
cds	no	مردار
ddp	yes	فيونا
dmc	yes	سست
an	no	خوک اهلی
or	no	سر پودینگ
asm	no	گائیدن
cds	no	توپ به بالا
dmc	yes	لات
om	no	آپیکال
an	no	pipistrelle
dmc	yes	دستگاه گوارش
qas	no	ترشی
re	no	تروریسم دولتی
re	no	سو استفادهٔ جنسي
svp	no	بیهوده dallier
qas	no	دکاندار
an	no	بوف کوچک
dmc	yes	ولگرد
cds	no	scrawler
dmc	yes	ادم بیکاره
cds	no	مافيا
qas	no	با درآمد متوسط
cds	no	دزدکی حرکت کردن دزد
cds	no	سرهم بندی کردن
an	no	حلزون
qas	no	رها شده کشتی
pr	no	comare
ps	yes	سیاه‌پوست
cds	no	فضول
cds	no	خانواده هاي تبهكار
cds	no	slackers
an	no	پشه مشترک
cds	no	گول
cds	no	نخوت
pr	no	ماده‌گاو
ddp	yes	زندانی
re	no	خشن وزبر
an	no	گاوميش آمريكايي
or	no	سوراخ کس
cds	no	خانواده هاي مافيايي
cds	no	مردرند
an	no	راسته فرعی blattodea
pa	yes	مستشار
an	no	دال
om	no	خلف
cds	no	فاضلاب‌‌
asf	no	کس
an	no	لاسی
pa	yes	رایزنی
pa	yes	وکیل مدافع
ps	yes	سیاه
an	no	کلّه سخت
re	no	کوله پشتی
an	no	میکرو ارگانیسم
asf	no	نیامه
an	no	مرغ
svp	no	بی حرکتی
cds	no	سبزی پاک کن
qas	no	کشاورزان مستاجر
om	no	dorsoventral
cds	no	بزدلی
cds	no	مشکل
cds	no	gossipmonger
an	no	قاطر
qas	no	magnates
re	no	سؤ استفاده جنسي
re	no	villainess
qas	no	بارون
om	no	غیر عادی
cds	no	بزهکار
qas	no	رهبران کسب و کار
cds	no	جوامع قبیله ای
qas	no	سخنورانه
or	no	کلم
ps	yes	یهودی
svp	no	شکم پرست
qas	no	سرهم بندی کردن
an	no	گاو نر
ps	yes	باديه نشينان عرب
re	no	شكنجه
re	no	دزدی ادبی
svp	no	دله
ddf	yes	معلول
qas	no	fieldhand
cds	no	ناقلا
an	no	اشکالات تخت،
or	no	همجنس گرايي مردانه
pa	yes	وكيل
cds	no	درهم و برهمی
an	no	volaille
qas	no	دست پاچه شدن و بهم مخلوط کردن
qas	no	اشتباه احمقانه
om	no	دوجنسه ها
cds	no	حق العمل كار
asf	no	حماقت
asm	no	نراندامه
svp	no	ضیق
ps	yes	ساخته دست انسان ترکیبی
an	no	floozie
an	no	جانوران
cds	no	فرهنگ باند،
is	yes	غمگین
cds	no	پاپاراتزی
cds	no	ادم خام یا ناشی
ddp	yes	بخیل
cds	no	عالم نما
cds	no	رمان کیلویی
an	no	zooerastia
dmc	yes	ادم احمق و کودن
re	no	مورد آزار قرار گرفته
an	no	midges
qas	no	بخش
svp	no	بی کاری
cds	no	سرقت
is	yes	فقیر
cds	no	گل
svp	no	سست
asm	no	کس دادن
pr	no	فاحشگي
or	no	همجنسگرايي مردانه
asf	no	واژنی
an	no	doggie
an	no	حلزون خوراكي
asm	no	لکه دار کردن حرفه ای
qas	no	انبوه
ps	yes	قره چي
cds	no	علم‌گرایی
om	no	مرد همجنسگرا
cds	no	زباله های خانگی
an	no	مشروبی که بدرقه نوشابه زن
cds	no	کلاه بردار
cds	no	blunderer
qas	no	دروج
an	no	مارپیچ pomatia
an	no	مرغ نوروزی
an	no	کل وبز
re	no	متجاوز سریال
cds	no	حوله
pr	no	ندیم
cds	no	wads
qas	no	وحشیانه
re	no	توهین آمیز
om	no	مبدل‌پوشي
dmc	yes	طرفدار
an	no	سوسک حمام
cds	no	groveller
svp	no	میل جنسی
re	no	بازی grand theft
om	no	آمیزش جنسی از عقب
an	no	قورباغه ها
cds	no	ساينتيسم
cds	no	حجم
cds	no	ربا
ddp	yes	سوراخ کون
cds	no	banditti
an	no	قورباغه وزغ
an	no	گاومیش ایالات متحدهیی
ps	yes	دیر کار
cds	no	دوده
an	no	ریزسازواره
pr	no	متعه
ps	yes	جهود
dmc	yes	خرده نان
an	no	slowcoach
an	no	جعل
svp	no	متعصب
om	no	زنانه‌پوش
ddf	yes	افراد معلول
asf	no	نيامه
cds	no	از خود راضی گری
an	no	ريزسازواره ها
ps	yes	كولي ها
cds	no	جنایات
cds	no	اصلاح نباتات
cds	no	پیشوا
svp	no	ضعف اراده
dmc	yes	تنگ نظر
ps	yes	آفریقایی تبار
dmc	yes	گاف
qas	no	نسل
ddp	yes	حس و حرکت
pa	yes	پروفیسور
cds	no	سخن چین
om	no	مادام
an	no	ریزسازواره ها
pa	yes	مشورت
ddp	yes	حیوان
om	no	آميزش مقعدي
cds	no	سرويس بهداشتي عمومي
qas	no	ورم
cds	no	وساطت
cds	no	خودخواه،
cds	no	اسقف بزرگ
cds	no	فروشنده ویلر
asf	no	ادم احمق و کودن
ddp	yes	شارلاتان
re	no	متقلب
ps	yes	کنده
pr	no	پروانه فلفلی
an	no	سر سخت
an	no	خردسازواره
is	yes	ناکس
ddp	yes	بی کفایت
an	no	ماده‌گاو
re	no	سوء استفاده های پلیس
cds	no	خنگ
ddp	yes	knucklehead
ddp	yes	بچهای که پریان بجای دزدیدهاند میگذارند
an	no	جنس vipera
re	no	جنایات
ps	yes	گول
or	no	ابله
svp	no	ممزوج
pa	yes	چوپانی
an	no	بلید
ddp	yes	خر
dmc	yes	شریرانه
om	no	نشیمنگاه
re	no	یغما
an	no	کم بنیه
pa	yes	صندلی شخصی
cds	no	mutt
ps	yes	نیگر
pr	no	روسپيان
cds	no	نو ریچی
ps	yes	آسیایی،
re	no	جرم جنسی
cds	no	بچهای که پریان بجای دزدیدهاند میگذارند
cds	no	نارسيسيسم
or	no	homophile
cds	no	رمان كيلويي
pr	no	courtesans
an	no	اَستَر
ddp	yes	عامی
cds	no	سیانتیسم
an	no	سوسریان
cds	no	پلیس
cds	no	فقیر شیطان
is	yes	فقر نسبی
qas	no	سائل
cds	no	بسیار ناراحت کننده پنی
dmc	yes	دروغ
ddp	yes	مسائل و مزخرف
an	no	خوكچه
pa	yes	عضو مربوطه را
cds	no	نوزاد
ps	yes	اسیایی‌ها
asm	no	تکه ای از الاغ
cds	no	قواد
cds	no	استادانه
re	no	دستبرد هنری
dmc	yes	بی ادب
asf	no	زود باور
qas	no	bumbler
qas	no	وضع
ps	yes	يهوديان
svp	no	pridefulness
cds	no	گستاخی کردن
asf	no	موي عانه
om	no	مبدل‌پوشی
ddp	yes	تحریک و تشجیع کردن بودن
re	no	سوء استفادهٔ جنسي
re	no	غنیمت جنگی
an	no	لقا
cds	no	جاکش
an	no	نوعی بز که از بعضی جهات شبیه بز کوهی است
dmc	yes	دورویی،
is	yes	کشتی شکسته
ddp	yes	جهل
an	no	megascops
an	no	rouncey
ps	yes	روستایی
an	no	rentboy
pa	yes	کارگر دفتر
ddp	yes	muttonhead
cds	no	dickhead
svp	no	جاذبه فیزیکی
qas	no	troubler
cds	no	خانواده های مافیایی
qas	no	نقاش و دکوراتور خانه
om	no	لز
cds	no	کسی که از انجام وظیفه شانه تهی کند
ddp	yes	مزخرف
cds	no	پاسبان
svp	no	تنبلي
an	no	غازها
an	no	مکیدن شپش
svp	no	سر بالایی
or	no	چاقوی کوتاه
svp	no	قاطع
om	no	آميزش جنسي از عقب
or	no	همجنسگرایان
cds	no	مردود
asm	no	ballock
pa	yes	استدلال کننده
svp	no	كاهلي
dmc	yes	نیرنگ
om	no	غری
dmc	yes	میمون
cds	no	کذاب
ddp	yes	ادمکله خر
cds	no	نظریات توطئه‌انگیز
ddp	yes	دسته
ps	yes	darkey
cds	no	رندی
an	no	جغد جارزن
ps	yes	mestizos
asf	no	ادم خرف و بی هوش
dmc	yes	سرکش
an	no	چهره معوج
ps	yes	nigra
cds	no	pedantry
pa	yes	دانشگاهی
an	no	vipera،
ps	yes	قوم مغول
an	no	منظور crocodilia
cds	no	راحتی عمومی
an	no	زن هرزه
cds	no	آدمک
qas	no	مرسوم
qas	no	دهقانان
cds	no	تبه کار
dmc	yes	گند
cds	no	جلوه وشکوه
cds	no	لات
ddp	yes	آدم خسيس
cds	no	گردن فرازی
dmc	yes	بخشی
ps	yes	ادم کودن و احمق
svp	no	گناه کبیره
an	no	وحشیگری
qas	no	مواد زائد جامد
an	no	بوفالوي ايالات متحده
om	no	کونی
cds	no	سارق مسلح
cds	no	سگ نژاد مخلوط،
pa	yes	چوپان
cds	no	بت پرستی
an	no	بوفالوی آمریکا
ddf	yes	زشت
asm	no	قهوه‌ای
asm	no	پرندگان
qas	no	تفاله
svp	no	کندذهنی
re	no	خشونت
ddp	yes	لخته
om	no	همجنس‌گرايان
cds	no	تبعيض ديني
asm	no	حماقت
svp	no	حرص واز برای بدست اوردن مال
an	no	دریا عقرب
cds	no	جاده واگن
dmc	yes	بی ادبی
re	no	plagiarisation
cds	no	گناهکار
qas	no	كلبه
dmc	yes	گانگستر
dmc	yes	بخار دهان
ddp	yes	حرف مفت زن
an	no	جانور،
cds	no	انبوه
an	no	خردل
cds	no	کف
re	no	کودک‌کشی
re	no	افترا آمیز
pr	no	لگوری
cds	no	کم بنیه
pr	no	rentboy
ddf	yes	معلول جسمی
cds	no	حرص زدن
cds	no	روسپی خانه
cds	no	پلاسیده شدن
or	no	سیب زمینی های جدید،
cds	no	جمهوریخواه
cds	no	خانواده جرم و جنایت
cds	no	دری وری
cds	no	باند خیابان
ps	yes	كشروت
cds	no	به استثنا
an	no	فاخته
ddp	yes	muggins
dmc	yes	روستایی نادان یا کودن
cds	no	فتنه
cds	no	غلام
cds	no	شرح
or	no	کلم پیچ
cds	no	splashiness
ps	yes	drifter
asm	no	بیضه
an	no	خوك اهلي
svp	no	کاهلی
an	no	چهره
cds	no	مشتاق
cds	no	روایت
svp	no	خشم
an	no	mosquitoe
cds	no	قطار واگن
cds	no	هوشمند
an	no	چوب در، گل
ps	yes	پرورش دهنده گیاه است
cds	no	narcism
asm	no	شق شدگی
cds	no	وراج
re	no	دقیق
ps	yes	خرابکار
ps	yes	حیوان دورگه
or	no	همجنس‌گرایی مردانه
cds	no	زباله
an	no	قلاش
asm	no	لمسی نرم
ddp	yes	حماقت
om	no	همجنس‌گرايي مردانه
qas	no	انسان معمولی
cds	no	شکمبه
cds	no	منش نراندامه اي
pr	no	شاپرک
dmc	yes	سگ شکاری
an	no	شاخه نرم تنان
cds	no	خودمدار
ddp	yes	اشتباه کار
qas	no	ایدئولوژی
or	no	باقلا
svp	no	نخوت
cds	no	غیر عملی
cds	no	ناتوان
pr	no	موش فاضلاب
re	no	دزد مسلح
qas	no	rhetorics
pa	yes	دانشکده
qas	no	متکی بر
dmc	yes	بی‌ادبی
cds	no	قبایل
an	no	سوسک،
re	no	تهدید
cds	no	عبادت بت
asm	no	مرغ نوروزی
cds	no	بنیادگرایی
re	no	ناامید کردن
dmc	yes	فریب خوردگی
re	no	تروریست
cds	no	موسیقی گرانج،
ddf	yes	ماهی میگو
cds	no	خانواده‌های تبهکار
asm	no	bollocks
asm	no	avafauna
re	no	اخاذی
pa	yes	خواستگار
asf	no	واژينال
cds	no	فراماسونري
pa	yes	پیشخدمت
re	no	ایده‌دزدی
an	no	هدف
an	no	پسر اجاره
cds	no	فاضلاب
cds	no	moneygrubber
dmc	yes	وحشیانه
is	yes	ارقه
an	no	بزیان
an	no	کانال باس
ddp	yes	زیا
svp	no	خیط و پیت کردن
is	yes	فقير
re	no	مورد تجاوز قرار گرفته
cds	no	wonk
or	no	بی کله
asm	no	قربانی کردن
dmc	yes	بدبخت
cds	no	moaner
cds	no	خدا نشناس
re	no	قتل عمد
asm	no	muggins
qas	no	بورژوایی
cds	no	شاکی
an	no	راسته فرعی blattaria
an	no	جغد راه راه
qas	no	رهبر روحانی
cds	no	فاشیست ها
om	no	همجنس باز
ddp	yes	doofus
rci	yes	روستایی
cds	no	ارتجاع
qas	no	فروشنده
an	no	برنت غاز
ps	yes	شریعت موسوی
ddp	yes	شرارت
qas	no	تنگنا
asm	no	nooky
cds	no	نظريات توطئه انگيز
re	no	فریب دادن
cds	no	زود باور
qas	no	bungler
ddp	yes	بتعویق انداختن
ddp	yes	حرامزاده
cds	no	ترکیبی دارای خصوصیاتی بین
an	no	salientian
ps	yes	آسيايي ها
an	no	carcharodon
svp	no	superbia
cds	no	paparazzo
om	no	درگ کوئین
pa	yes	مراتب علمی دانشگاهی
cds	no	غارتگر
cds	no	پسر بچه
ddp	yes	غیر عملی
pr	no	معاشر
or	no	تامین مالی
re	no	قتل شکنجه
re	no	تجاوز به عنف
ps	yes	krauthead
om	no	همجنس‌گرایان
ddp	yes	saphead
an	no	قورباغه‌ها
re	no	عذاب دادن
cds	no	cowardliness
cds	no	blackballing
re	no	maligner
pr	no	حرف توخالی و بی معنی
cds	no	هيبريد
ps	yes	مغولی
cds	no	قوم
pa	yes	كارمند يقهٔ سفيد
cds	no	کجی
an	no	صورت
ddf	yes	از کارافتادگی
cds	no	رشوه گیری
qas	no	اشرافی
is	yes	ادم ارزان خر
an	no	caimans
cds	no	عوام فریبی
cds	no	برجستگی
an	no	ديوث
pr	no	كارگر جنسي
an	no	میکروب
qas	no	cadger
cds	no	جاسوس
qas	no	جاسوس
an	no	قرمز درام
rci	yes	دهقانی
om	no	آمیزش مقعدی
cds	no	خبرچین
asf	no	غلاف
dmc	yes	جعل
ps	yes	کاکاسیاه
re	no	تهمت یا افترا
cds	no	اوباش
an	no	ادم نادان
ps	yes	سیاه پوستان
an	no	بوفالوی ایالات متحده
om	no	همجنس گرایی
or	no	سیبزمینی
an	no	خانواده crocodylidae
cds	no	mystifier
or	no	دخترک
an	no	جنده
re	no	جرم جنسی،
dmc	yes	کوته نظر
ps	yes	قره‌چی
dmc	yes	تبه کار
re	no	یاغی
cds	no	اشتغال
dmc	yes	دله دزد
om	no	سپر شحمی
cds	no	بنیادگرا
cds	no	دوزخ
om	no	بنس
om	no	همجنس گرايانه
cds	no	پسرک
dmc	yes	عاری از فایده
ddp	yes	توده
om	no	همجنس گرايي
svp	no	اکتسابی
cds	no	ingroup
qas	no	خدمه
ddp	yes	مادر اساسنامه
an	no	گاومیش امریکایی
an	no	کرم
cds	no	نوچه
cds	no	شیطنت آمیز
dmc	yes	bumbler
an	no	گوسفند
cds	no	علم گرايي
asf	no	دختر دهقان
ddf	yes	معلولیت
om	no	همجنس
an	no	ریشه یا حاشیه زائد
cds	no	دیر کار
pr	no	موش صحرایی قهوه‌ای
asm	no	wank
om	no	shirtlifter
cds	no	لاف
cds	no	نمرات
svp	no	عطش
pr	no	زندگانی با صیغه
pa	yes	زن سلیطه
pa	yes	چوپون
ddp	yes	epifaunal
qas	no	حافظ بازار
cds	no	fumbler
ps	yes	negroids
an	no	پوست سوسمار
cds	no	دزدی
asf	no	اشغال
or	no	خوشحال
om	no	شکمی
ps	yes	نژاد اسيايي
cds	no	ادم خودساز و جلف
an	no	جغدها،
cds	no	موسيقي گرانج
cds	no	جنایت
cds	no	تکبر
cds	no	بنیادگرایان
re	no	خیلی بد
qas	no	عالم در علم بدیع
an	no	حلزون خوراکی
an	no	طوطي(پرنده)
re	no	هراس افکنی
asf	no	خانم
or	no	كلم پيچ
re	no	دزدي دريايي
dmc	yes	ادم طفره رو
an	no	بوفالوی آمریکایی
cds	no	گوشت گندیده
qas	no	دسته
cds	no	ترکیبی
pa	yes	كارگر يقهٔ سفيد
pr	no	گاو اهلي
re	no	سوءاستفاده جنسی
cds	no	اشتباه کار
cds	no	weisenheimer
dmc	yes	outlawry
cds	no	کسیکه علاقه مفرطی به مطالعه کتب دارد
pr	no	زن جوان بوالهوس
an	no	برنت
dmc	yes	وحشی
dmc	yes	پرسه زن
om	no	كون
qas	no	طبقه
pa	yes	حسابداری عمومی
an	no	خانواده cimicidae
asm	no	البالويي
an	no	ساطور
cds	no	با بی احترامی صحبت کردن
re	no	سو استفادهٔ جنسی
asf	no	رموز فنی
dmc	yes	ماهی میگو
dmc	yes	دلقک
om	no	پروگزیمال
dmc	yes	کسی که از انجام وظیفه شانه تهی کند
cds	no	رمان هاي كيلويي
an	no	ريزسازواره
cds	no	ساینتیسم
an	no	جانورنامه
om	no	همجنسگرایان
an	no	رخسار
cds	no	شیک پوش
cds	no	عاشق
cds	no	رد کردن
cds	no	راک گرانج
re	no	capturer
ddp	yes	microcephalic
is	yes	درویش
asf	no	لمسی نرم
qas	no	بارونس
qas	no	قصه
ps	yes	كاكاسياه
asm	no	نرینه
re	no	رفتار خشونت اميز
cds	no	ایمیل های ناخواسته
or	no	shithead
re	no	دزدي ادبي
asm	no	باقالی
asf	no	ساده لوح
om	no	poof
svp	no	طمع
an	no	hemipteron
re	no	plagiarized
asm	no	شق شدن
re	no	خیانت در امانت
cds	no	نقال
cds	no	جعل
cds	no	خانواده‌های مافیایی
asm	no	میدان لوبیا
svp	no	تن‌پروری
svp	no	شهوت
pa	yes	علمی
cds	no	رمان امیرارسلانی
ddp	yes	سازهٔ تزئینی
asf	no	موهاي شرمگاه
om	no	زن خانه
svp	no	پرخور
qas	no	سیستم های توزین غواصی
ps	yes	نژادهای دیگر،
an	no	تمساح‌سانان
re	no	بچه کش
cds	no	خانوادهٔ های تبهکار
pr	no	whoredom
om	no	ventrolateral
om	no	وطي دبر
re	no	ربودن
is	yes	ناراضی
om	no	نفوذ مقعد،
cds	no	wuss
cds	no	پیش جوابی
an	no	نژادهای گوسفند
cds	no	ازدحام
asf	no	موهای محل انشعاب بدن انسان
ddp	yes	دهقانی
pr	no	کارگری جنسی
cds	no	ده ها
dmc	yes	انگیزه های اخلاقی
or	no	سر
cds	no	کیسه تفاله
an	no	غوك
qas	no	درهم و برهمی
qas	no	دستیار کشیش
cds	no	علم زدگی
cds	no	نامردی
rci	yes	وحشی
dmc	yes	مرتد
dmc	yes	drifter
cds	no	پر حیله
re	no	شریر
pa	yes	دانشگاهیان
re	no	blackmailed
om	no	مبدل پوشي
om	no	خر
svp	no	مغرور
an	no	جانور نامه
svp	no	gourmandizer
or	no	جن
cds	no	معلمان
cds	no	كازينو
dmc	yes	ادم بی عقل و بیشعور
cds	no	خانهٔ فواحش
dmc	yes	جنس وسط فروش
pr	no	جان
is	yes	اسکروج
dmc	yes	بیهوده dallier
an	no	بسترساسان
dmc	yes	هرزه
pr	no	مول
an	no	قوچ
dmc	yes	منفور
re	no	ادم ربايى
cds	no	autolatry
an	no	حشرات
cds	no	مستراح
asf	no	بانو
dmc	yes	layabout
cds	no	فعلی
re	no	افتراء
cds	no	سیرابی
re	no	تروریسم
cds	no	هوچی
cds	no	کون کشی
qas	no	انگلهای خارجی
re	no	باج گیری
dmc	yes	حرف دو پهلو
re	no	دزدی
re	no	سؤاستفاده جنسی
an	no	گاومیش
an	no	آتن noctua
cds	no	ترکیبی intergeneric
asf	no	بلید
dmc	yes	علم الاخلاق
cds	no	فیس
qas	no	فرد مشترک
cds	no	شریر
cds	no	مادر
om	no	سكس مقعدي
cds	no	کودک عشق
pa	yes	شبانی
ddp	yes	بی خبری
cds	no	طوايف
qas	no	خرت و پرت
om	no	كپل
cds	no	وابسته بخود
dmc	yes	slackers
cds	no	timeserver
asf	no	muggins
asm	no	آلت تناسلی،
cds	no	دزد بارون
an	no	خر نر
cds	no	خر
an	no	hirudinean
svp	no	سستی
re	no	دزدیدن
asf	no	فریب خورده
dmc	yes	fibber
qas	no	دهقانی
dmc	yes	خائن
cds	no	پوپوليستي
dmc	yes	dissembler
re	no	افترا تجارت
an	no	اسکارگو
dmc	yes	جعل اسناد
re	no	حملات تروریستی
pa	yes	پوهاند
dmc	yes	اواره
an	no	شغال،
cds	no	فساد
ddp	yes	دستخوش
an	no	مار ماهيان مهاجر
dmc	yes	حیله‌گر
pa	yes	نماینده ویژه
cds	no	slews
ps	yes	قاراچی
dmc	yes	بخار
ddp	yes	زودباور
asf	no	ریشه یا حاشیه زائد
ddp	yes	حیوانی
dmc	yes	آپارتی
an	no	مخصوص فروش اشیاء ارزان قیمت یا دست دوم
qas	no	خايه
cds	no	pudden سر
asm	no	تقلب کردن
re	no	جنسی مورد آزار قرار گرفته
ps	yes	يهودي الاصل
an	no	ادم‌خوار
cds	no	اعتیاد
or	no	سیب‌زمینی
qas	no	همیشگی
pr	no	دختر گستاخ
re	no	جنایی
an	no	ادم بی عقل و بیشعور
re	no	قرار دادن به مرگ
dmc	yes	ادب و نزاکت
pa	yes	استاد کمکی
ddf	yes	گوژپشت
re	no	تقلب علمی
dmc	yes	نا صحیح
cds	no	جنايت
om	no	همجنس‌گرایی مردانه
svp	no	حریص
or	no	جنبش homophile
om	no	transvestitism
om	no	اميزش جنسي مقعدي
re	no	اوباش
om	no	همجنس بازي
svp	no	بچه قشنگ
cds	no	قاصد
re	no	متخلف
an	no	دد و دام
svp	no	حالت خلسه
svp	no	dallier
svp	no	تنها
an	no	اورئوس کانیس
an	no	لات
om	no	بچه بازی
an	no	لوند
or	no	چاک
cds	no	ورزشی خانه
ps	yes	بتعویق انداختن
ps	yes	یهودی‌الاصل
dmc	yes	یاغی
asm	no	کلاهبرداری کردن
cds	no	زیر قبیله
cds	no	بچه شیر
dmc	yes	بچه
ps	yes	darky
cds	no	دهقانی
re	no	raptio
ddp	yes	غیر لازم
cds	no	حوله داغ
or	no	ادم خرف و بی هوش
qas	no	دست رشته
dmc	yes	طلخک
ps	yes	يهود
om	no	pederastic
cds	no	فاشيزم
ddp	yes	nonsensicality
an	no	poulet
dmc	yes	غیر اخلاقی
cds	no	شکستن قانون
svp	no	تنبل وکند
dmc	yes	افسار گسیخته
cds	no	راست افراطی در جناح
an	no	فریفتن
cds	no	پر تزویر
qas	no	حذف
cds	no	كون كش
or	no	خر
pa	yes	كارگر يقه سفيد
cds	no	عامل
cds	no	فراوان
dmc	yes	بي ادبي
om	no	همجنس‌بازی
cds	no	حیله
ps	yes	ادم سفیه و احمق
cds	no	خویشی
pa	yes	کارمند یقهٔ سفید
cds	no	گروه فراماسونی
cds	no	نامشروع
cds	no	ناشی
cds	no	فریب خورده
asm	no	البالویی
cds	no	رشوه خوار
dmc	yes	فريب
an	no	نرم تن
cds	no	توده مردم پست
an	no	اصطلاح عوامانه
is	yes	ادم خسیس
qas	no	جعبه
dmc	yes	نيرنگ
cds	no	backtalk
om	no	noblewoman
ddf	yes	چلاق
cds	no	اشتباه لپی
cds	no	خانواده های تبهکار
cds	no	pandar
dmc	yes	حالیکه به بازی "چرخ چرخ" اندرو
an	no	بزرگ کوسه سفید
an	no	هردمبیل
ps	yes	مغول‌سان
or	no	ادم
pr	no	فاحشه گانگستر
dmc	yes	بوی بد دادن
dmc	yes	سگ کثیف
pa	yes	شوان
cds	no	فاشيستي
re	no	اخاذي
pr	no	ورزشی بانوی
cds	no	perspicaciousness
dmc	yes	سیاه بند
is	yes	مردم فقیر
re	no	kidnaper
qas	no	اهل محله
ps	yes	bedu
pr	no	زن بدكاره
cds	no	دلقک
qas	no	بی عقل
dmc	yes	scammer
cds	no	کپه
an	no	حلزون رومي
re	no	سوءاستفاده جنسي
re	no	غارتگر
asm	no	ادم سفیه و احمق
dmc	yes	bungler
asm	no	maxilliped
pa	yes	وکیل دادگستری
ps	yes	آيين يهود
an	no	saphead
re	no	خشم
cds	no	گروهك
an	no	قاز
dmc	yes	chiseler
cds	no	می دانم که همه
cds	no	میمون
cds	no	اقناع شدن
asm	no	حرکات تند و سریع خاموش
or	no	knucklehead
asf	no	احمق
an	no	بدن ربودن
ddp	yes	کودن
qas	no	آمیزه
om	no	همان طرف
svp	no	tightfistedness
cds	no	اش شله قلمکار
qas	no	خرده بورژوازی
an	no	گاومیش آمریکایی
cds	no	جنس وسط فروش
or	no	همجنس‌گرايي مردانه
cds	no	جان کندن
om	no	اميزش جنسي از راه مقعد
an	no	بزسانان
cds	no	افسر پلیس
dmc	yes	بزهکار نوجوان
ddp	yes	سفاهت
an	no	شخص بی کفایت
an	no	فيونا
qas	no	divulgement
re	no	سارق
cds	no	اصول گرايي
asm	no	طعنه زدن
om	no	درگ كوئين
dmc	yes	ادم اواره و ولگرد
re	no	رفتار خشونت آميز
om	no	کثیف و فاسد
an	no	پرنده شب
re	no	دستبرد
pa	yes	سالن پورتر
cds	no	فرزند جان
dmc	yes	اوباش
qas	no	درهم ریختگی
pa	yes	استاد کامل
svp	no	برآشفتگی
svp	no	luxuria
cds	no	حق‌العمل‌کار
om	no	کپل ها
is	yes	تاسف
ps	yes	سياهان
om	no	paederast
dmc	yes	خراج
cds	no	بت
qas	no	دروغ
om	no	سرين
asm	no	گسترده لوبیا گیاهی
cds	no	رشوه گیر
cds	no	مردم قبیله ای
qas	no	اهل محله کلیسا
qas	no	شریک در جرم و جنایت
cds	no	طايفه
dmc	yes	فریبنده
asm	no	کودن
cds	no	هم پیمان شدن
re	no	زنای به عنف
an	no	تفاله
cds	no	توالت عمومی
om	no	aboral
cds	no	نابکاری
cds	no	احمق
cds	no	جندهٔ خانه
cds	no	jokester
svp	no	ادم خسیس و لئیم
asm	no	roosting
re	no	بدنامی و رسوایی
re	no	هتک ناموس دختر نابالغ
an	no	تبه کار غم انگیز است
dmc	yes	اسائه ادب
an	no	فرمانرو جانوران
asm	no	قطعه ای از دم
pa	yes	بربرها
ps	yes	مستیزو
cds	no	مرید
pr	no	روسپی
an	no	animalcules
qas	no	معتاد
ps	yes	کلم ترش
dmc	yes	طلخك
an	no	توده مردم پست
an	no	bufo bufo
qas	no	طرزتفکر
svp	no	عاری از فایده
dmc	yes	دروج
an	no	قیافه
qas	no	مزرعه مستاجر
re	no	اسلير
ps	yes	وندال
svp	no	ادم بیکاره
re	no	قلاش
qas	no	کشاورز
qas	no	خانه
re	no	تقلا
re	no	بدکار
pr	no	رات
cds	no	bungler
is	yes	تبه کار
ps	yes	jigaboo
an	no	سلیطه
cds	no	عوضي
pa	yes	uncouthness
an	no	توره
an	no	جانور
an	no	همدم
asm	no	پَرَندِه
cds	no	پاانداز
svp	no	امساک
an	no	ساس که از خون انسان تغذیه میشود
ps	yes	changelings
re	no	جنايت
re	no	آزار جنسی
asm	no	حرکت تند و سریع خاموش
cds	no	گریس
ddp	yes	microcephaly،
an	no	صدف
ps	yes	چشم بادامي
cds	no	دارای صدای خش خش
cds	no	اندازه متوسط
qas	no	قرون وسطی
pa	yes	طرفدار
asm	no	شق
svp	no	سستي‌
qas	no	اداره منزل
cds	no	سرپرست
an	no	grossness
ddf	yes	crookback
cds	no	nerdy
re	no	دزد سرگردنه
ddf	yes	بدبخت
re	no	ایده دزدی
or	no	مورفی
pr	no	شاپرك فلفلي
qas	no	rhetor
an	no	زود باور
re	no	بهخاطر
an	no	اخم کردن
cds	no	افزایش یافته سر
om	no	کج خلق
an	no	مرغ خانگي
cds	no	finagler
dmc	yes	dissimulator
or	no	عجیب و غریب
re	no	تهمت
an	no	کوسه سفید بزرگ
ddf	yes	فرد معلول
pr	no	گاوان
an	no	wuss
cds	no	چاپلوس
an	no	eurypterid
qas	no	معاشرت-منگل
or	no	تاک کدو
qas	no	پارازیت
ddf	yes	افلیج
qas	no	سوداگر
an	no	شپش humanus
an	no	ابتذال
ddp	yes	جانور
cds	no	علم
cds	no	تئوری توطئه
svp	no	invidia
ps	yes	بیوتکنولوژی گیاهی
ps	yes	doofus
re	no	دزدی دریایی
an	no	شكم پايان آريونيدائه
pa	yes	منادی
is	yes	نماز خواندن
dmc	yes	وصله
cds	no	نوزادان
an	no	شیر بز
cds	no	کج کلاه
asf	no	خردل
cds	no	گاو دزد
dmc	yes	کشتی شکسته
ps	yes	نژاد اسیایی
or	no	کلم‌پیچ
or	no	خیار
is	yes	تهیدستی
cds	no	خودشيفتگي
is	yes	ناچیز
pr	no	کارگر جنسی
an	no	نق نقو
ddp	yes	حيواني
pa	yes	extraordinarius استاد
dmc	yes	جنس بنجل
an	no	ستاره ستاره ستاره ستاره، جیر جیر
an	no	چهرهٔ خواني
asf	no	کنده
qas	no	تجارت
cds	no	dweeb
cds	no	مادر اساسنامه
dmc	yes	ولخرج
cds	no	مجموعه اشیا
cds	no	گانگستر
pr	no	شاپرك
ddp	yes	ادم خوش نیت ولی احمق و بی عرضه
ddp	yes	عقب افتادگی
svp	no	تن پروري
dmc	yes	کلاه بردار
dmc	yes	خپله
cds	no	دلاله محبت
re	no	تقصیر
cds	no	پسرم
cds	no	بت‌پرست
ps	yes	کولی‌ها
cds	no	خود فروشی
cds	no	کودک
an	no	جانوران کوچک و میکروسکپی
re	no	بزهکار نوجوان
om	no	پایان عقب
asm	no	قهوه ای
qas	no	بارن
re	no	پرخاش
cds	no	فاضلاب بهداشتی
om	no	پروگزيمال
cds	no	fop
cds	no	سيانتيسم
ddp	yes	بی سواد
pr	no	ميسترس
cds	no	بد ذاتی
or	no	کشت کلم
an	no	جنس آنگویلا
cds	no	خانوادهٔ هاي تبهكار
cds	no	خانه فواحش
re	no	متجاوز
cds	no	قشري
an	no	جنس pipistrellus
dmc	yes	مایه تاسف
an	no	گل
dmc	yes	موتزارلا
is	yes	بی چربی
om	no	شاهد بازي
qas	no	بلاغی
an	no	استفادهچی
pa	yes	fishmongers
re	no	scammer
re	no	پست
an	no	گا
an	no	او بز
qas	no	لانه
asm	no	احمق
ddp	yes	microcephaly
ps	yes	دو رگه
om	no	دبر
pr	no	ماده گاو
om	no	کودک molester
ddp	yes	عقب افتاده
ps	yes	ابله
ddf	yes	معلول جسمي
pa	yes	كارمند
ddf	yes	معلولين
ddp	yes	taleteller
cds	no	دو رگه
cds	no	بد
ps	yes	دهقانی
re	no	ناکس
cds	no	امکانات توالت
an	no	مارماهی‌سانان
asf	no	ادم سفیه و احمق
cds	no	بنيادگرايي
qas	no	میز کار
cds	no	بت پرستي
pa	yes	سیاسی
cds	no	نادرست
om	no	همجنس گرایی مردانه
pa	yes	کارمند دفتری
an	no	کلّه خر
cds	no	تنه
an	no	خیابان دختر
svp	no	شکم پرستی
qas	no	افسانه
an	no	مار جعفری
om	no	الاغ
cds	no	متقلب
pr	no	بید
or	no	سیگار
asf	no	سیرابی
an	no	familiaris
dmc	yes	شرارت
cds	no	بت ساختن
an	no	دلقک
an	no	bufo
re	no	سرقت فکری
ps	yes	سیاه‌پوستی
cds	no	ترکیب
cds	no	شخص بالغ
re	no	حمله تروريستي
rci	yes	وحشیانه
an	no	infauna
dmc	yes	از نظر اخلاقی ورشکسته
is	yes	رانده
is	yes	رقت انگیز
svp	no	بی فایدگی
or	no	حوله داغ
cds	no	فاضلاب خام
ddp	yes	جاهل
pa	yes	هيأت علمي
om	no	ماتحت
re	no	زجر دادن
an	no	كوسه ماهي
ddp	yes	zooerasty
an	no	گاو میش کوهان دار اروپایی
an	no	مارماهی واقعی
asf	no	مرغ نوروزی
an	no	swallower بالون
ps	yes	سیاهپوستان
pa	yes	کارگر یقه سفید
ps	yes	مذهب یهود
an	no	شپش مشترک
an	no	بی‌دمان
an	no	خوك
ps	yes	بچه ناقص الخلقه
or	no	finocchio
ddp	yes	نابخرد
an	no	لاس
ddp	yes	جانور نامه
an	no	كژدم هاي دريايي
cds	no	wank
qas	no	baroqueness
cds	no	bellyacher
pa	yes	استادیار
an	no	منظور crocodylia
ps	yes	سفید،
an	no	noctiluca lampyris
cds	no	گروهک
cds	no	کشیش ارشد
qas	no	اهل
an	no	صدای مزاحم
an	no	بوفالوي امريكا
pr	no	floozie
ps	yes	باديهٔ نشينان عرب
or	no	tater
cds	no	مبادله کردن
cds	no	حرف
pa	yes	صندلی
qas	no	حکایت
pa	yes	وزیر
ddp	yes	ذهنی به چالش کشیده
cds	no	خوشنودی از خود
cds	no	باندهای جوانان
dmc	yes	foetor
svp	no	شهواني
cds	no	علم گرایی
cds	no	prankishness
ddp	yes	سازه‌ای تزئینی
cds	no	لمسی نرم
qas	no	حرف دو پهلو
cds	no	توده
an	no	بنبك
asf	no	غیر لازم
ps	yes	جری
qas	no	اشتباه لپی
cds	no	شیطانی
re	no	debaucher
cds	no	عاصی
pa	yes	حسابرسی
an	no	شوهر زن زانیه
cds	no	وراجی کردن
dmc	yes	lowlife
cds	no	تن
qas	no	کلاه بد
cds	no	طوایف
cds	no	یاد دهنده
svp	no	گناهان کبیره
cds	no	منش نراندامه ای
svp	no	ناخوشایند
svp	no	شهوانی
dmc	yes	ادم هرزه
cds	no	سیسیلی مافیا
an	no	حلزون رومی
an	no	سگ
an	no	عامی
pa	yes	استادی
an	no	حيواني
pa	yes	نگهبان درب
dmc	yes	غریب
svp	no	ادم طفره رو
qas	no	tagalong
an	no	کفتار،
om	no	همجنس‌گرا
cds	no	حیله گری
cds	no	whiner
re	no	سوء استفاده از قدرت
asf	no	سوراخ کس
cds	no	باندهای
an	no	فرگشت نرم‌تنان
is	yes	villainess
an	no	ميكروب
cds	no	ویس
ddp	yes	عقب‌ماندگی ذهنی
cds	no	chiseler
pr	no	زن خياباني
asm	no	باقلا
re	no	بزه
cds	no	حرارت
dmc	yes	اوباشی
qas	no	ناراستی
om	no	انسان
cds	no	کارگر زحمتکش
or	no	همجنس گرایی مردانه
re	no	ایدهٔ دزدی
pa	yes	كارمند يقه سفيد
om	no	tush
cds	no	چروک شدن
cds	no	خود ستایی
ddp	yes	بلید
cds	no	شدت شبق
asf	no	changelings
re	no	سوءاستفادهٔ جنسی
om	no	سیگار
pa	yes	پروفسور
cds	no	استاد
svp	no	تعصب
cds	no	مسامحه کردن
cds	no	جرم جنایی
svp	no	حرص
an	no	zooerasty
pr	no	موله
pa	yes	عضو هیات علمی
ps	yes	هيبريد
qas	no	رهبر معنوی
cds	no	نظریه پردازان توطئه
ddp	yes	فیونا
ps	yes	خاک
dmc	yes	blunderer
cds	no	نظریات توطئه انگیز
qas	no	لانه سگ
om	no	اميزش مقعدي
is	yes	شرور
cds	no	بسیار
an	no	مارماهيان مهاجر
asm	no	باقلي
pr	no	كارگري جنسي
dmc	yes	اخلاقی
asm	no	آلت نري
svp	no	هفت گناهٔ كبيره
an	no	غاز
re	no	دزد دريايي
an	no	جغد،
cds	no	خیلی بد
qas	no	سرپرست خانه
re	no	باج‌گیری
re	no	جنسی حمله
ps	yes	سنت یهودی،
cds	no	شخص
svp	no	درنده خو
re	no	شغل تبر
asf	no	چاک
ps	yes	صحرا نشین
cds	no	غیر مشروع
ddp	yes	بی خیال نگاه کردن
om	no	هموسکسوئل
cds	no	sassing
cds	no	ظروف سرباز یا مسافر تا
cds	no	راهزن و سارق جاده
dmc	yes	منفور در سطح جهانی
an	no	muttonhead
an	no	كك
cds	no	زندانبان
ps	yes	وحشیانه
ps	yes	چشم بادامی
asm	no	خطا
cds	no	سر پودینگ
is	yes	نزار
cds	no	از جان گذشته
qas	no	نظریه پرداز
svp	no	پرخوری
ddp	yes	وراج
or	no	همجنس باز
qas	no	پر طمطراقی
an	no	وك
re	no	شکستن قانون
ddp	yes	كرتينيسم
an	no	سوسک
asm	no	آلبالویی
an	no	eurypterids،
cds	no	رمان اميرارسلاني
qas	no	دنباله
re	no	شکنجه
qas	no	ناشی
ps	yes	سیاهان
cds	no	فراماسونر
dmc	yes	dallier
ddp	yes	می دانم هیچ چیز
svp	no	درندگی
cds	no	مواد زائد جامد
ps	yes	اوستروگوت‌ها
an	no	ادم خوار
an	no	wisent
om	no	poove
cds	no	دروج
pr	no	روسپي
qas	no	اشتباه کار
an	no	حیوان
dmc	yes	کجی
an	no	کره خر
re	no	اراذل
qas	no	دیوانه
qas	no	برگزیدهی
dmc	yes	اخلاقیات
cds	no	راهزنی
re	no	هراس افگنی
cds	no	cockup
an	no	diddley
dmc	yes	مسخرگی است
an	no	خانواده anguillidae
om	no	سرین
an	no	كل وبز
om	no	بيان جهات در آناتومي
ddp	yes	وحشیگری
ddf	yes	معلوليت
qas	no	شرح
or	no	کوکومیس گل زعفران
pr	no	تن فروش
an	no	تبه کار
cds	no	دبدبه
re	no	آزار و اذيت جنسي
cds	no	حرمت کردن
cds	no	سخن‌چینی
cds	no	عضو باند
om	no	homophile
cds	no	خط خطی کردن
svp	no	حرص و آز،
an	no	ترفند کثیف
dmc	yes	turncoat
re	no	grifter
cds	no	مرغ نوروزی
an	no	knucklehead
asm	no	غلفه
dmc	yes	لوده
an	no	بیشعور
cds	no	طاغوت
re	no	تجاوز جنسی
an	no	دسته
an	no	blattodea
svp	no	بدون حساب
cds	no	nurseling
an	no	غاز شمالي
cds	no	نکته گیر
cds	no	رای مخالف دادن
or	no	کج بیل
cds	no	منت
qas	no	fumbler
an	no	شکم پایان آریونیدائه
an	no	hemipteran
an	no	خسیس
re	no	تروریستی
an	no	زیاگان
ps	yes	بلغار
an	no	shote
qas	no	خرده بورژوازي
re	no	رباینده
qas	no	کف
pa	yes	روستایی
cds	no	balladeer
pr	no	درباری
an	no	شپش بدن
re	no	جمهوریخواه
dmc	yes	فریب
asm	no	پوست ختنه گاه
re	no	به سرقت رفته اموال
dmc	yes	مهم
dmc	yes	کلاهبردار
pr	no	بانوی لذت
om	no	امیزش جنسی مقعدی
ddp	yes	ماهی فقیر
or	no	حوله
svp	no	خوب برای جز
qas	no	کاست
cds	no	قوم و خویشی
asf	no	زباله
asm	no	سخت در
svp	no	خشمگین
cds	no	پست و حقیر
ddp	yes	ساده لوح
cds	no	پااندازها
qas	no	کمربند وزن
om	no	پشت
an	no	برادر
qas	no	صدای مزاحم
an	no	ماهی عقرب
an	no	escargot
asf	no	دختر
cds	no	گارد زندان
dmc	yes	تاخیر کننده
asm	no	ماشک باقلا
an	no	گاوميش امريكايي
ps	yes	یهود
asm	no	brownness
qas	no	تابعین
qas	no	زارع
om	no	شاهدبازي
cds	no	شفیع
re	no	تجاوز
or	no	ادمکله خر
ddp	yes	بچه ناقص الخلقه
pa	yes	شبان
cds	no	تلف شدن
svp	no	بی علاقگی
om	no	همجنس‌گرایی
cds	no	صدای خش گاو
pr	no	زن در خیابان
re	no	رفتار خشونت‌امیز
cds	no	سقوط مرد
qas	no	زباله
cds	no	swaggerer
an	no	chinch
cds	no	برزگر
cds	no	اموزگار
dmc	yes	ابله
cds	no	داستان سرا
ps	yes	شخصی که غده درقی او ترشحات لازم را ندارد و در نتیجه دارای مشاعر نادرست است
ddp	yes	خبرچین
an	no	فرد ژولیده
or	no	طاقت فرسا
om	no	هم جنس خواهی
pa	yes	مدیر مراسم تشییع جنازه
cds	no	شیاد
qas	no	بازرگان
pr	no	زن جوان
dmc	yes	پست
re	no	زناي به عنف
dmc	yes	گول
asm	no	ماهی
qas	no	طبقات
cds	no	newspaperwoman
cds	no	بی ارزش
svp	no	تکبر
cds	no	اطاق کوچک
svp	no	کسی که از انجام وظیفه شانه تهی کند
re	no	دستگاه شکنجه
cds	no	culchie
qas	no	دهقان
an	no	کوزه گلی
dmc	yes	شبه
qas	no	عادی
cds	no	کاروان
an	no	ميكروارگانيزم
or	no	خیار،
or	no	گل زعفران crocus sativus))،
cds	no	اسیر
an	no	ماده گاو
an	no	دياثت
asf	no	دیر کار
qas	no	بلاغت
qas	no	اختلاط
cds	no	خدعه آمیز
pa	yes	هیأت علمی
an	no	عیبجو
om	no	بچه باز
asf	no	کدبانو
qas	no	بورژوازی
pa	yes	ماهی‌فروش
pr	no	خدمات جنسی
an	no	گو
asm	no	ادم کودن و احمق
re	no	دزدي
re	no	سوء استفاده
an	no	طوطي
cds	no	اراذل و اوباش
asm	no	قهوه‌اي
re	no	قتل درجه دوم
re	no	گاو دزد
qas	no	داستان
pr	no	موش صحرايي قهوه اي
qas	no	نقاشی
ddp	yes	دیر کار
an	no	otus asio
an	no	زوزه
cds	no	کسیکه شوخی زننده کند
svp	no	بسیار گرسنه
om	no	خوشحال
an	no	بی امان
pr	no	هرزگی
cds	no	دنباله
cds	no	دستگاه انحراف سنج زاویه
cds	no	زندانیان
svp	no	پنی، جوانه
qas	no	مغازه دار
om	no	تامین مالی
cds	no	crooners
an	no	بید
cds	no	بن بست خیابان
an	no	دزد دریایی
an	no	ورزا
asm	no	انگلیسی لوبیا
qas	no	علم بلاغت
svp	no	ولگرد
re	no	غارت
re	no	سرقت ادبی
om	no	همجنس بازی
dmc	yes	شخص بد
om	no	زن پوش
dmc	yes	ريا
svp	no	ادم بطیء و کندرو
an	no	کوسه‌ماهی
ps	yes	بچهای که پریان بجای بچه حقیقی بگذارند
om	no	پلانتار
cds	no	دزد سرگردنه
cds	no	موسیقی گرانج
pr	no	خودفروشی
an	no	escargots
pr	no	روسپي گري
an	no	بزيان
ps	yes	نژاد آسیایی
cds	no	fanatism
ddp	yes	ادم کله خشک و احمق
cds	no	قمار کازینو
qas	no	ناامید کردن
ps	yes	سیاه پوست
ddp	yes	pillock
an	no	ادم احمق و کودن
svp	no	ravenousness
svp	no	بی سود
pr	no	زن شل
cds	no	amateurishness
cds	no	ولگرد
asf	no	موهای شرمگاه
pr	no	روسپيگري
pr	no	تن‌فروشی
dmc	yes	دروغ گو
cds	no	غری
dmc	yes	آدمک
pa	yes	دیپلمات
dmc	yes	بنابراین و چنان
asm	no	دستگاه فرعی
re	no	قربانی کردن
re	no	جرم و جنایت جنسی
re	no	استفاده نامشروع
cds	no	پوپولیستی
dmc	yes	تنبل
dmc	yes	قصاب
qas	no	ذات
dmc	yes	دوره گردی
dmc	yes	کذب
qas	no	انگل‌ها
re	no	cosa nostra
cds	no	dastardliness
re	no	تقلب کردن
om	no	caudally،
dmc	yes	بدون حساب
om	no	مبدل پوشی
pr	no	کس
an	no	سوسمار
pa	yes	هیات علمی
qas	no	ستارهء تابع ستارهء دیگری
cds	no	یک جور بازی
svp	no	ادم بیکاره و مهمل
an	no	سگ کثیف
asm	no	هم​بستر شدن
ps	yes	چشم‌بادامی
cds	no	clotheshorse
pr	no	کلاش
om	no	crossdress
cds	no	شلوغی
an	no	درازگوش
re	no	قاتل
dmc	yes	اخلاق
cds	no	کشیش اعظم
om	no	دسته
cds	no	قبیله ای
qas	no	سلاطین
asm	no	کار دست
om	no	sodomist
om	no	زنانه پوشي
ddp	yes	جانوری
ps	yes	لولي
ddp	yes	خارج از منطق
qas	no	آماتور
an	no	فیونا
ps	yes	مغول ها
ps	yes	اسيايي ها
cds	no	شلاق
an	no	بره
asf	no	موی زهار
cds	no	فرهنگ باند
or	no	دسته
pr	no	فحشا مرد
om	no	همجنس‌گرایانه
om	no	زن‌پوش
cds	no	دلال یا دلاله ازدواج
pa	yes	وکلای دادگاه
svp	no	بیهودگی
re	no	اسلیر
an	no	بوفالوي امريكايي
an	no	بوفالوی ایالات متحدهیی
svp	no	شهوت و ميل شديد
an	no	گوشت گاو
cds	no	scammer
cds	no	پسر سانی
re	no	هراس افگني
dmc	yes	کشدار
cds	no	صنعتی
om	no	بیان جهات در اناتومی
ddp	yes	زود باور
asm	no	آلت
re	no	رفتار خشونت امیز
ddf	yes	لنگ
an	no	شپش corporis
or	no	سیب زمینی ایرلندی
ps	yes	كولي
re	no	جرم جنایی
cds	no	beguine
an	no	جنس کاپرا
cds	no	1 سریع
qas	no	پیشه ور
dmc	yes	ناقلا
an	no	کک
cds	no	دماگوژي
qas	no	ادم خوش نیت ولی احمق و بی عرضه
cds	no	نارسيسيم
an	no	گاو نر وحشی
ps	yes	نژاد آسيايي
cds	no	نظریه پرداز توطئه
cds	no	شور و شوق
cds	no	ناکس
dmc	yes	hobos
cds	no	omerta
om	no	تقلید از روش و طرز لباس جنس مخالف
cds	no	ماهی فقیر
cds	no	گروه هم مسلک
cds	no	دایره درونی
an	no	کرکس
qas	no	dauber
ps	yes	مشکی
an	no	redfish
an	no	جمهوریخواه
cds	no	گرونج
pa	yes	ذی حساب
ps	yes	uprooter
re	no	عالی
re	no	جرم تعقیب است
ps	yes	بی خیال نگاه کردن
is	yes	ادم خسیس و لئیم
ddp	yes	ناشناسی
cds	no	پرستش بت
dmc	yes	ناراستی
is	yes	خسیس
dmc	yes	ارقه
cds	no	مافیایی
pr	no	noctiluca lampyris
cds	no	فراش
or	no	کدو
an	no	حيوان
om	no	پیرو زن
ddf	yes	غیر فعال کردن
qas	no	جمع اوری کردن
cds	no	جنایی
an	no	بوس taurus
qas	no	جامعه بورژوائی است
pr	no	بوس taurus
re	no	جرم
cds	no	گیج کننده
om	no	زنانه‌پوشی
asm	no	نعوظ
cds	no	مزور
an	no	کانیس familiaris
ddp	yes	betise
ddp	yes	حیوانات
om	no	آميزش جنسي از راه مقعد
an	no	ریزاندامگان
dmc	yes	با ریا
re	no	افترا
cds	no	wisenheimer
an	no	crocodylian
dmc	yes	پنیر ماتسرلا
cds	no	تبعیض دینی
svp	no	هفت گناه مرگبار
cds	no	lowlife
cds	no	pompousness
pa	yes	cordwainer
asf	no	چرک
an	no	سرسخت
an	no	خون اشام
pa	yes	کارکنان یقه سفید
dmc	yes	دزد سرگردنه
cds	no	قوم و خویش
an	no	کمی جغد
svp	no	طماع
ddp	yes	حوله داغ
cds	no	تطبیق
dmc	yes	بیکاره
svp	no	عدم قبول
re	no	سواستفادهٔ جنسي
asm	no	سقوط مرد
an	no	سوسك
om	no	بانوي خانه
cds	no	خودبینی
ps	yes	ostrogoth
dmc	yes	شریر
an	no	lowlife
dmc	yes	تعصب
ps	yes	از نژاد مختلف
svp	no	رشك
cds	no	saphead
cds	no	جا کشی
an	no	ميكرب
is	yes	فقر شهری،
ps	yes	بلغاری
an	no	نرم‌تن
ps	yes	جامعه یهودی
cds	no	سطحی
cds	no	ostentatiousness
qas	no	بد
re	no	تاراج
om	no	همجنس گرایانه
an	no	اوراسیا اشتر
an	no	ساسان
an	no	الاغ داخلی
ddp	yes	دلقک
ps	yes	مرد سیاه
or	no	سیب زمینی،
an	no	diddly چمباتمه
qas	no	زالو
an	no	اسکورت مرد
cds	no	وضع
an	no	طناز
ps	yes	pikey
cds	no	دفاع
cds	no	بنابراین و چنان
an	no	آمریکا گاومیش کوهان دار امریکایی
ps	yes	romanis
cds	no	پشته
an	no	شكم پايان اريونيدائه
an	no	شغال طلایی
ddp	yes	ریشه یا حاشیه زائد
qas	no	autoinfection
re	no	باج گيري
qas	no	افشاء
an	no	گاو
cds	no	کومه
cds	no	خرد
om	no	⚣
cds	no	کون‌کش
an	no	villainess
pa	yes	وحشیانه
qas	no	رد کردن
an	no	كوسه بزرگ سفيد
qas	no	casteism
om	no	همجنس گرا
ddp	yes	سازهٔ تزئيني
an	no	پشه
dmc	yes	کوزه گلی
an	no	شکم‌پایان آریونیدائه
asf	no	ابله
cds	no	homunculi
om	no	همجنسبازی
cds	no	میانجی
or	no	شلغم
cds	no	interfertility
or	no	كچالو
cds	no	مدیر
dmc	yes	ورشکستگی اخلاقی
pa	yes	پورتر
qas	no	بورژوازي
qas	no	snooper
cds	no	وصله
cds	no	بارهای
re	no	گروه هاي تروريستي
pr	no	گا
asf	no	زهدان راه
cds	no	غیر لازم
cds	no	از راه قاچاق یا شیادی پول بدست اوردن
ddp	yes	گول زدن
cds	no	فاشیست‌ها
an	no	کثیف
an	no	metazoans
pa	yes	پیشخدمت و پادو مهمانخانه
cds	no	groveler
pr	no	گاو داخلی
cds	no	ماسونی
an	no	پتیاره
ddp	yes	معلول ذهنی
cds	no	جمعیت، هجوم
asm	no	طنز گفتن
pa	yes	یسوعیون
an	no	غری
cds	no	تبه کار غم انگیز است
cds	no	خودپرستي افراطي
dmc	yes	ناپاک
an	no	پرستار بچه
cds	no	نیرنگباز
asm	no	فهرست پرندگان
om	no	متقابل کمد
asm	no	مارون
re	no	plagiarise
pr	no	زن زناکار
cds	no	مدافعه
an	no	خشم
ps	yes	واندال
cds	no	قشر
cds	no	خانواده های تبهکاری
an	no	حماقت
qas	no	مرتکب خطا شدن
qas	no	teste
ddp	yes	changelings
an	no	ماهی عقرب،
cds	no	bumbler
re	no	outlawry
cds	no	vaunter
an	no	گاوميش ايالات متحدهيي
re	no	شکنجه گر
qas	no	bourgeoise
pr	no	حرف چرند
pr	no	اهل مهماني
an	no	دریده
cds	no	معاشرت-منگل
dmc	yes	treasonist
an	no	لاشخور
an	no	crocodilian
asf	no	betise
an	no	چهره خوانی
cds	no	مدرس
pr	no	hetaira
cds	no	حلقه اشتباه احمقانه
cds	no	روباه
re	no	دزدان دریایی
re	no	جنايي
re	no	سرقت ادبي
re	no	هراس‌افگنی
cds	no	متخلف
qas	no	زباله های خانگی
svp	no	گردن فرازی
re	no	دزدی علمی
qas	no	متداول
cds	no	nymphomaniac
pr	no	دریده
pr	no	رفیقه
cds	no	جسارت
pr	no	تن فروشي
dmc	yes	موزارلا
om	no	dorsolateral
ps	yes	بدوی
or	no	meticulosity
om	no	homosexualism
dmc	yes	کذاب
om	no	crossdressing
cds	no	اسقف اعظم
svp	no	aboulia
cds	no	سارق منازل
dmc	yes	كذاب
ddp	yes	سازه اي تزئيني
re	no	تروريسم
qas	no	آشنا
dmc	yes	ساختگی
ddp	yes	ferociousness
cds	no	خویشاوندان نزدیک گروه
re	no	طغیان کننده
cds	no	کون کش
om	no	روابط همجنس گرايانه
re	no	ايده دزدي
an	no	hyenas
om	no	زنانه‌پوشي
qas	no	مرصع
pr	no	وزش
cds	no	سربتو
qas	no	rhetorics،
svp	no	اسکروج
cds	no	دزد
asm	no	ناپاک
dmc	yes	اندازه متوسط
om	no	آمیزش جنسی از راه مقعد
re	no	mugging
cds	no	پرکار
cds	no	اسب چموش
an	no	بايزن
is	yes	پست
is	yes	تبه کار غم انگیز است
pa	yes	بطریق یا بروش اکادمی
asm	no	doofus
ps	yes	پیگ
cds	no	دور سرگردان
is	yes	بی برکت
cds	no	شیخ
is	yes	فقر مطلق
qas	no	گرنجر
cds	no	گنداب
asm	no	گسترده لوبیا
cds	no	روستایی نادان یا کودن
re	no	درنده خویی
qas	no	توده مردم پست
pa	yes	مشاور
svp	no	حسد
asm	no	زائده
qas	no	معماري باروك
svp	no	بزرگ منشی
cds	no	اخلاق
or	no	همجنس‌گرا
re	no	نوزاد كشي
ps	yes	اصلاح نباتات
asm	no	ساده لوح
cds	no	سرقت کردن
om	no	twink
cds	no	foxiness
qas	no	حلقه اشتباه احمقانه
ddp	yes	خاک
om	no	همجنسگرایی
om	no	همجنس گرائي
cds	no	روح پلید
ps	yes	مردم مغول
ps	yes	مصرف
cds	no	شستن اتاق
ddp	yes	arsehole
qas	no	مخلوط
ps	yes	یهودی الاصل
an	no	هاپو
om	no	همجنس‌گرايي
ddf	yes	مانع
cds	no	احمق رنگارنگ
cds	no	بازیگوش
cds	no	فاشيست ها
is	yes	دعا کردن
cds	no	کارگزار
ps	yes	نژاد مغول
dmc	yes	فریبکار
ddp	yes	فکری غیر فعال
ps	yes	زردپوست
qas	no	baronies
ddp	yes	احمقانه
ddp	yes	حرف مزخرف
an	no	بوفالوي ايالات متحدهيي
dmc	yes	dillydallier
pa	yes	وکیل
cds	no	protagonism
qas	no	دائم الخمر بودن
or	no	ماهی فقیر
asm	no	شق شدگي
cds	no	فاحشه خانه
cds	no	وضعیت دشوار
re	no	ارعاب گ
cds	no	فرد ژولیده
cds	no	صراف
pr	no	گاو اهلی
qas	no	باروک
ddp	yes	ابله
cds	no	لغز
re	no	دور کننده
re	no	مافيا
cds	no	شخص منفور
qas	no	ترکیب
an	no	كوسهٔ بزرگ سفيد
svp	no	faineance
dmc	yes	دروغگو
re	no	دزدان دريايي
cds	no	changelings
cds	no	اعتصابها
pa	yes	مدرس دانشگاه
dmc	yes	حيله گر
an	no	مشترک ادم خائن و بدنهاد
an	no	ادم خرف و بی هوش
dmc	yes	rakehell
re	no	ربایش
cds	no	loansharking،
cds	no	عملی بذله گو
qas	no	freeloader
ps	yes	استروگوت‌ها
cds	no	نویسنده هک
om	no	شاهدبازی
asm	no	دمار از روزگارمان درآورد
dmc	yes	اخلاقي
om	no	هم جنس گرایی
svp	no	حسادت،
ps	yes	metic
asm	no	دست انداختن
cds	no	خلاف حقیقت
ddp	yes	حرف توخالی
ddp	yes	هوچی
pr	no	فاحشگی
svp	no	بی حسی
om	no	هم جنس خواهي
an	no	سرهم بندی کردن
svp	no	عصبانی
an	no	گاو ميش كوهان دار اروپايي
cds	no	کس‌کش
cds	no	قوادي
cds	no	ژیگوله
ddp	yes	صدمه به مغز
ddp	yes	صدای اردک
an	no	گله گاو
or	no	muttonhead
an	no	phthiraptera
ddp	yes	سقوط مرد
ps	yes	سیاهی
re	no	دستبرد فکری
re	no	plagiarization
ps	yes	سیاهپوست
asf	no	نکته فنی
ddp	yes	botcher
cds	no	ناراستی
cds	no	گستاخی
ps	yes	mestizo
ps	yes	سقوط مرد
qas	no	amateurishness
pr	no	زن بدکاره
ps	yes	آسیایی‌ها
cds	no	blackballed
ps	yes	مغول سان
or	no	انسان
svp	no	بی حالی
asf	no	fuckhead
re	no	شرور
an	no	carcharodon carcharias
re	no	قتل
pa	yes	دربان
or	no	احمق
re	no	سارق منازل
cds	no	گروه
cds	no	نظریه توطئه
or	no	بیشعور
dmc	yes	پست و حقیر
or	no	سيبزميني
ddp	yes	ريزمغزي
pr	no	فاحشه
svp	no	تن پروری
cds	no	بنيادگرا
an	no	کوسهٔ بزرگ سفید
om	no	سطح پشتي
cds	no	phratry
pr	no	اسکورت مرد
om	no	همجنس گرائی
re	no	مافیای ایتالیایی
om	no	دم
pr	no	گو
an	no	بوف كوچك
cds	no	خبط
ddp	yes	بی‌معنی
svp	no	خسته کننده
re	no	mafiosi
ps	yes	خردل
an	no	كوسه سفيد بزرگ
svp	no	ادم خسیس
pa	yes	استاد تمام
om	no	زنانه پوشی
or	no	pillock
cds	no	هایپرسکشوال
ps	yes	اوستروگوت
an	no	مارماهي مهاجر
pa	yes	دهانه رودخانه
dmc	yes	جمهوریخواه
cds	no	نزول خواری
an	no	کژدم‌های دریایی
cds	no	فناتیک
cds	no	يغما
ddp	yes	روستایی
asm	no	نخود فرنگي
an	no	دیوانه
an	no	بز
cds	no	عتیقه
pa	yes	استاد پژوهش
cds	no	قطار چمدان
svp	no	enviousness
asm	no	آلت نری
pr	no	فاحشه مرد
asm	no	اشعه نرم،
cds	no	ترسو
ps	yes	هیسپانیک
asf	no	واژینال
om	no	tooshie
ps	yes	zulus
cds	no	غیرت
re	no	ازار و اذیت جنسی
re	no	calunnia
ddp	yes	gossipmonger
an	no	ادمکله خر
om	no	همجنسگرايي
cds	no	کمک آموزشی
or	no	كلم برگ
dmc	yes	بدکار
qas	no	بزرگ نمایی
cds	no	كون كشي
ps	yes	آیین یهود
cds	no	آهن قراضه،
ps	yes	لاتین
qas	no	اماتور
an	no	شکم‌پایان اریونیدائه
cds	no	عشیره
cds	no	فرزند فاحشه
re	no	دزد
cds	no	تازه کار
dmc	yes	کثیف
cds	no	اشغال
an	no	خطر محتمل
cds	no	نارسیسیم
re	no	ناقلا
ddp	yes	zooerastia
an	no	dumbass
cds	no	ناظر
asf	no	غیر عملی
cds	no	خو گرفته
dmc	yes	ادم بطیء و کندرو
re	no	دزدیدند
cds	no	چانه زدن
re	no	دزدي علمي
om	no	عبور پانسمان
is	yes	غریب
cds	no	religiousism
cds	no	افسر
ddf	yes	ریزه
om	no	خط midclavicular
cds	no	bagnio
cds	no	ابله
qas	no	بارونی
re	no	بوزینه
ddp	yes	مرغ نوروزی
cds	no	فراماسونری
svp	no	زیاده‌خواهی
cds	no	بچهای که مورد مواظبت قرار میگیرد
asm	no	دیر کار
cds	no	غیر قانونی
asf	no	واژني
svp	no	از
cds	no	خانواده‌های تبهکاری
re	no	دزد دریایی
an	no	ابله
dmc	yes	خدای شیاد
cds	no	پرورش دهنده گیاه
cds	no	سگ شکاری
cds	no	قرم‌ساق
cds	no	بوزینه
asf	no	چیز جزیی
cds	no	شوخ
an	no	سرکش
an	no	سختی
svp	no	افسرده بودن
svp	no	غیظ
an	no	اسم حیوان دست اموز
asf	no	شرمگاه
cds	no	نارسیسم
cds	no	بت‌پرستی
an	no	بربریت
an	no	زیا
an	no	یک جور بازی
cds	no	وسوسه شیطانی
cds	no	جنده خانه
svp	no	فیس
qas	no	ماه
cds	no	خرده نان
cds	no	سرکه
ps	yes	قاراچي
qas	no	نقاش ساختمان
om	no	آميزش جنسي مقعدي
cds	no	روزنامه نگار
pa	yes	قصاب گوشت خوک
ddf	yes	خپله
an	no	animalculum
asf	no	شکمبه
an	no	بی کفایت
dmc	yes	تبه کار غم انگیز است
an	no	anuran
ddp	yes	مقعد
cds	no	خسته
an	no	پست و حقیر
cds	no	امیزش
cds	no	بزهکار نوجوان
ps	yes	زردپوستان
re	no	banditti
cds	no	مبرم
or	no	کچالو
ddp	yes	زياگان
asm	no	نخود فرنگی
pr	no	مو گاو
cds	no	تنبل و کند
asm	no	ادم کله خشک و احمق
re	no	سرقت مسلحانه
cds	no	اسقف
om	no	كفل
asm	no	باقلا،
cds	no	روباه صفتی
dmc	yes	chawbacon
svp	no	gorger
cds	no	fibber
cds	no	جرم
cds	no	snooper
an	no	مخفف نام
qas	no	گزاف گویی
asm	no	flouter
re	no	جرم رابطه جنسی
cds	no	جاكشي
asf	no	عروسک
an	no	سوسريان
re	no	نوزادکشی
asf	no	لاک پشت دریایی
an	no	استر
re	no	تروريسم دولتي
an	no	فاحشه مرد
dmc	yes	احمق
om	no	همجنسگرا
or	no	کلم راپا
an	no	مهراد
re	no	مرتکب سرقت
svp	no	زود خشم
asm	no	عشق ورزیدن
ps	yes	دین یهود
ps	yes	رنگ سیاه
cds	no	موعظه کردن
asf	no	بچهای که پریان بجای دزدیدهاند میگذارند
an	no	فرگشت نرم تنان
asm	no	دستخوش امواج
pa	yes	چوبان
cds	no	خبرنگار
dmc	yes	دلخك
cds	no	گرانژ
pa	yes	هيئت علمي دانشگاه
an	no	ناقلا
ddp	yes	وحشی
an	no	گاومیش کوهان دار امریکایی گاومیش کوهان دار امریکایی
an	no	ریشه
cds	no	قوم و خویشان
dmc	yes	بد اخلاق
dmc	yes	جرم
cds	no	مجلس مذهبی
pr	no	تفنگ فاحشه
cds	no	طایفه
cds	no	آموزگار
or	no	تاک خیار
cds	no	تحریم
cds	no	حیوان دورگه
cds	no	قوادی
cds	no	خود ستا
an	no	آمریکا بوفالو
an	no	غاز برنت
dmc	yes	ذلت
cds	no	wanker
cds	no	اقوام
an	no	کس
cds	no	کمک آموزش
ps	yes	راگون
ps	yes	نژاد زرد
cds	no	lav
cds	no	گرانج
re	no	تروريزم
an	no	نس
ddp	yes	مخبر
svp	no	layabout
cds	no	loanshark
cds	no	ماسوني
an	no	كوسه سفيد
cds	no	خانه از سوء شهرت
an	no	حس و حرکت
an	no	vamper
an	no	علم فراست
asm	no	آلبالويي
an	no	ovis برج حمل
asm	no	بتعویق انداختن
asm	no	زود باوری
qas	no	خلاف حقیقت
an	no	vipera
dmc	yes	grifter
cds	no	داستان
cds	no	idiolatry
asm	no	jeerer
svp	no	بیکاره
om	no	همجنسگرايان
an	no	تمساح سانان
cds	no	حکایت
re	no	چپاول
ddp	yes	سخن چین
svp	no	رخوت
ddp	yes	شخصی که غده درقی او ترشحات لازم را ندارد و در نتیجه دارای مشاعر نادرست است
cds	no	کازینو
qas	no	کش رونده
ddf	yes	بدنما
ps	yes	بربرها
re	no	تغير
ddf	yes	بد
an	no	ميكروارگانيسم
om	no	همجنس‌باز
dmc	yes	متخلف
dmc	yes	خدعه
re	no	قتل کارآگاه
asm	no	پرنده
an	no	گاو اهلی
re	no	سوء استفاده جنسي
cds	no	tricker
qas	no	دنبالهروی
or	no	bonce
qas	no	چیزهای متفرقه
re	no	تبه کار غم انگیز است
qas	no	بی ارزش
cds	no	اواز خوان
re	no	استخر
qas	no	همراهی دستیارش
asm	no	جوجه خروس
svp	no	lecherousness
an	no	نرمتنان
cds	no	خیلی دقیق
dmc	yes	گول زدن
is	yes	گدا
cds	no	قطار
ps	yes	بادیه‌نشینان عرب
dmc	yes	قلاش
svp	no	نابردباری
cds	no	قصاب
ps	yes	خرابکاری
cds	no	بجز
asm	no	screwing
an	no	خپل
svp	no	طرفدار
asm	no	nookie
ps	yes	ترکیبی intergeneric
an	no	prickteaser
re	no	شکنجه کردن
re	no	اخاذی،
om	no	غرابت
an	no	frogspawn
an	no	گاو پرواری
cds	no	راهزن
cds	no	چیرگی
re	no	کانگستر
om	no	هم‌جنس‌خواهی
an	no	کوسه
om	no	دسته‌
an	no	ماده‌سگ
an	no	کیمن
asm	no	ساده لوحی
om	no	دگرجنس پوشي
dmc	yes	پنیر موزارلا
svp	no	هرزه
ps	yes	یهودیت
cds	no	دورگه
om	no	جنبش homophile
ps	yes	كليميان
pr	no	زن شلخته
pr	no	روسپیان
pr	no	تن‌فروش
re	no	حملات تروريستي
ddp	yes	کمبود روانی،
cds	no	خوش تیپ
svp	no	خود ستایی
asm	no	شخصی که غده درقی او ترشحات لازم را ندارد و در نتیجه دارای مشاعر نادرست است
cds	no	شکستن اعتصاب
qas	no	سرکه
cds	no	بربرها
an	no	بوفالوي آمريكايي
cds	no	طرفدار
an	no	redfish،
asm	no	خنگ
cds	no	توله سگ
an	no	حلزون‌هایی
ps	yes	كاكا سياه
cds	no	هايپرسكشوال
pr	no	معشوقه
an	no	گاوان
an	no	ويسنت
ddp	yes	خنگ
ddp	yes	فاخته
qas	no	gallimaufry
om	no	جن
ps	yes	کارت زرد
cds	no	روباه صفت
qas	no	وضعیت دشوار
an	no	moue
qas	no	هم نوايي
cds	no	رباخواری
ddp	yes	حیوانیت
ddp	yes	دیوانه
re	no	تجاوز به
ps	yes	دين يهوديت
om	no	کدبانو
an	no	زالو
qas	no	کشاورزان
qas	no	مرید
ddp	yes	نادانی
cds	no	ballup
om	no	امیزش مقعدی
cds	no	پاپاراتزي
cds	no	ریشه یا حاشیه زائد
om	no	بانوی اشرافی بود
qas	no	معمول
dmc	yes	غیر سالم
cds	no	کوسه وام
dmc	yes	مرت
cds	no	چاخان
ps	yes	لمسی نرم
an	no	عشوه گری
cds	no	طاقت فرسا
svp	no	گیرکننده
cds	no	جا كشي
pa	yes	تشییع جنازه آندرتیکر
an	no	آدمخوار
qas	no	اشتباه کردن
pa	yes	مشاور حقوقی
or	no	ساحره
an	no	gyps در fulvus
an	no	بایزن
asf	no	سقوط مرد
cds	no	نامرد
ps	yes	سیاه‌پوستان
cds	no	حیله گر
cds	no	اشباع شدن
asm	no	زود باور
cds	no	کار دست
asm	no	الت نری
an	no	خر
cds	no	کاغذ فروشنده
cds	no	خط تیرانداز
ddp	yes	حقه بازی
cds	no	باستانی
ddf	yes	معلولیت تحرک،
pr	no	چیز بی معنی
ps	yes	ترکیبی طبیعی
cds	no	moneylending
an	no	عوضی
cds	no	چیستان
cds	no	schoolma'am
cds	no	گروه خویشاوندی
cds	no	پر کردن
cds	no	ادم جبون و سرگردان
cds	no	درهم و turvyness
or	no	رشته فرنگی
cds	no	دبير
dmc	yes	خلاف حقیقت
an	no	غیر لازم
om	no	وطی دبر
pr	no	socialites
ddp	yes	انبوه
cds	no	رمان‌های کیلویی
an	no	خوراک حلزون
an	no	مشروبی که بدرقه نوشابه دامن
cds	no	شایعات بی اساس
an	no	بنابراین و چنان
asm	no	فریب دادن
ps	yes	inkiness
re	no	تبه کار
ps	yes	کولی
qas	no	انگلي
ps	yes	خرس
ps	yes	زود باور
an	no	کوچک
om	no	هم جنس گرايي
cds	no	بزرگ منشی
dmc	yes	اشتباه کار
cds	no	بنیاد گرایی
re	no	اسب چموش
an	no	خرطوم فیل
cds	no	جمع اوری کردن
an	no	پروانه فلفلی
cds	no	خط خانواده
pa	yes	سرجوخه
an	no	fuckhead
cds	no	خاک
cds	no	peons
an	no	گراز
cds	no	خانواده
om	no	شاهد بازی
cds	no	خپله
ps	yes	عادات ورسوم واصطلاحات عبری
cds	no	دزد خرده
cds	no	توطئه سکوت است
pr	no	خودفروشي
cds	no	mussiness
an	no	ماكيان
pa	yes	کارگر یقهٔ سفید
cds	no	بی تمدن
qas	no	هم نوایی
dmc	yes	متلف
cds	no	cacography
re	no	استشهاد
ps	yes	زولو
cds	no	افسران پلیس
an	no	خوک
ps	yes	رومانیایی
pr	no	ساحره
cds	no	عوام‌فریبی
re	no	گانگستر
cds	no	جنايي
qas	no	هم‌نوایی
ddp	yes	قادر
or	no	cabbages،
ps	yes	سوزمانی
pr	no	موش صحرایی
cds	no	قصه گو
pa	yes	سیاستمدار
asm	no	twirp
cds	no	taleteller
cds	no	خانواده هاي تبهكاري
svp	no	عزت نفس
ps	yes	وندال‌ها
cds	no	حرامزاده
cds	no	فرزند نامشروع
pa	yes	وکالت
cds	no	سیفون
or	no	رازیانه
cds	no	بد گویی
dmc	yes	villainess
cds	no	فاضلاب خانگی
ps	yes	کارت قرمز
dmc	yes	سیرت
dmc	yes	قصه گو
cds	no	منش نراندامه‌ای
asf	no	بی کله
ps	yes	ایین یهود
an	no	دنیای قدیم بوفالو
ddp	yes	جهالت
cds	no	قبیله است
an	no	كركس
cds	no	جنگ باند
cds	no	جمعیت
ps	yes	ادم نادان و نفهم
an	no	زن جوان بوالهوس
an	no	خیلی بد
qas	no	مردم عادی
svp	no	بطالت
cds	no	افسانه
cds	no	conspiracism
dmc	yes	غیر قانونی
an	no	بز کوهی
asf	no	زهار
cds	no	junto
an	no	چهره خواني
an	no	شاپرک
re	no	سرقت علمي
cds	no	غریب و عجیب
re	no	سواستفاده جنسي
re	no	سخت
cds	no	بت پرستان
cds	no	جاکشی
asm	no	فالیک
ps	yes	ترکیبی ساخته دست انسان
dmc	yes	دزد
ddp	yes	microcephalus
cds	no	archpriest
svp	no	حسادت
dmc	yes	برزگر
cds	no	ازار دهنده
re	no	تروریزم
an	no	شکم پایان اریونیدائه
ps	yes	rommany
pa	yes	استاد دانشگاه
ddp	yes	یک جور بازی
an	no	شرور
ddp	yes	سازه تزئینی
om	no	هم‌جنس‌گرايي
svp	no	رشک
an	no	وزغ مشترک
ps	yes	وحشی
an	no	فاحشه
an	no	زباله
dmc	yes	ادم بیکاره و مهمل
svp	no	boastfulness
svp	no	هوس
cds	no	پرورش دهنده گیاه است
asm	no	بلید
re	no	ndrangheta
cds	no	قبیله
cds	no	جبن
dmc	yes	homunculi
re	no	سرقت
om	no	دیستال
ps	yes	کشروت
ps	yes	سياهٔ پوست
an	no	caiman
cds	no	حذف
svp	no	گناهان كبيره
pr	no	پتیاره
cds	no	توهین
cds	no	جمعیت و ازدحام
an	no	سوسري
ddp	yes	سر پودینگ
cds	no	رند
cds	no	تماشاچی در
cds	no	بیوتکنولوژی گیاهی
cds	no	معما
qas	no	علوم بلاغی
re	no	وصله
pa	yes	حسابداران
qas	no	شخص بالغ
cds	no	ضعیف
ddp	yes	شخص بی سواد
pa	yes	مسئول
cds	no	bawdyhouse
re	no	سواستفادهٔ جنسی
cds	no	fascista
re	no	ارقه
cds	no	نارسيسيزم
svp	no	تنبل
pa	yes	بدنی
ddf	yes	از لحاظ فیزیکی به چالش کشیده
pr	no	شلخته
ps	yes	ادم کله خشک و احمق
qas	no	وحشی
cds	no	نادان
dmc	yes	ادم خوش نیت ولی احمق و بی عرضه
om	no	ادم
cds	no	سانتیسم
dmc	yes	دزدکی حرکت کردن دزد
qas	no	bollocks
asf	no	شخصی که غده درقی او ترشحات لازم را ندارد و در نتیجه دارای مشاعر نادرست است
cds	no	chiseller
an	no	vipera بروس
qas	no	قشر متوسط
pr	no	گاو
pa	yes	دانشگاهیان،
an	no	کرکس اشتر
an	no	ferociousness
asf	no	dumbass
is	yes	خیلی بد
om	no	رازیانه
cds	no	كذاب
an	no	كفتار
pr	no	صیغه
svp	no	خودبینی
an	no	جانور نرم تن
pr	no	زن خیابانی
cds	no	نویسنده
or	no	نارنجی سوخته
qas	no	زندگی انگلی
asf	no	بیشعور
an	no	بی دمان
cds	no	فعالیت های غیر قانونی
svp	no	niggardness
re	no	حمله تروریستی
rci	yes	بربرها
cds	no	خودشيفته
ddp	yes	دد و دام
re	no	تروريست
an	no	توده
pa	yes	محاسب
asm	no	سرقت کردن
pr	no	موش صحرايي
pr	no	خیابان دختر
ps	yes	rroma
is	yes	فقیر شیطان
cds	no	گرداندن مراکز فساد
cds	no	کارگر غیر ماهر
cds	no	دستشویی عمومی
ps	yes	سياه
ddf	yes	nanus
pa	yes	مدافع
cds	no	قلاش
re	no	سیسیلی مافیا
om	no	انتهای عقبی
qas	no	مته کار
an	no	میکروارگانیسم
cds	no	کانگستر
re	no	دزدی حقوق معنوی
re	no	کلاهبرداری کردن
qas	no	آشفته
re	no	آدم کشی
an	no	زيا
asm	no	خایه
asm	no	لعنتی
cds	no	تبعيض مذهبي
qas	no	كشاورز
an	no	منع جغد
pr	no	راتوس norvegicus
qas	no	تاجر آمریکایی
svp	no	trencherman
an	no	زياگان
re	no	ازار و اذيت جنسي
ddf	yes	بچه
ddp	yes	قصاب
pa	yes	نظری
re	no	سوء استفاده از دفتر
cds	no	پول وام ده
cds	no	متداول
asm	no	گول
dmc	yes	بزهکار
or	no	poove
ddp	yes	bumbler
cds	no	مربی
asf	no	دخترک
ps	yes	darkie
cds	no	پرگویی کردن
or	no	fuckhead
re	no	defamer
svp	no	خسیس
re	no	وحشی گری
om	no	مبدل پوش
an	no	فریب خورده
cds	no	جاكش
dmc	yes	نجس
cds	no	حرکت تند و سریع خاموش
dmc	yes	علم اخلاق
ddp	yes	جانورنامه
cds	no	اثر
an	no	شاپرك
pa	yes	advocator
ps	yes	سرگردان
svp	no	هفت گناهٔ کبیره
asf	no	بچه
dmc	yes	کانگستر
an	no	مهاجم
an	no	ريزاندامه
pa	yes	فقیه
cds	no	رمان سکه
ddp	yes	بربرها
an	no	نامرد
cds	no	سگ کثیف
an	no	حشرات hemipterous
asf	no	ادم کله خشک و احمق
cds	no	جنس بنجل
cds	no	جثه
om	no	لواط گر
om	no	شرایط تشریحی محل سکونت
pa	yes	کنترل
qas	no	قفس
cds	no	حرکات تند و سریع خاموش
cds	no	نظريه توطئه
dmc	yes	خیانتکار
an	no	كنه
cds	no	سرویس بهداشتی عمومی
re	no	شکنجه دهنده
ddp	yes	rumourmonger
cds	no	ادم طفره رو
cds	no	dandies
an	no	سقوط مرد
ddp	yes	حوله
dmc	yes	اسب چموش
svp	no	تنبلی
re	no	اسیر کننده
qas	no	شهرنشینان
ps	yes	negroid
pr	no	سرباره
or	no	pudden سر
or	no	سیب زمینی
ps	yes	مغول‌ها
an	no	diddly
cds	no	ادم بیکاره و مهمل
qas	no	سرمایه داری
qas	no	کاراگاه
dmc	yes	جنایی
or	no	لاک پشت دریایی
is	yes	ژنده پوش
re	no	بد رفتاری
cds	no	تنبل وکند
re	no	murderess
re	no	اقدام تروریستی
cds	no	مداخله کننده
ps	yes	لخته
svp	no	ملالت
re	no	chiseller
cds	no	علم‌زدگی
pa	yes	رتبه دیپلماتیک
dmc	yes	سرگردان
or	no	رازیانه،
om	no	caudally
om	no	متقابل ضرسرس،
ddf	yes	فرد نابینا
re	no	تجاوز به عنف تاریخ عضویت
an	no	چپاولگر
om	no	همجنسبازي
an	no	سگ شکاری
qas	no	اختلال
an	no	تنبل وکند
cds	no	villainess
om	no	قسمت نهایی
ps	yes	نیمه نژاد
ps	yes	جوكي
asf	no	muttonhead
re	no	سوء استفاده جنسی
ddp	yes	unwiseness
dmc	yes	فریب دهنده
re	no	سرکش
qas	no	کسب و کار فرد
dmc	yes	اراذل
an	no	cimicidae
an	no	pipistrellus
qas	no	در لانه قرار دادن
or	no	سيب زميني
an	no	بوف
an	no	لاییدن
an	no	شغال
cds	no	خواستار
re	no	سرقت علمی
svp	no	نفس اماره
an	no	احمق
an	no	گوسفند داخلی
re	no	يغما
pa	yes	توضیح دهنده
cds	no	مردن
qas	no	مردم شهرنشین
om	no	قدامي
cds	no	hypersexuality
pr	no	معشوقه ی
or	no	گیاه brassica oleracea
qas	no	بیضه
re	no	vilifier
cds	no	دسیسه و توطئه
or	no	cuke
an	no	كوسه
an	no	میش
an	no	دوزیست
ddf	yes	معلولان جسمی
an	no	کف
cds	no	روغن اتومبیل
asm	no	رول در یونجه
ddp	yes	nanocephaly
cds	no	مقدار زیاد
an	no	دستگاه گوش دادن
dmc	yes	کمبود ویتامین
dmc	yes	زشت
asf	no	گول
cds	no	outlawry
ddp	yes	ميكروسفالي
cds	no	روستایی
cds	no	باند
re	no	تغیر
dmc	yes	منافق
pr	no	موش
qas	no	تخم
cds	no	تنگنا
ps	yes	فاشیست
qas	no	محله
cds	no	nympho
svp	no	حرص و آز شرکت های بزرگ
qas	no	بالاست
an	no	cimex lectularius
asf	no	ادم کودن و احمق
dmc	yes	خیط و پیت کردن
pa	yes	مراتب علمي دانشگاهي
ddp	yes	بربریت
ps	yes	ايين يهود
om	no	رازيانه
an	no	خوراك حلزون
an	no	blattaria
ddp	yes	عقب ماندگی روانی وفکری
om	no	کسی که در لباس ورفتار از جنس مخالف خود تقلید میکند
ps	yes	وندال ها
ddf	yes	عدم قابلیت
an	no	ویسنت
dmc	yes	ناشی
re	no	باج سبیل
re	no	رند
dmc	yes	کیسه تفاله
ps	yes	مغولان
svp	no	گرگ صفت
ddp	yes	twirp
pa	yes	مستخدم
pa	yes	دانشکده کمکی
qas	no	روستایی
qas	no	botcher
re	no	رشد پیدا کردن
qas	no	علوم بلاغي
cds	no	عادی
an	no	پستی
cds	no	ربا خوار
cds	no	ادم بی عقل و بیشعور
qas	no	سرمایه دار خیلی مهم
re	no	گروه های تروریستی
ddf	yes	کور
dmc	yes	طرار
cds	no	علم زدگي
cds	no	روغن
cds	no	دستگاه گوارش
ddp	yes	macrofauna
cds	no	hustling
cds	no	تعصب
svp	no	مقصود
dmc	yes	رانده
dmc	yes	دلقك
an	no	cakehole
cds	no	superbia
is	yes	کوته نظر
an	no	ساس
ps	yes	رنگ سياه
pr	no	پسر اجاره
ddp	yes	فرمانرو جانوران
re	no	کجی
an	no	inexorableness
svp	no	بخل
cds	no	بت پرست
an	no	نفت از نوع "brent
ps	yes	وابسته بمرض بلاهت مغولی
cds	no	ترسویی
ps	yes	ساده لوح
an	no	بوفدیسان
cds	no	ترکیبی ساخته دست انسان
svp	no	تنبل و کند
pa	yes	هیئت علمی
om	no	هم‌جنس‌گرایی
an	no	siphonaptera
asm	no	دلقک
cds	no	معشوق
cds	no	gallimaufry
re	no	تندی
re	no	نوزادكشي
cds	no	مردم
an	no	خرد سازواره
re	no	traducement
pa	yes	مشاور در قانون
re	no	stickup
an	no	ليسه
cds	no	کیسه باد
cds	no	سمسار
cds	no	اهل جهنم
qas	no	طبقهٔ متوسط
ps	yes	آسیایی ها
cds	no	وسواس
an	no	bugging
cds	no	ایستگاه آسایش
cds	no	افسر زندان
re	no	جان کندن
qas	no	خانه سگ
an	no	فحشا مرد
