cds	no	blowhard
ddf	yes	odbojnost
qas	no	dar-mar
dmc	yes	tragične negativca
asm	no	kreten
cds	no	dovitljivost
an	no	sove
ddp	yes	cjepanica
qas	no	parazitizam
cds	no	zavjera šutnje
qas	no	barbarski
ddp	yes	glupan
an	no	krevet bug
an	no	domaća svinja
dmc	yes	prognanik
ddp	yes	metazoans
svp	no	zavist
ddp	yes	idiot
svp	no	taṇhā
cds	no	sanitarne kanalizacije
re	no	ubojstava
dmc	yes	zločinac
ddp	yes	šeprtlja
re	no	provalnik
ps	yes	glupan
qas	no	napustio brod
asm	no	changeling
qas	no	bloopers
re	no	kradljivac
svp	no	luxuria
cds	no	sasušivati se
cds	no	fundamentalista
re	no	plaćeni posao
ddp	yes	glupa osoba
ps	yes	hebraism
or	no	pedantnost
cds	no	barbar
re	no	grand razbojništvo
re	no	Čedomorstvo
an	no	osoba koja ispašta tuđe greške
cds	no	prirodni hibrid
om	no	paederast
cds	no	kicoša
cds	no	casino kockanje
cds	no	fašist
cds	no	tužno vreća
svp	no	acedia
asm	no	sjemenici
cds	no	običan puk
ps	yes	istočni goti
pa	yes	fakultet član
cds	no	konjokradica
asm	no	credulousness
dmc	yes	zla
qas	no	župi
asm	no	pijetla
cds	no	lažnom idolu
or	no	murphy
cds	no	grunge
cds	no	nedopušten
an	no	balvan
dmc	yes	sanjalo
qas	no	kuća slikarstvo
ddp	yes	dumbass
cds	no	intergeneric hibrid
qas	no	grandioznost
om	no	aboral
dmc	yes	laž
dmc	yes	raskalašnik
cds	no	fašističkog režima
cds	no	dude
asm	no	majmun
an	no	bjeloglavi sup
pa	yes	izvanredni profesor
an	no	magarac
asm	no	roosting
dmc	yes	zgubidanski
cds	no	hoaxer
cds	no	bande ratovanja
cds	no	rumourmonger
cds	no	pakost
an	no	Životinje
an	no	humanus
dmc	yes	lingerer
svp	no	proždrljivost
an	no	negativca
ddp	yes	glup
is	yes	društveni otpadnik
asm	no	karati se
an	no	prijevara
an	no	podred blattodea
ddp	yes	životinja
an	no	ljudskog tijela uš
re	no	prijestupnika
dmc	yes	moralne vrijednosti
ps	yes	crnca
cds	no	intelektualac
qas	no	raspodijeliti
an	no	animalcules
cds	no	pogriješiteljem
svp	no	nevaljalac
pr	no	volovi
an	no	crocodilia
cds	no	kolovođa
svp	no	fanatizam
qas	no	poljoprivrednik
cds	no	koterija
cds	no	papparazzi
an	no	mrštenje
svp	no	srdžba
asm	no	pijétao
an	no	obiteljski cimicidae
an	no	zeca
re	no	silovao
qas	no	vrh izvršne
om	no	stražnji
dmc	yes	homunculus
an	no	govnar
an	no	hemipterous insekata
an	no	kukuvija
an	no	ludost
ddf	yes	ružan
re	no	tat
cds	no	mnoštvo
an	no	athene noctua
qas	no	ballock
ps	yes	jigaboo
re	no	nitkov
cds	no	ilegalnim aktivnostima
pa	yes	uncouthness
dmc	yes	zlotvor
qas	no	granger
cds	no	teorije zavjere
qas	no	trgovkinja
cds	no	izvan zakona
an	no	strigiformes
re	no	razbojnik
an	no	bezrepac
an	no	ovca
cds	no	nelegitimni
asf	no	djevojka
ddp	yes	nikogović
qas	no	lagati
cds	no	križati
pa	yes	ribarnica
qas	no	spackati
dmc	yes	zloću
is	yes	urbanog siromaštva
re	no	silovanje
cds	no	gangster
an	no	lijenčina
ddp	yes	maloumnost
ddp	yes	faune
dmc	yes	rube
om	no	anatomski izrazi za smještaj
cds	no	zgubidanski
cds	no	novorođenčadi
qas	no	biznismen
an	no	ljudožder
an	no	poen-cika
qas	no	grmalj
cds	no	plemena
dmc	yes	nemorala
re	no	sitne krađe
an	no	kozolike antilope
cds	no	hvalisavac
qas	no	freeloader
re	no	gangster
asm	no	faul
cds	no	brbljati
ddf	yes	crookback
dmc	yes	luda
cds	no	plemenskim društvima
svp	no	bahatost
cds	no	klika
qas	no	usklađivanje
cds	no	grifter
cds	no	provodadžija
qas	no	barbar
an	no	muške prostitutke
dmc	yes	lažan
or	no	queer
ddp	yes	grubijan
ddp	yes	grmalj
qas	no	klade baruna
re	no	spolno zlostavljanje
ps	yes	romima
ps	yes	kraut
or	no	novog krumpira
an	no	raga
om	no	transvestit
cds	no	finagler
cds	no	masoni
ps	yes	ostalih utrka
ps	yes	crni čovjek
ddp	yes	uznik
cds	no	raspodijeliti
ddp	yes	neukusan
cds	no	kamarila
pr	no	pištolj prostitutka
cds	no	skorojević
cds	no	reakcija
an	no	bivol
qas	no	vlasnik tvrtke
qas	no	barapski
qas	no	baronial
cds	no	besplatno mason
dmc	yes	nesretnik
cds	no	reakcionaran
re	no	slayer
qas	no	barbari
cds	no	tračibaba
cds	no	sinko dječak
an	no	eurypterid
re	no	krađa
or	no	fastidiousness
qas	no	kasta
or	no	panj
asf	no	govnar
pa	yes	tužitelj
re	no	oružanih pljački
an	no	krokodili
asm	no	privjesak
pr	no	dvorjana
or	no	pička
cds	no	oholost
pa	yes	zagovornik
qas	no	prtljati
svp	no	lijenčina
dmc	yes	brod drugog reda
qas	no	bogat industrijalac
svp	no	invidia
ddp	yes	izdajnički
an	no	diddlysquat
qas	no	kiks
cds	no	kriminalaca
cds	no	fanatizma
cds	no	kradljivac stoke
qas	no	zabuniti se
qas	no	seljak
om	no	midclavicular liniji
asm	no	riba
svp	no	taština
qas	no	sjemenici
an	no	crve
ddf	yes	negativan
cds	no	trut
is	yes	stopa siromaštva
an	no	uličarka
ps	yes	usporiti
cds	no	šeprtlja
an	no	neznalica
dmc	yes	pola pinta
svp	no	glupan-off
cds	no	lupež
asm	no	testisi
an	no	ovis aries aries
is	yes	zavjet siromaštva
cds	no	nelegitimno dijete
or	no	uzgaja kupus
cds	no	gossiper
cds	no	krug
cds	no	javnoj kući
is	yes	škrtac
an	no	ovaca
re	no	gusara
asm	no	glupavost
om	no	hulja
asm	no	prekršaj
is	yes	tragičnu negativca
svp	no	dobro-za-nula
or	no	komorač
or	no	punctiliousness
cds	no	dweeb
is	yes	žalostan
an	no	magare
cds	no	teorija urote
cds	no	nitkov
cds	no	razbojništvo
re	no	zlotvor
qas	no	greška
cds	no	tulum
cds	no	vagona vlaka
qas	no	magnat
pr	no	brown rat
pa	yes	gradski čuvar
ddp	yes	loša riba
an	no	red krokodila
cds	no	klike
re	no	objeda
ddp	yes	analphabetic
an	no	zalajati
an	no	pillager
an	no	krpelj
cds	no	odmetnik
pa	yes	službenik
cds	no	fop
an	no	midges
ddp	yes	balvan
svp	no	prejedanje
an	no	kunići
pr	no	prostituiranje
cds	no	prosta gomila
pa	yes	profesor
or	no	squash vino
svp	no	conceitedness
cds	no	kamarile
an	no	muške pratnje
an	no	equus asinus f. asinus
svp	no	omalovažava
qas	no	odbaciti
ddp	yes	fukara i bobteil
pa	yes	uredski radnik
om	no	homophile pokreta
ddp	yes	bez ukusa
an	no	bizon
qas	no	građanski
svp	no	proždrljivac
an	no	žabe
qas	no	štovatelj
om	no	analni penetracija
cds	no	tračanje
cds	no	smiješni
cds	no	nestaško
re	no	zlorabiti
qas	no	bombastičnost
qas	no	poljoprivredni radnik
cds	no	siromašnima vrag
re	no	otmica
an	no	epifaunal
an	no	culicidae
is	yes	villainess
an	no	jestive puž
dmc	yes	licemjerje
svp	no	umišljenost
cds	no	zločestoća
svp	no	drskost
an	no	gyps
ddp	yes	budala
ps	yes	hebrejac
asf	no	folderol
cds	no	sanitarni čvor
cds	no	mafijaša
svp	no	naduvenost
an	no	crocodylidae
cds	no	novinar
ddp	yes	ludost
an	no	nitkov
cds	no	praktični joker
pa	yes	kazneni odvjetnik
qas	no	laže
cds	no	muka
an	no	pijavica
cds	no	ndrangheta
an	no	despoiler
cds	no	policajac
ps	yes	crna boja
cds	no	pola pinta
cds	no	bazen hustling
cds	no	rodbina
qas	no	pogriješiti
svp	no	seksualna želja
om	no	peder
an	no	bison
cds	no	zločinac
qas	no	balast
om	no	distalan
ddp	yes	šarlatan liječnik
cds	no	posrednik
an	no	ona jarac
pa	yes	ulaznica agenta
cds	no	naduvenost
om	no	transvestitism
cds	no	pametan
cds	no	high-nespretnost
cds	no	griješiti
cds	no	wonk
an	no	kako crocodilia
pr	no	štakora
qas	no	parčići
an	no	lice
or	no	dumbass
an	no	familiaris
cds	no	kradljivac
cds	no	proturač novosti
asm	no	vijak
ddp	yes	nepismen
cds	no	čedo
asm	no	wanker
an	no	otimač
om	no	raznolik
pa	yes	pravni savjetnik
an	no	vrisak-sove
dmc	yes	laže
pa	yes	barbara
ddp	yes	imbecil
an	no	bufo
qas	no	prilagođavanje
om	no	dama
dmc	yes	laži
an	no	mollusca
dmc	yes	hulja
qas	no	župa
an	no	papagaj
qas	no	zakrpati
cds	no	žderati
om	no	sodomizirani
re	no	zloporabu položaja
qas	no	uništavanje
an	no	hijene
cds	no	kompresa
cds	no	pudden-glava
an	no	infauna
cds	no	teorije urote
re	no	chiseler
cds	no	religiozni fundamentalizam
dmc	yes	rasipnik
an	no	marva
re	no	sȉlovānje
cds	no	satyriasis
cds	no	laže
ddp	yes	mekana na dodir
an	no	koljeno mekušaca
ddp	yes	fumbler
svp	no	fizička privlačnost
re	no	zločinac
qas	no	laž
asm	no	prepucij
ddp	yes	zooerasty
cds	no	idolopoklonici
pa	yes	pastirica
an	no	prljavi pas
cds	no	zabušant
cds	no	zidarstva
cds	no	loša riba
or	no	glup
qas	no	barokne arhitekture
qas	no	mnoštvo
or	no	brassica oleracea
asm	no	shtup
an	no	arktička divlja guska
qas	no	upropastiti
asm	no	jarbol
cds	no	mladih bandi
is	yes	neveseo
or	no	finocchio
asm	no	penis
cds	no	javni zahodi
or	no	anason
cds	no	razbojnik
asm	no	vicia faba
qas	no	grčka retorika
cds	no	narcisizam
cds	no	newswriter
cds	no	jacking off
svp	no	sedam smrtnih grijeha
ps	yes	zulu
an	no	mikroorganizmi
asf	no	vagine
qas	no	baroqueness
cds	no	bellyacher
asf	no	twat
dmc	yes	veselo andrew
ps	yes	prostak
asm	no	izraslina
cds	no	mason
pa	yes	akademizam
an	no	moljaca
an	no	folderol
an	no	domaća ovca
asm	no	ptice
svp	no	korporativne pohlepe
re	no	prljavi novac
dmc	yes	barbar
ddp	yes	neinteligentan
ddf	yes	gadnost
cds	no	gledalac
dmc	yes	sluganstvo
cds	no	majka guzica
an	no	poulet
pr	no	floozie
svp	no	dȍsada
cds	no	broker
cds	no	potkupljiv
cds	no	vočić
pr	no	prostituirati
cds	no	kriminalne aktivnosti
pa	yes	prodavačica ribe
svp	no	neaktivnost
dmc	yes	foetor
qas	no	pokrpati
om	no	sodomist
svp	no	seksualna privlačnost
pr	no	divlje govedo
cds	no	arogancija
svp	no	netolerantnost
qas	no	zbunjivati se
cds	no	jeftinom romana
is	yes	bijeda
ps	yes	fašistički
svp	no	angriness
asf	no	mekana na dodir
asm	no	changelings
ps	yes	hebrej
ps	yes	Žuta (mongolidna) rasa
ps	yes	crne žene
dmc	yes	šljam torba
pa	yes	obični profesor
qas	no	prost
cds	no	idiot
re	no	debaucher
om	no	cross-dresser
qas	no	retorika
cds	no	piskaralo
dmc	yes	lowlife
svp	no	škrtoća
qas	no	testis
an	no	looter
qas	no	tržište čuvar
re	no	pljački
dmc	yes	barbara
re	no	piratstva
cds	no	zločin šef
cds	no	provalnik
asf	no	changelings
cds	no	prelat
ps	yes	ruiner
re	no	kriminalno ponašanje
cds	no	ćeretati
asm	no	fava
cds	no	lagati
cds	no	vjerske diskriminacije
om	no	transvestitizam
qas	no	kiksati
om	no	trbušni
ddf	yes	pola pinta
dmc	yes	grubijan
cds	no	greška
re	no	maloljetnik delinkvent
pa	yes	profesor extraordinarius
cds	no	loptice-up
cds	no	moraliziranja
cds	no	arogantnosti
cds	no	šarolika budala
an	no	anuran
pr	no	seksualnih usluga
cds	no	relikvija
cds	no	podmitljivost
an	no	rod pipistrellus
qas	no	tagalong
ddp	yes	dostavljač
cds	no	egoizma
qas	no	amatera
an	no	pediculus humanus
qas	no	zbrka
cds	no	zbrka
qas	no	polje ruka
cds	no	whiner
cds	no	mrcina
qas	no	građanskog društva
om	no	transvestiti
ps	yes	azijski
dmc	yes	razvratnik
an	no	equus africanus asinus
an	no	škarpina
dmc	yes	hajduk
dmc	yes	neistina
asm	no	izdanak
is	yes	zaklinjati
re	no	stickup
cds	no	besposličar
ps	yes	osoba koja ispašta tuđe greške
asf	no	osoba koja ispašta tuđe greške
qas	no	huberta
re	no	policijskog zlostavljanja
or	no	krastavac vino
cds	no	chiseler
cds	no	lopovi
ddp	yes	barapski
cds	no	tona
cds	no	skitnica
ddf	yes	nanus
an	no	hoax
ps	yes	bugarin
cds	no	starog željeza
cds	no	fukara
ps	yes	Žuta rasa
dmc	yes	zamrljan
dmc	yes	iskvarenost
cds	no	pljačkaš
ps	yes	međuvrsni hibrid
ps	yes	Židov
dmc	yes	omalovažava
an	no	papiga
an	no	epifauna
qas	no	kuća slikar i dekorater
an	no	papak
cds	no	ručni rad
asm	no	idiotarija
om	no	homoseksualci
an	no	zooerasty
dmc	yes	scattergood
asm	no	testisa
om	no	prat
cds	no	dar-mar
pa	yes	proponent
pa	yes	odvjetnik
pa	yes	posloprimac
cds	no	umirati
an	no	puževa
pr	no	kurvarluk
re	no	neonaticide
is	yes	zločinačka
cds	no	strvina
cds	no	glupiranje
om	no	analni snošaj
qas	no	poslovni vođa
re	no	terorista
qas	no	kućerak
an	no	ajkula
an	no	sovke
an	no	kurva
ddp	yes	šupkom
dmc	yes	pretvaranjem
ps	yes	barbarski
cds	no	pillock
re	no	ukradena roba
pa	yes	pastira
om	no	križ oblači
dmc	yes	mozzarella
pr	no	besmislica
an	no	svinje
re	no	delikt
cds	no	slobodno zidarstvo
pr	no	govedo
re	no	otuđena imovina
is	yes	dobrovoljnog siromaštva
dmc	yes	nečist
cds	no	flub
svp	no	taštine
cds	no	zavjere šutnje
cds	no	alapača
cds	no	sassing
an	no	nanus
cds	no	taštine
cds	no	newspaperwoman
dmc	yes	smrditi
qas	no	barun
cds	no	chawbacon
is	yes	tragične negativca
ddf	yes	patuljak
ps	yes	beduin
asm	no	ribe
cds	no	lihvarski kredit
cds	no	nametljivac
dmc	yes	moralističke
cds	no	obiteljska crta
asm	no	smeđa boja
cds	no	demagoški
cds	no	psina
re	no	odmetnik
re	no	žena ubica
dmc	yes	pseud
ps	yes	interfertility
qas	no	usklađenost
cds	no	njuškalo
or	no	twat
cds	no	varalica
an	no	svinjče
asm	no	pterygiophore
an	no	diddly-čučanj
cds	no	samovoljnost
qas	no	regulatorne usklađenosti
cds	no	reakcionar
an	no	američki bizon
is	yes	pomanjkanje
qas	no	građanstvo
cds	no	zvocati
pr	no	ulična prostitucija
an	no	bitanga
om	no	gej
cds	no	relikt
an	no	tvrdoglave
ddp	yes	šarlatanstvo
re	no	opljačkan
asm	no	kreten-off
pr	no	stoka
re	no	ilegalnim aktivnostima
asm	no	jebati se
cds	no	volumen
dmc	yes	dallier
dmc	yes	ne-račun
cds	no	beguine
an	no	betise
re	no	teroristički čin
om	no	poove
cds	no	narcizam
qas	no	parazita
an	no	mikroorganizama
dmc	yes	mozzarella sir
re	no	traducer
re	no	razbojništvo
dmc	yes	hudoba
cds	no	igra karata ili domina
cds	no	javni zahod
cds	no	tat
an	no	codswallop
is	yes	izgnan
ps	yes	mestizaje
om	no	istospolne privlačnosti
re	no	màfija
om	no	cross-dressers
an	no	rulja
om	no	non-zapadnjački koncepti muške seksualnosti
cds	no	cockup
qas	no	amaterski
an	no	diddley
svp	no	sramotu
dmc	yes	besposličar
an	no	hyaenidae
qas	no	kolibi
an	no	red žohara
an	no	tijela snatchers
om	no	različit
cds	no	progonitelj
an	no	komarci
an	no	tovar
is	yes	siromaha
qas	no	krpati
cds	no	vaunter
svp	no	odbojnost
ddp	yes	glupavost
qas	no	sustav kasta
qas	no	pridržavanje
an	no	lešinar
an	no	crvi
cds	no	budala
dmc	yes	tako i tako
ddp	yes	fuckhead
cds	no	rulja
an	no	srdžba
cds	no	stara kola
cds	no	natrag razgovarati
om	no	homophile
cds	no	fanatičnost
pa	yes	zastupnik
is	yes	negativca
cds	no	klepetati
re	no	grifter
cds	no	gunđalo
asm	no	prostak
asm	no	igra karata ili domina
qas	no	talasanje
ddf	yes	slijepac
cds	no	smicalica
qas	no	gomila
cds	no	aljkavo osoba
ps	yes	crna žena
an	no	blattodea
dmc	yes	prljavi pas
an	no	equus asinus
dmc	yes	licemjer
cds	no	dime roman
ddp	yes	kurvin sin
om	no	uvjeti za anatomskom položaju
ddp	yes	oštećenja mozga
cds	no	prijestupnik
qas	no	fumbler
qas	no	upropaštavati
ps	yes	cigani
an	no	barapski
dmc	yes	pogriješiteljem
svp	no	pohota
cds	no	line-strijelac
dmc	yes	varalica
cds	no	balladeer
pr	no	konkubinat
ps	yes	negroidne
cds	no	glupan
cds	no	fašizma
cds	no	sahnuti
cds	no	dojenče
an	no	pijavice
or	no	kupus
asf	no	balvan
an	no	strix varia
is	yes	oskudica
ddp	yes	mentalna retardacija
dmc	yes	otpadnik
qas	no	konformizam
re	no	grand theft
an	no	inferioran
cds	no	nastavnik
cds	no	sitan kradljivac
an	no	junadi
om	no	stražnjice
dmc	yes	vrdalama
re	no	napad i pljačkanje
svp	no	oholost
qas	no	uništavati
re	no	libeler
cds	no	self-obožavanje
cds	no	bagnio
cds	no	kredita sharks
cds	no	izmišljotina
cds	no	moralizma
re	no	ubijanje
an	no	domaćeg psa
an	no	escargot
dmc	yes	imitacija
cds	no	barbarski
cds	no	dopisnik
qas	no	brljati
re	no	ucjena
dmc	yes	pajac
or	no	nance
an	no	insekt
qas	no	tajkun
asm	no	brownness
ps	yes	changelings
pr	no	moo-krava
dmc	yes	zlo
cds	no	umišljenost
cds	no	svestranost
an	no	kozolika antilopa
an	no	lopovluk
pr	no	kurvanje
cds	no	družina
ps	yes	židovske
an	no	mala životinja
cds	no	loanshark
om	no	neuobičajen
an	no	domaći magarac
asf	no	glupost
cds	no	žutokljunac
ddp	yes	animalia
an	no	žohara
cds	no	očajan kazneno
cds	no	bragger
cds	no	zloća
ddf	yes	rugoban
cds	no	nedaća
or	no	krastavci
om	no	glutealne regiji
pa	yes	pobornik
svp	no	zavidjeti
qas	no	našminkati
an	no	chinch
an	no	mekana na dodir
pr	no	oštrokonđa
dmc	yes	izdajnik
cds	no	nevolja
dmc	yes	Ćudoređe
re	no	plagiarize
an	no	porodica crocodylidae
cds	no	gangstera
pr	no	šljaka
re	no	reper
asf	no	codswallop
dmc	yes	društveni otpadnik
cds	no	uživanje u samom sebi
cds	no	policajaca
an	no	mugilidae
ps	yes	crnac
re	no	kleveta
cds	no	kasino
ddp	yes	zaostalost
an	no	buhe
pr	no	štakor
cds	no	đavolija
pr	no	moljaca
an	no	lèšinār
an	no	zmija u travi
cds	no	bahatost
svp	no	tanha
an	no	bubašvaba
pa	yes	profesora
cds	no	clann
cds	no	šaljivac
an	no	piletina
an	no	polukrilci
cds	no	bandi
cds	no	osim
cds	no	idol štovanje
cds	no	javni praktičnost
ddp	yes	divljaštvo
cds	no	bitanga
qas	no	flub
om	no	gay muškaraca
re	no	klevetnik
svp	no	dosade
cds	no	zločin
asm	no	jaja
cds	no	fanatizam
asm	no	štap
cds	no	razbojnika
pr	no	preljubnica
or	no	cucumis sativus
an	no	krmak
ddf	yes	nakaznost
ddp	yes	majka guzica
pa	yes	bijeli ovratnici
cds	no	vic
dmc	yes	nemoral
cds	no	unutarnji krug
re	no	kidnapiranje
ps	yes	rommany
re	no	defamer
cds	no	odgojitelj
pa	yes	dvorana vratar
qas	no	lunjati
cds	no	štreber
an	no	Žohari
an	no	ptica minerva
re	no	ogovarač
qas	no	čankoliz
qas	no	fukara
re	no	kažnjiv samo djelo
an	no	štektanje
qas	no	duhovni vođa
an	no	bijes
cds	no	javna kuća
pa	yes	vratar
cds	no	kockanje kasino
an	no	psittaciformes
re	no	seksualnog zlostavljanja
cds	no	instruktora
pa	yes	pogrebnik
asm	no	osoba koja ispašta tuđe greške
an	no	hijena
cds	no	brokera
an	no	krvopija
dmc	yes	trut
qas	no	jaja
an	no	stari svijet bivola
ddf	yes	invalidnost
cds	no	dijete ljubavi
cds	no	klepetalo
cds	no	dime romana
cds	no	kriminalnih aktivnosti
re	no	mafije
ps	yes	Židovi
an	no	otus asio
cds	no	bubati
pa	yes	barbarski
cds	no	budalaština
an	no	suknja progonitelj
cds	no	nitkovluk
qas	no	pristalica
qas	no	poslovnom
asm	no	lakovjernost
or	no	homoseksualac
pr	no	metresa
cds	no	seljačina
qas	no	kuća slikar
cds	no	počinitelja
svp	no	motiv škrca
cds	no	naklapati
cds	no	rulja-rouser
pr	no	norveška štakor
an	no	krpelji
cds	no	hrpa
om	no	keister
cds	no	crooners
or	no	krumpir
cds	no	barbara
re	no	mučenje uređaj
asm	no	graška biljka
pa	yes	barbar
is	yes	siromašna osoba
an	no	aureus
qas	no	loša izrada
an	no	siphonaptera
cds	no	svodnika
dmc	yes	dilly-dallier
cds	no	zločin gospodar
dmc	yes	banditti
cds	no	štrajkbreher
pa	yes	ugledni profesor
an	no	faune
pa	yes	poduzetnik
cds	no	mafiosi
re	no	ukradena imovina
an	no	pseto
pr	no	hogwash
an	no	escargots
qas	no	komunalnog otpada
qas	no	polutan
cds	no	fanatism
om	no	paederasty
is	yes	izgnanik
svp	no	ljutnja
an	no	glupan
ddp	yes	pillock
qas	no	retoričko
or	no	homophile pokreta
asm	no	profesionalni prekršaj
or	no	budala
an	no	kokoš
svp	no	ravenousness
dmc	yes	smrad
asm	no	smeđe
pa	yes	grobar
asf	no	doofus
cds	no	zloba
qas	no	nametnik
cds	no	camorra
re	no	trgovinu klevete
re	no	bitanga
cds	no	frakcija u stranci
ps	yes	židovsko
re	no	seksualne prijestupe
qas	no	konformist
ddp	yes	osoba koja ispašta tuđe greške
asm	no	stup
pr	no	konkubina
cds	no	arriviste
ddp	yes	podvala
re	no	malverzacija
pr	no	muške pratnje
cds	no	puno
asm	no	usporiti
asm	no	jebati
ps	yes	hibrid
re	no	kaljanje
qas	no	zafrknuti
om	no	dijete molester
re	no	oružana pljačka
ddf	yes	onemogućiti
ps	yes	biljka uzgajivač
an	no	animalia
an	no	pas
cds	no	glupa osoba
re	no	cosa nostra
svp	no	pohlepnost
cds	no	dastardliness
re	no	ukradeni
cds	no	splavi
asm	no	teste
ps	yes	negroid
cds	no	problema
an	no	domaće svinje
dmc	yes	chiseller
om	no	homoeroticism
an	no	koza
ddp	yes	šarlatan medicine
cds	no	clotheshorse
qas	no	rulja
an	no	škrt
an	no	sciaenops ocellatus
ddp	yes	barbarski
qas	no	parazit
om	no	crossdress
ps	yes	negroidi
re	no	seksualno zlostavljanje
qas	no	neradnik
cds	no	blackballed
re	no	otmičari
cds	no	bebe
dmc	yes	maloljetnik delinkvent
re	no	seksualnih zločina
an	no	caprinae
cds	no	mešetar
re	no	maltretirati
an	no	žohar
qas	no	udovoljavanje
qas	no	endoparazite
cds	no	fabrikator
svp	no	minginess
an	no	stoka
an	no	crv
is	yes	prosjak
cds	no	slobodni zidar
an	no	kljuse
ps	yes	barbar
dmc	yes	razbojništvo
ddp	yes	fauna
cds	no	dogmatizam
svp	no	avaritia
svp	no	dillydallier
svp	no	nepristojan
cds	no	tla
ddf	yes	osobe s invaliditetom
qas	no	visak
ddp	yes	zatvorenika
cds	no	mudar čovjek
an	no	malo sova
rci	yes	grmalj
asf	no	glupan
an	no	uš
re	no	zarobljivač
pr	no	gangster je prostitutka
qas	no	terevenčiti
ddf	yes	invalid
an	no	bjeloglavi supovi
an	no	europski bizon
qas	no	necrotrophic
cds	no	hahar
asm	no	jerking off
an	no	sivi ćuk
cds	no	bloopers
an	no	ljenivac
qas	no	prilagođenost
an	no	gallus gallus domesticus
cds	no	pajac
cds	no	opterećenja
re	no	serijski silovatelj
pr	no	Štakori
cds	no	negativca
qas	no	plovidba magnat
om	no	drag kraljice
qas	no	moocher
svp	no	pohlepa
ddp	yes	mikrocefalija
pa	yes	fakulteta
dmc	yes	izvan zakona
qas	no	poslovni čovjek
asm	no	hrvatski grah
cds	no	fukara i bobteil
cds	no	sitne krađe
qas	no	fušati
ps	yes	afričkog podrijetla
qas	no	smiješni kolut
cds	no	prežderati se
asm	no	penisa
re	no	tortura
asm	no	budala
qas	no	sinker
qas	no	mješavina
an	no	prostakluk
ddp	yes	govnar
an	no	slabić
svp	no	tvrdica
ps	yes	changeling
pa	yes	akademika
qas	no	šeprtlja
re	no	pljačke
ddf	yes	invaliditetom
re	no	klevetu
ps	yes	uprooter
cds	no	konformist
asf	no	prepone kosa
svp	no	požude
re	no	nasilja
ps	yes	izraelit
cds	no	kurvin sin
ddp	yes	codswallop
cds	no	osornost
is	yes	siromaštvo
dmc	yes	dobro-za-nula
asm	no	široko grah biljka
cds	no	sicilijanske mafije
cds	no	djetešce
svp	no	abulia
an	no	divlja vola
cds	no	sinko
ps	yes	švaba
cds	no	ulizica
ddp	yes	tupoglavost
ps	yes	barbara
pr	no	lampyris noctiluca
re	no	terorizam
ddp	yes	oštećenje mozga
asf	no	idiotarija
an	no	mikro-organizam
pr	no	društvenih
an	no	koza antilopa
asm	no	preputium
cds	no	rumormonger
an	no	ulična prostitucija
qas	no	koliba
dmc	yes	moralnost
asm	no	aves
ddp	yes	makrofaune
an	no	kozijeg
cds	no	hrpe
ddp	yes	prostak
om	no	homoerotski
cds	no	zelenaštvo
ddp	yes	betise
re	no	ubojice
qas	no	građanin ljudi
pr	no	Štakor
re	no	kriminalaca
cds	no	faktor
dmc	yes	gangster
qas	no	industrijalaca
is	yes	motiv škrca
an	no	psa
an	no	bedbugs
re	no	plijen
cds	no	wisenheimer
ddf	yes	rugoba
re	no	zločin
an	no	crocodylian
dmc	yes	kazneno
qas	no	velikaš
an	no	kunić
cds	no	lowlife
cds	no	pompousness
or	no	pizda
an	no	žaba
ddp	yes	kretenizma
asm	no	nikogović
qas	no	boo-boo
re	no	sicilijanske mafije
asm	no	fava grah
cds	no	prežderavati se
an	no	tijelo uš
ddp	yes	pudden-glava
re	no	zlostavljanja
cds	no	ekstremni desničar
qas	no	arhitektura baroka
ddp	yes	moronity
re	no	zlostavljani
qas	no	retor
svp	no	nadmenost
qas	no	četkica za mazanje
cds	no	sad
svp	no	čama
ps	yes	metics
an	no	raunch
ddp	yes	usporiti
dmc	yes	skitnice
re	no	čin terorizma
qas	no	uzgajivačnica
cds	no	matcher
an	no	stupidnost
an	no	riđovka
an	no	lowlife
dmc	yes	poniženost
an	no	idiotarija
is	yes	umoliti
om	no	pederast
svp	no	licemjer
an	no	gusar
an	no	neintelektualac
dmc	yes	varljiv
cds	no	klan
asf	no	vagina
cds	no	amateurishness
an	no	kukavica
re	no	datum silovanje
cds	no	bordello
cds	no	kanalizacijski kanal
an	no	fiziognomija
ps	yes	bugarski
cds	no	jerking off
cds	no	krasnopisac
an	no	pijetao
an	no	bison bison
cds	no	usahnuti
cds	no	ostentatiousness
dmc	yes	lažljivac
pa	yes	portir
asm	no	kolac
cds	no	lihvarenja
asm	no	maxilliped
re	no	pljačka
ddp	yes	barbara
an	no	mikrob
qas	no	parohijalan
an	no	jegulje
re	no	kaznenih djela
an	no	muči
ddp	yes	mrzovoljac
svp	no	arogantnost
ps	yes	pikey
om	no	homoseksualaca
an	no	larva
cds	no	pomagalo u nastavi
dmc	yes	delikt
an	no	domaćih goveda
om	no	cross-dress
ps	yes	romanis
cds	no	tako i tako
om	no	dupe
an	no	krmče
an	no	obiteljski mugilidae
svp	no	škrtac
pa	yes	advokat
cds	no	codswallop
ps	yes	mekana na dodir
qas	no	packati
cds	no	pod-klan
pa	yes	nosač
cds	no	onanist
asm	no	ptica
ps	yes	bijeli
re	no	hahar
cds	no	sass
re	no	silovanje dječaka
cds	no	pripadnik plemena
an	no	prostak
om	no	dame
svp	no	stjecanjem
cds	no	urnebes
cds	no	blabbermouth
cds	no	glasovi
rci	yes	barbari
asm	no	stupidnost
is	yes	cheapskate
ps	yes	kineski
dmc	yes	git
cds	no	banditti
cds	no	nimfomanka
qas	no	casteism
qas	no	sljednik
pa	yes	cordwainer
an	no	fauna
om	no	pih
cds	no	tvrdica
qas	no	amater
or	no	govnar
pr	no	koještarija
om	no	gay
or	no	glupan
cds	no	snalažljivost
svp	no	sedam glavnih grijeha
om	no	ženski imitator
pa	yes	akademkinja
om	no	stražnjica
an	no	lajati
asf	no	ludost
ddp	yes	infauna
an	no	porodica cimicidae
an	no	iščašene lice
asm	no	betise
om	no	finocchio
cds	no	paparazza
asf	no	panj
dmc	yes	član organizovane bande
re	no	blaćenje
qas	no	petljati
cds	no	član organizovane bande
cds	no	fundamentalističkih
qas	no	stračara
cds	no	zajmodavac
cds	no	talijanske mafije
an	no	papige
ps	yes	beduini
an	no	stvorenje
an	no	rod angvila
re	no	otuđivati
qas	no	griješiti
cds	no	cosa nostra
an	no	metazoans
cds	no	goveda pljačkali
an	no	slušanja uređaja
re	no	mučenja
ddp	yes	folderol
pr	no	kuja
an	no	krokodil
re	no	konjokradica
cds	no	groveler
re	no	talijanske mafije
re	no	sitni lopov
qas	no	običan čovjek
pa	yes	sheepherders
cds	no	nimfomanija
svp	no	jal
an	no	puža
ps	yes	romske
re	no	otima
is	yes	nitkov
re	no	prvi stupanj ubojstva
cds	no	ništarija
svp	no	zabušant
cds	no	religioznost
an	no	spora osoba
an	no	mrk pogled
re	no	seks djelo
cds	no	olajavanje
svp	no	lustfulness
an	no	selachii
pr	no	peppered moljac
svp	no	nesnošljivost
svp	no	gađenje
is	yes	neimaština
re	no	prisilno silovanje
cds	no	fundamentalizma
or	no	koromač
ps	yes	manmade hibrid
asf	no	budala
an	no	brent guska
cds	no	propagandist
pa	yes	zaposlenik
asm	no	balvan
an	no	dadilja jarac
an	no	čest poskok
cds	no	međuvrsni hibrid
qas	no	bourgeoise
cds	no	papazjanija
re	no	pljačkaš
ps	yes	mongolski narodi
ddp	yes	šarlatan
dmc	yes	zlosretnik
qas	no	teste
ddp	yes	changelings
cds	no	bumbler
or	no	glupa osoba
an	no	aljkava osoba
is	yes	oskudan
cds	no	klanova
re	no	plagirao
asm	no	boba
cds	no	trasformismo
ddp	yes	stupidnost
an	no	praščić
ddp	yes	barbar
pr	no	šljake
cds	no	bas bleu
cds	no	književni hack
cds	no	obmanjivanje
an	no	kako crocodylia
an	no	strvinar
asm	no	ithyphallic
dmc	yes	simulant
pa	yes	zagovaratelj
asf	no	betise
qas	no	konformista
asm	no	kesten
is	yes	dronja
asm	no	imbecil
svp	no	apatični
an	no	morski pas
ps	yes	židov
cds	no	tamničar
om	no	anatomski izrazi za položaj
pa	yes	prof.
an	no	krpelja
pr	no	kurtizana
an	no	eurypterids
cds	no	skončati
pr	no	moljac
an	no	masovna obmana
cds	no	srodstvo grupa
om	no	analnog seksa
cds	no	demagog
dmc	yes	fibber
cds	no	prtljage vlak
cds	no	nevaljalost
an	no	red blattaria
re	no	zlostavljao
ddf	yes	slab
cds	no	zakon-razbijanje
cds	no	vodu od ribe
pa	yes	desetar
dmc	yes	razvratnost
an	no	kukci
ddp	yes	zatvorenik
or	no	meticulosity
an	no	mazga
om	no	homosexualism
dmc	yes	pokvaren
om	no	crossdressing
cds	no	intrigant
cds	no	slews
cds	no	sitni lopov
an	no	komaraca
ps	yes	židovska zajednica
pa	yes	bijelo-radnik
dmc	yes	budalaština
cds	no	fundamentalizam
cds	no	kukavica
ddp	yes	ferociousness
cds	no	kamatarenje
qas	no	sjemenik
dmc	yes	grmalj
qas	no	prekršaj-up
cds	no	mater
cds	no	kamatara
re	no	strahovlada
cds	no	obrnutom turvyness
re	no	ubojstva
re	no	zločine
pa	yes	kontrolora
is	yes	motiv škrtca
svp	no	dosada
qas	no	farmer
cds	no	papak
an	no	domaći pas
ddp	yes	neobrazovanost
pr	no	rubnik indeksiranja
asm	no	doofus
ps	yes	cjepanica
cds	no	mafije
pa	yes	bijelih ovratnika
ddp	yes	rumormonger
cds	no	kanalizacije
cds	no	benda
cds	no	papira potiskivač
qas	no	prčkati
dmc	yes	fumbler
ddp	yes	epifauna
cds	no	plemenskih ljudi
cds	no	loša izrada
ddp	yes	tračibaba
qas	no	uništiti
dmc	yes	prljavo
svp	no	besposličar
dmc	yes	opak
cds	no	ostaci
pr	no	bos taurus
pa	yes	profesor emeritus
re	no	zakon-razbijanje
dmc	yes	umrljan
cds	no	plašljivac
pr	no	doxy
is	yes	preklinjati
svp	no	mirovanje
asf	no	vaginalni
re	no	klevete i uvrede
pr	no	ispucati kurva
ps	yes	boche
an	no	mula
re	no	krivično djelo
qas	no	pristaša
cds	no	slijepa ulica
ps	yes	romi
or	no	gay
cds	no	klafrati
is	yes	siromašan
an	no	obični ćuk
an	no	tvrdica
pr	no	kurva
an	no	svinja
cds	no	zlotvor
asm	no	tamno smeđe
cds	no	wangler
cds	no	podvodačica
ps	yes	doofus
ddp	yes	lakoumnost
cds	no	smeća
an	no	patuljak
dmc	yes	šarolika budala
cds	no	pedagog
or	no	pudden-glava
cds	no	taština
cds	no	pandar
ps	yes	prirodni hibrid
is	yes	globalnog siromaštva
cds	no	fašizam
ddp	yes	arsehole
re	no	silovatelja
cds	no	kukavištvo
dmc	yes	skitnje
cds	no	lupeštvo
ps	yes	crn
svp	no	dilly-dallier
an	no	brent
an	no	papigašice
qas	no	mrcvariti
cds	no	obitelji
or	no	zelje
asf	no	igra karata ili domina
an	no	omaknuo mu se jezik
re	no	difamiranje
cds	no	cjepidlačenje
ddp	yes	priglupost
cds	no	nouveau riche-
cds	no	folderol
qas	no	smutljivac
an	no	kozje mlijeko
an	no	muške prostitucije
an	no	guske
qas	no	smeće
qas	no	ćumez
dmc	yes	nećudoređe
an	no	pas ljudožder
re	no	mučenje
re	no	oružane pljačke
ddp	yes	fukara
qas	no	trgovac
cds	no	jeretik
dmc	yes	dillydallier
re	no	klevetanje
asm	no	općiti
qas	no	namazati
cds	no	protagonism
ddp	yes	zarobljenik
re	no	goveda pljačkali
cds	no	klozet
an	no	crocodylia
dmc	yes	defrauder
an	no	canis aureus
ps	yes	bugari
re	no	sila
dmc	yes	pretvaralo
asm	no	idiot
svp	no	spiritlessness
om	no	rit
qas	no	daščara
ps	yes	nigga
asm	no	grašak
cds	no	mafija
cds	no	sniveller
cds	no	motherfucker
dmc	yes	krivotvorine
om	no	tabani
svp	no	faineance
cds	no	uličnih bandi
om	no	zadnjica
cds	no	changelings
cds	no	fašistički
re	no	negativca
cds	no	religioznosti
dmc	yes	skitnica
svp	no	nadutost
an	no	brent goose
ps	yes	sličan crncu
dmc	yes	sitan kradljivac
dmc	yes	odmetnik
an	no	buha
ps	yes	vagabond
ddp	yes	nasamariti
qas	no	partner u zločinu
dmc	yes	lutalica
cds	no	paparazzi
svp	no	lascivnim
cds	no	samozadovoljstvo
re	no	čedomorstvo
qas	no	običan puk
or	no	krastavac
qas	no	klasične retorike
is	yes	potrebit
an	no	velike bijele psine
is	yes	odrpanac
cds	no	usporiti
an	no	pipistrelle
cds	no	falsifikator
om	no	homoseksualan
an	no	phthiraptera
ddp	yes	nesposobna osoba
an	no	balon swallower
ps	yes	idiot
an	no	komarca
pa	yes	docent
re	no	plagiarization
dmc	yes	lopov
cds	no	scrawler
an	no	shote
ps	yes	vandal
asm	no	mekana na dodir
ps	yes	budala
ps	yes	židovske vjere
dmc	yes	zloba
an	no	poskok
dmc	yes	mozzarellom
pr	no	prostitutka
cds	no	publika
pr	no	comare
cds	no	kanalizacijska cijev
qas	no	amateurishness
pr	no	dvoranin
pr	no	rat
or	no	spaljena naranče
cds	no	septičkih
is	yes	zamoliti
ddp	yes	proturač novosti
asm	no	polje grah
re	no	pljačkali
cds	no	kuća prostitucije
svp	no	ne-račun
cds	no	wank
an	no	kajman
an	no	carcharodon carcharias
cds	no	žigolo
svp	no	high-nespretnost
asm	no	komad magarca
qas	no	laži
cds	no	škrabati
or	no	pillock
asf	no	pička
an	no	tikvan
ps	yes	rom
cds	no	dopisnika
an	no	mala sova
an	no	bjeloglavi
cds	no	omerta
re	no	seksualno zlostavljao
svp	no	netolerancija
re	no	ocrnjivanje
cds	no	neradnik
qas	no	sprčkati
pa	yes	ministar
svp	no	lijenost
ps	yes	lutalica
ps	yes	crna
re	no	izvan zakona
an	no	ptica noći
cds	no	ljenivac
pr	no	krava
pr	no	inoča
qas	no	nemilost
an	no	jegulja
re	no	zločinačka
dmc	yes	prevarant
dmc	yes	nitkov
cds	no	lukavstvo
re	no	homicid
cds	no	phratry
cds	no	oprati boravak
qas	no	izmišljotina
om	no	dorsoventral
qas	no	Župa
re	no	pljačku
cds	no	stada
cds	no	zelenaš
qas	no	uzgajivačnice
cds	no	manmade hibrid
om	no	homoseksualnim muškarcima
re	no	villainess
re	no	mafiosi
cds	no	pakosnost
cds	no	interfertility
cds	no	fawner
ddf	yes	loše
ddp	yes	changeling
om	no	raznovrstan
cds	no	puk
cds	no	intriguer
cds	no	kazneno
qas	no	poduzetnik
an	no	ixodoidea
ps	yes	inkiness
cds	no	učio
re	no	lopov
pa	yes	računovođe
an	no	ne znaju ništa
cds	no	homunculus
an	no	žena progonitelj
qas	no	retoriku
cds	no	deseci
cds	no	drumski razbojnik
qas	no	mikstura
svp	no	samopoštovanje
qas	no	grčko govorništvo
qas	no	fieldhand
re	no	mučenje ubojstva
an	no	kanal bas
pa	yes	akademska
qas	no	autoinfection
ddf	yes	odbojan
pr	no	prodaja tijela
an	no	volaille
cds	no	hypersexual
an	no	motiv škrtca
cds	no	rod
cds	no	nered
cds	no	pristalica
qas	no	gospodarstvenika
pa	yes	pogreb redatelj
cds	no	površnosti
cds	no	požderati
an	no	nesposoban
qas	no	krvosljednik
qas	no	magnata
svp	no	superbia
cds	no	krntija
ps	yes	mongol
qas	no	njuškalo
pa	yes	akademski
an	no	insecta
asm	no	ludost
an	no	floozie
qas	no	uprskati
asm	no	bobom
pa	yes	kaplar
asf	no	tehnikalija
pr	no	pištolj moll
or	no	tikva
om	no	tooshie
ps	yes	zulus
re	no	calunnia
cds	no	križanja
an	no	zooerastia
ps	yes	križati
pr	no	aljkavo žena
an	no	jeguljke
cds	no	krutog otpada
cds	no	banda
ps	yes	ostrogot
cds	no	tragičnu negativca
cds	no	kukavičluk
cds	no	skupina
cds	no	conventicle
pr	no	norveška rat
re	no	kriminalnih aktivnosti
an	no	gyps fulvus
cds	no	novinski saradnik
cds	no	povlađivati
qas	no	srednji stalež
pa	yes	službenik blagajne
qas	no	pobrkati
qas	no	kvariti
cds	no	bordelima
an	no	vola
ddp	yes	animirati bića
cds	no	jabuka poliranje
ddf	yes	ružnoća
qas	no	soboslikarstvo
dmc	yes	zloća
ddp	yes	zooerastia
re	no	mrcvariti
an	no	dumbass
cds	no	pogađati se
cds	no	aljkava osoba
cds	no	kriminalno ponašanje
cds	no	kupleraj
ddp	yes	Šarlatan
qas	no	olova
re	no	ukrasti
om	no	stražnjicu
om	no	debelo meso
asf	no	bedastoća
cds	no	stražar
re	no	nasilje
qas	no	šminkati
cds	no	religiousism
asm	no	sjemenik
ddf	yes	neprikladan
an	no	sovovka
dmc	yes	pljačkaš
svp	no	ponos
re	no	sex djelo
an	no	moljci
cds	no	rođaci
dmc	yes	fabrikator
an	no	pajcek
is	yes	siromašni ljudi
an	no	anura
cds	no	Šarlatan
cds	no	podao
cds	no	super neopran
ddp	yes	brbljanje
re	no	usmrćivanje
an	no	gubica
cds	no	zatvorski čuvar
ps	yes	beduinima
cds	no	učena žena
cds	no	changeling
om	no	homoseksualac
an	no	mekušaca
cds	no	umrijeti
asm	no	jacking off
asm	no	erekcija
cds	no	balvan
is	yes	siromašnih
dmc	yes	etika
om	no	repne
cds	no	tikvan
dmc	yes	pseudo
asm	no	dodacima
cds	no	bandit
cds	no	kaos
pr	no	moljci
pr	no	sivi štakor
re	no	ubojstvo prvog stupnja
pa	yes	ribe monger
cds	no	znanstveni fundamentalizam
om	no	twink
qas	no	omnium-gatherum
pa	yes	pastir
an	no	bizon bonasus
om	no	gospođo
cds	no	nadutost
re	no	član organizovane bande
om	no	pozadi
cds	no	know-it-sve
cds	no	lažnog idola
pr	no	dama užitka
om	no	homoseksualnih muškaraca
svp	no	škrtarenje
dmc	yes	neugodan zadah
an	no	bison bonasus
pa	yes	pogreb pogrebnik
cds	no	kicoš
cds	no	grupa
cds	no	peons
an	no	animalculum
an	no	pediculus corporis
an	no	tijelo-otimajući
cds	no	wads
an	no	doodly-čučanj
svp	no	tjelesna privlačnost
cds	no	nažderavati se
dmc	yes	prljav
ddp	yes	alapača
is	yes	nesretan
dmc	yes	lijenčina
cds	no	kriminalnog
qas	no	srednjovjekovne
re	no	banditti
qas	no	tužno vreća
or	no	solanum tuberosum
svp	no	agresivan
or	no	butternut squash
ddp	yes	microcephalus
dmc	yes	loša osoba
an	no	makrofaune
qas	no	obveza davanja
cds	no	rezultati
re	no	klevete
om	no	sodomija
cds	no	natezati se
svp	no	osornost
cds	no	laži
asm	no	gluposti
ddp	yes	gossiper
cds	no	homunculi
cds	no	fibber
svp	no	dallier
cds	no	grunge rock
an	no	sisa uš
an	no	zlatni čagalj
qas	no	zakrpavati
an	no	limacidae
pr	no	bludnica
om	no	prijeći dorada
ddp	yes	mogućnosti
pr	no	uličarka
cds	no	jato
asm	no	flouter
an	no	čagalj
pr	no	ljubavnica
cds	no	gomila
ps	yes	mongoloids
dmc	yes	fanatizam
qas	no	sprtljati
cds	no	izdahnuti
is	yes	siromaštva
qas	no	baruni
qas	no	maltretirati
om	no	fuj
cds	no	odojče
re	no	ubica
cds	no	skončavati
pr	no	najam dječak
an	no	kokoši
cds	no	barun razbojnik
cds	no	wheeler dealer
an	no	namrštiti
re	no	ubojstvo detektiv
or	no	homophile
pa	yes	branitelj
asf	no	stidne dlake
asm	no	praeputium
cds	no	lopov
re	no	otimanje
qas	no	posade
pa	yes	academicism
re	no	naoružani pljačkaš
om	no	transvestizam
dmc	yes	zločestoća
dmc	yes	glupiranje
pr	no	kanalizacijski štakor
cds	no	vjerski fundamentalizam
om	no	nenormalan
dmc	yes	zao
om	no	analni seks
qas	no	iz srednjeg sloja
ddp	yes	tužno vreća
svp	no	uzaludnosti
cds	no	po-udarac
cds	no	krađa
ps	yes	židovskoj tradiciji
cds	no	fanatik
qas	no	prodavač
an	no	životinja
cds	no	brod drugog reda
cds	no	wanker
cds	no	svodnik
qas	no	odan sljedbenik
dmc	yes	gangstera
an	no	supovi
dmc	yes	tragičnu negativca
re	no	ukradeno vlasništvo
ddf	yes	bogalj
om	no	pederastija
om	no	osoba s invaliditetom
an	no	običan puk
ddp	yes	mentalnog nedostatka
pr	no	muška prostitucija
cds	no	lav
re	no	ubojstvo drugog stupnja
qas	no	bumbler
an	no	muška prostitucija
dmc	yes	loiterer
dmc	yes	seljačina
svp	no	pridefulness
cds	no	tragične negativca
cds	no	neprilika
pa	yes	zaposlenika
svp	no	šeprtlja
svp	no	bijes
re	no	svirepost
svp	no	razvratnost
om	no	dorzolateralnom
cds	no	lukavost
qas	no	ideolog
an	no	megascops
an	no	rouncey
qas	no	testisa
an	no	rentboy
an	no	vamper
ps	yes	žuti karton
cds	no	mješoviti pas
ps	yes	vandali
ps	yes	jevrejin
cds	no	prljavština
an	no	Životinjski svijet
qas	no	veliki poduzetnik
cds	no	lihvarenje
an	no	zeko
cds	no	đukela
cds	no	portkalo
an	no	scorpionfish
qas	no	troubler
an	no	anguilliformes
an	no	pravi krokodili
an	no	guska
qas	no	grubijan
an	no	vipera
an	no	odojak
dmc	yes	grifter
cds	no	hierarch
an	no	more škorpion
cds	no	mješavina
cds	no	štrajk-razbijanje
cds	no	idiolatry
qas	no	krutog otpada
an	no	žaba krastača
ddp	yes	neradnik
pa	yes	akademske
asm	no	jeerer
rci	yes	barbar
cds	no	konspirativna teorija
dmc	yes	ništarija
asm	no	ballock
dmc	yes	zabušant
cds	no	javni wc
svp	no	žudnja
cds	no	grešnik
dmc	yes	falsifikat
re	no	djelo
an	no	tako i tako
qas	no	običnih ljudi
cds	no	kiks
an	no	šakali
om	no	komorač
ddp	yes	gluposti
an	no	ždrijelo
cds	no	izdajnički
an	no	stjenica
an	no	smeđa krastača
dmc	yes	glupan-off
re	no	krađe
ps	yes	mestizos
ddp	yes	hooey
cds	no	zeloti
an	no	zabrana sova
ps	yes	nigra
re	no	oteti
cds	no	nezakonit
cds	no	nadmenost
pr	no	hetaera
ddp	yes	idiotizam
or	no	peder
cds	no	goveda lopov
dmc	yes	zločinačka
cds	no	glup
cds	no	hibrid
cds	no	rod grupa
an	no	selachimorpha
cds	no	tricker
or	no	irski krumpir
or	no	bonce
svp	no	arogancija
dmc	yes	zaprljan
re	no	terorizma
re	no	lopovi
re	no	seksualnih delikata
asm	no	smeđa
ddp	yes	šupak
cds	no	dopisnik vijesti
cds	no	odstrel
asm	no	testis
an	no	lampyris noctiluca
ddp	yes	stvorenje
pa	yes	dopisni član
an	no	šakal
ddp	yes	rulja
cds	no	git
cds	no	dijete
asf	no	neznalica
re	no	umorstvo
an	no	salientian
dmc	yes	izgnan
an	no	gallus gallus
cds	no	blackballing
dmc	yes	uprljan
an	no	puž
an	no	žohari
pa	yes	savjetnik-at-zakon
asm	no	falus
asf	no	imbecil
cds	no	vreva
an	no	culex pipiens
an	no	divlje govedo
an	no	internet prijevara
cds	no	svjetina
asf	no	stupidnost
asm	no	nookie
qas	no	svjetina
re	no	plagiarisation
an	no	volovi
ps	yes	mestik
cds	no	konformista
an	no	prickteaser
asf	no	usporiti
asf	no	budalaština
ps	yes	skitnica
an	no	frogspawn
qas	no	pogriješiteljem
cds	no	slobodnih zidara
dmc	yes	škrt
cds	no	posmatrač
asf	no	prostak
cds	no	parčići
dmc	yes	grješan
asm	no	muški spolni ud
cds	no	ljubitelj
cds	no	rube
pa	yes	sheepherder
an	no	domaće piletine
is	yes	siromah
dmc	yes	nevaljalac
re	no	maligner
an	no	insekti
qas	no	budalaština
pr	no	rentboy
cds	no	nepodopština
ps	yes	intergeneric hibrid
cds	no	nosonja-parker
svp	no	nespretnjaković
cds	no	novajlija
or	no	squash
om	no	pederastiju
dmc	yes	mafijaša
ddf	yes	tjelesnim invaliditetom
svp	no	sanjalo
an	no	pleme mollusca
om	no	abnormalan
ps	yes	židovska religija
asm	no	tikvan
asm	no	ručni rad
cds	no	gobs
cds	no	vjerskog fundamentalizma
asm	no	jebeni
om	no	koromač
ddp	yes	panj
ddp	yes	običan puk
re	no	otuđiti
cds	no	narcista
ddp	yes	analfabetizam
pa	yes	redoviti profesor
qas	no	barokna arhitektura
cds	no	osoba koja ispašta tuđe greške
cds	no	nažderati se
cds	no	omaknuo mu se jezik
om	no	queer
pr	no	grlo
an	no	gnjev
svp	no	škrtost
re	no	sicilijanski mafijaški
cds	no	splashiness
re	no	ucjenjuju
an	no	nesposobna osoba
dmc	yes	razbludnik
an	no	skitnica
om	no	plemkinja
cds	no	zbunjujuće pitanje
cds	no	defrauder
ps	yes	križanac
cds	no	bolećivost
dmc	yes	negativca
an	no	goveda
an	no	mosquitoe
re	no	ubojstvo
an	no	zlobnost
cds	no	krug lica sa zajedničkim interesom
cds	no	narcism
pr	no	član višeg društva
re	no	piratstvo
cds	no	nužnik
an	no	moue
qas	no	buniti se
ddp	yes	blabbermouth
svp	no	nesklonost
om	no	rep
pr	no	smeđa štakor
dmc	yes	izgnanik
ps	yes	križana pasmina
an	no	rod capra
cds	no	ballup
cds	no	màfija
re	no	točno
cds	no	krađe
re	no	delinkvent
cds	no	rookie
ddp	yes	nepromišljenost
an	no	budala
om	no	ipsilateral
dmc	yes	skitanje
re	no	iznude
an	no	loša osoba
is	yes	tužan
qas	no	neistina
cds	no	barbari
om	no	anason
cds	no	križana pasmina
an	no	diddly-sranje
dmc	yes	beskućnik
re	no	nasilnik
an	no	capra hircus
cds	no	sasušiti se
an	no	zavodnica
an	no	red crocodylia
dmc	yes	prevarant boga
ddp	yes	nemoćan
cds	no	netrpeljivost
ddp	yes	neintelektualac
pa	yes	professorships
ddp	yes	bezukusan
pr	no	drolja
dmc	yes	izmišljotina
an	no	čovjek-jede morski pas
is	yes	siromašnima vrag
is	yes	siromašan čovek
an	no	capra hircus hircus
an	no	gica
is	yes	lišen
dmc	yes	vočić
an	no	igra karata ili domina
qas	no	smjesa
cds	no	oholosti
qas	no	srednje klase
cds	no	prekršaj-up
dmc	yes	dvorska luda
cds	no	lopovluk
qas	no	zbrljati
an	no	divljaštvo
asm	no	avafauna
qas	no	stol posao
re	no	kazneno
an	no	prase
an	no	kuče
asm	no	komad repa
ps	yes	kreten
pr	no	muške prostitucije
svp	no	gnjev
cds	no	samopoštovanje
an	no	nemilosrdnost
cds	no	masonske reda
om	no	cross-dressing
ddp	yes	neznanje
an	no	domaće ovce
an	no	bjeloglavog supa
an	no	kozjeg mlijeka
pr	no	kanalski štakor
cds	no	arogantnost
re	no	terorist
ddp	yes	Životinjski svijet
dmc	yes	primitivan
qas	no	paraziti
cds	no	murjak
asf	no	kreten
qas	no	buržoazija
an	no	ljutica
pr	no	socialites
is	yes	tvrdica
ddp	yes	blesavost
cds	no	moaner
an	no	sova
re	no	loše upotrebe
re	no	nepošten dobitak
cds	no	licemjer
is	yes	nesretni
dmc	yes	jak smrad
pr	no	labav žena
cds	no	bespravan
an	no	neumoljivost
qas	no	iluzija
svp	no	netrpeljivost
dmc	yes	slobodoumlje
ddf	yes	gadan
dmc	yes	nećudoredan
an	no	krava
ddp	yes	zatočenik
dmc	yes	moralni kompas
ddp	yes	doofus
om	no	homoseksualnost
cds	no	omnium-gatherum
svp	no	ponositost
cds	no	šala
cds	no	dostavljač
pa	yes	kočijaš
re	no	kazneno djelo
ddp	yes	mentalni nedostatak
pr	no	priležnica
an	no	bijela psina
asm	no	nooky
re	no	pljačkaši
cds	no	sveznalica
an	no	fuckhead
an	no	hirudinea
or	no	neznalica
an	no	mikroba
pr	no	domaćih goveda
dmc	yes	folirant
qas	no	magacioner
an	no	cootie
cds	no	pokvarenost
cds	no	podvala
cds	no	culchie
cds	no	nympho
asm	no	hard-on
ddp	yes	nerazboritost
an	no	morski psi
cds	no	prljavštine
cds	no	quidnunc
om	no	bolećivost
cds	no	ohola osoba
svp	no	cheapskate
asm	no	ševiti se
cds	no	mussiness
re	no	tragičnu negativca
svp	no	gurman
cds	no	obiteljska loza
cds	no	stavljanje van zakona
an	no	carcharodon
dmc	yes	falsifikator
cds	no	bordel
cds	no	kukavičluka
cds	no	cacography
cds	no	paparazzo
an	no	mekušci
an	no	budalaština
an	no	capra aegagrus hircus
dmc	yes	bitanga
asm	no	seksati se
an	no	buljina
cds	no	fašisti
qas	no	retoričar
an	no	red crocodilia
svp	no	hvalisavost
dmc	yes	moral
dmc	yes	klaun
an	no	uši
an	no	podred blattaria
cds	no	zahodu
pr	no	bestidnica
an	no	zločinačka
ps	yes	crveni karton
ps	yes	krauthead
asf	no	pizda
cds	no	moneylending
pa	yes	odvjetnika
an	no	tjelokradica
cds	no	đavoljstvo
cds	no	cheekiness
qas	no	testisi
cds	no	cjenjkati se
dmc	yes	danguba
cds	no	pedantan
an	no	anurans
cds	no	djelo
ddp	yes	igra karata ili domina
cds	no	burdelj
cds	no	lihvarskim kreditima
ps	yes	mješanac
qas	no	stanar uzgoj
om	no	iza
ddp	yes	svjetina
is	yes	škrt
qas	no	odstrel
cds	no	snob
dmc	yes	villainess
or	no	sativus
re	no	seks kriminal
an	no	najam dječak
cds	no	kmet
an	no	kukac
cds	no	egoistični
an	no	caimans
an	no	koza antilope
qas	no	mazati
an	no	peppered moljac
svp	no	tvrdičluk
pa	yes	ministar-savjetnik
rci	yes	barbarski
cds	no	štos
an	no	villainess
cds	no	nered-up
qas	no	sljedbenici
qas	no	cadger
re	no	skitnica
pa	yes	isusovac
an	no	ulica djevojka
rci	yes	barbara
cds	no	brzo jedan
cds	no	hvalisavost
an	no	kòza
pa	yes	posebna molba
pa	yes	pravnik
cds	no	šljam torba
an	no	batrachian
ps	yes	ostrogoti
om	no	sodomiju
dmc	yes	etički motiv
ddp	yes	intelektualnim teškoćama
cds	no	krdo
ddp	yes	analfabet
cds	no	prostak
dmc	yes	bumbler
cds	no	momčić
cds	no	fumbler
an	no	Čagalj
qas	no	stanar poljoprivrednik
cds	no	zbrkanost
qas	no	sodbuster
cds	no	kuća lošeg ugled
pa	yes	trgovac ribom
cds	no	dosjetljivost
dmc	yes	lažne
qas	no	crkvena župa
re	no	krasti
re	no	kradljivac stoke
dmc	yes	razbojnik
ddp	yes	zdravstvene prijevare
dmc	yes	barbari
cds	no	blackball
or	no	kompresa
cds	no	mekana na dodir
re	no	hulja
pa	yes	ribarnice
an	no	fukara i bobteil
om	no	magarac
ddp	yes	ne znaju ništa
cds	no	sicilijanski mafijaški
an	no	ovis aries
an	no	mliječnih koza
ddp	yes	informator
re	no	teške pljačke
cds	no	tegoba
cds	no	nabirati se
an	no	fulvus
an	no	bizoni
ps	yes	balvan
re	no	pokrasti
dmc	yes	moralni bankrot
cds	no	zločine
cds	no	zločinačka organizacija
cds	no	učiteljica
cds	no	venuti
cds	no	pas mješanac
svp	no	pohlepe
pr	no	rattus
dmc	yes	zločest
ddp	yes	kreten
cds	no	drskost
asm	no	glupost
an	no	namiguša
an	no	zaparložen
an	no	zajednički uš
cds	no	advokatura
pa	yes	grubijan
ps	yes	crnčuga
an	no	tragičnu negativca
asm	no	wank
cds	no	problem
cds	no	izvjestilac
an	no	lupus familiaris
re	no	ndrangheta
dmc	yes	homunculi
pa	yes	grmalj
cds	no	kockarnica
ddp	yes	epifaunal
cds	no	loansharking
ddp	yes	nonsensicality
ps	yes	negroids
qas	no	retorički
an	no	caiman
dmc	yes	hahar
cds	no	odgojna časnik
asm	no	kožice
cds	no	građevinski radnik
cds	no	idolopoklonstvo
dmc	yes	libertanac
cds	no	komunalnog otpada
an	no	moo-krava
asm	no	široko grah
cds	no	smežurati se
an	no	obiteljski crocodylidae
cds	no	stado
om	no	gay muškarac
cds	no	uništavanje
re	no	korporativne zloporabe
an	no	hulja
cds	no	dvorska luda
cds	no	bawdyhouse
ps	yes	romski
an	no	tragične negativca
ddf	yes	osoba s invaliditetom
an	no	animirati bića
dmc	yes	treasonist
cds	no	fascista
ddp	yes	majmun
pa	yes	vrata straže
an	no	motiv škrca
asm	no	motka
cds	no	conspiracism
an	no	gomila
qas	no	poslovni magnat
cds	no	weisenheimer
re	no	zločinstvo
pa	yes	bijeli ovratnik
ddf	yes	slijep
asm	no	bedastoća
dmc	yes	pokvarenost
pa	yes	prof
asf	no	idiot
cds	no	chiseller
cds	no	nestašna
qas	no	fukara i bobteil
an	no	cakehole
cds	no	poltron
cds	no	laž
an	no	profiter
qas	no	loš šešir
cds	no	mystifier
an	no	ferociousness
dmc	yes	chawbacon
ddp	yes	lud
svp	no	trut
is	yes	niskim prihodima
an	no	kuja
qas	no	izmamljivač
cds	no	teoretičari zavjere
qas	no	horda
cds	no	zločinstvo
an	no	buva
asm	no	spolni ud
ddp	yes	gomila
or	no	cucurbita maxima
om	no	proksimalni
om	no	gospođa
an	no	rod koza
cds	no	wc
cds	no	križanac
ddp	yes	kompresa
dmc	yes	siromašnima vrag
ps	yes	imbecil
svp	no	niggardness
is	yes	nestašica
ddp	yes	idiotarija
re	no	capturer
ddp	yes	microcephalic
qas	no	sfušati
pr	no	hetaira
dmc	yes	bigot
re	no	otmičar
svp	no	averzija
ps	yes	latino
qas	no	pučana
cds	no	masonstvo
cds	no	boo-boo
ddp	yes	barbari
qas	no	buržoazije
pr	no	marva
ddp	yes	neznalica
qas	no	papazjanija
an	no	grlo
an	no	velikih bijelih psina
cds	no	bande kulture
cds	no	preminuti
an	no	stari konj
an	no	njuška
an	no	drolja
qas	no	privrednik
an	no	viper
cds	no	učitelj
om	no	istospolne
om	no	crossdresser
re	no	gangstera
or	no	brassica rapa
qas	no	ličenje
dmc	yes	pristojnost
an	no	europska žaba
cds	no	perspicaciousness
an	no	hemipteron
cds	no	podvođenje
cds	no	cesta agenta
cds	no	kreten
ps	yes	crno osoba
an	no	Žaba
cds	no	relikvije
pr	no	rattus norvegicus
or	no	tikvan
ddp	yes	twaddler
pa	yes	barbari
re	no	mučiti
or	no	spud
re	no	varalica
cds	no	klana
ddp	yes	besmislice
qas	no	ostaci
dmc	yes	uljez
asf	no	fuckhead
cds	no	hulja
svp	no	zgubidanski
an	no	pijevac
pa	yes	pomoćni profesor
ddp	yes	intelektualno onemogućen
an	no	helix pomatia
ddp	yes	zlobnost
an	no	krave
cds	no	knjiški moljac
an	no	hemipteran
cds	no	sportske kuća
cds	no	mješanac
dmc	yes	licemjerja
cds	no	omalovažava
ps	yes	križanja
svp	no	avariciousness
qas	no	smjese
an	no	bolećivost
ddp	yes	mater
qas	no	župljanin
ps	yes	židovskoj obitelji
cds	no	narodne mase
ddf	yes	vočić
om	no	ventrolateral
ddf	yes	fizički izazvan
cds	no	scijentizam
cds	no	peni strašno
ps	yes	hebreji
an	no	crvena bubanj
pa	yes	akademik
qas	no	srednji sloj
pr	no	gaf
cds	no	zabava
or	no	poove
ddp	yes	bumbler
ddp	yes	nadriliječnik
an	no	anguilla
re	no	difamacija
an	no	komarac
qas	no	diletant
qas	no	uprskavati
re	no	teròrist
ps	yes	darkie
cds	no	šef mafije
cds	no	lijenčina
qas	no	vodu od ribe
ddp	yes	tup
cds	no	lihvar
or	no	fuckhead
cds	no	pristaše
ps	yes	melez
an	no	škarpine
an	no	canis lupus familiaris
asm	no	europska grah
ddp	yes	nepismenost
pr	no	krave
an	no	koketa
cds	no	kanalizacija
dmc	yes	prijevare
an	no	vrisak-sova
asf	no	maca
cds	no	conventicles
cds	no	toalet
an	no	supa
svp	no	gourmandizer
cds	no	imbecil
ps	yes	mestici
cds	no	ucjenjivač
qas	no	industrijalac
cds	no	domaće kanalizacije
ps	yes	mongoloidi
re	no	stavljanjem na smrt
dmc	yes	tužno vreća
ddp	yes	budalaština
cds	no	autolatry
cds	no	prljavi pas
re	no	defrauder
qas	no	farma radnik
ps	yes	grmalj
ddp	yes	pogriješiteljem
cds	no	protupravan
om	no	cross-haljina
an	no	Žabe
om	no	drag show
dmc	yes	neradnik
pr	no	bludničenje
cds	no	nepristojni kuću
an	no	gušče
an	no	bos taurus
an	no	sivac
qas	no	pseća kućica
re	no	pirati
cds	no	časnik
svp	no	motiv škrtca
an	no	prasence
ddp	yes	motherfucker
svp	no	hrana
an	no	zajednički komaraca
cds	no	demagogija
pa	yes	suđenja odvjetnika
pr	no	ulica djevojka
cds	no	instruktor
ps	yes	barbari
cds	no	teorija zavjere
an	no	porodica pravih krokodila
cds	no	delinkvent
ddp	yes	glupost
cds	no	cjepidlaka
qas	no	poljodjelaca
ddp	yes	rumourmonger
cds	no	delikt
asm	no	meke ray
ddp	yes	besmisleni
asm	no	bob
an	no	koze
ddp	yes	duševnim smetnjama
cds	no	strikebreakers
svp	no	škrt
cds	no	pronicljivost
re	no	ucjenjuje
re	no	plagiarise
an	no	vulgarnosti
pr	no	dvorjanin
qas	no	sukladnosti
cds	no	glasnik dječak
qas	no	pokvariti
cds	no	zahodi
cds	no	maloljetnik delinkvent
cds	no	kazneno djelo
dmc	yes	trifler
an	no	hirudinean
qas	no	slikar i dekorater
an	no	diddly
an	no	sus scrofa
qas	no	smiješni
dmc	yes	malodor
ps	yes	negro
cds	no	grubijan
cds	no	svodništvo
qas	no	ectoparasites
cds	no	zahod
pr	no	sportske dama
cds	no	slobodnih i prihvaćenih zidara
ps	yes	crnci
pa	yes	kaznenog odvjetnika
re	no	klevetu karaktera
qas	no	kućni poslovi
asm	no	voditi ljubav
an	no	parazitske stjenice
dmc	yes	provesti sve-
cds	no	beba
pr	no	prostitutke
cds	no	džukela
svp	no	aboulia
dmc	yes	nemoralan
an	no	fukara
re	no	chiseller
re	no	financijske zloporabe
cds	no	conceitedness
an	no	diddlyshit
an	no	bedastoća
cds	no	vlastitoj
cds	no	pedanterije
qas	no	sljedbenik
qas	no	baraka
qas	no	problem kavu
asm	no	avifauna
cds	no	barapski
om	no	caudally
dmc	yes	rakehell
re	no	zlostavljati
an	no	krokodila
cds	no	osuđivati
or	no	gej
cds	no	prota
pa	yes	svinjetina mesar
re	no	silovatelj
cds	no	villainess
an	no	glupost
asf	no	tikvan
cds	no	mežurati se
re	no	infanticid
re	no	osuđeni kriminalac
ddp	yes	unwiseness
an	no	mekušac
qas	no	spetljati
an	no	debeljuca
re	no	mafijaša
an	no	kokošje meso
qas	no	seljaka
an	no	cimicidae
an	no	pipistrellus
an	no	rogonja
an	no	govedo
an	no	gyps fulvis
cds	no	masa
dmc	yes	amoralan
re	no	zlostavljanje
re	no	iznuditi
cds	no	prepredenko
ddp	yes	bedastoća
qas	no	srednja klasa
dmc	yes	nemoralnost
cds	no	vragolija
qas	no	tycoon
ddf	yes	loš
ps	yes	zani
ps	yes	grubijan
pr	no	Štakor selac
pa	yes	savjetnik
an	no	canis familiaris
an	no	capra
an	no	bezrepci
an	no	domaća kokoš
cds	no	pjevušenje
is	yes	prognanik
om	no	shirtlifter
cds	no	slabić
qas	no	kavez
qas	no	poslovna žena
dmc	yes	bandit
cds	no	hypersexuality
re	no	furiousness
svp	no	apatija
an	no	krokodilski
cds	no	cut-up
dmc	yes	tramps
cds	no	šaljivčina
an	no	domaći psi
dmc	yes	nespretnjaković
cds	no	bigot
an	no	zec
re	no	vilifier
dmc	yes	klaunovi
or	no	cuke
cds	no	trač
qas	no	govorništvo
cds	no	glavni faktor
an	no	mušica
ddp	yes	nanocephaly
cds	no	šarlatan
dmc	yes	mocarela
an	no	vipera berus
re	no	mučenje ubojstvo
pa	yes	sveučilišni profesor
cds	no	nestašluk odluka
cds	no	grmalj
cds	no	cjenkati se
asm	no	falusa
re	no	zlouporaba
cds	no	casino
dmc	yes	vagabond
pr	no	prostitucija
cds	no	đukac
qas	no	vođenje
ps	yes	Židovstvo
cds	no	biljka uzgajivač
pa	yes	računovođa
re	no	raptio
cds	no	pobrkati
pa	yes	činovnik
re	no	drugi stupanj ubojstva
an	no	shoat
ps	yes	crni
re	no	lopovluk
cds	no	fora
cds	no	uvenuti
asm	no	budalaština
an	no	šljam torba
an	no	ništarija
ps	yes	ostrogotske
om	no	pederastic
re	no	plagijat
an	no	velika bijela psina
cds	no	počinitelj
asf	no	rodnica
qas	no	kaste
an	no	cimex lectularius
or	no	loša riba
pr	no	žena na ulici
an	no	git
asf	no	changeling
re	no	ubojica
an	no	koljeno mollusca
cds	no	hajduk
qas	no	barbara
an	no	blattaria
cds	no	nelegalan
qas	no	mučiti
pr	no	goveda
om	no	nance
ps	yes	judaizam
ddp	yes	Životinje
cds	no	medijator
ddp	yes	mentalna zaostalost
an	no	svjetina
ps	yes	vandalskog
an	no	roda capra
pa	yes	kontroler
dmc	yes	krivotvorenje
an	no	Čagljevi
or	no	fuj
cds	no	horda
an	no	sȕp
re	no	goveda lopov
ps	yes	židovstva
cds	no	smeće
qas	no	američki biznismen
ddf	yes	invaliditetom mobilnosti
rci	yes	grubijan
re	no	camorra
om	no	peciva
re	no	kriminalne aktivnosti
or	no	tater
cds	no	moneylenders
cds	no	pompeznost
qas	no	neuspjeh
an	no	magarci
cds	no	backtalk
ps	yes	zulu naroda
om	no	homoseksualizam
an	no	pljačkaš maroder
cds	no	novca kreditiranja
an	no	prisluškivanja
an	no	žaba žaba
cds	no	član bande
cds	no	razbojništva
cds	no	ćaskati
cds	no	hustling
svp	no	beskorisnost
cds	no	crooner
an	no	moljac
an	no	mikroorganizam
re	no	silovanja
an	no	istinske jegulja
cds	no	neistina
cds	no	starudija
pr	no	muške prostitutke
dmc	yes	šeprtlja
cds	no	superbia
qas	no	štenara
an	no	domaća koza
dmc	yes	bijednik
cds	no	nouveaux bogatstva
cds	no	zločinačka
qas	no	šupa
is	yes	umoljavati
re	no	maltretiranje
dmc	yes	lakrdijaš
cds	no	ogovaranje
asm	no	petlić
pr	no	fornicatress
re	no	ucjenjivač
pr	no	priležništvo
an	no	panj
om	no	guzica
asm	no	uvaljati u sijenu
cds	no	porodica
ps	yes	bedu
qas	no	pas kuća
qas	no	starog željeza
an	no	sovovke
pr	no	smeđi štakor
an	no	inexorableness
pa	yes	akademici
asm	no	tupoglavost
an	no	aljkavo osoba
cds	no	pleme
asm	no	penisa erekciju
is	yes	moliti
dmc	yes	licemjerno
cds	no	oportunista
ddp	yes	tikvan
pa	yes	predlagač
re	no	ukradena dobra
cds	no	neuspjeh
re	no	mučitelj
dmc	yes	nemoralno
an	no	rod vipera
ddp	yes	nesposoban
cds	no	luda
dmc	yes	zamazan
pa	yes	udvarač
dmc	yes	chiseler
an	no	bufo bufo
asm	no	glupan
cds	no	teretni vlak
dmc	yes	pehist
cds	no	korekcije časnika
dmc	yes	delinkvent
an	no	sus scrofa domestica
cds	no	prankishness
ps	yes	crncem
an	no	jarac
asf	no	dumbass
re	no	pirat
re	no	traducement
dmc	yes	nećudorednost
cds	no	smiješni kolut
re	no	nepoštena dobit
svp	no	gorger
svp	no	tightfistedness
re	no	mafija
ps	yes	mongoloidan
cds	no	junk mail
re	no	tragične negativca
ddp	yes	brbljivac
asm	no	onanist
om	no	sodomit
svp	no	eros
cds	no	naborati se
dmc	yes	barbarski
an	no	Šarka
cds	no	fanatici
cds	no	odbaciti
om	no	madam
cds	no	promućurnost
re	no	zakonska silovanje
cds	no	ključar
qas	no	smeća
cds	no	kreten-off
svp	no	bigot
qas	no	divulgement
