cds	no	blowhard
ddp	yes	memperlambat
pa	yes	kampung
an	no	bangkut
re	no	pengacau
an	no	parasit
an	no	streetwalker
asf	no	orang bodoh
dmc	yes	hipokrit
cds	no	kenakalan pembuatan
cds	no	wanker
pr	no	psk
ddf	yes	lecak
asm	no	orang kecil yg picik
ddp	yes	idiot
ddp	yes	penggosip
qas	no	bendalu
re	no	teroris
qas	no	membingungkan
ddf	yes	keji
ddp	yes	tongong
svp	no	iri
cds	no	bertele-tele
cds	no	bangang
svp	no	kesia-siaan
qas	no	menganiaya
ps	yes	boche
qas	no	gundah
cds	no	membengkak kepala
svp	no	berdendam
or	no	gay
ddp	yes	pelapor
dmc	yes	sumbang
is	yes	tangkai kering
ps	yes	kedai bir
cds	no	hiperseksualitas
om	no	twink
cds	no	barbar
dmc	yes	penipuan
asm	no	batang
cds	no	wangler
cds	no	setengah pint
an	no	kejam
cds	no	layabout
dmc	yes	buruk orang
an	no	diddlysquat
an	no	kekejaman
cds	no	jaruman
asm	no	menipu
dmc	yes	orang yg tak begitu bermutu
or	no	tolol
cds	no	kibir
asm	no	burung
ps	yes	orang kikir
qas	no	memanjakan
dmc	yes	teruk
ddf	yes	jelek
asm	no	menyetubuhi
ddp	yes	arsehole
re	no	mafia
qas	no	pengoles
svp	no	bongkak
cds	no	katai
an	no	bajingan
asf	no	folderol
re	no	remaja tunggakan
dmc	yes	si cabul
cds	no	antek
om	no	gerakan homophile
asm	no	kebodohan
dmc	yes	angkuh
ddp	yes	dumbass
an	no	mengamuk
cds	no	folderol
ddp	yes	kampung
svp	no	pengelak
om	no	banci
cds	no	orang asing
an	no	kurang ajar
dmc	yes	bangsat
an	no	tipuan internet
dmc	yes	anjing
pr	no	betina
cds	no	hoaxer
qas	no	kalut
dmc	yes	gelandangan
re	no	penjahat tragis
an	no	pelacuran terhadap pria
ddp	yes	orang kecil yg picik
pr	no	gadis jalanan
asm	no	menggonjokkan
asf	no	orang tolol
is	yes	parokial
dmc	yes	lowlife
cds	no	dungu
cds	no	pekerja yg kurang baik
dmc	yes	dillydallier
qas	no	cetera
ddp	yes	tukang cerita
cds	no	gosip
dmc	yes	defrauder
ddp	yes	kekejaman
svp	no	gelandangan
dmc	yes	kizib
an	no	bercabul
ddp	yes	dukun
or	no	bedebah
cds	no	bertindak gila-gilaan
ps	yes	nigga
cds	no	songar
cds	no	seorang yg tdk becus
cds	no	sempit akal
dmc	yes	bengis
an	no	perompak
an	no	pip-mencicit
pa	yes	orang yg kurang sopan
ps	yes	ras mongoloid
cds	no	ahmak
ddp	yes	ganas
ddp	yes	kebinatangan
dmc	yes	pemalas
dmc	yes	babi
an	no	naik darah
cds	no	beloh
ddf	yes	bangpak
asf	no	bodoh
asf	no	karut
svp	no	rakus
qas	no	kalap
ddp	yes	kekonyolan
ps	yes	jigaboo
svp	no	pelahap
cds	no	potong-up
pa	yes	uncouthness
cds	no	sombong
dmc	yes	batak
ddp	yes	perusuh
an	no	jahil
asf	no	dungu
ddf	yes	uduh
dmc	yes	songong
asm	no	menjengeki
cds	no	pembual
an	no	sampah
ddp	yes	dogol
ddp	yes	moron
dmc	yes	kemunafikan
ps	yes	changelings
cds	no	massa
an	no	pencuri
ddf	yes	hina
cds	no	orang ramai
cds	no	anak dusun
asm	no	masturbasi
an	no	durjana
an	no	prostitusi jalanan
qas	no	pekerja yg kurang baik
ddp	yes	umpatan
om	no	yg bersemburit
cds	no	pegawai
cds	no	fitnah
ddp	yes	udik
ddp	yes	kaum urakan
svp	no	keculasan
cds	no	pengacau
is	yes	kikir
cds	no	jorok orang
or	no	muttonhead
pa	yes	orang asing
qas	no	bohong
dmc	yes	tembok kering
ps	yes	idiot
re	no	date-rape
is	yes	penjahat tragis
cds	no	limbah padat perkotaan
an	no	lokek
cds	no	line-shooter
svp	no	bengah
svp	no	orang yg banyak makan
cds	no	sampah masyarakat
an	no	pendamping laki-laki
an	no	jatuh pria
svp	no	gaduk
cds	no	orang ngotot
cds	no	bambung
is	yes	terbatas
asm	no	hal lekas percaya
dmc	yes	celih
an	no	mencatut
re	no	pemerkosaan
cds	no	amateurishness
pr	no	comare
dmc	yes	jangak
qas	no	amateurishness
dmc	yes	kurang ajar
qas	no	memberi hati
svp	no	sombong
asm	no	mencibirkan
asm	no	orang goblok
cds	no	kolam bergegas
svp	no	dengki
cds	no	bongak
ddp	yes	gila
cds	no	chiseller
pr	no	merangkak trotoar
ps	yes	memperlambat
cds	no	tukang obat
dmc	yes	buaya darat
cds	no	grifter
asf	no	fuckhead
rci	yes	orang yg kurang sopan
qas	no	barbar
dmc	yes	kepura-puraan
svp	no	bermegah
ddp	yes	blunderer
asf	no	goblok
or	no	orang goblok
or	no	queer
dmc	yes	orang gasang
asm	no	tolol
or	no	pillock
cds	no	bodoh orang
cds	no	ultrakonservatif
an	no	doodly-jongkok
cds	no	lompong
cds	no	rampus
cds	no	dongok
cds	no	orang hulu
cds	no	la cosa nostra
cds	no	finagler
an	no	scum bag
ddp	yes	penipu
svp	no	cepat
ddp	yes	bengis
svp	no	malas
ddp	yes	kezaliman
asf	no	pemurah
asm	no	sepotong ass
cds	no	fabricator
cds	no	dogol
ddp	yes	lembap
ps	yes	biadab
an	no	bertindak gila-gilaan
cds	no	kebohongan
dmc	yes	bermuram
cds	no	ceroboh
cds	no	geblek
svp	no	berhasrat
an	no	kebinatangan
asf	no	dodol
dmc	yes	keparat
svp	no	anggak
an	no	suami yg istrinya tdk setia
re	no	perampok
dmc	yes	penyamar
re	no	mafiosi
qas	no	malang
cds	no	kelicikan
ddp	yes	changeling
is	yes	kasihan
dmc	yes	babar
qas	no	kampung
re	no	memperkosa
an	no	bakhil
ddp	yes	kebohongan
dmc	yes	pengelat
ps	yes	setengah-berkembang biak
asm	no	fucking, austria
cds	no	orang bodoh
cds	no	cepat satu
ps	yes	doofus
an	no	penakut
pr	no	streetwalker
an	no	ceroboh
cds	no	geng jalanan
cds	no	meracau
om	no	yg berlaku lemah
cds	no	berceloteh
ddp	yes	tahu apa-apa
asm	no	kanjut
dmc	yes	terhad
cds	no	limbah domestik
an	no	lonte
cds	no	nymphomaniac
ddp	yes	kedunguan
cds	no	mafioso
cds	no	tongong
cds	no	orang yg tak begitu bermutu
cds	no	kejahatan kriminal
cds	no	alku
dmc	yes	bangpak
ddp	yes	shamanisme
svp	no	cemburu
dmc	yes	cemar
asf	no	cretin
ps	yes	pikey
cds	no	keji
ps	yes	orang keturunan dr campuran orang negro dgn orang eropah
dmc	yes	sundal
an	no	fuckhead
an	no	zooerastia
ddp	yes	orang goblok
svp	no	pongah
pr	no	wanita simpanan
an	no	kejahatan
dmc	yes	hitam
ddp	yes	tongkol
qas	no	mendesak
ddf	yes	kerdil
an	no	menyerbu
an	no	penjahat tragis
cds	no	apple polisher
ddp	yes	geblek
ddp	yes	perengus
qas	no	gila
qas	no	pemusnahan
svp	no	lokek
ddp	yes	beloh
asf	no	jatuh pria
ddf	yes	setengah pint
cds	no	limbah padat
cds	no	pengecoh
pr	no	perempuan nakal
ps	yes	nitwit
an	no	berita palsu
ddp	yes	ayam kampung
cds	no	penipuan
ddp	yes	kebuasan
cds	no	pencopet
an	no	jalang
an	no	penjahat
or	no	bodoh orang
svp	no	songar
ps	yes	bangsa barbar
cds	no	orang sombong
pr	no	pelacur
ddp	yes	zooerastia
cds	no	mafia
dmc	yes	kotor
ddp	yes	pengobrol
an	no	dumbass
ddp	yes	sampah masyarakat
an	no	wanita chaser
cds	no	pemurah
qas	no	menolak
ddp	yes	dokter dukun
qas	no	menyia-nyiakan
re	no	terrorism
svp	no	bakhil
cds	no	blabbermouth
an	no	menggebu
asm	no	bertindak gila-gilaan
qas	no	tipu
pr	no	pekerja seks komersial
svp	no	merangah
an	no	grossness
cds	no	tukang cerita
cds	no	sastra hack
cds	no	groveller
re	no	mafia italia
dmc	yes	kefanatikan
dmc	yes	orang kampung
dmc	yes	pelengah
an	no	bandit
dmc	yes	penyegan
ddp	yes	bangsa barbar
ddp	yes	orang bebal
pr	no	borak
asm	no	dungu
asm	no	benak
ddp	yes	celaka
dmc	yes	cacat
dmc	yes	remaja tunggakan
an	no	patsy
re	no	memeras
cds	no	dalalah
om	no	gay
or	no	pepek
ddp	yes	bajingan
dmc	yes	git
svp	no	merengus
pr	no	jorok wanita
svp	no	tightfistedness
asm	no	kontol qualifier
cds	no	jahil
cds	no	penggosip
re	no	penyamun
asm	no	jacking off
an	no	prostitusi laki-laki
an	no	kemarahan
asm	no	banci
cds	no	anggapan
cds	no	bodoh
an	no	pengacau
cds	no	jisim
ddp	yes	cretin
cds	no	bandit
ddp	yes	orang yg kurang tangkas
or	no	mendesak
cds	no	limbah rumah tangga
ps	yes	bongok
an	no	anak sewa
svp	no	niggardness
ddp	yes	pemarah
ddp	yes	orang yg kurang sopan
cds	no	tanda
pr	no	jablai
ddp	yes	seorang yg tdk becus
is	yes	menyedihkan
cds	no	bego
cds	no	pengeluh
pr	no	pelacuran terhadap pria
svp	no	pelit
asf	no	bunga
ddp	yes	anak luar nikah
cds	no	orang yg membosankan
asm	no	memasang
om	no	cacat orang
cds	no	fasisme
cds	no	penonton
cds	no	pura-pura
pr	no	pelacur retak
an	no	sampah masyarakat
qas	no	mendera
cds	no	maffia
dmc	yes	orang udik
an	no	sifat tdk terkalahkan
dmc	yes	salah roman
ddp	yes	tumpul
or	no	dumbass
cds	no	khalayak
cds	no	congkak
svp	no	tembok kering
cds	no	gila
ddp	yes	brengsek
asm	no	bercinta
dmc	yes	salah angkuh
asm	no	wanker
pr	no	pelacur pria
cds	no	ketat
an	no	buas
is	yes	celaka
pa	yes	babar
cds	no	dilarang
cds	no	guru wanita
re	no	teroris bertindak
cds	no	kedogmatisan
cds	no	pilon
cds	no	tahu-it-all
cds	no	remaja tunggakan
ddp	yes	kebebalan
ddp	yes	kebudak-budakan
cds	no	kekerasan geng
an	no	kikir
ps	yes	orang asing
dmc	yes	pendusta
cds	no	ibu pengacau
cds	no	satyriasis
dmc	yes	tipu muslihat
dmc	yes	palsu
pr	no	jablay
ddp	yes	fumbler
qas	no	berbohong
or	no	bunga
cds	no	kecongkakan
asf	no	dumbass
cds	no	pemusnahan
or	no	homo
cds	no	yg berlaku lemah
an	no	orang bebal
cds	no	cetera
ddp	yes	kasar
dmc	yes	jahanam
pr	no	perempuan jalang
rci	yes	kampung
qas	no	perusuh
cds	no	brengsek
cds	no	orang yg kurang sopan
cds	no	fasis
asm	no	punai
svp	no	geram
asm	no	flouter
an	no	pelacur
cds	no	bangsat
cds	no	rakyat jelata
cds	no	tolakan
is	yes	kedekut
an	no	berpendidikan orang
cds	no	bikinan
asf	no	dara
svp	no	baik-untuk-sia
pr	no	perempuan simpanan
asm	no	shtup
an	no	orang bodoh
ddp	yes	bodoh orang
svp	no	dongkol
dmc	yes	menyelinap pencuri
cds	no	kefanatikan
or	no	vagina
re	no	nakal
cds	no	orang yg dpt ditertawakan
qas	no	menghampakan
re	no	debaucher
dmc	yes	malang
cds	no	orang kampung
cds	no	anggak
svp	no	pengangguran
dmc	yes	buruk
or	no	homophile
cds	no	jacking off
or	no	homosex
asm	no	meniduri
cds	no	jendala
dmc	yes	nakal
cds	no	soal kusut
an	no	diddlyshit
cds	no	bellyacher
ddp	yes	tolol
asf	no	twat
or	no	memek
re	no	perogol
qas	no	parasit
an	no	folderol
cds	no	cerewet
cds	no	udik
ddp	yes	keparat
ddp	yes	pencerewet
dmc	yes	barbar
svp	no	sia-sia
an	no	gadis jalanan
ddp	yes	melongo
re	no	mafioso
cds	no	fanatik
dmc	yes	lingerer
dmc	yes	kejam
or	no	homoseks
an	no	pengecut
ddp	yes	goblok
pr	no	wts
dmc	yes	kebaubusukan
cds	no	mafia italia
om	no	homoseks
cds	no	pongah
qas	no	kepalsuan
cds	no	gendeng
an	no	pelahap
dmc	yes	lucah
dmc	yes	pembohong
cds	no	pengarang roman picisan
an	no	kasar
ddp	yes	kejam
cds	no	bongok
dmc	yes	foetor
cds	no	bebal
dmc	yes	bohong
asm	no	jerk-off
re	no	diperkosa
ddp	yes	lembam
cds	no	patsy
qas	no	bumbler
dmc	yes	miskin setan
svp	no	lahap
svp	no	kecongkakan
cds	no	tipu daya
svp	no	meragam
dmc	yes	batil
svp	no	layabout
an	no	orang lemah
svp	no	bersungut-sungut
qas	no	menggiurkan
cds	no	mafia sisilia
dmc	yes	setengah pint
cds	no	pemimpin rakyat yg pandai berpidato
an	no	rentboy
an	no	sundal
qas	no	lintah darat
ddf	yes	buruk
an	no	dodol
ddp	yes	muttonhead
cds	no	tipu muslihat
svp	no	rangah
cds	no	yg tdk mau berbuat sesuatu
ps	yes	melongo
dmc	yes	fanatik
asm	no	pemurah
ps	yes	ruiner
cds	no	kelihaian
cds	no	jahat
qas	no	mencuri
dmc	yes	grifter
an	no	kompeten orang
an	no	menggarang
cds	no	berkecamuk
cds	no	penganiaya
cds	no	pinjaman uang
asm	no	jeerer
dmc	yes	mesum
cds	no	egoisme
rci	yes	barbar
qas	no	tagalong
cds	no	wanita guru desa
ddp	yes	angsa
ddp	yes	pemurah
an	no	kecabulan
qas	no	kusut
dmc	yes	kedekut
cds	no	kilah
ddp	yes	rakyat jelata
ddp	yes	pusung
dmc	yes	karut
svp	no	dillydallier
is	yes	villainess
or	no	homofil
dmc	yes	pengembara
cds	no	rentenir
an	no	karut
dmc	yes	jahul
svp	no	kelambanan
dmc	yes	durjana
ddp	yes	lompong
dmc	yes	hipokrisi
ps	yes	nigra
cds	no	tipu
cds	no	khalayak ramai
qas	no	sedeng
dmc	yes	dewa penipu
asm	no	orang bodoh
dmc	yes	bejat
cds	no	dalih
cds	no	kelompok
cds	no	umpatan
an	no	hoax
pr	no	pendamping laki-laki
svp	no	kedekut
ddp	yes	buta hati
dmc	yes	pencuri
ddp	yes	bangsat
an	no	lintah darat
svp	no	slackers
dmc	yes	pemahat
ddp	yes	jatuh pria
dmc	yes	tak berguna
cds	no	tricker
qas	no	merayau-rayau
rci	yes	bangsa barbar
svp	no	kemalasan
qas	no	mencelakakan
qas	no	sengsara
asf	no	changelings
cds	no	perengek
pr	no	karut
an	no	pemalas
qas	no	biadab
an	no	membabi buta
dmc	yes	tangkai kering
asm	no	kenal
ddp	yes	nitwit
an	no	zooerasty
qas	no	karut
svp	no	tak berguna
pr	no	omong kosong
svp	no	hasud
cds	no	git
ddp	yes	bongok
pr	no	pelacuran
dmc	yes	pseudo
pr	no	cabo
dmc	yes	melaknatkan
ddp	yes	muslihat
ddp	yes	konyol
dmc	yes	blunderer
ddp	yes	patsy
an	no	nipis-sialan
cds	no	jalan agen
cds	no	fanatisme
an	no	dgn demikian
an	no	bengis
cds	no	jerk-off
ddp	yes	gampang
cds	no	belajar keras
ddp	yes	bongak
asm	no	nookie
asf	no	memperlambat
pr	no	longgar wanita
cds	no	pengecohan
cds	no	pillock
an	no	prickteaser
dmc	yes	hina
ddp	yes	anak bodoh
rci	yes	orang kikir
cds	no	kaki
an	no	tanpa belas
cds	no	tambung
svp	no	baran
pr	no	pelacuran pria
cds	no	sniveller
svp	no	singkat tangan
svp	no	agresif
pr	no	perempuan tuna susila
cds	no	ekstrim sayap kanan
ddp	yes	penjahat
svp	no	kegeraman
dmc	yes	picik
cds	no	usil-parker
svp	no	medit
qas	no	lintah
cds	no	zelot
or	no	benak
pr	no	rentboy
asm	no	mencemooh
pa	yes	biadab
cds	no	pendosa
cds	no	pemahat
an	no	muttonhead
re	no	pemfitnah
is	yes	bajingan
is	yes	sengsara
an	no	mentah-mentah
cds	no	chawbacon
dmc	yes	penyamun
an	no	kaum urakan
svp	no	besar kepala
cds	no	perampok
cds	no	riba
cds	no	groveler
cds	no	penyegan
asf	no	benak
asm	no	mengejek
re	no	maligner
dmc	yes	culas
an	no	konyol
dmc	yes	pseud
cds	no	badut
qas	no	orang yg kurang sopan
dmc	yes	sempit
dmc	yes	berat tulang
cds	no	pelawak
cds	no	bibliofil
re	no	riang
cds	no	jongkok
cds	no	meraban
om	no	queer
dmc	yes	bakhil
cds	no	kepengecutan
svp	no	megah
an	no	angsa
cds	no	terkutuk
dmc	yes	bau
dmc	yes	pemboros
ps	yes	pemusnah
cds	no	besi tua
pr	no	lonte
ddp	yes	perdukunan
ddp	yes	tidak masuk akal
cds	no	pintar
re	no	bertindak terorisme
qas	no	sial
ddp	yes	dongok
dmc	yes	dallier
svp	no	niggardliness
re	no	kekejaman
is	yes	pelit
an	no	kedekut
re	no	ganas
cds	no	demagogis
cds	no	delinkuen
an	no	jahat
an	no	betise
om	no	poove
ddp	yes	perepet
rci	yes	babar
ddp	yes	blabbermouth
dmc	yes	kejahatan
cds	no	pengadaan
rci	yes	orang asing
cds	no	pusung
qas	no	terlanjur
or	no	homofilia
cds	no	pecandu
cds	no	loanshark
asm	no	mengenali
re	no	traducer
dmc	yes	pengecoh
asm	no	mengajuk
cds	no	hiperseksual
re	no	jahat
an	no	perempuan tuna susila
an	no	kekasaran
cds	no	kotor anjing
ddp	yes	buas
cds	no	rookie
cds	no	peribut
ps	yes	mestizaje
an	no	nipis
or	no	orang bodoh
re	no	pemerkosa berantai
ddp	yes	ongok
ps	yes	kampung
an	no	omong kosong
an	no	diddley
svp	no	loba
cds	no	penyombong
ps	yes	bebal
svp	no	kemarahan
qas	no	sampah masyarakat dan ekor
re	no	pemerkosa
asf	no	bertindak gila-gilaan
asm	no	mengamput
ps	yes	tolol
pr	no	kupu-kupu malam
svp	no	besar perut
asm	no	menggonjakkan
qas	no	mengusik
ddp	yes	pembelot
svp	no	kehampaan
cds	no	orang yg suka campur tangan dlm urusan orang lain
dmc	yes	keji
asm	no	kebebalan
svp	no	fanatik
an	no	pelacur pria
cds	no	vaunter
cds	no	babar
pr	no	cakap kosong
re	no	raper
cds	no	pemerhati
ps	yes	orang negro
svp	no	tamak
ddp	yes	ahmak
ddp	yes	fuckhead
ddp	yes	sementung
om	no	homophile
qas	no	penjahat
cds	no	bongkah
dmc	yes	kebejatan
re	no	perompak
cds	no	pedant
qas	no	dusta
ddp	yes	bangang
dmc	yes	busuk
ddp	yes	pandir
re	no	terorisme
om	no	homo
an	no	kolot
asm	no	goblok
cds	no	tukang bual
cds	no	schoolma'am
ddp	yes	hamik
om	no	nance
dmc	yes	maung
re	no	penjahat
cds	no	mengajarkan
ps	yes	orang tolol
ddp	yes	sampah masyarakat dan ekor
dmc	yes	orang bodoh
qas	no	bangsa barbar
ps	yes	dungu
an	no	jahanam
an	no	kebuasan
cds	no	masturbasi
cds	no	hoi polloi
pr	no	placur
cds	no	pengelat
dmc	yes	kikir
qas	no	fumbler
qas	no	kaum urakan
asm	no	main
cds	no	nakal
ddp	yes	jahil
re	no	membadai
dmc	yes	pelahap
ddp	yes	pilon
asf	no	cakap kosong
cds	no	mendesak
cds	no	moaner
ddp	yes	penipuan
asm	no	meledek
dmc	yes	penjahat tragis
ddp	yes	miskin ikan
cds	no	penipu
qas	no	mengacau
an	no	orang goblok
ddp	yes	kejahatan
svp	no	kikir
cds	no	mata-mata
dmc	yes	lengah
ddp	yes	orang kikir
pr	no	terak
dmc	yes	perompak
cds	no	cerita
or	no	pudden-kepala
cds	no	tengkulak
svp	no	orang kikir
cds	no	kegagahan
qas	no	bad hat
svp	no	pelengah
ps	yes	setengah-kasta
cds	no	babi
cds	no	perdayaan
re	no	penipu
ps	yes	bodoh
re	no	libeler
dmc	yes	sangat kejam
is	yes	orang jahat
cds	no	pembunuh
asf	no	faraj
qas	no	rawan
cds	no	tukang temberang
asm	no	nooky
an	no	menggoda
re	no	keganasan
dmc	yes	tengik
cds	no	pengintai
asf	no	kebodohan
qas	no	pekerja buruk
cds	no	songong
asf	no	patsy
cds	no	penjahat
is	yes	lokek
cds	no	canggung
qas	no	kacau
cds	no	nympho
cds	no	kepalsuan
cds	no	pelengah
dmc	yes	kohong
cds	no	mountebank
qas	no	sampah
pr	no	john
cds	no	kesewenang-wenangan
dmc	yes	medit
cds	no	gelandangan
ddp	yes	sempit akal
cds	no	mussiness
re	no	la cosa nostra
ddf	yes	katik
svp	no	superbia
cds	no	pembuat desas-desus
dmc	yes	pekerja yg kurang baik
ddp	yes	pemalu
dmc	yes	malodour
svp	no	bengkeng
svp	no	kerakusan
cds	no	angkuh
qas	no	merusak
qas	no	dalih
cds	no	orang yg sok tahu
qas	no	menyedihkan
cds	no	geng-geng pemuda
cds	no	bragger
qas	no	penggemar
or	no	ketat
cds	no	otak ayam
cds	no	menyelinap pencuri
or	no	tempik
cds	no	swaggerer
cds	no	lagak
dmc	yes	lokek
re	no	pemerasan
asm	no	bersetubuh
an	no	dungu
cds	no	jahanam
ps	yes	krauthead
cds	no	polisi
cds	no	anak zadah
dmc	yes	murtad
cds	no	cheekiness
svp	no	kembung
asm	no	twirp
an	no	wanita jalang
ddp	yes	pengadu
asf	no	pepek
is	yes	picik
cds	no	defrauder
qas	no	orang asing
cds	no	mucikari
asf	no	tempik
asm	no	sialan
ddp	yes	bodoh
an	no	yg berlaku lemah
svp	no	pendendam
svp	no	ujud
re	no	bergelora
cds	no	bohong
svp	no	congkak
svp	no	kegagahan
an	no	lembu
dmc	yes	imitatif
dmc	yes	pencopet
svp	no	pajuh
dmc	yes	villainess
dmc	yes	orang hulu
re	no	aksi teroris
dmc	yes	munafik
an	no	rakyat jelata
an	no	bebal
ps	yes	darkie
cds	no	sementung
svp	no	penyegan
ddf	yes	lata
cds	no	pembohong
dmc	yes	orang kikir
an	no	pemurah
asf	no	bedebah
cds	no	licik
an	no	vamper
ddp	yes	membingungkan
qas	no	menyisihkan
cds	no	tdk sah
dmc	yes	perampok
cds	no	slyness
cds	no	bergegas
an	no	cacat
re	no	angkuh
ddp	yes	dungu
dmc	yes	pemalsu
or	no	gerakan homophile
pr	no	olahraga wanita
dmc	yes	cabul
dmc	yes	bumbler
cds	no	reaksioner
cds	no	hal makan sogok
cds	no	menolak
cds	no	loansharking
is	yes	orang bakhil
an	no	vulgar
an	no	perempuan jalang
dmc	yes	salah
cds	no	blunderer
pr	no	prostitusi laki-laki
cds	no	kurang ajar
svp	no	berlagak
asm	no	mengetahui
dmc	yes	kotor anjing
an	no	keganasan
is	yes	sempit
ddp	yes	jongkok
an	no	beast
is	yes	jahat
is	yes	malang
svp	no	sakit hati
asf	no	opet
ddp	yes	kebodohan
asm	no	pelir
dmc	yes	kesalahan-off
an	no	kezaliman
ddp	yes	bebal
cds	no	pengadu
cds	no	muslihat
cds	no	scum bag
ps	yes	mongoloid
cds	no	konformis
an	no	menengking
cds	no	anjing
ddp	yes	orang udik
qas	no	orang yg pura-pura terpelajar
qas	no	azab
ddp	yes	pengecek
cds	no	pekerja buruk
cds	no	calo
dmc	yes	penipu
cds	no	kepayahan
om	no	anak selingkuh
qas	no	mengelirukan
svp	no	kibir
pr	no	sundel
cds	no	orang lemah
ps	yes	pemurah
cds	no	penggemar
cds	no	sampah
ddp	yes	ibu pengacau
an	no	nipis-jongkok
asf	no	omong kosong
cds	no	nerd
dmc	yes	kampung
cds	no	sicilian mafia
qas	no	masalah pembuat
ddf	yes	cerabah
ps	yes	benak
cds	no	urakan
pr	no	anak laki-laki sewa
ddp	yes	ketidaktahuan
ddp	yes	sontoloyo
an	no	tipuan
dmc	yes	belang
re	no	delinkuen
dmc	yes	dahsyat
pa	yes	barbar
cds	no	gampang
ddp	yes	babar
an	no	menggebu-gebu
asf	no	meki
cds	no	penjilat
asm	no	fucking
an	no	kotor anjing
svp	no	garang
cds	no	fumbler
cds	no	mengobrak-abrik
pr	no	nyonya
cds	no	kesukaran
qas	no	mengawai
re	no	diperas
cds	no	pemeras
ddp	yes	kekasaran
dmc	yes	terbatas
svp	no	berlengah-dallier
cds	no	mafiosi
cds	no	kerewelan
or	no	twat
svp	no	tangkai kering
an	no	wanita genit
qas	no	mengecewakan
re	no	rogol
cds	no	menyisihkan
an	no	angkuh
cds	no	biadab
ddp	yes	pillock
dmc	yes	terkutuk
cds	no	kesemrawutan
svp	no	ravenousness
qas	no	blunderer
dmc	yes	jahat
re	no	jahanam
asf	no	doofus
an	no	gadis nakal
dmc	yes	anak dusun
svp	no	kesewenang-wenangan
qas	no	kebosanan
ddp	yes	fitnah
ddp	yes	anak haram
cds	no	pandai
cds	no	egois
cds	no	pengelak
cds	no	egosentris
asm	no	sepotong ekor
cds	no	pengecek
svp	no	celih
svp	no	kesalahan-off
an	no	buruk orang
cds	no	weisenheimer
svp	no	khisit
an	no	bodoh
an	no	medit
cds	no	perusuh
cds	no	orang yg suka menonjolkan ketinggian keilmuannya
ddp	yes	dodol
qas	no	bikinan
qas	no	kegila-gilaan
cds	no	merapu
dmc	yes	penjahat
dmc	yes	leta
dmc	yes	rendahan
pr	no	bawd
cds	no	splashiness
pr	no	perempuan cerewet
cds	no	kerisauan
ddp	yes	pengkhianat
ps	yes	kraut
ps	yes	meradang
cds	no	celaka
cds	no	germo
ddp	yes	doofus
svp	no	angkuh
asf	no	wanita
or	no	banci
ddp	yes	orang tolol
ddp	yes	obat dukun
pr	no	nonsen
cds	no	mystifier
an	no	ferociousness
dmc	yes	chawbacon
an	no	pemberitaan palsu
ddp	yes	pudden-kepala
cds	no	penjahat tragis
cds	no	kecerdikan
asf	no	nitwit
ddp	yes	zooerasty
an	no	pelacuran pria
qas	no	menyiksa
dmc	yes	fabricator
cds	no	taklid
asm	no	pekerjaan tangan
cds	no	cakap kosong
ddp	yes	biadab
re	no	memarak
pr	no	wanita jalang
cds	no	slackers
asf	no	bebal
cds	no	ceti
dmc	yes	selekeh
asf	no	muttonhead
cds	no	penakut
dmc	yes	chiseller
svp	no	kemarahannya
cds	no	mengintip
ps	yes	mestizo
svp	no	kesombongan
re	no	sicilian mafia
dmc	yes	seorang yg tdk becus
cds	no	cinta-diri
cds	no	omong kosong
om	no	homofil
qas	no	seorang yg tdk becus
cds	no	budaya geng
an	no	pemalu
cds	no	bongkak
svp	no	kembang
dmc	yes	berlengah-dallier
asm	no	menggonyakkan
ddp	yes	pembunuh
ddp	yes	bego
svp	no	marah
cds	no	bengis
qas	no	kasihan
cds	no	orang licik
ddp	yes	orang asing
svp	no	orang bakhil
qas	no	pengemis
dmc	yes	murahan
asm	no	roll di jerami
cds	no	pedagang lihay
asm	no	kedunguan
svp	no	minginess
om	no	poof
svp	no	pemalas
ps	yes	barbar
svp	no	keganasan
or	no	aneh
cds	no	penggerutu
dmc	yes	delinkuen
dmc	yes	singkat tangan
dmc	yes	bajingan
an	no	sampah masyarakat dan ekor
dmc	yes	berbau
pr	no	anak sewa
an	no	meradang
asm	no	tahu
ddf	yes	nanus
cds	no	leta
cds	no	ongok
ddp	yes	keganasan
ddp	yes	twaddler
an	no	anjing
cds	no	gerombolan
an	no	perusuh
cds	no	haram jadah
an	no	tahu apa-apa
dmc	yes	tambung
dmc	yes	pengacau
cds	no	seloroh
asf	no	moron
dmc	yes	pembunuh
cds	no	masalah
an	no	gelojoh
qas	no	pembunuh
ddp	yes	gila-gilaan
an	no	cuckold
re	no	mafia sisilia
cds	no	amour propre
cds	no	scammer
cds	no	bajingan
cds	no	kelancangan
dmc	yes	pengemis
cds	no	scrawler
an	no	kerdil
dmc	yes	menjijikkan
dmc	yes	libertine
svp	no	iri hati
dmc	yes	menipu
is	yes	penjahat
ddp	yes	haram jadah
dmc	yes	rendah
or	no	poof
asf	no	gadis
ddp	yes	pekerja buruk
ddp	yes	ketololan
cds	no	orang yg belum berpengalaman
dmc	yes	zalim
asm	no	tiru
cds	no	kampung
dmc	yes	pengkhianat
dmc	yes	menyayat hati
cds	no	benak
qas	no	moocher
ddp	yes	mountebank
re	no	gembira
re	no	bangsat
cds	no	orang yg mengetahui segala hal
re	no	perkosaan tanggal
dmc	yes	semu
or	no	nance
asm	no	orang tolol
cds	no	orang yg suka berkecek-kecek
pr	no	prostitusi jalanan
cds	no	licin
or	no	poove
dmc	yes	scum bag
dmc	yes	hobos
svp	no	amour propre
pr	no	gundik
an	no	betina
an	no	jorok orang
svp	no	umuk
dmc	yes	biadab
cds	no	pengangguran
an	no	memutuskan hubungan percintaan
pr	no	jalang
ddf	yes	menyakitkan mata
or	no	fuckhead
qas	no	babar
re	no	defamer
qas	no	sakit ingatan
ps	yes	changeling
dmc	yes	salah rupa
asm	no	ketololan
cds	no	kebiadaban
cds	no	kehampaan
ps	yes	uprooter
ps	yes	perusak
is	yes	azab
cds	no	goblok
ddp	yes	tukang obat
an	no	katai
qas	no	mengempenak
svp	no	gourmandizer
an	no	kedunguan
cds	no	calon
an	no	penipu
dmc	yes	baik-untuk-sia
qas	no	orang kikir
is	yes	sial
dmc	yes	kasar
cds	no	hamik
asf	no	memek
svp	no	ranggi
an	no	bangsat
an	no	benak
ddp	yes	hampa
om	no	homosex
cds	no	guru
asf	no	idiot
dmc	yes	orang yg pura-pura
ps	yes	orang yg kurang tangkas
cds	no	pengecut
dmc	yes	jendala
ps	yes	niger
cds	no	keangkuhan
dmc	yes	layabout
ddp	yes	orang yg suka berkecek-kecek
an	no	bacul
dmc	yes	lacur
cds	no	ujud
cds	no	karut
is	yes	terhad
ddp	yes	benak
an	no	tolol
cds	no	kepongahan
an	no	placur
ddp	yes	mangsa
pa	yes	bangsa barbar
qas	no	cerita
ddp	yes	betise
ddp	yes	bumbler
is	yes	orang yg berpakaian compang-camping
cds	no	orang yg suka berolok-olok
svp	no	berang
ddp	yes	beast
cds	no	gajul
svp	no	perengus
cds	no	rendahan
cds	no	barua
asf	no	changeling
cds	no	wisenheimer
ddf	yes	bangkut
an	no	tembok kering
an	no	gelandangan
cds	no	anak haram
ps	yes	orang yg kurang sopan
cds	no	bersepah-sepah
cds	no	bacul
cds	no	pompousness
dmc	yes	berfoya-foya
cds	no	dweeb
an	no	kotor trik
ps	yes	patsy
re	no	maffia
an	no	tangkai kering
is	yes	bangsat
cds	no	cerdik
or	no	dungu
an	no	bedebah
cds	no	nymphomania
dmc	yes	slackers
dmc	yes	libertinism
dmc	yes	angkara
an	no	lintah
is	yes	bakhil
cds	no	bangsa barbar
or	no	miskin ikan
om	no	homofilia
qas	no	silap
ddp	yes	orang bodoh
dmc	yes	yg tdk mau berbuat sesuatu
dmc	yes	trifler
cds	no	otak udang
dmc	yes	malodor
pr	no	pekerja seks
qas	no	menagih
cds	no	pengusik
asm	no	titit
ddp	yes	kejahilan
dmc	yes	hidung belang
ddf	yes	katai
an	no	ganas
asf	no	perempuan
rci	yes	biadab
cds	no	lintah darat
ddp	yes	otak ayam
cds	no	ayam kampung
cds	no	polis
asf	no	puki
asf	no	vagina
cds	no	premanisme
cds	no	pudden-kepala
om	no	homoseksual
an	no	kebodohan
svp	no	bengkak
is	yes	cekel
ddp	yes	pekerja yg kurang baik
ddp	yes	bukan-bukan
cds	no	kesusahan
ps	yes	peranakan
cds	no	persoalan
svp	no	culas
cds	no	jatuh pria
dmc	yes	tiruan
cds	no	ostentatiousness
cds	no	dastardliness
cds	no	seorang
ddp	yes	bertindak gila-gilaan
ps	yes	orang udik
cds	no	muncikari
or	no	bebal
dmc	yes	buas
dmc	yes	rakehell
asm	no	entot
cds	no	wonk
an	no	goblok
svp	no	lengah
an	no	orang kikir
svp	no	redut
ps	yes	anak bodoh
cds	no	kebimbangan
ddp	yes	tanda
cds	no	munafik
cds	no	murahan
cds	no	berkhotbah
ddp	yes	penipuan kesehatan
cds	no	sontoloyo
ddp	yes	lubang pantat
cds	no	villainess
ddp	yes	kompeten orang
ps	yes	babar
om	no	orang yg bersemburit
ps	yes	jatuh pria
qas	no	pedagang kaki lima
svp	no	cekel
cds	no	anak nakal
cds	no	rezim fasis
ddp	yes	berpendidikan orang
qas	no	mengotori
asf	no	kedunguan
asm	no	mencemoohkan
an	no	orang gemuk
ps	yes	moron
cds	no	kutu buku
svp	no	kefanatikan
ddp	yes	omong kosong
qas	no	mengaduk-aduk
cds	no	perwira
re	no	rudapaksa
is	yes	medit
an	no	keparat
an	no	bendalu
cds	no	kriminal
ddf	yes	leta
qas	no	mengacaukan
asm	no	patsy
an	no	singkat tangan
dmc	yes	hobo
cds	no	lowlife
an	no	villainess
cds	no	banditti
qas	no	penurut
cds	no	kekecutan
ddp	yes	ferociousness
asm	no	hal mudah tertipu
asf	no	orang goblok
an	no	pelit
re	no	villainess
svp	no	sirik
dmc	yes	bandit
cds	no	kenekatan
cds	no	hypersexuality
ps	yes	cretin
svp	no	uju
an	no	cakap kosong
re	no	fitnah
cds	no	kerumunan
qas	no	celaka
svp	no	dallier
pr	no	lembu
asm	no	mudah tertipu
cds	no	kesia-siaan
re	no	tanggal perkosaan
re	no	vilifier
asf	no	tolol
an	no	nakal
asf	no	dame
om	no	aneh
ddp	yes	membius
qas	no	mengganggu
cds	no	anak luar nikah
dmc	yes	kedurjanaan
asm	no	betise
svp	no	hasid
dmc	yes	lancung
cds	no	pandir
cds	no	angkara
cds	no	kasar
dmc	yes	pembelot
svp	no	bermuram
pr	no	lokalisasi
pr	no	prostitusi
qas	no	tolakan
cds	no	fascism
cds	no	uju
re	no	pencabulan
dmc	yes	gelojoh
pr	no	jasa seksual
qas	no	kejemuan
asm	no	nitwit
an	no	penggoda
qas	no	rakyat jelata
is	yes	singkat tangan
or	no	homoseksual
ddp	yes	folderol
cds	no	mencabut perlindungan hukum
pr	no	mengarut
cds	no	penulis
svp	no	yg gagal dlm segala-galanya
cds	no	mengoceh
svp	no	cinta-diri
an	no	anak laki-laki sewa
cds	no	tumpul
svp	no	keserakahan
an	no	git
ddp	yes	anak zadah
cds	no	miskin ikan
ddp	yes	bedebah
cds	no	yang besar dicuci
pr	no	persundalan
pr	no	pezina perempuan
dmc	yes	katai
ddp	yes	cakap kosong
an	no	inexorableness
cds	no	geng
dmc	yes	penyemu
an	no	babi
cds	no	memo
ps	yes	orang bodoh
dmc	yes	gadungan
dmc	yes	dursila
svp	no	mengomel
dmc	yes	bangsa barbar
cds	no	timeserver
cds	no	berbohong
cds	no	pengejut
pr	no	percabulan
ddp	yes	twirp
an	no	perampok
svp	no	yg tdk mau berbuat sesuatu
an	no	gila
dmc	yes	dgn demikian
cds	no	banyol
pr	no	sundal
an	no	meluru
cds	no	keras
ps	yes	tongkol
or	no	keras
asm	no	memperdaya
ddp	yes	gendeng
or	no	bodoh
dmc	yes	orang asing
cds	no	bumbler
qas	no	sampah masyarakat
svp	no	keangkuhan
asm	no	jatuh pria
pr	no	perek
ddp	yes	menipu
dmc	yes	cekel
dmc	yes	urakan
svp	no	sewot
cds	no	pemalas
cds	no	keparat
cds	no	perang geng
dmc	yes	azab
re	no	perkosa
cds	no	pandar
svp	no	berat tulang
cds	no	peminjaman uang
ddp	yes	barbar
cds	no	pencuri
cds	no	orang goblok
cds	no	olokan
dmc	yes	treasonist
re	no	perkosaan
asf	no	betise
pr	no	pekerja seks komersial qualifier
cds	no	superbia
dmc	yes	pekerja buruk
cds	no	tolol
cds	no	orang kikir
svp	no	hasad
cds	no	kerusakan
cds	no	takut-takut
cds	no	fascisme
an	no	ular di rumput
cds	no	dgn demikian
pa	yes	orang kikir
pr	no	fornicatress
is	yes	pengemis
cds	no	orang udik
dmc	yes	rampus
cds	no	miskin setan
dmc	yes	orang yg kurang sopan
cds	no	kesombongan
cds	no	berpura-pura
cds	no	durjana
an	no	nanus
dmc	yes	yg gagal dlm segala-galanya
is	yes	miskin setan
cds	no	demagog
dmc	yes	scammer
ddp	yes	changelings
cds	no	perompak
cds	no	kekacauan
an	no	lowlife
cds	no	hina
ddf	yes	cebol
an	no	cabo
an	no	mengganas
cds	no	penyamun
dmc	yes	kekejaman
ddp	yes	bambung
pr	no	perempuan jalan
cds	no	banci
cds	no	pekerjaan tangan
ps	yes	negro
dmc	yes	mengaburnya
pr	no	tuna susila
qas	no	kebohongan
qas	no	sesat akal
pr	no	protes
ddp	yes	pembuat desas-desus
asm	no	bodoh
qas	no	pengacau
an	no	cebol
ddp	yes	otak udang
pr	no	seks komersial
dmc	yes	pengangguran
cds	no	kaum urakan
dmc	yes	parokial
svp	no	ingin
pr	no	wanita kesenangan
is	yes	jahanam
pr	no	tunasusila
cds	no	kecerdasan
re	no	bajingan
svp	no	gorger
cds	no	dusta
ddp	yes	gosip
cds	no	cacat
qas	no	konformis
dmc	yes	pengelak
qas	no	menuntut
an	no	katik
an	no	rok chaser
cds	no	peleceh
ps	yes	nigger
is	yes	tembok kering
svp	no	gali
asm	no	doofus
pr	no	prostitusi pria
svp	no	yg tak ada gunanya
cds	no	anggota geng
cds	no	sampah masyarakat dan ekor
dmc	yes	pelit
an	no	cekel
dmc	yes	yg tak ada gunanya
or	no	dodol
ddp	yes	karut
dmc	yes	malas
an	no	prostitusi pria
qas	no	tukang bonceng
dmc	yes	sembrono
dmc	yes	fumbler
is	yes	orang kikir
