asm	no	tsídii
cds	no	Идолатрија
an	no	hiyena
asm	no	allwirha
ps	yes	bulhaři
ps	yes	Евреи
or	no	пичка
an	no	hait
an	no	בעלי חיים
an	no	कुकुर
ddp	yes	idiot
an	no	koza domowa
an	no	steinkauz
ps	yes	romové
dmc	yes	moralė
qas	no	barbarlar
ps	yes	bulhari
qas	no	Смеса
ps	yes	Местици
ps	yes	rumena (mongolidna) rasa
svp	no	бескорисен
ddp	yes	незнаење
an	no	ನಾಯಿ
an	no	naminis jautis
an	no	Żaba
or	no	papa
cds	no	hiperseksualitas
dmc	yes	barbaroj
ps	yes	مغول
qas	no	Паразити
asm	no	има секс
re	no	साहित्यिक चोरी
cds	no	бебе
re	no	Плагіат
or	no	người đồng tính nam
an	no	гуде
om	no	クィア
ps	yes	ဂျူးဘာသာ
an	no	जन्तवः
re	no	mafia
qas	no	полјоделец
cds	no	idolatría
qas	no	er bezi
asm	no	阴茎
asm	no	بازلاء
an	no	ගවයා
cds	no	przestępstwo
ddp	yes	காட்டுமிராண்டி
an	no	koza domácí
pa	yes	diplomatic rank
om	no	kehomoseksualan
pr	no	bó
asm	no	бакла
an	no	Хъуг
an	no	Қурбоққа
cds	no	قمارخانه
ps	yes	Мэтысы
an	no	کفتار
pa	yes	skomager
an	no	Микроорганизмите
or	no	hƿerhƿette
ps	yes	zsidó vallás
asm	no	bizelja
cds	no	faixismo
an	no	Životinje
an	no	свиња
asm	no	خصية
asf	no	مهبل
an	no	ニワトリ
an	no	caimaninae
re	no	plagijavimas
pr	no	КӀудияб гӀункӀкӀ
asf	no	योनिः
an	no	муцка
an	no	জোঁক
ps	yes	vandali
an	no	tiwrun
qas	no	testicule
an	no	crocodilia
pr	no	Плъхове
qas	no	земјоделец
an	no	tauró
or	no	आलू
cds	no	mafio
or	no	ジャガイモ
cds	no	மாஃப்பியா
re	no	sponterezh
pr	no	iichʼąhii
is	yes	xizanî
ddp	yes	armali
or	no	आलुकम्
pr	no	Αγελάδα
an	no	حشرة
ps	yes	црн
cds	no	ufashisti
asf	no	idioto
rci	yes	ბარბაროსი
ps	yes	wandalowie
qas	no	barbarer
asm	no	pohlavný úd
or	no	harilik kurk
om	no	Куиър
ps	yes	gitano
asm	no	کیر
pa	yes	obuvníctvo
pr	no	နွား
om	no	homosexualitéit
cds	no	crime
or	no	pipinu
asm	no	معتوه
an	no	aranysakál
pa	yes	राजनयिक दूत
re	no	terrorizmus
ddp	yes	barbaari
an	no	곡식좀나방과
cds	no	Теории на заговор
asm	no	testicule
cds	no	грешница
ps	yes	hitam
an	no	amprevan
pa	yes	calzolaio
cds	no	арамија
qas	no	amatør
re	no	mafio
an	no	pravi krokodili
an	no	germ
an	no	puut'n
is	yes	pauretat
asm	no	Пениси
an	no	rinne
om	no	കുണ്ടൻ
ps	yes	judismo
or	no	kastraveci
re	no	sjöröveri
ddp	yes	gīvūnā
ps	yes	pueblo gitano
om	no	homosexualitet
asm	no	brown
pr	no	ngù
cds	no	hiperseksualumas
an	no	howjado
ps	yes	bulgaroj
qas	no	خایه
asm	no	herne
ps	yes	ユダヤ教
cds	no	fassism
an	no	прч
cds	no	mafya
re	no	yvirgangsfólk
qas	no	barbaari
ps	yes	Εβραίοι
om	no	Гомосекс
an	no	hyänen
an	no	geit
pr	no	பசு
ps	yes	phyle mongoloidica
om	no	homoseksualitāte
ddp	yes	حيوان
or	no	אוגערקע
ps	yes	црнец
re	no	slayer
rci	yes	Բարբարոս
rci	yes	barbarid
asm	no	Πέος
an	no	k'ayra
pa	yes	diplomatický vztah
re	no	Мафія
an	no	Велика біла акула
an	no	lagartu
an	no	bieste
cds	no	kaszinó
cds	no	גראנג'
pa	yes	scarparu
ddp	yes	पशु
asm	no	пенис
qas	no	ars rhetorica
an	no	buoc'h
ps	yes	Црно
rci	yes	barbaroj
cds	no	idiotia
an	no	Кракадзілы
an	no	Крокодилові
an	no	Ếch
an	no	hyæner
an	no	beester
an	no	สุนัข
cds	no	teoria de la conspiració
or	no	kviro
om	no	Геј маж
an	no	Аврага загас
svp	no	бес
cds	no	faschismus
or	no	hıyar
ddp	yes	barbárok
om	no	aerach
cds	no	makelaar
pr	no	zoccula
pr	no	ng'ombe
cds	no	kumarhane
om	no	མཚན་མཐུན་དགའ་རོགས་སྒྲིག་པ།
asm	no	testisi
svp	no	boredom
an	no	ceorfdēor
an	no	ปลาฉลามขาว
an	no	vabzdžiai
svp	no	plictiseală
an	no	steenuil
ps	yes	مستيزو
ps	yes	barbaari
ddp	yes	déiereräich
an	no	mol·lusc
an	no	kúai-é
ddp	yes	動物
an	no	Жабе
ps	yes	жолт картон
ps	yes	judoj
asm	no	pī
an	no	inigwahabiri
pr	no	kawmeti
om	no	госпоѓа
an	no	ژوي
asm	no	eista
an	no	П'яўкі
om	no	homosexualidad
cds	no	куроглав
cds	no	فاشيه
cds	no	fascismu
dmc	yes	ahlak
asm	no	卵
pa	yes	diplomaatiline teenistusaste
asm	no	usél
ddp	yes	eläinkunta
ps	yes	yù-thai-kau
re	no	אינוס קטינה
asm	no	klööt
ps	yes	gyðingar
ps	yes	barbárok
ps	yes	vandalen
svp	no	Нудьга
an	no	dier
or	no	黄瓜
qas	no	amateur
cds	no	Ідіотія
svp	no	לאנגווייליגקייט
re	no	sjørøvar
ps	yes	Моңғолдар
svp	no	гнев
or	no	erpfe
ps	yes	أسود
pr	no	大家鼠
an	no	gait
ps	yes	judâismo
an	no	бивол
an	no	Животные
pa	yes	orang gasar
ddp	yes	Βάρβαροι
pr	no	ఎలుక
an	no	نرم‌تنان
cds	no	masonluq
or	no	schwul
pa	yes	برابرة
an	no	јарост
an	no	ngù
an	no	chin
an	no	മുതല
an	no	fiecha
an	no	cearban
ps	yes	Дьэбэриэйдэр
an	no	കോഴി
an	no	crocodylidae
om	no	samkynhneigð
cds	no	glæpur
cds	no	فاشیسم
an	no	აფთარი
ps	yes	pueblo chitán
asm	no	prącie
svp	no	nuda
cds	no	백치
asm	no	Бұршақ
re	no	przestępstwo
dmc	yes	מוצרלה
an	no	pijavica
cds	no	ѓавол
ps	yes	ბარბაროსი
asm	no	茶色
asm	no	кафен
asm	no	ஆண்குறி
om	no	cuīlonyōtl
an	no	جغد کوچک
asm	no	абдал
ps	yes	யூதர்
pa	yes	копито
om	no	gae
asm	no	Όρχεις
cds	no	Варвари
dmc	yes	morálka
pr	no	Карова
ddp	yes	野蛮
an	no	ged
an	no	bouk
cds	no	grugg
dmc	yes	موتزارلا
an	no	동물
cds	no	hypersexualita
pr	no	gû
ps	yes	jūdaisms
an	no	kukumav
ps	yes	Равжа
an	no	garwe
an	no	koer
an	no	putukad
ddp	yes	ᐱᓯᐢᑭᐤ
an	no	gos
or	no	kiazi
an	no	insekter
ddp	yes	hova
pa	yes	barbared
ps	yes	qaraçılar
is	yes	貧窮
an	no	beźan
cds	no	грешник
pa	yes	ministre-conseller
an	no	capră
re	no	mafija
or	no	terpomo
an	no	hajar
an	no	Црви
an	no	상어
cds	no	Слободен ѕидар
an	no	ЦӀуку
pa	yes	crydd
dmc	yes	อนารยชน
dmc	yes	дивјак
cds	no	grandžmūzika
asm	no	Кожичка од пенис
an	no	wallpa
qas	no	batî
ps	yes	јудаизам
asf	no	puday
ddp	yes	dyr
asm	no	bird
cds	no	黑手党
cds	no	tanasahi
pa	yes	gesandt
asm	no	erter
pa	yes	Ŝuisto
an	no	kutık
pr	no	domaće govedo
pr	no	Νυχτοπεταλούδα
qas	no	testicolo
ddp	yes	animol
asm	no	hoden
asm	no	cokelat
an	no	dê
asm	no	erwt
an	no	crocodile
qas	no	grčka retorika
or	no	gromper
an	no	ainimal
or	no	კიტრი
an	no	кука́вица
asm	no	अण्डकोष
ps	yes	Еврейлер
cds	no	フリーメイソン
ddp	yes	regnum animalia
re	no	plagiointi
ps	yes	Чорний колір
ps	yes	zwart
asm	no	bod
an	no	nyama
an	no	gade
an	no	chʼał
an	no	poulet
ps	yes	Žīdā
ps	yes	musta
asm	no	sirit
ps	yes	నలుపు
cds	no	broker
pr	no	ranner
cds	no	hyperseksualitet
ps	yes	judaisim
ps	yes	schwaz
an	no	domaća koza
ps	yes	idiotisme
asm	no	barwa brązowa
an	no	mikroorganismen
an	no	domacny pjas
an	no	Каза свойская
asf	no	hüvely
cds	no	Масони
ps	yes	mógail
an	no	chicken
an	no	動物
ps	yes	barbarid
ps	yes	Ġudaiżmu
cds	no	акмак
cds	no	педант
pa	yes	sapateiro
cds	no	กรันจ์
qas	no	retorika
an	no	siveta
ps	yes	barbaroj
an	no	bizin
an	no	Мекотелец
an	no	kayiman
an	no	ئىنەك
an	no	Молюски
is	yes	umaskini
qas	no	bárbaro
an	no	蛾
asf	no	минџа
an	no	ensèk
ps	yes	preto
an	no	Łóóʼ hashkéhé
pr	no	sığır
dmc	yes	காட்டுமிராண்டி
cds	no	蛮族
an	no	tééh łééchąąʼí
ps	yes	อนารยชน
or	no	簕瓜
ps	yes	Бугарите
an	no	crocodeil
qas	no	аматер
an	no	ikinyamushongo
an	no	ᒥᔅᑐᔅ
dmc	yes	копито
dmc	yes	bárbaro
an	no	蜞乸
cds	no	faxxiżmu
an	no	maile
asm	no	penîs
re	no	terrorismi
asm	no	Идиотия
an	no	huo
pr	no	geget
an	no	Обичен чакал
dmc	yes	barbaari
or	no	mentimun
cds	no	svobodné zednářství
ps	yes	Črna
asm	no	suguti
or	no	harilik kartul
asm	no	vtáky
ps	yes	negru
an	no	కీటకము
cds	no	kriminalität
cds	no	프리메이슨
an	no	chúi-ke
om	no	gejs
an	no	ക്രോക്കഡിലിയ
is	yes	غربت
an	no	micro-organismo
an	no	શિયાળ
qas	no	barbarid
qas	no	копито
pr	no	Žiurkės
cds	no	Բարբարոս
an	no	ჭოტი
pr	no	uéve
asf	no	idiotas
ps	yes	vandalai
asm	no	Препуциум
ps	yes	Евреин
qas	no	Βάρβαροι
an	no	მწერები
ddp	yes	动物
an	no	亞洲胡狼
ps	yes	riliggiuni ebbraica
an	no	Сидахъхъ
or	no	خيار
an	no	Žuželke
an	no	haizivis
an	no	mozolo
ps	yes	İudaizm
an	no	niġrun
ps	yes	judu
cds	no	თავისუფალი მასონები
ps	yes	犹太教
asm	no	piz-bihan
an	no	кучка
an	no	iglur
pr	no	بقرة
an	no	вол
an	no	kaanid
or	no	cucowr
pr	no	Говедо
ps	yes	evrei
an	no	loen
cds	no	फासीवाद
cds	no	злосторен
cds	no	teoría conspirativa
asm	no	갈색
pr	no	noktopapilio
re	no	delito
asm	no	啡色
or	no	коморач
an	no	昆虫
asf	no	ጉሕጓሕ
an	no	Ајкула-човекојадец
an	no	크로커다일과
asf	no	stùpitu
ps	yes	bulgare
an	no	gall
cds	no	فاشىسىت
pr	no	ガ
an	no	hund
qas	no	بلاغت
re	no	крадец
ps	yes	boyúda
is	yes	pobreza
or	no	kartupelis
asm	no	केराउ
ps	yes	Еврејско
asm	no	陰茎
asm	no	atepoele
or	no	krumpir
ps	yes	yahudiler
pr	no	avelaíña
an	no	pelėdikė
an	no	pies domowy
pr	no	bulmakau
or	no	Картофель
asm	no	almindelig Ært
ddp	yes	عته
re	no	pirato
qas	no	آمیزہ
an	no	Киска
an	no	haushond
ps	yes	Чорны колер
an	no	Жаби
asm	no	pois
asm	no	stùpitu
an	no	pacet
an	no	hayvanlar
re	no	انتحال
an	no	wadudu
asm	no	ถั่วลันเตา
ps	yes	mongołowie
ps	yes	barbarai
re	no	atankwaad
cds	no	дворски шут
asf	no	hlboká duševná zaostalosť
rci	yes	오랑캐
an	no	shairk
qas	no	אשך
an	no	ajá
ddp	yes	токмак
an	no	owady
qas	no	barbared
qas	no	q'uruta
an	no	قورباغه
ps	yes	jüddedom
asm	no	uirí
re	no	โจรกรรมทางวรรณกรรม
dmc	yes	ма́јмунче
asm	no	Пеніс
or	no	เกย์
cds	no	maifia
cds	no	マフィア
asm	no	brūnā krāsa
re	no	犯罪
an	no	hyaenidae
asm	no	פין
ddf	yes	лош
qas	no	오랑캐
an	no	piócák
an	no	Ìkokò
re	no	法定強姦
an	no	कीटक
ddp	yes	ھايۋانات
an	no	болва
an	no	Жаныбарлар
asm	no	শুক্রাশয়
an	no	Домашно куче
qas	no	ташак
an	no	ajal
cds	no	Маклер
asm	no	broun
an	no	pini
cds	no	framasonismo
om	no	شهوة الملابس المغايرة
or	no	gurke
asm	no	evn
dmc	yes	མོ་ཟ་རེལ་ལ།
asf	no	мома
pa	yes	Варвари
ps	yes	pulgare
ddp	yes	animal
asm	no	kives
an	no	insecto
or	no	کھیرا
cds	no	গ্রুঞ্জ
ddp	yes	Živočíchy
ddp	yes	beathach
or	no	Արվամոլ
ps	yes	jodaėzmos
asm	no	مٹر
dmc	yes	ஒழுக்கநெறி
ps	yes	barbarer
asm	no	kannella
an	no	geget
re	no	आतङ्कवाद
an	no	Сич хатній
an	no	kiéu-è
cds	no	penyembahan berhala
ps	yes	mùng-kú-tshu̍k
ps	yes	ebreo
an	no	rekiny
an	no	chʼosh doo yitʼínii
pr	no	Үнеэн
an	no	hond
qas	no	അമേച്വർ
an	no	hiénafélék
an	no	sik
pr	no	vaca
ps	yes	jiosy
or	no	आलु
an	no	蝦蟆
an	no	rinkin gwenn
an	no	鬣狗
asm	no	ташак
cds	no	ফ্রিম্যাসনরি
an	no	बाख्रा
pa	yes	sabater
re	no	טעראריזם
or	no	게이
cds	no	krimo
re	no	piracy
asm	no	ኣተር
cds	no	niepełnosprawność intelektualna w stopniu znacznym
ps	yes	niepełnosprawność intelektualna w stopniu znacznym
an	no	inseutu
qas	no	miksaĵo
ddp	yes	Варвари
asm	no	zagrodny groch
an	no	ホホジロザメ
pr	no	Гов
cds	no	fašisms
re	no	अपराध
om	no	người đồng tính nam
an	no	mymba
cds	no	ма́јмунче
svp	no	noia
ps	yes	mestiez
an	no	kaimaanit
ps	yes	vándalos
ps	yes	metėsā
cds	no	massoneria
an	no	hova
or	no	מלפפון
an	no	hyeenat
re	no	抄袭
or	no	Картоп
ddp	yes	animâl
asm	no	прета
or	no	buđeita
an	no	mbuzi
ps	yes	ebraismò
cds	no	نظرية المؤامرة
dmc	yes	أخلاق
om	no	педераст
ps	yes	يهوديه
ps	yes	یہودی
cds	no	samsæriskenning
asm	no	pisqu
ps	yes	barbarlar
asm	no	birdoj
ps	yes	jueus
qas	no	tài tử
qas	no	testiklar
asm	no	jende
asm	no	idiotia
asm	no	Ärt
asf	no	saiyaem
an	no	Пијавице
pr	no	ngiù-è
an	no	มอลลัสกา
an	no	Баҕа
qas	no	רטוריקה
qas	no	zmes
an	no	tōng-bu̍t
an	no	lembu
re	no	nusikalstamumas
an	no	shark
an	no	robar
an	no	buhaya
asm	no	ibon
an	no	Үкр
or	no	มันฝรั่ง
or	no	komkommer
asm	no	jądro
cds	no	konspira teorio
cds	no	zločin
an	no	Động vật thân mềm
asm	no	अंडकोष
ps	yes	وندال‌ها
or	no	зелка
cds	no	masonluk
an	no	papa
asm	no	bezelye
dmc	yes	barbared
ps	yes	idiotas
ps	yes	Ром
ps	yes	モンゴル
pa	yes	suutari
ps	yes	fandaliaid
pr	no	ченгија
pr	no	எலி
cds	no	idiotez
asm	no	fugol
ps	yes	mongolar
cds	no	avgud
qas	no	cugghiuni
pr	no	Хъуг
an	no	крлеж
cds	no	مافیا
dmc	yes	Мораль
ps	yes	hudiyo
an	no	cane
an	no	peshkaqeni
qas	no	retoriek
cds	no	מאפיה
ps	yes	Блъга́рє
an	no	cão
an	no	ХӀайван
cds	no	grunge-rock
or	no	aerach
svp	no	విసుగుదల
pr	no	roddan
an	no	mõrtsukhai
ps	yes	bárbaros
or	no	Квир
qas	no	مزيج
an	no	galinha
or	no	bodring
cds	no	престапник
pr	no	Ćmy
an	no	zuluk
qas	no	blandning
an	no	Домашна кокошка
asm	no	fugler
an	no	valkohai
ps	yes	یہودیت
pr	no	עשים
cds	no	teorija zavjere
or	no	aardappel
an	no	ahuntz
ps	yes	juifs
an	no	dyr
an	no	mollusco
cds	no	sicilian mafia
an	no	Гов
an	no	జంతువు
pa	yes	diplomáciai rangok
an	no	krokotiilit
an	no	pes domácí
an	no	Кәзә
ps	yes	Židia
asm	no	Нијанси на кафеавата боја
ps	yes	Варвар
dmc	yes	moralność
pa	yes	barbarlar
an	no	ev keçisi
an	no	gado bovino
an	no	tur domácí
qas	no	சொல்லாட்சிக் கலை
pr	no	moch
ddp	yes	ainimal
om	no	homosexuality
an	no	bløtdyr
qas	no	Варвари
an	no	vaque
re	no	клевета
cds	no	Μεσίτης Αστικών Συμβάσεων
ps	yes	reş
ddp	yes	niepełnosprawność intelektualna w stopniu znacznym
ps	yes	asiatique
or	no	gugumma
an	no	Ущущулгъи
ps	yes	mongolai
ddp	yes	白痴
cds	no	Варвары
asf	no	屄
cds	no	Масонерија
cds	no	враг
or	no	pomu
ddp	yes	baagh
pr	no	Șobolan
an	no	velika bijela psina
ps	yes	vandaler
ps	yes	judaizëm
an	no	golden jackal
an	no	pryf
pr	no	bà
an	no	marrazo zuri
an	no	krokodile
pa	yes	Чизмар
ps	yes	црнка
ps	yes	nigro
cds	no	cazinou
an	no	lielā baltā haizivs
asf	no	gouhin
ps	yes	Сиёҳ
ddp	yes	Жаныбарлар
an	no	Žraloci
an	no	blötdjur
an	no	मगरमच्छ
ps	yes	mustlased
re	no	delitto
qas	no	околија
is	yes	wakcha
ps	yes	negre
ps	yes	검정
ps	yes	juudid
cds	no	maçonaria
an	no	animalia
re	no	terorizem
re	no	माफिया
om	no	homophylophilia
ps	yes	gyðingdómur
qas	no	dilettante
an	no	xaj
cds	no	Мрша
asm	no	ptaki
asm	no	маде
cds	no	Казинo
ddp	yes	جانوران
or	no	ти́ква
an	no	mbwá
an	no	ცხოველები
or	no	patates
qas	no	testikel
qas	no	რიტორიკა
an	no	软体动物
cds	no	Брокерска куќа
an	no	buwaya
asf	no	idiotez
an	no	Қорқаулар
or	no	пешкир
cds	no	ipersessualità
an	no	Кајман
ddp	yes	Хайуандар
an	no	moliuskai
an	no	악어
asm	no	paukštē
pr	no	rodjès biesses
pr	no	Говеда
asm	no	Шовуд
cds	no	fašismus
pr	no	toā-chhí
an	no	コキンメフクロウ
cds	no	faskouriezh
re	no	ပင်လယ်ဓားပြ
pr	no	ગાય
an	no	táłkááʼ tsʼin
an	no	无尾目
an	no	Сөлекләр
pr	no	marongparong
an	no	සුනඛයා
an	no	തവള
asm	no	testículo
an	no	molwsg
an	no	hyenovití
an	no	krokodilulo
an	no	selachimorpha
asf	no	އަންހެނާގެ ޖިންސީ ގުނަވަން
ps	yes	metisas
ps	yes	Čierna
asm	no	อันดับสัตว์ปีก
an	no	bèf
asm	no	manuk
ps	yes	người vandal
an	no	anjing
or	no	gey
pr	no	चूहा
pr	no	krysa
or	no	компир
ps	yes	Вандалы
an	no	Животни
cds	no	Преступление
or	no	queer
an	no	chen
ddp	yes	barbarian
asm	no	pisedda
asm	no	ptiči
or	no	okurka setá
pr	no	ئىنەك
an	no	sýček obecný
an	no	Корова
or	no	asiaġruaq
pr	no	nattsvermar
an	no	qimmiq
dmc	yes	도덕
dmc	yes	Әхлак
an	no	მიკროორგანიზმები
re	no	силување
an	no	great white shark
re	no	máfia
an	no	siorc
ddp	yes	जन्तवः
an	no	ајкула
asf	no	puke ng tao
an	no	പ്രാണി
dmc	yes	barbarlar
an	no	कीरा
ps	yes	juutalaiset
qas	no	Μίγμα
cds	no	лага
an	no	huund
ps	yes	Żółta rasa człowieka
ddp	yes	Živali
an	no	Ćmy
pa	yes	野蛮
ps	yes	копито
ps	yes	judovstvo
dmc	yes	бескорисен
ps	yes	ศาสนายูดาย
an	no	ሓሽራ
an	no	hayina
qas	no	amatööri
qas	no	testículo
cds	no	Теорија на заговор
re	no	கருத்துத் திருட்டு
qas	no	ritòrica
qas	no	Яечкі
cds	no	idolatrie
ps	yes	religio iudaica
ddp	yes	annimal
pr	no	mölflugur
asf	no	נרתיק
pr	no	Тракс
ps	yes	Идиот
pr	no	waka
an	no	chacal dourado
ddp	yes	danlu
dmc	yes	莫薩里拉乾酪
re	no	terorizam
asm	no	vullen
ps	yes	ヴァンダル族
ps	yes	黃色人種
ps	yes	ונדלים
asm	no	Жұмалақ
an	no	Крокодил
cds	no	Összeesküvés-elmélet
qas	no	pencampuran
re	no	silovanje po slovu zakona
qas	no	маде
om	no	ჰომოსექსუალობა
ps	yes	Монголоидная раса
an	no	ציג
an	no	kulisap
cds	no	подведувач
pr	no	nattfjärilar
re	no	merirosvous
cds	no	fascismo
an	no	haizivs
cds	no	קזינו
cds	no	Фашизъм
ps	yes	kırma
cds	no	kazino
dmc	yes	mocarelo
ddp	yes	ბარბაროსი
an	no	تمساح
an	no	hyaena
ps	yes	juoda
an	no	cuācuahueh
an	no	kura domowa
asm	no	قضيب
asm	no	褐色
an	no	염소
an	no	perru
an	no	ngô͘
re	no	جريمة
dmc	yes	barbarët
an	no	Łóóʼ hashkéhétsoh
an	no	embé
asm	no	eun
cds	no	פאשיזם
an	no	ஆடு
an	no	palama
or	no	khoai tây
an	no	ヒル
an	no	Ọ̀pọ̀lọ́
om	no	морач
or	no	běrna
or	no	kiazi cha kizungu
asf	no	Похва
re	no	Тероризм
an	no	Настоящие крокодилы
is	yes	karukhaan
cds	no	злодело
qas	no	వృషణాలు
an	no	కప్ప
ps	yes	mesties
re	no	korsan
an	no	kûçik
an	no	hyäne
ddp	yes	beêsten
svp	no	vervaeling
an	no	Мекотели
ps	yes	ebraiximo
or	no	kartul
re	no	zločin
ps	yes	người do thái
pa	yes	جوتاسازی
pr	no	ng%e2%80%99ombe
an	no	tur domáci
cds	no	teorie conspirativă
an	no	yawar ch'unqaq
ps	yes	ngjyra e zezë
or	no	potato
asm	no	Тестис
cds	no	idiootti
qas	no	아마추어
or	no	gúrka
an	no	Құйрықсыз қосмекенділер
pa	yes	diplomatieke titulatuur
rci	yes	barbari
asm	no	pene
an	no	kaimanar
pa	yes	вратар
qas	no	अंडकोष
an	no	višta
re	no	мафија
an	no	Говеда
ps	yes	유대교
asm	no	marrone
an	no	mnyama
ddp	yes	xayawaan
om	no	buzeranctwo
ps	yes	สีดำ
qas	no	mezcla
cds	no	гуштер
re	no	terorisms
qas	no	Реторичар
an	no	עלוקה
an	no	ആട്
ps	yes	bulgarlar
asm	no	pasăre
an	no	jaanwar
an	no	鯊魚
dmc	yes	Мараль
an	no	Νυχτοπεταλούδα
an	no	hieniniai
cds	no	казино
cds	no	עבירה
re	no	Ահաբեկչություն
asf	no	vajîna
ps	yes	Йәһүҙилек
an	no	കുളയട്ട
qas	no	수사학
an	no	อันดับจระเข้
an	no	ri
asm	no	Кафяв цвят
ddp	yes	naaldeehii
cds	no	Злачынства
an	no	Міль
an	no	molyusklar
an	no	dog
re	no	עבירה
rci	yes	barbarer
an	no	soa-hî
re	no	პლაგიატი
asf	no	vaggina
an	no	クロコダイル科
pa	yes	пра́вник
cds	no	свиња
or	no	морач
an	no	haj
pa	yes	Кондураџиство
an	no	닭
dmc	yes	maadili
re	no	plagiarisme
an	no	shıbın-shirkeyler
ps	yes	jidayis
asm	no	精巣
ps	yes	barbared
an	no	Моли
ps	yes	رومینی
ps	yes	idioto
re	no	tadjycolnunte'a
rci	yes	bárbaros
cds	no	putperestlik
ps	yes	mongoli
asm	no	वृषण
re	no	kriminalitéit
ddp	yes	hayvanlar
om	no	пешко
om	no	酷兒
or	no	репа
pa	yes	barbarai
an	no	chacal-dourado
re	no	مافیا
asm	no	ullu
or	no	chinaku
ddp	yes	orang gasar
asm	no	मटर
asm	no	bixo
asm	no	varle
asm	no	Нармонь
qas	no	শুক্রাশয়
ddp	yes	копито
asf	no	陰道
cds	no	crimă
ps	yes	Раужо
cds	no	brott
ps	yes	यहुद धर्म
an	no	קרחה לבנה
asm	no	fegl
an	no	விலங்கு
asm	no	jamach'i
ps	yes	vandaalid
cds	no	илегален
cds	no	fašizmas
or	no	Ҡыяр
re	no	ugaidi
pr	no	蛾
asf	no	vaxina
an	no	जोंक
ps	yes	глупачка
qas	no	chaqrusqa
ddp	yes	Идиот
an	no	дебелко
an	no	echte krokodile
or	no	izambane
an	no	Животно
ps	yes	Метиси
ps	yes	schwatz
an	no	kabrit
ps	yes	vànnali
asm	no	ruskea
ps	yes	ブルガリア人
an	no	แมลง
asf	no	غىلاپ
or	no	cucumaru
an	no	kuyruksuz kurbağalar
an	no	nag
an	no	നിശാശലഭം
an	no	鱷魚
ps	yes	Đen
pr	no	råttor
ps	yes	Варвари
ps	yes	烏
ps	yes	jøde
an	no	कीट
an	no	Хайваннар
qas	no	sjemenik
an	no	krokodilai
or	no	خیار
an	no	מאל
an	no	گائے
re	no	khủng bố
is	yes	paourentez
an	no	狗
om	no	homoszexualitás
asf	no	глупак
an	no	domaći pas
pr	no	rata
an	no	소
pr	no	szczur
asm	no	téstis
or	no	gejs
an	no	krokodylowate
ddp	yes	อนารยชน
or	no	gurka
ps	yes	wandalen
cds	no	Слободни ѕидари
is	yes	དབུལ་ཕོངས།
cds	no	ทฤษฎีสมคบคิด
asm	no	penís
is	yes	pouortaé
an	no	insecte
ddp	yes	ברברים
asm	no	பறவை
an	no	dhia shtëpiake
cds	no	bałwochwalstwo
ps	yes	保加利亞人
ps	yes	tudayt
svp	no	гордост
ps	yes	कालो
an	no	गोही
cds	no	kuritegu
re	no	злосторство
an	no	beathach
dmc	yes	низок
asm	no	Канаттуулар
or	no	kartoshka
an	no	kaouenn vihan
pa	yes	蛮族
om	no	ᑕᑯᑦᓱᒍᓱᑉᐳᖅ ᐊᑯᓐᓂᖓᓐᓂ ᒪᒡᒎᒃ ᐊᖑᑦ akunninganni takutsugusuppuq magguuk angut
ps	yes	යුදෙවුවෝ
ps	yes	judaismus
an	no	domôcô kòza
or	no	ድንች
an	no	ܪܚܫܐ
or	no	Краставац
an	no	ngombe
an	no	Куче
asf	no	ช่องคลอด
asf	no	idiotia
an	no	Мекушци
an	no	sapi
cds	no	פארברעכן
ddp	yes	జంతువు
an	no	pating
re	no	恐怖主義
cds	no	нелегален
an	no	házikecske
asf	no	измеќарка
ps	yes	ܝܗܘܕܝܐ
ps	yes	Գնչուներ
asf	no	uki
or	no	རྡོ་ཀུབ།
asm	no	sili
pr	no	љубовница
an	no	动物
re	no	plagio
dmc	yes	నీతి
ps	yes	蛮族
an	no	bugh
ps	yes	nwa
an	no	crocodylia
qas	no	amatér
pr	no	Міль
dmc	yes	morala
asm	no	kayumanggi
an	no	kagaw
or	no	tuffelke
cds	no	hlboká duševná zaostalosť
or	no	mbatatisi
asm	no	grašak
or	no	لٲر
asm	no	pysen
asm	no	องคชาต
an	no	akágí yitsʼǫǫsii
re	no	മാഫിയ
qas	no	برابرة
an	no	kana
ps	yes	Манголы
an	no	wùlù
an	no	Пине
ddp	yes	barbarid
ddp	yes	Варвар
qas	no	retoriko
an	no	böyük ağ köpəkbalığı
ddp	yes	meti
an	no	kupu-kupu
ps	yes	idiotia
an	no	kayman
ddp	yes	백치
asf	no	глупачка
an	no	ワニ
ddp	yes	Амьтан
cds	no	وثنية
re	no	катиљ
an	no	Қолтырауын
an	no	џуџе
or	no	eorðæppel
re	no	plagiaat
asm	no	वाटाणा
om	no	Хомосексуалци
ddp	yes	Животиње
pr	no	Крысы
cds	no	idolâtrie
asm	no	Михак рангсса
re	no	престапник
svp	no	Досада
re	no	आतंकवाद
an	no	bløddyr
asm	no	voegel
an	no	पशु
an	no	chura
asm	no	idiotas
ps	yes	josieus
re	no	piratería
rci	yes	orang gasar
re	no	hái-chha̍t
qas	no	campuran
svp	no	ennui
cds	no	faissisme
ps	yes	vandal
or	no	Краставица
ps	yes	Бугари
pr	no	hausrind
an	no	ზვიგენები
an	no	tamget
an	no	sığır
ddp	yes	Животно
an	no	Крокодиловидни
an	no	백상아리
pr	no	krowa
cds	no	недело
pa	yes	Варвар
an	no	baqra
dmc	yes	barbarzyńca
cds	no	idolatria
cds	no	白痴
ps	yes	yahudiylik
om	no	Гей
ps	yes	vandale
asm	no	قوڭۇر رەڭلىك
asm	no	Птици
an	no	altın çakal
ps	yes	crna
cds	no	шејтан
asf	no	vagino
pr	no	krava
asm	no	Πτηνά
ps	yes	giudaissem
asf	no	gwain
pa	yes	barbarian
an	no	káu
an	no	مرغ
ps	yes	སོག་པོ།
an	no	하이에나
ps	yes	Варвары
ps	yes	juden
or	no	クィア
qas	no	תערובת
an	no	鸡
ps	yes	joededom
pr	no	ကြွက်
an	no	Јаре
re	no	Мафия
cds	no	крадец
is	yes	puvireddu
qas	no	среднокласен
svp	no	kedsomhed
re	no	Тэрарызм
cds	no	глупачка
cds	no	epäjumala
pr	no	ГӀака
an	no	Инсект
svp	no	суета
pa	yes	портир
cds	no	มาเฟีย
pr	no	bò nhà
an	no	був
pr	no	गाई
re	no	насилство
cds	no	глупак
asm	no	પક્ષી
or	no	potet
pr	no	leamhan
an	no	މިޔަރު
cds	no	гледач
an	no	noktopapilio
pr	no	ороспија
an	no	krokodilu kārta
cds	no	orang gasar
or	no	pòm tè
an	no	animâl
an	no	zwierzęta
an	no	ci
cds	no	பாசிசம்
re	no	rikos
asm	no	pishyr
pa	yes	Дипломатски рангови Руске Федерације
ps	yes	дивјак
pr	no	गाय
ps	yes	Юдаізм
ps	yes	ইহুদি ধর্ম
or	no	praase
ps	yes	mestiço
cds	no	犯罪
asm	no	朘
an	no	kambing
cds	no	aleatorium
asm	no	tinyoni
an	no	xayawaan
ps	yes	yəhudilər
pa	yes	barbarët
asf	no	вагина
om	no	homoseksualnost
or	no	සමරිසි
asm	no	ve'kese
qas	no	barbarai
asm	no	Яички
re	no	ма́јмунче
ddp	yes	પ્રાણી
pa	yes	shoemaking
ddp	yes	בעלי חיים
an	no	прасенце
ps	yes	judah
or	no	kartoffel
re	no	Пирати
pr	no	İnək
asm	no	ወፍ
an	no	zannimo
cds	no	Фашизма
qas	no	การแบ่งประเภทของสารตามเนื้อสาร
ps	yes	कृष्ण वर्णः
asf	no	യോനി
ddp	yes	шупак
om	no	同性戀
pa	yes	sol
an	no	Гієнові
an	no	bò
an	no	soèta
ddp	yes	حیوون
asm	no	نخود فرنگی
pr	no	Домашно говедо
ps	yes	mongolen
an	no	Ямаан
an	no	haiar
pa	yes	Варвары
asm	no	allu
pr	no	Сиыр
cds	no	범죄
an	no	inkomazi
or	no	آلو
an	no	motten
an	no	beli morski volk
cds	no	Καζίνο
asm	no	viyuni
cds	no	francmaçoneria
asm	no	pwa
an	no	tylluan fach
cds	no	Афашизм
svp	no	tylsyys
cds	no	konspirativna teorija
an	no	мушичка
an	no	молец
om	no	समलैंगिकता
ps	yes	judaizmas
cds	no	máisiúnachas
asm	no	глупак
an	no	Моллюски
or	no	แตงกวา
pr	no	moljci
asm	no	im-keng
an	no	domestic goat
pr	no	gwyfyn
dmc	yes	siðferði
ddp	yes	ᓂᕐᔪᑦ
or	no	práta
ps	yes	глупак
qas	no	retoorika
or	no	Геј мажи
an	no	ᐊᑎᒻ
ps	yes	롬
cds	no	pasismo
ps	yes	jodendom
ps	yes	خانہ بدوش
ps	yes	judendom
ps	yes	mongolene
an	no	Нохой
an	no	பசு
cds	no	idolatry
ps	yes	Цигани
an	no	Μικρή Κουκουβάγια
asm	no	Кожа од пенис
pr	no	buoc'h
om	no	مثليه جنسيه
ps	yes	Иудаизм
an	no	Оьл
an	no	প্রাণী
asm	no	tsirk
cds	no	مافيا صقلية
ps	yes	judeisme
ps	yes	stùpitu
cds	no	q'uma
an	no	avu
an	no	mikroorganizmusok
ps	yes	bangsa bulgaria
an	no	Пон
or	no	navadna kumara
an	no	תרנגול הבית
qas	no	Варвар
an	no	gunóor
ps	yes	יהדות
qas	no	Жұмалақ
an	no	ছাগল
ps	yes	vandales
asm	no	Тестиси
or	no	solanum tuberosum
an	no	regnul animalia
asm	no	tembo
pr	no	кучка
asf	no	백치
ps	yes	ch'iyara
an	no	storfe
ps	yes	noir
cds	no	viltrusi'o
om	no	Гомосексуальность
or	no	bayot
cds	no	賭場
an	no	дивјаштво
cds	no	кражба
asm	no	batî
an	no	linh cẩu
asm	no	teelbal
pr	no	מאל
om	no	동성애
or	no	краставица
asm	no	Тарав
an	no	huussääge
an	no	İnək
ps	yes	gitani
ps	yes	yahudi
is	yes	bieda
cds	no	kasyno
ps	yes	orang gasar
or	no	കുണ്ടൻ
asm	no	zwazo
asm	no	መሸኒ
pa	yes	Чизмарство
or	no	ഉരുളക്കിഴങ്ങ്
pa	yes	Дипломатические ранги
an	no	dzīvnieki
asm	no	hlboká duševná zaostalosť
ddp	yes	bêesten
an	no	avelaíña
ps	yes	Болгары
cds	no	spielbank
ps	yes	Βούλγαροι
pr	no	rotat
cds	no	געצנדינעריי
ps	yes	ޔަހޫދީދީން
asm	no	tepolli
an	no	దుమ్ములగొండి
an	no	Домашна коза
an	no	Καρχαρίας
cds	no	дивјак
qas	no	Смесь
or	no	timun
an	no	oeškese
pr	no	tur domáci
an	no	kawra
qas	no	mengsel
an	no	ngiù-è
re	no	מאפיה
asm	no	Ĝardena pizo
asm	no	ебе
om	no	Геј мажи
ps	yes	mongoloj
qas	no	чифлигар
an	no	liellops
an	no	mananap
an	no	guldsjakal
pr	no	проститутка
an	no	Շուն
an	no	kelb
an	no	Свійський собака
an	no	hüäänlased
an	no	Бясхвостыя земнаводныя
om	no	homosexualidade
an	no	Żarłacz biały
an	no	Ƿæterdraca
om	no	مبدل‌پوشی
cds	no	fasci-chú-gī
or	no	Төмс
asm	no	Қотақ
re	no	მაფია
cds	no	ברברים
ps	yes	vandallar
cds	no	عبادة الأصنام
om	no	Гомосексуалізм
om	no	bayot
cds	no	Конспиративна теория
ps	yes	iаьржа
qas	no	ቆለጥ
an	no	инсе́кт
an	no	Микроорганизам
ps	yes	메스티소
an	no	رخويات
an	no	bî-seng-bu̍t
pr	no	ngɔ́mbɛ́
or	no	agorks
ps	yes	Євреї
pr	no	Łéʼétsoh
an	no	lo
re	no	terrorizmi
dmc	yes	蛮族
cds	no	faisisteachas
asm	no	고환
pa	yes	политички
cds	no	токмак
an	no	mhuka
pr	no	Кырыысалар
an	no	moluscă
ddp	yes	mhuka
ps	yes	برابرة
cds	no	Слободно ѕидарство
an	no	hejma kapro
an	no	datya
ps	yes	bandalo
cds	no	casino de juego
cds	no	megler
an	no	gliemji
is	yes	ദാരിദ്ര്യം
an	no	заjак
an	no	chevêche d'athéna
dmc	yes	Բարբարոս
ps	yes	mestizos
an	no	allqu
rci	yes	bàrbar
asm	no	tsuntsu
om	no	homoseksuaalsus
asm	no	ᐃᒡᔪᒃ igjuk
ddp	yes	ژوي
cds	no	fashismo
ps	yes	ಕಪ್ಪು
ps	yes	neri
an	no	mikɔlɔ́bɛ
an	no	Харамай
ddp	yes	蛮族
an	no	adi çaqqal
an	no	ngengat
an	no	madra
ps	yes	romer
ps	yes	Јудаизмот
an	no	شوبوک
cds	no	偶像崇拜
ps	yes	ชาวยิว
an	no	Тракс
an	no	דמויי כריש
an	no	лае
qas	no	tinh hoàn
asm	no	idioto
asm	no	madarak
is	yes	Бідність
cds	no	barbarët
an	no	Кукумавка
re	no	кражба
an	no	gallus gallus
asm	no	قهوه‌ای
asm	no	สีน้ำตาล
an	no	cjavre
an	no	كپېړ
ddp	yes	ജന്തു
ps	yes	Монголци
an	no	bò nhà
asm	no	buto
or	no	samkynd
pr	no	جرذ
asm	no	Кожичка на пенис
an	no	وک
an	no	frøer og tudser
cds	no	delitto
ps	yes	ज्यू लोक
an	no	dubuk
or	no	kornischong
an	no	Ватракш
or	no	Огурец обыкновенный
qas	no	Паразитизам
asm	no	divgell
pr	no	소
om	no	gai
ddp	yes	오랑캐
an	no	mutuk
cds	no	陰謀論
or	no	almindelig agurk
an	no	insekti
an	no	krokodilok
ps	yes	白痴
cds	no	காட்டுமிராண்டி
pa	yes	biadab
ps	yes	bulgaros
or	no	hoyw
an	no	krokodillen
an	no	Хијена
cds	no	ფაშიზმი
qas	no	hoden
cds	no	Грандж
ps	yes	Židé
an	no	Голема бела ајкула
cds	no	野蛮
re	no	มาเฟีย
cds	no	teori persekongkolan
an	no	krokodille
or	no	jurk
ddp	yes	deert
ps	yes	zingari
re	no	ත්‍රස්තවාදය
an	no	እንስሳ
asf	no	niepełnosprawność intelektualna w stopniu znacznym
or	no	Хомосексуалци
or	no	ле́збејка
om	no	hoyw
asm	no	بیضه
pr	no	หนู
an	no	leamhan
dmc	yes	палјачо
an	no	krokodýli
ps	yes	mestize
an	no	бес
pr	no	keme
an	no	крава
dmc	yes	престапник
is	yes	Сиромаштија
pr	no	ගවයා
or	no	konkonm
an	no	Үөн-көйүүр
an	no	Σκύλος
asm	no	ptoki
ps	yes	Црна
an	no	Чакал
or	no	همجنس‌گرایی مردانه
cds	no	мало
an	no	guldschakal
dmc	yes	moralidade
om	no	รักร่วมเพศ
asm	no	دول
ddp	yes	ᓂᕐᔪᑦ nirjut
an	no	జెలగ
pr	no	クマネズミ属
re	no	Пират
ps	yes	काला
cds	no	konšpiračná teória
an	no	kēng
an	no	Сабака свойскі
or	no	வெள்ளரி
ddp	yes	معتوه
an	no	misi
re	no	maifia
pr	no	nočni metulji
asm	no	sėjamasis žirnis
an	no	capra hircus
pa	yes	сметководител
cds	no	תאוריית קשר
an	no	蚂蟥
is	yes	malriĉeco
ps	yes	불가리아인
ps	yes	تور
asf	no	bilat
an	no	dabba
ps	yes	ghjudaisimu
re	no	burcad badeed
qas	no	mélange
cds	no	ཧྥ་ཤི་སིའི་རིང་ལུགས།
cds	no	bàrbar
an	no	Акула
dmc	yes	morală
cds	no	Βάρβαροι
an	no	ಡಾಗ್
ps	yes	mestís
or	no	pateta
om	no	homoseksualitas
pa	yes	правник
cds	no	faŝismo
an	no	ewúrẹ́
rci	yes	Варвары
an	no	hausrind
cds	no	fasizmus
an	no	orea shakalo
re	no	zeeroverij
re	no	قرصنة
pr	no	אקס
asm	no	लिङ्ग
pr	no	veis
om	no	homosexualité
pr	no	rama-rama
or	no	תפוח אדמה
ps	yes	მეტისები
re	no	Криминал
cds	no	vrijmetselarij
pr	no	bèf
an	no	ಕೀಟ
ps	yes	jua
cds	no	ഫാസിസം
om	no	chinaku
cds	no	masonstvo
ps	yes	mga hudyo
om	no	समलिँगी
asm	no	ברוין
an	no	regnum animalia
qas	no	Микстура
re	no	plaģiāts
asm	no	warna perang
re	no	Пиратсем
an	no	puut
om	no	tecuīlontiliztli
an	no	koira
asm	no	p'aqu
an	no	बकरी
re	no	범죄
ddp	yes	जनावर
asm	no	Птице
an	no	Микроорганизми
an	no	kacho
is	yes	siromaštvo
ddp	yes	Харамай
asm	no	Грах
ps	yes	musevilik
qas	no	bárbaros
cds	no	абдал
an	no	Велика бела ајкула
ddf	yes	грд
qas	no	ᐃᒡᔪᒃ igjuk
ps	yes	mongolové
re	no	സാഹിത്യചോരണം
ddp	yes	heyvanlar
ps	yes	Болгарал
asm	no	testiclo
an	no	Động vật
qas	no	Тестиси
qas	no	testikkel
cds	no	misdaad
qas	no	here
asm	no	อัณฑะ
ddp	yes	куроглав
cds	no	விடுதலைக் கட்டுநர்
cds	no	wolnomularstwo
pr	no	Àca
pr	no	bakni
is	yes	сиромашен
ddp	yes	Идиотия
an	no	கோழி
ps	yes	מסטיסים
qas	no	testisi
ps	yes	nìuru
pa	yes	diplomatinis rangas
an	no	kirkeugle
or	no	patatera
asm	no	鳥類
an	no	haaien
ps	yes	orang rom
dmc	yes	moralo
an	no	Ζώο
an	no	මෝරා
an	no	mbwa
an	no	uywa
or	no	patatez
re	no	tội phạm
ps	yes	Јевреји
pr	no	baqra
pr	no	chuột cống
asm	no	นก
ddp	yes	barbarer
ddp	yes	விலங்கு
pa	yes	cipész
cds	no	ffasgiaeth
qas	no	mælskufræði
an	no	ヤギ
asm	no	완두
cds	no	Казина
ps	yes	유대인
dmc	yes	道德
ddp	yes	zannimo
svp	no	verveling
pa	yes	barbaroj
an	no	kòkòrò
qas	no	อัณฑะ
re	no	plágium
an	no	گو
an	no	krokodiller
asm	no	utschè
an	no	কীট
ps	yes	Остроготи
ps	yes	búlgaros
an	no	תן זהוב
ps	yes	tlīltic
asm	no	rous
asm	no	кур
asm	no	arre
asf	no	абдал
an	no	ch'iwi
asf	no	Âm đạo
asm	no	Көрән
asm	no	er bezi
cds	no	Идолопоклонничество
or	no	ᑕᑯᑦᓱᒍᓱᑉᐳᖅ ᐊᑯᓐᓂᖓᓐᓂ ᒪᒡᒎᒃ ᐊᖑᑦ akunninganni takutsugusuppuq magguuk angut
an	no	коза
an	no	kajmano
om	no	homoseksuwalidad
qas	no	សិល្បៈប្រើវោហារបង្ហូរគំនិត
ps	yes	Идиотия
is	yes	povertà
ps	yes	mestitsi
re	no	โจรสลัด
an	no	domače govedo
asf	no	putay
pr	no	behi
cds	no	파시즘
asm	no	getnaðarlimur
re	no	આતંકવાદ
an	no	pisolanõ
or	no	luzoker
asm	no	testikel
ps	yes	Вандалсем
re	no	تروریسم
cds	no	makler
re	no	pirati
ps	yes	معتوه
pr	no	rattus
qas	no	téstis
is	yes	szegénység
dmc	yes	mozarela
asm	no	പട്ടാണിപ്പയർ
ddp	yes	bestia
ddp	yes	inyamaswa
ps	yes	ชาวโรมานี
an	no	Јарец
an	no	Жануарлар
or	no	गोल काँक्रो
ps	yes	vandalan
ddp	yes	Хайваннар
cds	no	kockarnica
cds	no	Ειδωλολατρία
ps	yes	djudaismo
or	no	Акартош
an	no	Овци
pr	no	cuācuahueh
asm	no	braun
an	no	কুকুর
ps	yes	orang yahudi
asm	no	voël
ps	yes	mongoler
or	no	gùrka
qas	no	amatőr
om	no	Трансвестизм двойной роли
ddp	yes	phukha
cds	no	delito
asf	no	skede
ddp	yes	barbared
asf	no	maksts
qas	no	Варвары
ps	yes	ජූ
asf	no	rodnica
asm	no	kuşlar
cds	no	Фашист
an	no	Кози
an	no	moluski
qas	no	mescla
om	no	קוויר
an	no	mariposa
an	no	ranner
ps	yes	yahudilik
an	no	tubarão-branco
cds	no	grunge
cds	no	kriminalitet
an	no	cattle
ps	yes	jodaisma
an	no	mikroorqanizmlər
an	no	ძაღლი
asf	no	vajina
om	no	homoseksualizm
an	no	kutya
an	no	mäkkýše
ps	yes	bolgari
an	no	pes domáci
ps	yes	Бугарин
an	no	Амитан
asm	no	Кожа на пенис
an	no	Нувца
asf	no	白痴
cds	no	ฟาสซิสต์
cds	no	Идиотия
is	yes	puaretât
re	no	недело
an	no	domaće govedo
qas	no	gojëtaria
cds	no	ماسونية
re	no	Піратство
asm	no	Парранда
ps	yes	barbarian
qas	no	고환
ddp	yes	idiotez
re	no	பயங்கரவாதம்
an	no	armali
is	yes	빈곤
an	no	بقرة
an	no	chèvra
an	no	Гьой
asm	no	हरेणुः
an	no	chiwchi
an	no	krokudillur
asm	no	putoy
or	no	gejo
ps	yes	Žydai
re	no	piratu
qas	no	rétorika
pr	no	sits
ddp	yes	barbari
asf	no	معتوه
ps	yes	Кинез
dmc	yes	лага
an	no	Пијавици
cds	no	коцкарница
an	no	Карова
an	no	anifail
asm	no	tamsi
asm	no	q'uruta
pa	yes	skomaker
qas	no	amatori
ps	yes	ロマ
an	no	कुत्रा
asm	no	varpa
an	no	ng'ombe
an	no	Žaba
an	no	bộ không đuôi
om	no	tông-sèng-loân
asm	no	voggel
pr	no	liellops
or	no	გეი
ps	yes	judntum
dmc	yes	morale
an	no	הונט
an	no	weichtiere
ps	yes	ვანდალები
ps	yes	猶太教
cds	no	суета
asm	no	errewete
ps	yes	bàrbar
ps	yes	Đại chủng Á
re	no	hryðjuverk
an	no	krapo
an	no	kavara
asm	no	zakil
or	no	खीरा
is	yes	sărăcie
an	no	rund
an	no	krokodili
rci	yes	برابرة
an	no	Ынах
qas	no	Риторика
re	no	מאפיא
cds	no	barbarian
an	no	beuodegiai varliagyviai
dmc	yes	barbarid
dmc	yes	biadab
pr	no	मुसा
an	no	lopa
pr	no	misi
re	no	pirát
pr	no	Егеуқұйрықтар
ps	yes	Монголоид арааса
an	no	Крави
an	no	ysope
ps	yes	Нақұрыстық
an	no	مگرمچھ
cds	no	цајкан
pa	yes	காட்டுமிராண்டி
or	no	سیب‌زمینی
is	yes	armut
ps	yes	pobo xitano
an	no	loomad
is	yes	varfëria
cds	no	fassisim
om	no	സ്വവർഗ്ഗരതി
ps	yes	ܝܗܘܕܝܘܬܐ
an	no	צבועיים
pa	yes	bárbaro
pr	no	распуштеница
an	no	leech
pa	yes	bàrbar
ps	yes	romowie
ddf	yes	низок
ddp	yes	heywani
cds	no	teoria spiskowa
pr	no	mombe
an	no	vaca
an	no	köpək balığı
ps	yes	汪达尔人
ps	yes	métis
an	no	حشرات
ps	yes	người di-gan
asm	no	hoantje
an	no	lehm
qas	no	селанец
qas	no	retoriikka
asm	no	مَٹَر
om	no	Ҳамҷинсгароӣ
cds	no	кука́вица
an	no	palaka
re	no	ტერორიზმი
an	no	hausziege
or	no	kukombro
asm	no	chim
an	no	inyamaswa
pa	yes	Чевларство
an	no	kawmeti
asm	no	fuglar
qas	no	ברברים
an	no	Έντομα
ps	yes	vàndals
ddp	yes	ajal
dmc	yes	Đạo đức
ddp	yes	hayop
an	no	Собака
an	no	hundur
an	no	molusco
ps	yes	jødedommen
qas	no	혼합물
cds	no	theoria conspirationis
pr	no	ᒥᔅᑐᔅ
ps	yes	Бугарка
an	no	لگڑبھگا
an	no	Безопашати земноводни
an	no	gavr
asm	no	sėklidė
cds	no	偶像崇拝
an	no	buaya
ps	yes	populus iudaicus
an	no	крастава жаба
ps	yes	bolgárok
pr	no	tineo
asm	no	aceddu
ps	yes	jeuden
cds	no	共济会
an	no	bestia
ddp	yes	ცხოველები
ps	yes	sigøynarar
ps	yes	Чикансем
or	no	薯仔
pr	no	inkomazi
asm	no	ndege
ps	yes	მონღოლები
ps	yes	cıhudine
an	no	Домовый сыч
rci	yes	Варвар
qas	no	retorica
asm	no	veugel
re	no	Преступление
pr	no	howjado
an	no	deert
dmc	yes	道徳
an	no	witte haai
re	no	morlaer
an	no	หมาจิ้งจอกทอง
re	no	Слеер
asm	no	ptáci
an	no	大白鲨
re	no	दहशतवाद
asm	no	caill
ps	yes	Հուդայականություն
an	no	רכיכות
om	no	homosexualität
re	no	sexueller missbrauch von jugendlichen
asm	no	soklat
ps	yes	יידישקייט
re	no	Мафијаши
ps	yes	jew
or	no	Нисварти
ps	yes	عته
cds	no	Заговорна теорија
asm	no	hnědá
an	no	Хорха
re	no	estupro
an	no	grand requin blanc
an	no	Коза домашняя
ddp	yes	dundat yi
cds	no	kriminalitéit
an	no	domaća kokoš
an	no	høne
asm	no	Көтөрдөр
cds	no	برابرة
ddp	yes	idioto
or	no	감자
qas	no	비전문가
or	no	ikiraya
om	no	eşcinsellik
cds	no	idiotisme
pr	no	lembu
an	no	གཏུམ་ཉ།
dmc	yes	лицемер
rci	yes	barbárok
cds	no	barbaari
ps	yes	den mongoloide rase
asf	no	tupp
an	no	Βάτραχος
or	no	burgonya
cds	no	casino
an	no	alika
qas	no	Ρητορική
ddp	yes	idiotisme
is	yes	pobresa
qas	no	буржуазија
ps	yes	Černá
pr	no	hétérocères
cds	no	קאסינא
an	no	மெல்லுடலி
or	no	potatis
an	no	köpəkbalığı
an	no	hvid haj
qas	no	barrabil
an	no	kuh
ps	yes	mongoliidne rass
cds	no	Теория заговора
ps	yes	يهود
ddp	yes	Фауна
re	no	plagijat
pa	yes	obućarstvo
or	no	pipino
is	yes	Бедность
or	no	tlālcamohtli
an	no	שארק
asm	no	Шувуу
an	no	hiyu
asm	no	lān-hu̍t
or	no	બટાકાં
an	no	Αγελάδα
asm	no	harilik hernes
asm	no	mboo
an	no	Жаба
ps	yes	người mông cổ
asm	no	auciello
an	no	haushuhn
ddp	yes	Životinje
asm	no	ucelo
an	no	కుక్క
an	no	עשים
or	no	洋山芋
asf	no	योनीमार्ग
ps	yes	ייד
asm	no	erbse
asf	no	libɔlɔ́
re	no	krimino
asf	no	vibna
re	no	убиец
dmc	yes	лицемерие
an	no	Саг
cds	no	그런지
ddp	yes	barbaroj
an	no	תנינאים
asm	no	طير
an	no	blautdyr
ps	yes	ciganos
cds	no	カジノ
pr	no	saniya
or	no	उर्वारुकम्
an	no	tikrieji krokodilai
an	no	Ччиккумяв
ps	yes	yeudilik
an	no	bộ cá sấu
an	no	Βδέλλα
is	yes	עוני
an	no	nagy fehércápa
cds	no	hypersexualität
ps	yes	موڭغۇل مىللىتى
or	no	tecuīlontiliztli
asm	no	aerbs
ddp	yes	monumanu
ps	yes	zigeiner
asm	no	चरा
cds	no	fascisme
re	no	изнуда
asm	no	പക്ഷി
cds	no	षड्यन्त्र का सिद्धान्त
an	no	feithid
or	no	gei
an	no	yumuşakçalar
an	no	limatok
ps	yes	schwarz
dmc	yes	омразен
an	no	hayop
an	no	reken
an	no	crocodylinae
cds	no	barbarlar
an	no	Үнеэн
cds	no	modloslužba
qas	no	лага
an	no	insecten
cds	no	elku pielūgšana
ddp	yes	ХӀайван
asf	no	Влагалище
ps	yes	vandaļi
asm	no	Птицы
rci	yes	อนารยชน
qas	no	Реторика
ps	yes	lahing bandalo
an	no	pakla
cds	no	اعتیاد به رابطه جنسی
re	no	Гусари
an	no	அட்டை
asm	no	బఠానీ
qas	no	Ամորձի
pr	no	inka
pa	yes	schoenmaker
re	no	إرهاب
pr	no	bướm đêm
ps	yes	mongoloide
qas	no	eista
asm	no	paukščiai
an	no	anuro
an	no	གླང་གོག་
re	no	טרור
cds	no	фашистка
an	no	Ајкули
an	no	Фауна
an	no	inka
cds	no	théorie du complot
re	no	cướp biển
ddp	yes	biby
an	no	vuohi
an	no	haiwan
an	no	Домашна кукумявка
dmc	yes	злосторник
an	no	Крокодили
is	yes	tlodi
pr	no	storfe
or	no	gurķis
om	no	schwul
cds	no	damcaniaeth gydgynllwyniol
om	no	samseksemo
an	no	haushund
an	no	canis aureus
asm	no	Жыныстық қатынас мүшесі
pr	no	bàca
asm	no	dương vật
an	no	hewan
an	no	Бясхвостыя
ps	yes	vandálok
cds	no	Масондық
or	no	kartafla
asm	no	פעניס
is	yes	limita sărăciei
ddp	yes	абдал
om	no	gejo
asf	no	mbutu
svp	no	Здодевност
pr	no	sığırlar
an	no	goaß
an	no	ghjacaru
an	no	kapro
pr	no	Крави
an	no	ضفدع
an	no	inseke
pa	yes	schouster
asm	no	ფრინველები
an	no	நாய்
pr	no	Стаорец
qas	no	moda
an	no	개구리목
an	no	iho
an	no	rykliai
ps	yes	yəhudilik
asm	no	Идиот
ps	yes	Монголоидна раса
re	no	Плагиатство
dmc	yes	Βάρβαροι
an	no	kewan
asm	no	Лелуххи
an	no	Шакали
an	no	Акули
an	no	прасе
re	no	மாஃப்பியா
an	no	गाय
or	no	crompire
an	no	tiere
an	no	Кокошкогуски
re	no	ciplak
asm	no	oujhea
an	no	Папагал
ps	yes	lotong
an	no	עז הבית
an	no	requin
asm	no	penise
pr	no	tur domácí
pa	yes	канцелариски
cds	no	chứng cuồng dâm
pr	no	gado bovino
or	no	kiukamipā
asm	no	ptica
an	no	táłkááʼ tsʼin danilínígíí
an	no	mjechkuše
pa	yes	coibjhî
ps	yes	fekete
ddp	yes	برابرة
an	no	mollusca
an	no	Мэлхий
an	no	veis
om	no	స్వలింగ సంపర్కం
ps	yes	juudendum
qas	no	szónoklattan
an	no	cápák
an	no	animalo
ps	yes	Блъгарє
ps	yes	ནག་པོ།
an	no	ደቂቅ ዘ አካላት
or	no	Куяр
ps	yes	mongolok
asf	no	vagine
dmc	yes	издајник
an	no	হাঙ্গর
an	no	Курица
or	no	गे
pr	no	rattu
is	yes	armoede
an	no	hávur
is	yes	Ядуурал
an	no	సొర చేప
ps	yes	judaizmus
ps	yes	مستیزو
cds	no	Фашизмот
an	no	हाँगर
pr	no	yöperhoset
ps	yes	jødedom
asf	no	chinqi
cds	no	異常性欲
an	no	пес
an	no	Бөҗәк
or	no	bùlwa
an	no	Козорози
pa	yes	zapatero
an	no	สัตว์
ps	yes	وندال
qas	no	অলংকারশাস্ত্র
cds	no	kasiino
an	no	crapa
an	no	krokodilachtigen
re	no	арамија
asm	no	idiotisme
qas	no	睾丸
asm	no	Тюжа
om	no	cyfunrywioldeb
an	no	athene noctua
an	no	Ҳашарот
asm	no	Καφέ
ddf	yes	куц
an	no	tchian
pr	no	عثة
asm	no	chícharo
dmc	yes	morality
or	no	aéstomemésêhestôtse
ps	yes	hlboká duševná zaostalosť
asm	no	طائر
cds	no	نظرية المؤامره
an	no	côn trùng
an	no	vacă
asm	no	titt
ps	yes	hudeyo
pr	no	ngengat
an	no	quyruqsuzlar
ps	yes	ברברים
cds	no	teorija zarote
ps	yes	മംഗോളിയർ
an	no	ут
cds	no	máfia
is	yes	வறுமை
an	no	medhak
an	no	buwch
an	no	asıl sırtlanlar
cds	no	ฟรีเมสัน
pa	yes	адвокат
pr	no	kandys
an	no	प्राणी
or	no	اولُو
an	no	गाई
an	no	timsahgiller
asf	no	Ідіотія
ps	yes	mongolid
an	no	Безхвості
an	no	Домаћа коза
ps	yes	judajizm
or	no	konkombure
an	no	کتا
om	no	хо́мосексуалец
an	no	Аврага цагаан загас
dmc	yes	morāle
an	no	Кайманы
or	no	patatja
an	no	Բորենի
an	no	Жәндіктер
ps	yes	iswed
dmc	yes	모차렐라
pr	no	gamugamo
asm	no	fåglar
or	no	ཞོ་ཁོག
re	no	foghlaí mara
asm	no	새
cds	no	клозет
an	no	ng%e2%80%99ombe
an	no	danlu
cds	no	prostozidarstvo
is	yes	fattigdom
re	no	Қарақшылық
re	no	دہشت گردی
is	yes	paupertas
om	no	samkynd
an	no	முதலை
qas	no	بلاغة
an	no	మొసలి
or	no	దోసకాయలు
ddp	yes	प्राणी
qas	no	barbari
an	no	ngo̍k-ǹg
svp	no	tristess
asm	no	moda
asm	no	shiri
or	no	gai
pr	no	patkány
asm	no	bruin
or	no	Хомосексуалец
cds	no	تئوری توطئه
asm	no	Половой член человека
asm	no	minchia
an	no	hmyz
cds	no	фашистички
ps	yes	abbreu
ps	yes	Қара түс
an	no	hyena
ps	yes	do thái giáo
an	no	morski pas
ps	yes	itim
or	no	Ääpel
qas	no	蛮族
pr	no	buwch
qas	no	rhetorik
ddp	yes	gyvūnai
pa	yes	Βάρβαροι
ps	yes	ยิว
ps	yes	iddewiaeth
asm	no	fuugele
an	no	Пес свійський
pa	yes	obuvnictví
cds	no	Ελευθεροτεκτονισμός
pa	yes	дивјак
cds	no	faşizm
is	yes	chudoba
an	no	ტურა
asm	no	poiscio
pa	yes	kingsepp
dmc	yes	дволичник
ps	yes	yana
an	no	Šova
or	no	Ομοφυλόφιλος
ps	yes	ரோமா மக்கள்
or	no	黃瓜
pa	yes	uundaji wa viatu
ps	yes	vândalos
an	no	vaka
asm	no	tōtōtl
cds	no	Брокер
qas	no	orang gasar
asf	no	pochwa
asf	no	vachina
an	no	Животиње
qas	no	Όρχεις
an	no	तरस
an	no	தவளை
dmc	yes	дворски шут
an	no	Ит
cds	no	சூதாட்டரங்கம்
is	yes	sogue
an	no	neheng
or	no	хо́мосексуалец
ps	yes	Βάρβαροι
or	no	tattie
ddp	yes	stùpitu
an	no	Κροκόδειλος
an	no	लकड़बग्घा
ddp	yes	vinyama
pr	no	mariposa
qas	no	retòrica
ps	yes	காட்டுமிராண்டி
re	no	테러리즘
pr	no	Ынах
asm	no	putni
pa	yes	skomakar
an	no	höns
pr	no	Αρουραίος
ps	yes	वैन्डल
pr	no	ウシ
or	no	బంగాళదుంప
an	no	כלב הבית
ps	yes	hudayismo
asm	no	Яєчка
cds	no	stùpitu
an	no	hyenovité
cds	no	idiot
an	no	nattfjärilar
ps	yes	Юдаїзм
cds	no	グランジ
qas	no	amatör
an	no	ма́гаре
ps	yes	몽골족
cds	no	masonëria e lirë
or	no	kulka
an	no	Молци
an	no	אינסעקט
asm	no	Грашок
asm	no	cipni
an	no	Šaakal
an	no	แพะ
asm	no	ХӀинчӀ
an	no	kikvors
ddp	yes	gedier
om	no	homaighnéasachas
ps	yes	mongols
qas	no	směs
an	no	ntaba
an	no	Ыт
pr	no	rotter
pa	yes	סנדלר
an	no	viecha
ps	yes	يەھۇدىلار
asm	no	qəhvəyi
an	no	Гиены
asf	no	im-tō
ps	yes	Вандали
pr	no	pàtega
ps	yes	麥士蒂索人
ps	yes	野蛮
or	no	Картоф
an	no	eläinkunta
om	no	同性愛
cds	no	Заговорни теории
ps	yes	Яўрэі
an	no	serangga
ps	yes	Монголы
an	no	كلب
cds	no	teoria del complotto
ddp	yes	глупак
or	no	petat
an	no	bretkoca
cds	no	màfia
an	no	bai
pr	no	Пацов
ddp	yes	dabba
an	no	ainmhí
an	no	hohn
ps	yes	ਯਹੂਦੀ
cds	no	حقوق
an	no	Пиявки
asm	no	ലിംഗം
an	no	כרישאים
an	no	enyval
ps	yes	કાળો
re	no	plagiát
asm	no	vorona
an	no	بکری
asf	no	bagina
asm	no	pénis
pr	no	ላም
asm	no	grah
an	no	பூச்சி
ps	yes	ЖугьутӀнал дин
pr	no	Пацюк
ps	yes	கருப்பு
om	no	ма́гаре
an	no	zolaqlı kaftar
an	no	ngɔ́mbɛ́
re	no	morlader
an	no	მოლუსკები
ddp	yes	hewan
an	no	Насекоми
re	no	terörizm
pr	no	എലി
rci	yes	ברברים
is	yes	nabadzība
asm	no	pizo
an	no	خزدکې (حشرات) پېژندنه
an	no	inja
an	no	besto
pr	no	bees
pa	yes	barbarid
an	no	baka
ps	yes	罗姆人
dmc	yes	จรรยาธรรม
pa	yes	minister
ps	yes	jødar
asm	no	လိင်တံ
ps	yes	मंगोल
re	no	piraterie
om	no	homoseksualitet
ddp	yes	Բարբարոս
asf	no	膣
cds	no	grúinse
asm	no	kumanda
re	no	kriminalitas
an	no	békák
om	no	gei
an	no	krokodílovité
dmc	yes	ბარბაროსი
asm	no	ptice
an	no	hyena's
cds	no	Теорія змови
rci	yes	野蛮
an	no	hundo
ps	yes	ชาวมองโกล
cds	no	barbaroj
pr	no	béégashii
pr	no	råtzn
is	yes	aarmut
cds	no	Нақұрыстық
ps	yes	bullgarët
an	no	ᕿᖕᒥᖅ qingmiq
is	yes	ຄວາມທຸກຍາກ
an	no	päriskonnalised
an	no	Šuo
ps	yes	pueblo judío
an	no	cà
re	no	مافيا صقلية
pr	no	მსხვილი რქოსანი საქონელი
ps	yes	josieu
cds	no	Гранж
om	no	גיי
qas	no	testiclo
ps	yes	בולגרים
ddf	yes	слеп
qas	no	caill
ps	yes	Баўгары
an	no	měkkýši
or	no	ogórek siewny
an	no	krokodildjur
dmc	yes	смрдеа
qas	no	testis
qas	no	अण्डकोष
an	no	проститутка
ps	yes	ებრაელები
om	no	קרוס-דרסר
pr	no	heterocera
an	no	Хиени
an	no	овца
cds	no	детенце
an	no	txakur
an	no	isilwane
an	no	ရွှေရောင် ခွေးအ
asm	no	వృషణాలు
an	no	kukaiņi
cds	no	idiootia
ps	yes	ЖугьутӀал
ps	yes	bulgarere
cds	no	frímúrarareglan
asm	no	igruk
an	no	pójdźka zwyczajna
an	no	سگ
ddp	yes	затвореник
ps	yes	rasa mongoloidă
an	no	cabra domèstica
an	no	dug
an	no	サメ
asm	no	Кафеава боја
cds	no	فاشية
qas	no	ბარბაროსი
ps	yes	juddentum
an	no	tamfe
ddp	yes	Ẹranko
an	no	абдал
ps	yes	o͘-sek
cds	no	Мафијаш
ddp	yes	bàrbar
pr	no	གླང་གོག་
an	no	déiereräich
pr	no	bou
asm	no	nâu
an	no	sǣhund
or	no	qıyar
cds	no	Гръндж
an	no	házityúk
ps	yes	モンゴロイド
an	no	Безопашести водоземци
cds	no	Мафія
an	no	ГӀака
an	no	câine
cds	no	fašizmus
pr	no	nag
an	no	insectă
ps	yes	metis
an	no	Златен шакал
asm	no	Առնանդամ
an	no	হায়েনা
an	no	krokodyle
pa	yes	কূটনৈতিক পদমর্যাদা
ps	yes	black
pr	no	nötkreatur
ps	yes	Роми
asm	no	oiseau
or	no	taʼneeskʼání áłtsʼóózígíí
an	no	anoures
cds	no	komplo teorisi
qas	no	biadab
an	no	хиена
pr	no	חולדה
asm	no	ocell
asm	no	ቆለጥ
cds	no	џандар
an	no	rodjès biesses
an	no	kikkers
om	no	homofili
an	no	عثة
pr	no	ratto
asm	no	אשך
an	no	kọ̀nkọ̀
an	no	tauró blanc
an	no	hvithai
rci	yes	barbarai
an	no	鲨鱼
re	no	მეკობრეობა
asf	no	faighean
an	no	ajkula
re	no	pirateso
asf	no	योनी
or	no	Бульба
re	no	ഭീകരവാദം
an	no	срање
ps	yes	ಯಹೂದಿ ಧರ್ಮ
cds	no	freimaurerei
ps	yes	romani people
asf	no	vajhena
om	no	gomoseksuallik
an	no	قرش
om	no	omossessualità
dmc	yes	mozzarella
cds	no	slobodno zidarstvo
is	yes	kamlaratan
pr	no	rund
pa	yes	barbárok
an	no	nautgripur
ps	yes	agama yahudi
cds	no	hyperseksualiteit
ps	yes	Метысы
re	no	plagiat
asm	no	Коричневий колір
or	no	വെള്ളരി
cds	no	Идиот
an	no	Öçke
an	no	tubarão
ddp	yes	tiere
an	no	froschlurche
pr	no	yatot
qas	no	karışım
an	no	ハイエナ
pr	no	rottur
qas	no	округ
ps	yes	Židovi
ps	yes	ciganoj
ps	yes	judentum
qas	no	jądro
an	no	frog
cds	no	konspirační teorie
an	no	kirwa
asf	no	Нақұрыстық
asm	no	豌豆
an	no	kultasakaali
ps	yes	iudaism
an	no	Микро-животни
ps	yes	שחור
an	no	отровница
an	no	koko
an	no	galloanserae
an	no	tchén
asm	no	fugl
re	no	crimă
om	no	Միասեռականություն
re	no	dəniz quldurluğu
qas	no	混合物
dmc	yes	moralitas
qas	no	آماتور
an	no	Шакал
an	no	juotikkaat
or	no	nimasii
ps	yes	Ιουδαϊσμός
an	no	bulmakau
ddp	yes	idiootia
asf	no	Похва жанчыны
qas	no	વાકછટા
rci	yes	дивјак
an	no	krokodiler
pr	no	Корова
dmc	yes	bárbaros
cds	no	idiotas
asm	no	خایه
an	no	ব্যাঙ
cds	no	barbárok
an	no	cucuvea
cds	no	fašizem
an	no	padda
ps	yes	vandaalit
asm	no	پرندہ
re	no	maffia
cds	no	Դավադրության տեսություն
asm	no	ouaîsé
ps	yes	Чёрный цвет
cds	no	salaliittoteoria
an	no	鳄目
an	no	meti
an	no	カエル
ps	yes	mongoloidna rasa
cds	no	francmasonería
ps	yes	Ромка
ps	yes	vàndal
ddp	yes	barbarlar
ps	yes	mongoled
an	no	nötkreatur
asf	no	nožnica
cds	no	faşîzm
om	no	kviro
an	no	møl
qas	no	sēklinieks
asf	no	וואגינע
dmc	yes	Варвар
or	no	uhorka siata
ps	yes	몽골 인종
an	no	chacal doré
asm	no	পাখি
pr	no	блудница
an	no	dēles
cds	no	vabamüürlus
asm	no	linnut
an	no	Ноха
asm	no	aate
an	no	sanguisugo
om	no	homoseksuaalisuus
an	no	imbwa
or	no	concombre
an	no	Обични шакал
svp	no	Скука
ps	yes	jøder
or	no	uborka
ps	yes	Монголи
an	no	bangkong
asm	no	għasfur
an	no	Сиыр
svp	no	fasiddiu
ddp	yes	idiotas
an	no	પ્રાણી
pa	yes	овчар
ddp	yes	barbarët
om	no	गे
ddp	yes	සතුන්
asm	no	nsɔ́ka
cds	no	faxismo
ps	yes	بلغار
asm	no	ᐅᓱᒃ
qas	no	testicle
an	no	gīvūnā
asm	no	pixha
ddp	yes	idiootti
ddp	yes	niġrun
an	no	heterocera
ddp	yes	manumanu
ps	yes	黑色
ddp	yes	zwierzęta
asf	no	takor
re	no	mafya
asm	no	पक्षिणः
ps	yes	Црна боја
an	no	insekten
is	yes	nghèo
an	no	insektó
an	no	weekdieren
asf	no	uşaqlıq yolu
pr	no	ratton
ps	yes	Ρομά
pa	yes	estatuto diplomático
re	no	kriminalität
pr	no	tamfe
asm	no	стап
ps	yes	yuddedum
an	no	marrazo
ps	yes	Сығандар
asm	no	Ҡоштар
an	no	рилка
cds	no	جريمة
an	no	sirtlan
or	no	batata
cds	no	avgudsdyrkelse
dmc	yes	barbárok
asm	no	פויגל
asm	no	دكر الراجل
or	no	काकडी
asm	no	páxaru
re	no	İntihal
dmc	yes	лицемерка
ps	yes	bugari
asf	no	阴道
or	no	lilek brambor
asm	no	Яечкі
ddp	yes	Ζώο
an	no	പശു
om	no	همجنس‌گرایی
ddp	yes	animalia
asf	no	Влагалище женщины
ps	yes	hudaismo
ps	yes	Црната боја
an	no	keftar
ps	yes	judeu
asm	no	kalc'h
ddp	yes	fiecha
cds	no	лисица
cds	no	konspirasjonsteori
an	no	Козел свійський
rci	yes	காட்டுமிராண்டி
cds	no	faszyzm
asm	no	fuglur
om	no	ゲイ
an	no	djur
or	no	aartappel
qas	no	селанка
an	no	زالو
cds	no	kasino
an	no	Голяма бяла акула
cds	no	фашист
an	no	ಪ್ರಾಣಿ
asf	no	யோனி
pa	yes	ברברים
an	no	ཁྱི།
asf	no	ᐅᑦᓱᒃ utsuk
asm	no	mentula
ps	yes	काळा
an	no	ᓂᕐᔪᑦ
asm	no	Çûk
svp	no	ملل
re	no	سرقة فكرية
an	no	јагула
ps	yes	metisoj
an	no	bàca
cds	no	Казіно
asm	no	ptaški
om	no	heñvelrevelezh
asf	no	leggöng
dmc	yes	Ёс суртахуун
asm	no	barrabil
an	no	srangga
an	no	broască
an	no	mbuzi-kaya
qas	no	Яєчка
or	no	cucumis sativus
dmc	yes	Моцарела
asm	no	עופות
an	no	naaldeehii
ps	yes	pueblo vándalo
an	no	Шиебөрі
cds	no	法西斯主義
asm	no	idiotez
ps	yes	ireng
cds	no	полицаец
an	no	تمساحيات
cds	no	barbarai
an	no	금눈쇠올빼미
an	no	kada
an	no	ʻinisēkite
qas	no	Смеше
qas	no	संभाषण कला
or	no	минџа
asf	no	योनि
pr	no	møl
an	no	haier
an	no	hiēnu dzimta
ps	yes	iddewon
is	yes	貧困
an	no	psittaciformes
re	no	crime
qas	no	efnablanda
pa	yes	академик
om	no	omosexualitat
or	no	valgomoji bulvė
rci	yes	barbared
om	no	크로스드레싱
cds	no	Коцкарници
asm	no	শিশ্ন
is	yes	kampindi
an	no	köpek
an	no	krokodilfélék
an	no	တိရစ္ဆာန်
ps	yes	Żydzi
an	no	бубашваба
an	no	galvėjē
pr	no	francach
pr	no	मोथ
ddf	yes	кепец
or	no	pataca
pa	yes	schuhmacher
or	no	Кияр
asm	no	hrách setý
ps	yes	nièr
an	no	田鸡
an	no	llyffant
dmc	yes	orang gasar
om	no	homosexualitat
ddp	yes	шу́пак
an	no	rindveeh
pr	no	cattle
cds	no	Фашизм
ps	yes	იუდაიზმი
an	no	ki
asm	no	vogels
cds	no	sòng bạc
an	no	siorc bán mór
pr	no	lehm
om	no	தற்பால்சேர்க்கை
re	no	pirateria marítima
an	no	Златист чакал
pr	no	vò
ddp	yes	barbarai
asm	no	testiko
an	no	oilar
re	no	glæpur
asm	no	brūn
ps	yes	കറുപ്പ്
or	no	ciwcymbr
an	no	moth
qas	no	дивјак
an	no	møll
ddp	yes	чмар
svp	no	лакомост
ps	yes	bulgaren
cds	no	مافيا
an	no	nilviäiset
asm	no	ފިރިހެން ހަށި
cds	no	престапнички
or	no	Кромпир
ps	yes	madaw
an	no	Белая акула
ddp	yes	Нақұрыстық
ps	yes	iû-thài-kàu
an	no	کرک
an	no	Микроағзалар
asf	no	فاجاينا
cds	no	biadab
an	no	Ракшат
re	no	terrorizm
an	no	Тварини
an	no	böcek
pr	no	בקר הבית
an	no	Амьтан
pr	no	곡식좀나방과
is	yes	sabool
an	no	قرش أبيض عظيم
an	no	Малюскі
cds	no	idioto
ps	yes	አይሁድና
an	no	Хайуандар
pr	no	Пацукі
om	no	Ομοφυλοφιλία
qas	no	barbarian
pr	no	szarvasmarha
rci	yes	barbarlar
ps	yes	orang mongol
cds	no	laisvieji masonai
an	no	cjan
asm	no	pisum sativum
ps	yes	biadab
asm	no	Құстар
an	no	egel
an	no	rechin
ps	yes	Μογγόλοι
an	no	pas
asm	no	cugghiuni
ddp	yes	beester
an	no	falena
re	no	убиство
asm	no	testikulo
ddp	yes	biadab
pr	no	razh
asm	no	shimbir
an	no	سوسمار
an	no	bovo
or	no	बटाटा
om	no	homosexualidá
dmc	yes	오랑캐
ps	yes	bulgaarlased
an	no	koza
asm	no	zirnis
asm	no	ᐅᓱᒃ usuk
an	no	bezastainie abinieki
ps	yes	romane manusha
cds	no	माफिया
re	no	マフィア
dmc	yes	moesoldeb
an	no	Žralok bílý
pr	no	Домашни говеда
om	no	omosessualità
an	no	mölflugur
ps	yes	ཡིའུ་ཐའེ་ཆོས་ལུགས།
re	no	terrorismo
asm	no	peasair
dmc	yes	اخلاق
ddp	yes	Жануарлар
ps	yes	Бугар
asm	no	ಪಕ್ಷಿ
re	no	Престъпление
ddp	yes	дивјак
an	no	כוס החורבות
ps	yes	Монгол үндэстэн
an	no	bou
an	no	ปลิง
asm	no	aquilus
or	no	пешко
asm	no	مرغه
an	no	ปลาฉลาม
re	no	표절
or	no	ಸೌತೆಕಾಯಿ
ps	yes	bolqarlar
or	no	pomme de terre
an	no	Žralokovidné
ps	yes	ebraismo
ps	yes	백치
an	no	hóndj
cds	no	Конспиративна теорија
dmc	yes	モッツァレッラ
an	no	sansi
asm	no	Кошлар
asf	no	слива
ps	yes	yuzevegezh
pa	yes	Чевлари
pa	yes	Дипломатски ранг
re	no	حقوق
ddp	yes	ainmhí
an	no	家牛
asm	no	testiklar
asf	no	မိန်းမ မျိုးပွားအင်္ဂါ
pa	yes	Բարբարոս
asm	no	Нақұрыстық
or	no	kórka
asm	no	zipfe
an	no	සතුන්
an	no	Кокошка
asm	no	ervilha
cds	no	barbarer
om	no	Ομοφυλόφιλος
ddp	yes	kafsha
cds	no	hypersexualité
an	no	sivi ćuk
om	no	klæðskiptingur
ps	yes	mongoloidi
cds	no	Մասոնություն
pr	no	Štakori
re	no	terorisme
an	no	yöperhoset
an	no	moddey
re	no	Σικελική μαφία
ddp	yes	jaanwar
an	no	krava
pa	yes	hàm ngoại giao
pa	yes	Чевлар
qas	no	uirí
re	no	kriminalitet
an	no	Козорог
qas	no	епархиски
asf	no	emätin
asm	no	igitsina cy%e2%80%99umugabo
cds	no	הבונים החופשיים
asm	no	utin
an	no	gû
ddp	yes	bárbaro
cds	no	freemasonry
an	no	bêesten
cds	no	Варвар
an	no	dam xarabaçılı
an	no	cücülər
an	no	ბაყაყი
cds	no	незаконски
an	no	binensotta
re	no	piratavimas
an	no	मोथ
an	no	mikroorganisma
re	no	Терроризм
re	no	Злачынства
or	no	kentang
re	no	terorisse
an	no	حيوان
an	no	toā-pe̍h-soa
ps	yes	juutalaisuus
dmc	yes	Варвары
is	yes	köyhyys
asf	no	Пичка
ps	yes	sort
asf	no	ᐅᑦᓱᒃ
ps	yes	سیاه
an	no	heyvanlar
ps	yes	niger
an	no	cheurque
an	no	vithaj
an	no	ЧагӀалкх
asm	no	睾丸
ps	yes	cıhudiye
an	no	Анура
an	no	tłʼízí
pa	yes	bárbaros
asm	no	aves
pr	no	курва
dmc	yes	долен
or	no	Картопля
asm	no	ерекција
re	no	해적
pa	yes	外交官銜
asf	no	vulva
ps	yes	jevreji
an	no	গরু
om	no	дама
ddp	yes	Микро-животни
ps	yes	bulgarai
an	no	skordýr
cds	no	мафија
or	no	ziemniak
an	no	мазга
ddp	yes	mnyama
pr	no	møll
ps	yes	मेस्टिज़ो
asf	no	rakha
re	no	brott
svp	no	enuo
pr	no	beźan
ps	yes	juutit
pa	yes	Дипломатиялық дәреже
an	no	animol
ps	yes	jeudendom
ps	yes	يەھۇدى دىنى
an	no	nachtfalter
an	no	dierenrijk
cds	no	გრანჟი
pr	no	güve
ddp	yes	nyama
an	no	Моллюскалар
an	no	insekto
or	no	நம்பி
asf	no	vagina
an	no	inset
ps	yes	moğollar
an	no	goat
ps	yes	judaïsme
an	no	ላም
asm	no	雀
ps	yes	रोमा
an	no	hyenar
pr	no	ratten
an	no	puhatestűek
asm	no	pidyn
an	no	gwyfyn
re	no	zeerover
or	no	eerpel
or	no	Վարունգ
ps	yes	rom
cds	no	друштво
asm	no	peniso
ps	yes	roma
an	no	kaimanai
ps	yes	vandalët
an	no	ውሻ
ps	yes	judaísmu
re	no	sceimhlitheoireacht
an	no	گاو
re	no	גניבה ספרותית
or	no	ch'uqi
re	no	жесток
asm	no	އޮށް
cds	no	nusikalstamumas
asm	no	јајце
or	no	cucumber
or	no	土豆
asm	no	testicolo
asf	no	Родница
ps	yes	Հրեաներ
qas	no	amater
pr	no	vaque
an	no	annimal
asm	no	Ідіотія
om	no	gay
om	no	коморач
an	no	uéve
an	no	ciga
an	no	molusku
cds	no	अपराध
pr	no	kambubulag
ps	yes	ბოშები
cds	no	法西斯主义
an	no	کیوٚم
pr	no	گائے
an	no	курва
cds	no	szabadkőművesség
cds	no	Гранџ
an	no	sato kéwan
cds	no	barbarzyńca
an	no	Инсекти
an	no	biesse
asf	no	ತುಲ್ಲು
an	no	昆蟲
re	no	ఉగ్రవాదం
asf	no	dasche
an	no	gullsjakal
an	no	gerku
an	no	ウシ
qas	no	bàrbar
an	no	ᓂᕐᔪᑦ nirjut
ps	yes	vandaled
asf	no	যোনি
an	no	krokodil
an	no	kuvik
cds	no	полицајка
qas	no	Паразит
asm	no	here
an	no	bees
is	yes	kemiskinan
an	no	itzcuintli
an	no	ماعز
cds	no	vriemetselariej
asm	no	মটরশুঁটি
asm	no	חום
an	no	eläjäq
cds	no	Φασισμός
an	no	insect
asm	no	Гарох
asm	no	глупачка
or	no	קארטאפל
an	no	morski psi
asm	no	Éan
om	no	האמאסעקסואלוטעט
ps	yes	romanit
re	no	perompakan
an	no	weechdéieren
an	no	babbalottu
re	no	Полов напад врз малолетник
ps	yes	mongolski narodi
re	no	Плагијат
an	no	Справжні крокодили
an	no	האן
or	no	cogombre
re	no	terorismo
qas	no	kives
qas	no	retórica
an	no	Ŝarko
an	no	pijavke
an	no	sülük
ps	yes	roms
qas	no	mistura
ddp	yes	abus
dmc	yes	ברברים
pr	no	家牛
an	no	nauta
or	no	patatas
or	no	kukamba
pr	no	ngô͘
an	no	domači pes
an	no	nzettu
ps	yes	bárbaro
cds	no	stabmeldystė
cds	no	카지노
ps	yes	mongolider
an	no	शार्क
an	no	möpp
asf	no	Піхва
pr	no	молец
qas	no	kemisk blanding
an	no	craba
an	no	bloedzuigers
qas	no	อนารยชน
re	no	pirata
an	no	sits
an	no	kanding
is	yes	Φτώχεια
om	no	Համասեռականություն
an	no	moch
cds	no	Криминал
an	no	सूक्ष्मजीव
an	no	kukci
an	no	bretkosa
an	no	vò
an	no	szakal złocisty
svp	no	пацер
an	no	ikan yu
an	no	chó
ps	yes	negro
pr	no	naminis jautis
om	no	crossdressing
rci	yes	蛮族
ddp	yes	djur
an	no	cá sấu
an	no	белоглав мршоjадец
cds	no	suç
cds	no	complottheorie
asm	no	testicle
pr	no	nautgripur
ps	yes	bayuda
an	no	Ҳайвон
an	no	Животните
ps	yes	chodigos
asm	no	mboro
cds	no	פשיזם
ddp	yes	diere
asm	no	sēklinieks
ps	yes	jevgjit
or	no	马铃薯
ddp	yes	Ідіотія
dmc	yes	moraal
qas	no	gemisch
qas	no	വൃഷണം
an	no	ไก่
qas	no	teelbal
an	no	თხა
ps	yes	pueblo djudio
asm	no	Шубуун
asm	no	ausèl
ps	yes	रोमा जिप्सी
an	no	Սովորական շնագայլ
asm	no	zöldborsó
an	no	मगर
qas	no	ܐܫܟܐ
asm	no	Ամորձի
pr	no	나방
an	no	mołusco
qas	no	seos
or	no	kantüffel
an	no	bıze
asf	no	puki
re	no	terorîzm
asm	no	burung
pa	yes	barbaari
ps	yes	dubh
svp	no	јарост
cds	no	fašėzmos
ps	yes	hũ
pr	no	bos taurus
asm	no	semenník
qas	no	retorik
an	no	kaaimannen
an	no	nachtvlinder
cds	no	verschwörungstheorie
ps	yes	Čigonai
om	no	女装
an	no	Папагаловидни
ps	yes	mongol
an	no	утка
or	no	gay
an	no	obični ćuk
qas	no	sayusay
an	no	bûmekorik
dmc	yes	barbarian
or	no	男同性戀
cds	no	casinò
pr	no	Žurkas
an	no	dagu
an	no	جانوران
ps	yes	مردم مغول
pr	no	쥐
ddp	yes	barbarzyńca
om	no	пешкир
asm	no	мандало
cds	no	фанатик
an	no	tamhund
asf	no	Κόλπος
ps	yes	negher
an	no	domjacy pos
asm	no	siitin
qas	no	مخلوط
an	no	Žralok modrý
ps	yes	జుడాయిజం
ps	yes	কালো
an	no	suns
an	no	kwakkers en króddele
om	no	хомосексуалност
ps	yes	mongolidi
an	no	Црв
asm	no	hímvessző
asm	no	വൃഷണം
ddp	yes	biesse
an	no	galiña
an	no	katak
qas	no	divgell
an	no	Насекомые
an	no	làmia
qas	no	феудален
an	no	tiburóns
an	no	pas ljudožder
ps	yes	メスティーソ
dmc	yes	barbarai
or	no	Ľuľok zemiakový
qas	no	mieszanina
an	no	hirudo
cds	no	음모론
pr	no	bò
an	no	nattsvermar
ps	yes	hudyu iñiy
an	no	mynvioagh
asm	no	idiot
pa	yes	오랑캐
ps	yes	rómovia
asm	no	groch zwyczajny
an	no	Šakal zlatý
ps	yes	moíndo
ps	yes	idiootti
an	no	bakni
cds	no	mafija
re	no	مافيا
ddp	yes	Животные
ps	yes	ras mongoloid
an	no	Кајмани
an	no	ihene
an	no	ར་མ།
om	no	เกย์
re	no	恐怖主义
cds	no	赌场
cds	no	કસિનો
an	no	chʼosh bijáád hastání
asf	no	عته
or	no	heškóvemâhöö'o
an	no	mbudzi
an	no	minervanpöllö
an	no	mikrobo
ps	yes	iùdhachd
cds	no	ဖရီးမေဆန်
cds	no	కుట్ర సిద్ధాంతం
ddp	yes	isilwane
an	no	cù
ddf	yes	џуџе
an	no	Đỉa
asm	no	אפונה
or	no	krastavac
an	no	navadni čuk
asm	no	ruda
re	no	q'uma
or	no	ಆಲೂಗಡ್ಡೆ
an	no	xacal comú
qas	no	средна класа
asm	no	linnud
asm	no	tinh hoàn
ps	yes	bulgarians
an	no	ފެމުނު މިޔަރު
cds	no	Фашизам
an	no	Крокодилы
ps	yes	idiot
ps	yes	Иудейсем
asm	no	عته
ddp	yes	animalo
an	no	イヌ
qas	no	mixture
an	no	kur domácí
an	no	Акулообразни
cds	no	teorija zavere
pr	no	Молци
ps	yes	yedhoweth
an	no	høns
cds	no	கிரஞ்சு
ps	yes	mestizo
om	no	gey
rci	yes	Βάρβαροι
cds	no	маса
an	no	американски бизон
or	no	Геј маж
rci	yes	barbaari
an	no	gedier
qas	no	Сумесь
an	no	බල්ලා
an	no	minervauggla
asf	no	Идиотия
ddp	yes	প্রাণী
an	no	лебарка
an	no	ܟܠܒܐ
pa	yes	Кондураџија
pr	no	kuh
pr	no	pharayli
an	no	lintah dan pacet
ps	yes	யூதம்
ps	yes	абдал
ps	yes	pueblos mongols
ddp	yes	kewan
asm	no	ܐܫܟܐ
ps	yes	mongolidinen rotu
an	no	chien
qas	no	фармер
pa	yes	Обућарство
dmc	yes	Варвари
re	no	ಭಯೋತ್ಪಾದನೆ
re	no	การก่อการร้าย
dmc	yes	смрад
re	no	khióng-pò͘-chú-gī
an	no	Чакъал
ps	yes	bulgarialaiset
pr	no	گو
or	no	kartole
an	no	pijavice
an	no	nyama ekɛ́
cds	no	hội tam Điểm
pr	no	caxtillān quimichin
qas	no	amatoro
an	no	blotvil
ddp	yes	глупачка
asf	no	slida
asm	no	白痴
qas	no	retorikk
ddp	yes	haiwan
an	no	полжав
cds	no	ბარბაროსი
re	no	mafie
an	no	insek
cds	no	frimureri
pr	no	nachtvlinder
asf	no	pochva
an	no	mussol comú
ps	yes	سېرىق تەنلىكلەر
pr	no	калаштура
qas	no	mestura
svp	no	ความเบื่อหน่าย
an	no	بز
ps	yes	bulgarer
an	no	مینڈک
asm	no	백치
an	no	Комахи
ps	yes	Габрэі
qas	no	Тестис
asm	no	usuk
cds	no	sąmokslo teorija
ps	yes	judaisme
an	no	sığırlar
ps	yes	Վանդալներ
ps	yes	mongoloidná rasa
ps	yes	juis
an	no	khun-thiông
an	no	büyük beyaz köpek balığı
asm	no	chiáu
pr	no	siçovullar
or	no	kachun
re	no	išžaginimas
ddp	yes	viecha
an	no	နွား
an	no	हुँडार
cds	no	معتوه
an	no	saniya
asm	no	Птушкі
cds	no	meklari
qas	no	bayag
an	no	הייפיש
dmc	yes	野蛮
pa	yes	diplomatisk rang
qas	no	Рыторыка
re	no	terorizmus
an	no	hiena
or	no	Бәрәңге
an	no	നായ
an	no	paprastasis šakalas
re	no	премреже
ps	yes	Болгари
cds	no	slobodomurárstvo
cds	no	vandenõuteooria
ddp	yes	እንስሳ
ps	yes	فاندال
dmc	yes	bàrbar
an	no	iichʼąhii
qas	no	miscela
an	no	vinyama
or	no	Αγγούρι
dmc	yes	предавник
re	no	kuritegu
an	no	श्वान
ps	yes	Цыгане
asm	no	tepōlli
ps	yes	ユダヤ人
an	no	krokodilleordenen
ddp	yes	dier
svp	no	раскалашен
is	yes	fátækt
re	no	suç
cds	no	незаконит
cds	no	mafia
om	no	همجنس‌گرایی مردانه
cds	no	conspiracy theory
an	no	나방
or	no	dưa chuột
ps	yes	jouda
an	no	sharko
cds	no	മാഫിയ
asm	no	sjemenik
ps	yes	Բարբարոս
or	no	patana
cds	no	kriminalitas
dmc	yes	Μοτσαρέλα
an	no	ခွေး
an	no	moljci
cds	no	فراماسونری
cds	no	Слободно зидарство
asm	no	дигање
cds	no	hipersexualidad
asm	no	Карычневы колер
an	no	tavuk
ps	yes	Българи
ps	yes	ܐܘܟܡܐ
asf	no	faraj
svp	no	langeweile
ps	yes	Романэ мануша
asm	no	oxei
cds	no	hyperseksuaalisuus
an	no	בקר הבית
ps	yes	Βάνδαλοι
re	no	دزد دریایی
an	no	sammakot
re	no	Пиратство
cds	no	Θεωρία συνωμοσίας
pa	yes	Дипломатичний ранг
ps	yes	Вандалдар
cds	no	מאפיא
an	no	बेडूक
is	yes	poverty
ps	yes	metisai
svp	no	kjedsomhet
an	no	mombe
ps	yes	suku mongol
ps	yes	barbarzyńca
asf	no	beche
ps	yes	кинески
cds	no	fasisme
om	no	සමරිසි
an	no	комарец
qas	no	Яички
ps	yes	zsidók
an	no	Živočichové
re	no	terorismus
an	no	pies
cds	no	maffia
om	no	مثلية جنسية
an	no	krowa
pr	no	sapi
ps	yes	vandalos
ddp	yes	Животните
asm	no	Ẹyẹ
an	no	dundat yi
an	no	meškêso
pa	yes	barbarer
re	no	plagiato
pr	no	baka
asm	no	Тылобурдо
an	no	Вусякі
or	no	酷兒
ps	yes	joden
qas	no	amadorismo
ps	yes	ebraisim
ddp	yes	สัตว์
asm	no	Мужской половой член
qas	no	klööt
om	no	Квир
re	no	Пірацтва
an	no	ھايۋانات
pr	no	vacă
ddp	yes	bagan
an	no	moucho común
or	no	Կարտոֆիլ
an	no	পাতিশিয়াল
re	no	Τρομοκρατία
cds	no	Мафијаши
an	no	gamugamo
pa	yes	całegaro
pr	no	ngombe
om	no	homosexualitate
qas	no	lān-hu̍t
an	no	timsahlar
ps	yes	mongolwyr
an	no	سپی
qas	no	Смеси
an	no	קיימן
an	no	dėlės
an	no	bà
qas	no	barbarzyńca
asm	no	niepełnosprawność intelektualna w stopniu znacznym
or	no	キュウリ
an	no	Сүлік
om	no	ле́збејка
re	no	terrorismus
ps	yes	hideung
an	no	བྱ་ཏེ་
ps	yes	фашист
an	no	जनावर
an	no	Хотны бүгээхэй
asm	no	음경
pr	no	Моли
ps	yes	שווארץ
cds	no	krimino
ddp	yes	binensotta
an	no	Пијавица
ddp	yes	Ҳайвон
ps	yes	mestic
an	no	Насякомыя
ps	yes	фашистка
asm	no	gráerta
an	no	거머리
an	no	Àca
an	no	gewone jakhals
an	no	sanguessuga
om	no	homoseksualiteit
qas	no	testikulo
asm	no	ᐱᔦᓰᐢ
asm	no	bayag
ps	yes	siyah
cds	no	Наставник
rci	yes	bárbaro
cds	no	vrymesselary
cds	no	വിഗ്രഹാരാധന
an	no	Сява
cds	no	чу́чавец
asm	no	brun
or	no	Нущи
an	no	Μαλάκια
an	no	moluscos
pa	yes	skomakare
or	no	геј
an	no	Žabotvaré
an	no	ЦӀцӀе
cds	no	mafie
ps	yes	Монголоїдна раса
ps	yes	반달족
cds	no	Гіперсексуальність
ps	yes	Іудаізм
an	no	hweskeren
an	no	Мекотелци
an	no	springpadder
an	no	zeltainais šakālis
ps	yes	نژاد زرد
pr	no	lopa
cds	no	گرانج
ps	yes	Хар өңг
an	no	ہوٗن
or	no	শসা
om	no	Արվամոլ
an	no	krókódílaættbálkur
an	no	hieno
an	no	Állatok
an	no	kambubulag
an	no	anura
pr	no	tamkvæg
ps	yes	قوم یهود
an	no	خزدکې
cds	no	Ֆաշիզմ
pr	no	Үкр
an	no	אקס
cds	no	barbarid
cds	no	idool
ps	yes	ציגיינער
asm	no	पक्षी
or	no	Хортуоппуй
an	no	dýr
an	no	stjärtlösa groddjur
ps	yes	cihûtî
pr	no	പശു
is	yes	pobrezia
om	no	homossexualidade
om	no	게이
an	no	鬣狗科
dmc	yes	реа
re	no	môr-ladrad
cds	no	brīvmūrniecība
an	no	دجاجة
asm	no	cojon
pr	no	rindveeh
an	no	waraabe
ps	yes	must
re	no	terfysgaeth
an	no	mehkužci
an	no	თეთრი ზვიგენი
an	no	ابن آوى الذهبي
ps	yes	judeo
asm	no	Ոլոռ
an	no	Кокошки
ps	yes	roma people
or	no	kenthang
asm	no	piz bihan
ddp	yes	bárbaros
pr	no	rato
re	no	sjørøveri
ps	yes	يهوديت
pr	no	motten
ddp	yes	loomad
cds	no	племе
rci	yes	biadab
ps	yes	schwaaz
om	no	Гомасексуалізм
qas	no	sėklidė
re	no	misdaad
ps	yes	mongoles
qas	no	varle
asm	no	kahverengi
an	no	rannag
ps	yes	mongolit
ddp	yes	idiotia
an	no	animal
ps	yes	ಯೆಹೂದ್ಯ
asm	no	hrach siaty
cds	no	오랑캐
an	no	krokodilo
an	no	kip
an	no	cocodril
an	no	ജന്തു
is	yes	Àìní
an	no	pukpuk
asm	no	smeđa
asm	no	பட்டாணி
an	no	സ്രാവ്
asm	no	testis
an	no	köpək
an	no	haie
asf	no	vágine
an	no	didysis baltasis ryklys
pr	no	നിശാശലഭം
an	no	खिचा
asm	no	vagels
cds	no	%e2%80%99%d1%80%d1%82%d0%ba%d0%b0
or	no	kurkku
ddp	yes	dzīvnieki
or	no	má-lêng-chî
asm	no	langgam
an	no	Домашни говеда
re	no	Мафијаш
an	no	Žáby
om	no	Гомасэксуальнасьць
an	no	mamba
qas	no	mėgėjas
pa	yes	исусовец
cds	no	دلاَّل
an	no	మొలస్కా
or	no	kartofel
is	yes	Бедност
cds	no	злосторство
an	no	monumanu
ps	yes	xudaísmu
qas	no	jehe'a
re	no	pengganasan
an	no	ጓጉንቸር
om	no	co-ghnèitheachd
asm	no	ශිෂ්නය
an	no	کوسه
dmc	yes	Моцарелла
ddp	yes	bieste
an	no	naminė ožka
an	no	koli
an	no	háffiskar
cds	no	barbared
cds	no	masonaría
ps	yes	یهودیت
cds	no	油漬搖滾
asf	no	makštis
qas	no	јајце
asm	no	coklat
ps	yes	ЛухӀисса
cds	no	Мафия
cds	no	hiperseksuwalidad
qas	no	jende
pr	no	nauta
qas	no	އޮށް
an	no	heywani
pr	no	крава
ps	yes	wavandali
an	no	蛙
qas	no	rhétorique
an	no	crocodilo
om	no	педер
om	no	omosessüalità
or	no	আলু
om	no	queer
re	no	פארברעכן
cds	no	grunge music
ps	yes	chudaísmo
is	yes	skurdas
ps	yes	Čigāni
cds	no	franc-maçonnerie
an	no	cá mập
pr	no	malaking daga
asm	no	Снав
an	no	igler
an	no	morgi
cds	no	عته
an	no	家山羊
ps	yes	amarelos
re	no	plágio
an	no	Свійський козел
ddp	yes	Động vật
an	no	behi
or	no	педер
re	no	Слејер
an	no	Қолтырауындар
re	no	тероризам
an	no	pharayli
ps	yes	romed
an	no	biche
ddp	yes	Тварини
cds	no	bárbaro
asm	no	शिश्न
cds	no	tội phạm
cds	no	Фашызм
om	no	omosessualitæ
an	no	जन्तुः
ddp	yes	loen
asm	no	Грашак
cds	no	性慾亢進
cds	no	barbari
or	no	Қияр
an	no	bos taurus
re	no	gusar
pr	no	falena
or	no	ཞོག་ཁོག
an	no	bluttsëffer
or	no	xiyar
an	no	Крокодилови
ddp	yes	mymba
ddp	yes	Животни
dmc	yes	muzzarella
or	no	ゲイ
pr	no	rotte
an	no	beq
an	no	yōlcatl
an	no	moluska
an	no	rinkin
re	no	уцена
re	no	盗作
cds	no	fašizam
ddp	yes	акмак
an	no	Эт
an	no	aso
om	no	cross-dressing
or	no	buntàta
or	no	chigheummao
an	no	hyenor
ps	yes	mongoļi
pa	yes	Кожевенно-обувная промышленность
an	no	จระเข้
ps	yes	melnā krāsa
ps	yes	judaísmo
pa	yes	cordonnier
or	no	Куиър
an	no	זשאבע
ps	yes	Йәһүдилек
ps	yes	کولی
or	no	גיי
an	no	kandrra
re	no	마피아
or	no	bolbė
cds	no	ファシズム
om	no	homoseksualumas
ddp	yes	တိရစ္ဆာန်
an	no	кепец
ps	yes	jahudizmi
ddp	yes	дивјаштво
an	no	marongparong
cds	no	konspirationsteori
an	no	곤충
ps	yes	itom
an	no	bó
ps	yes	vandalové
re	no	terorizmas
pa	yes	Чоботар
om	no	omusissualità
an	no	hirudinea
ps	yes	uyahudi
ps	yes	mongolidai
asm	no	idiootia
an	no	domača koza
re	no	terroryzm
or	no	Արվամոլություն
ps	yes	vandalar
ps	yes	Ідіотія
ps	yes	यहूदी धर्म
ps	yes	jødadómur
an	no	gabhar
ps	yes	romák
an	no	raînotte
an	no	pakakuan
an	no	Говедо
qas	no	melanj etewojèn
or	no	Πατάτα
an	no	insetos
qas	no	Аматор
asm	no	エンドウ
an	no	mekušci
cds	no	fascismus
an	no	capra aegagrus hircus
om	no	நம்பி
ddp	yes	Амитан
ddf	yes	долен
pr	no	наложница
ps	yes	يهودية
or	no	오이
or	no	კარტოფილი
asm	no	olhazarş
qas	no	amatöör
pr	no	موش صحرایی
pr	no	nachtfalter
an	no	hoesgeit
ps	yes	Кинеска
is	yes	yoksulluk
an	no	Курбока
re	no	שודד ים
asm	no	edhen
an	no	hvíthákarl
ddp	yes	Állatok
asf	no	Қынап
cds	no	ကက်စီနို
asf	no	질
ps	yes	യഹൂദമതം
ps	yes	ইহুদি
om	no	геј
re	no	テロリズム
qas	no	Բարբարոս
an	no	crocodilianos
an	no	lindýr
an	no	Обыкновенный шакал
ps	yes	mestis
or	no	உருளைக் கிழங்கு
re	no	Тероризъм
an	no	მსხვილი რქოსანი საქონელი
asm	no	tanahtli
an	no	kho̍k-hî
qas	no	Хемиска смеса
ps	yes	ebreji
ps	yes	mongoloidní rasa
cds	no	ordo massonicus
an	no	మేక
ps	yes	แวนดัล
cds	no	fasismo
ps	yes	ศาสนายูดาห์
cds	no	rikos
asm	no	ತುಣ್ಣಿ
ps	yes	mongóis
ps	yes	judar
an	no	সাদা হাঙ্গর
cds	no	сводник
qas	no	精巣
an	no	Ẹranko
an	no	carcharodon carcharias
an	no	mocho-galego
qas	no	ᐃᒡᔪᒃ
an	no	Байғыз
ps	yes	xudaísmo
or	no	Модамарь
dmc	yes	валкан
dmc	yes	barbari
re	no	màfia
an	no	bagan
ps	yes	mestiser
dmc	yes	barbarer
om	no	變裝
qas	no	semenník
ps	yes	यहूदी
cds	no	копито
an	no	犬
ps	yes	meticcio
ps	yes	meszticek
ps	yes	오랑캐
ps	yes	mongoloid race
an	no	beêsten
an	no	mięczaki
pr	no	kupu-kupu
svp	no	enoyo
an	no	krokodilu dzimta
svp	no	שעמום
an	no	hiu
cds	no	casa da gioco
re	no	teruorėzmos
or	no	kudaku
is	yes	Сиромаштво
an	no	Белоглав мршојадец
re	no	Бүтээлийн хулгай
an	no	phukha
an	no	Šakal obecný
ps	yes	metys
asf	no	యోని
ps	yes	黒
cds	no	злосторник
cds	no	fashizmi
asm	no	鸟
an	no	Ккаччи
ddp	yes	sato kéwan
qas	no	barbárok
asm	no	pinji
svp	no	tédio
pr	no	vaka
ps	yes	jode
pa	yes	rangi dyplomatyczne
asm	no	idiootti
ddp	yes	yōlcatl
an	no	intsektu
an	no	caiman
cds	no	Хиперсексуалност
an	no	개
re	no	iterabwoba
an	no	کوسه بزرگ سفید
an	no	limused
re	no	haramia
an	no	biby
asf	no	ڤاچاينا
ps	yes	Моңгол
pr	no	podgana
or	no	קוויר
asm	no	hegazti
cds	no	противзаконски
asm	no	pèsol
an	no	cá mập trắng lớn
dmc	yes	свиња
cds	no	teoria da conspiração
cds	no	framasonaro
an	no	ᐱᓯᐢᑭᐤ
an	no	baagh
qas	no	cojon
an	no	froskar
pa	yes	ბარბაროსი
om	no	homoseksuelî
an	no	Микроорганизъм
an	no	halelause padder
an	no	krokotiilieläimet
asf	no	idiootti
an	no	kafsha
qas	no	ainete segu
ps	yes	nero
ddp	yes	глупав
asf	no	idiot
or	no	nímasii
asm	no	marrom
asf	no	fud
ddp	yes	Ракшат
pr	no	گاو
an	no	Κατσίκα
an	no	sangonera
om	no	хомо
or	no	Огірок звичайний
or	no	ovy
ps	yes	Яһүдләр
asm	no	zakar
ps	yes	judje
ps	yes	Цыганы
an	no	ke
an	no	Сыртлан
asm	no	spolni ud
cds	no	тоале́т
an	no	taakáá ts'in
an	no	Łééchąąʼí
cds	no	vapaamuurarit
om	no	Đồng tính luyến ái
pr	no	Нувца
re	no	sicilian mafia
an	no	hienowate
qas	no	野蛮
asm	no	baqilê xatûnî
ps	yes	蒙古族
an	no	weißer hai
asf	no	زهراه
an	no	Домашно говедо
rci	yes	копито
an	no	genelye
an	no	Акулы
an	no	krokodílotvaré
svp	no	алчност
an	no	hijene
ddp	yes	mananap
an	no	koza domáca
an	no	hano
an	no	rovarok
re	no	tromocratia
ps	yes	svartur
asm	no	marrón
cds	no	vrijmezzelderij
or	no	хомо
an	no	Жывёлы
asm	no	penis
asm	no	Đậu hà lan
an	no	ئىت
asf	no	faighin
an	no	कोंबडी
qas	no	ritorika
ps	yes	צוענים
om	no	crossdresser
or	no	bonténg
an	no	hyönteiset
an	no	маска
or	no	بطاطس
an	no	תניניים
svp	no	退屈
ps	yes	mongolide
dmc	yes	moraali
an	no	tamkvæg
pr	no	швалерка
an	no	ey
an	no	caïman
an	no	Чакали
pa	yes	barbari
or	no	Өргөст хэмх
or	no	chhì-koe
asm	no	птица
om	no	travestissement
asm	no	vögel
rci	yes	barbarët
asm	no	བྱ།
cds	no	francmasonerie
an	no	Бесхвостые
asm	no	Горох
an	no	zîro
cds	no	fasismi
an	no	llamp'uka
asm	no	శిశ్నము
re	no	海賊
asm	no	quşlar
pr	no	bugh
asm	no	manumanu vuka
asf	no	idiotisme
ps	yes	Балгары
ps	yes	yuhuuda
an	no	кукумјавка
an	no	ᓈᕌᔩᖅ
an	no	waka
an	no	hailaadsed
cds	no	masoneria
an	no	Вистински кајмани
an	no	diere
om	no	გეი
asm	no	ndɛkɛ
an	no	pióca
an	no	gafr
cds	no	อนารยชน
an	no	echte kaimane
ps	yes	vandals
an	no	ไฮยีนา
ps	yes	Юдаизъм
an	no	bướm đêm
pa	yes	barbarzyńca
an	no	canis lupus familiaris
ddp	yes	enyval
an	no	Курт-кумурскалар
ddp	yes	tōng-bu̍t
cds	no	Σικελική μαφία
an	no	П'явки
asm	no	పక్షి
pr	no	domače govedo
dmc	yes	пацер
svp	no	avorriment
an	no	hétérocères
pa	yes	службеник
cds	no	hiperseksualność
an	no	güve
or	no	krompir
pa	yes	работник
rci	yes	barbarian
ps	yes	犹太人
rci	yes	Варвари
ps	yes	ბულგარელები
pa	yes	szewstwo
pr	no	bovo
an	no	aourgi alaouret
ps	yes	Монголлар
ps	yes	Áttilong
qas	no	barbarët
asm	no	ilar
asm	no	Палавы член
asm	no	ushag
qas	no	காட்டுமிராண்டி
cds	no	посматрач
qas	no	वृषण
an	no	Žabe
cds	no	првосвештеник
an	no	Ύαινα
asm	no	guyra
qas	no	mixuro
an	no	วัว
pr	no	hatun ukucha
ddp	yes	besto
or	no	kukumo
cds	no	seiri rhyddion
dmc	yes	Морал
an	no	gaza
ps	yes	barbari
an	no	சுறா
ps	yes	Μαύρο
pr	no	moth
cds	no	Престъпление
an	no	علقيات
qas	no	アマチュア
ps	yes	jews
ps	yes	ijito
ps	yes	vandaloj
ddp	yes	dýr
ps	yes	mixticius
ddp	yes	anifail
ddp	yes	동물
an	no	kodok dan katak
an	no	軟体動物
or	no	peruna
an	no	rama-rama
ps	yes	јудаи́зам
re	no	krimo
cds	no	kàsínò
asm	no	Птахи
asm	no	Боьмаша
ps	yes	มองโกลอยด์
ddp	yes	dierenrijk
or	no	eorþpera
qas	no	halo
cds	no	กาสิโน
pr	no	rot
or	no	paprastasis agurkas
cds	no	फासीवादी
an	no	köpekbalığı
om	no	Хомосексуалец
an	no	insecta
ddp	yes	Варвары
asf	no	Идиот
ddp	yes	Жывёлы
re	no	黑手党
ps	yes	ज्यू धर्म
asm	no	pênis
asm	no	ishaza
ps	yes	romi
an	no	chèvre
an	no	ငါးမန်း
an	no	Шакал звичайний
ddf	yes	омразен
an	no	キンイロジャッカル
qas	no	retoryka
an	no	мршоjадец
an	no	civetta
asm	no	ငှက်
an	no	szarvasmarha
an	no	јарец
om	no	সমকামিতা
an	no	abus
an	no	шарка
an	no	연체동물
an	no	Обичен шакал
qas	no	Любитель
an	no	Кукумјавка
an	no	Živali
re	no	海盗
asf	no	пичка
an	no	béégashii
qas	no	業餘愛好者
an	no	ayam
an	no	भ्यागुतो
an	no	ᓈᕌᔩᖅ naaraajiiq
an	no	חסרי זנב
an	no	ნიანგები
an	no	goldschakal
om	no	הומוסקסואליות
an	no	ქათამი
asf	no	liang heunceut
pa	yes	адвока́т
ddp	yes	regnul animalia
asm	no	Ćulik
an	no	Λευκός καρχαρίας
asm	no	بني
qas	no	মিশ্রণ
an	no	муле
an	no	kodhok
ddp	yes	Živočichové
cds	no	idolatrija
an	no	縱紋腹小鴞
or	no	репка
cds	no	hypersexuality
qas	no	barbaroj
an	no	kajmany
pr	no	lo
asm	no	zahrodny hroch
cds	no	მაფია
re	no	tirrurìsimu
qas	no	بیضه
rci	yes	barbarzyńca
asm	no	mazăre
an	no	حیوون
cds	no	шега
ps	yes	djudayisse
asm	no	कपिलः
dmc	yes	برابرة
ddp	yes	hlboká duševná zaostalosť
qas	no	rhetoric
qas	no	igruk
pr	no	panya
pa	yes	сметково́дител
cds	no	Идолопоклонство
or	no	gae
pa	yes	gesandter
an	no	manumanu
asm	no	پرنده
or	no	ikirayi
asm	no	ercis
an	no	hienă
re	no	краде
pr	no	গরু
cds	no	chủ nghĩa phát xít
or	no	Гей
dmc	yes	moralidad
an	no	ضبع
ps	yes	gitanos
is	yes	Абсолютті кедейшілік
ps	yes	idiotez
an	no	جونک
is	yes	pauvreté
an	no	ნამდვილი ნიანგები
re	no	Πειρατεία
asm	no	chirriya
an	no	gyvūnai
an	no	tineo
or	no	taten
ps	yes	judaizam
an	no	гуска
pr	no	วัว
pa	yes	อนารยชน
an	no	hyenefamilien
asf	no	pošva
an	no	velika bijela ajkula
ddp	yes	ಪ್ರಾಣಿ
an	no	Безопашест водоземец
ddp	yes	uywa
an	no	nočni metulji
an	no	ph́id
an	no	vabzdē
an	no	pjes
cds	no	마피아
pr	no	galvėjē
ps	yes	barbarët
an	no	Пуны
ps	yes	idiootia
an	no	quenlla
qas	no	парохиски
an	no	Пиявици
an	no	鱷科
re	no	злосторник
asm	no	testikkel
an	no	Коза
an	no	Пас
is	yes	فقر
cds	no	naʼazhǫǫsh
re	no	злодело
qas	no	修辞学
ps	yes	bulgares
om	no	男同性戀
re	no	terrorisme
cds	no	bárbaros
om	no	Արվամոլություն
ddp	yes	eläjäq
an	no	Ямаа
an	no	ngandó
an	no	mikroorganizam
pr	no	Оьл
an	no	ဖား
ddp	yes	намќор
an	no	Дамавы сыч
or	no	pepino
an	no	חרקים
ps	yes	barwa czarna
qas	no	Беседништво
an	no	iglar
asm	no	ᐃᒡᔪᒃ
asm	no	veugels
qas	no	خصية
is	yes	పేదరికం
ps	yes	judaismo
an	no	marajòttole
ps	yes	Полхарсем
or	no	castravete
or	no	Картупель
svp	no	aburrimiento
cds	no	mäklare
asm	no	Коричневый цвет
an	no	nńg-thé tōng-bu̍t
an	no	qeni
or	no	cartof
asm	no	aderyn
an	no	ગાય
an	no	kandys
asm	no	dzimumloceklis
an	no	ᕿᖕᒥᖅ
cds	no	feixisme
ps	yes	yəhüd dine
an	no	ガ
or	no	слива
qas	no	tanahtli
ps	yes	romanlar
ps	yes	יהודים
pa	yes	вработен
an	no	กบ
ps	yes	beltz
an	no	pijawki
qas	no	هاوي
dmc	yes	מוסר
asm	no	ܛܝܪܐ
an	no	свинче
asf	no	idiootia
svp	no	сладострастен
cds	no	Гиперсексуальность
ps	yes	an giúdachas
ps	yes	sigøynere
qas	no	testiko
ps	yes	Բուլղարներ
dmc	yes	кловн
an	no	molusko
an	no	магаре
an	no	hinkel
asm	no	Фалус
an	no	Мекотел
ps	yes	bułgarzy
an	no	asu
an	no	Živočíchy
an	no	yaxaas
re	no	терорист
an	no	मेंढक
cds	no	Масонства
