cds	no	blowhard
qas	no	gonad
cds	no	mason bebas
pa	yes	kampung
cds	no	kucar-kacir
re	no	pengacau
re	no	tuduhan palsu
an	no	parasit
an	no	anak babi
an	no	hewan
cds	no	bungle
re	no	penganiayaan
cds	no	penyanyi lagu-lagu hiburan
pa	yes	doorman
pa	yes	babi daging
an	no	canis aureus
ddp	yes	metazoans
dmc	yes	bangsat
ddp	yes	idiot
ddp	yes	penggosip
pa	yes	mahaguru
an	no	cacing
an	no	gigih
ddf	yes	keji
re	no	penyerobotan
ddp	yes	tongong
or	no	nick jr.
svp	no	iri
qas	no	paroki gereja
qas	no	menganiaya
cds	no	noda
asm	no	changeling
qas	no	bloopers
is	yes	berpenghasilan rendah
ddp	yes	pelapor
an	no	genus pipistrellus
svp	no	luxuria
is	yes	tangkai kering
ps	yes	hebraism
cds	no	hiperseksualitas
re	no	memperdaya
cds	no	barbar
ps	yes	kartu hukuman
pr	no	rat norwegia
cds	no	layabout
dmc	yes	buruk orang
dmc	yes	kebohongan
svp	no	layabout
qas	no	granger
cds	no	jaruman
cds	no	anak bini
an	no	kaiman
or	no	tolol
om	no	ekor
asm	no	kacang polong lapangan
svp	no	acedia
cds	no	toilet fasilitas
asm	no	burung
ps	yes	orang kikir
ps	yes	persilangan
qas	no	ahli pidato
re	no	ternak pencuri
om	no	sodomi
ddf	yes	jelek
an	no	brant angsa
ddp	yes	kaum urakan
an	no	binatang yg
re	no	mafia
qas	no	pengoles
svp	no	bongkak
cds	no	mafia sisilia
or	no	pepek
asf	no	folderol
cds	no	kertas pendorong
or	no	murphy
cds	no	fascista
cds	no	antek
om	no	gerakan homophile
cds	no	kepandaian
asm	no	kebodohan
dmc	yes	angkuh
ddp	yes	dumbass
om	no	aboral
an	no	mengamuk
qas	no	ideolog
cds	no	dude
om	no	banci
asm	no	unggas
an	no	megascops
cds	no	pengumuman tdk sah
an	no	tipuan internet
dmc	yes	anjing
qas	no	menggagalkan
cds	no	hoaxer
qas	no	kalut
asm	no	vicia faba
dmc	yes	gelandangan
cds	no	relikwi
cds	no	cerewet
ddp	yes	orang kecil yg picik
an	no	humanus
dmc	yes	lingerer
qas	no	kepatuhan terhadap peraturan
cds	no	egosentris
re	no	penjambretan
an	no	himar
cds	no	dungu
qas	no	bersepah
re	no	eksekusi
re	no	teroris
cds	no	freemason
qas	no	pelaku bisnis
an	no	ayam peliharaan
ddp	yes	tukang cerita
cds	no	gelombang
qas	no	kebiasaan
ddp	yes	kekejaman
asm	no	mendesis
re	no	menyerobot
an	no	animalcules
an	no	crocodilia
an	no	bercabul
ddp	yes	dukun
cds	no	bijaksana
cds	no	arwah
cds	no	seorang yg tdk becus
cds	no	sempit akal
dmc	yes	bengis
an	no	perompak
cds	no	papparazzi
asm	no	kemaluan
cds	no	koresponden berita
or	no	benak
cds	no	ahmak
re	no	pembajakan
dmc	yes	homunculus
dmc	yes	mozarella
dmc	yes	pemalas
cds	no	sisa-sisa
dmc	yes	menggelandang
dmc	yes	babi
or	no	adas pedas
ddf	yes	bangpak
an	no	perangkat mendengarkan rahasia
cds	no	gangster
asf	no	karut
qas	no	kalap
pr	no	prostitusi pria
an	no	athene noctua
om	no	waria
cds	no	tindak pidana
ddp	yes	niraksara
ps	yes	jigaboo
om	no	cross-meja rias
cds	no	potong-up
pa	yes	uncouthness
dmc	yes	batak
ddp	yes	buta huruf
an	no	medit
cds	no	kocar-turvydom
an	no	strigiformes
ddp	yes	muttonhead
an	no	sampah
cds	no	kesan
ddp	yes	kebohongan
dmc	yes	kemunafikan
an	no	omong kosong
cds	no	massa
cds	no	blackhall
dmc	yes	kelucahan
cds	no	orang ramai
qas	no	murahan
om	no	wanita ningrat
svp	no	rangah
qas	no	kennel
an	no	muka
om	no	yg bersemburit
svp	no	pendendam
qas	no	kelaziman
svp	no	keculasan
cds	no	pengacau
an	no	tempayak
is	yes	kikir
cds	no	jorok orang
pa	yes	seorang yg mengurus pemakaman
is	yes	jembel
pr	no	ngengat
pa	yes	orang asing
qas	no	bohong
dmc	yes	boros
dmc	yes	tembok kering
re	no	besar pencurian
cds	no	jalan gerobak
pa	yes	bellman
re	no	menjepit
cds	no	persilangan
re	no	date-rape
is	yes	penjahat tragis
an	no	binatang buas
ps	yes	hitam
cds	no	bajul
svp	no	bengah
pr	no	bawd
ddp	yes	pengadu
pr	no	ternak
cds	no	sampai janjinya
cds	no	kutu buku
re	no	curian
re	no	gangster
asm	no	hal lekas percaya
pa	yes	pensyarah
an	no	gonggong
ddp	yes	doofus
cds	no	diajarkan
dmc	yes	jangak
an	no	anjing kecil
dmc	yes	kurang ajar
an	no	nanny-kambing
qas	no	memberi hati
svp	no	sombong
dmc	yes	keju mozzarella
an	no	tubuh penjambret
re	no	timpa-menimpa
svp	no	dengki
cds	no	bongak
ddp	yes	satwa
is	yes	terasing
an	no	anurans
ddp	yes	bego
cds	no	tukang obat
dmc	yes	buaya darat
ddf	yes	tuna daksa
cds	no	grifter
rci	yes	orang yg kurang sopan
qas	no	barbar
qas	no	compliance
ddp	yes	blunderer
an	no	keluarga cimicidae
or	no	queer
ddp	yes	pengkhianat
dmc	yes	orang gasang
asm	no	tolol
qas	no	raja
cds	no	bodoh orang
om	no	rear end
an	no	doodly-jongkok
cds	no	kelam kabut
asm	no	kacang ercis
qas	no	pelukis dan dekorator
cds	no	dongok
pa	yes	profesor penuh
cds	no	orang hulu
cds	no	la cosa nostra
om	no	transvestit
cds	no	finagler
cds	no	peminat
cds	no	penengah
ddp	yes	metazoa
an	no	subordo blattodea
ddp	yes	penipu
cds	no	pencurian
cds	no	pembelaan
an	no	hering
svp	no	malas
ddp	yes	kezaliman
cds	no	bastar
asf	no	pemurah
an	no	meringkik
cds	no	fabricator
ddp	yes	lembap
ddp	yes	otak ayam
cds	no	moron
dmc	yes	bermuram
cds	no	ceroboh
cds	no	geblek
qas	no	jutawan
re	no	menghampakan
asf	no	dodol
qas	no	pekerjaan rumah tangga
re	no	slayer
dmc	yes	keparat
cds	no	suku
pr	no	protes
an	no	eurypterid
or	no	fastidiousness
cds	no	idiolatry
ddp	yes	obat dukun
cds	no	kelicikan
re	no	ugutan
qas	no	menampal
asm	no	terpedo
cds	no	angkara
pa	yes	pengangkut barang dgn gerbong
qas	no	kampung
ps	yes	setengah-berkembang biak
asm	no	fucking, austria
cds	no	orang bodoh
an	no	hyena
cds	no	cepat satu
ps	yes	doofus
an	no	pediculus corporis
an	no	pemberitaan palsu
qas	no	sistem pembobotan menyelam
an	no	penakut
pr	no	streetwalker
cds	no	geng jalanan
cds	no	meracau
re	no	jarah
re	no	ternak gemerisik
ddf	yes	capik
qas	no	awak
ps	yes	bangsa yahudi
or	no	dibudidayakan kubis
cds	no	limbah domestik
cds	no	kepulan
cds	no	moralisme
an	no	lubang
cds	no	tongong
pr	no	moo-sapi
or	no	ketimun suri
ddp	yes	makhluk
dmc	yes	bangpak
dmc	yes	pencemaran
ps	yes	pemuliaan tanaman
an	no	bedbug
cds	no	petugas pemasyarakatan
an	no	sapi potong
re	no	pencurian
cds	no	pengantara
qas	no	tagalong
ps	yes	orang keturunan dr campuran orang negro dgn orang eropah
cds	no	berbaur-mangle
qas	no	kayu baron
ddp	yes	orang goblok
dmc	yes	banyol
or	no	punctiliousness
svp	no	pongah
ps	yes	fasis
an	no	genus anguilla
qas	no	pembunuh
asm	no	zakar
ddp	yes	dogol
qas	no	kelas profesional
is	yes	ripuh
qas	no	tauke
an	no	tegar hati
pa	yes	pengacara kriminal
an	no	menyerbu
re	no	berang
an	no	penjahat tragis
cds	no	apple polisher
cds	no	dalam lingkaran
asm	no	pirang
cds	no	meranggas
qas	no	pemusnahan
an	no	nakal
om	no	anal seks
ddp	yes	perdukunan
ddp	yes	biadab
svp	no	niggardness
ddf	yes	setengah pint
cds	no	limbah padat
cds	no	saluran pembuangan sanitasi
cds	no	pengecoh
pr	no	perempuan nakal
cds	no	pemuda
an	no	berita palsu
ddp	yes	analphabetic
asm	no	kacang luas
an	no	pillager
cds	no	makan
cds	no	penipuan
ddp	yes	kebuasan
om	no	bencong
cds	no	meronyeh
om	no	foeniculum vulgare
cds	no	telatah
an	no	jalang
cds	no	kejahatan
svp	no	songar
cds	no	kekerabatan kelompok
ps	yes	bangsa barbar
cds	no	orang sombong
cds	no	baron perampok
pr	no	pelacur
cds	no	imam besar
re	no	rampasan
re	no	kekerasan seksual
an	no	eropa kodok
ddp	yes	pengobrol
cds	no	almarhum
asm	no	merah marun
pa	yes	profesor
is	yes	cialat
is	yes	bersedih
cds	no	pemurah
an	no	jorok orang
ddp	yes	seorang yg tdk becus
cds	no	pengeluh
cds	no	faedah
svp	no	bakhil
cds	no	john
ddp	yes	sesat akal
svp	no	kembung
cds	no	penakut
re	no	pengganas
an	no	hemipterous serangga
is	yes	keseorangan
qas	no	perusuh
dmc	yes	pemalsuan
re	no	mafia italia
an	no	kambing antelope
dmc	yes	orang kampung
pa	yes	fishmongers
svp	no	pengangguran
re	no	scammer
qas	no	kandang
or	no	mentimun
ddp	yes	orang bebal
pr	no	borak
dmc	yes	sempuras
an	no	epifaunal
dmc	yes	remaja tunggakan
an	no	patsy
re	no	memeras
cds	no	dalalah
ddp	yes	microcephaly
svp	no	kesombongan
cds	no	sah anak
an	no	bajingan
cds	no	sonny boy
svp	no	merengus
om	no	seks anal
re	no	pencuri
an	no	amerika kerbau
svp	no	kedekut
an	no	crocodylidae
cds	no	mobster
cds	no	bodoh
re	no	remaja tunggakan
cds	no	balada
an	no	umum nyamuk
ddp	yes	orang yg kurang tangkas
dmc	yes	celekeh
qas	no	mabuk
asm	no	mencemooh
an	no	anak sewa
an	no	despoiler
re	no	menggiurkan
ddp	yes	pemarah
re	no	kasar
pr	no	jablai
pa	yes	jesuit
is	yes	menyedihkan
cds	no	bego
re	no	mengganas
re	no	mencuri
ddp	yes	anak luar nikah
re	no	keterlaluan
an	no	belut
an	no	nyamuk
asm	no	memasang
om	no	cacat orang
ddf	yes	hina
cds	no	pura-pura
an	no	sampah masyarakat
qas	no	sifat muluk
qas	no	kesalahan di hadapan umum
pa	yes	kerah putih pekerja
pa	yes	kopral
pr	no	rama-rama
cds	no	wonk
qas	no	feodal
dmc	yes	salah roman
an	no	mikro-organisme
ddp	yes	tumpul
or	no	dumbass
an	no	familiaris
asf	no	kebodohan
ddp	yes	brengsek
cds	no	sub-klan
is	yes	berdoa
cds	no	beban
dmc	yes	salah angkuh
asm	no	wanker
an	no	buas
svp	no	ujud
an	no	bufo
is	yes	paria
qas	no	pematuhan
cds	no	ordiner
an	no	mollusca
re	no	teroris bertindak
cds	no	kedogmatisan
svp	no	hasid
cds	no	hybrid intergenerik
dmc	yes	mafia
ddp	yes	binatang
qas	no	sodbuster
qas	no	kesemrawutan
svp	no	kebosanan
om	no	anak selingkuh
cds	no	kekerasan geng
cds	no	kaum kerabat
an	no	infauna
ddp	yes	kampung
re	no	banyol
dmc	yes	pemboros
qas	no	terangsang
is	yes	sarau
ddp	yes	fumbler
qas	no	berbohong
om	no	wilayah glutealis
asm	no	orang bodoh
or	no	ubi kentang
qas	no	pemilik bisnis
dmc	yes	bejat
dmc	yes	kemunduran
cds	no	pesuruh
ddp	yes	zooerasty
cds	no	yg berlaku lemah
dmc	yes	kumal
cds	no	mengenyangkan
an	no	orang bebal
cds	no	cetera
an	no	hoax
pa	yes	teoretis
rci	yes	kampung
cds	no	brengsek
cds	no	orang
om	no	gayness
ddp	yes	hewan
pa	yes	penggembala
an	no	pelacur
cds	no	orang yg mencoba memecahkan pemogokan
cds	no	bangsat
cds	no	rakyat jelata
dmc	yes	etika motif
is	yes	kedekut
an	no	berpendidikan orang
or	no	labu kuning
or	no	brassica oleracea
cds	no	ketul
cds	no	tersedak
is	yes	sedu hati
pr	no	perempuan simpanan
asm	no	shtup
an	no	anguillidae
cds	no	pencuri ternak
om	no	akhiri
svp	no	dongkol
asm	no	cokelat
an	no	benak
qas	no	sisa-sisa
or	no	finocchio
cds	no	peragaan pengetahuan yg menjemukan
dmc	yes	lucah
an	no	makhluk
cds	no	anggak
an	no	jerung
cds	no	newswriter
cds	no	jacking off
qas	no	pengemis
an	no	cucut
an	no	fisiognomi
re	no	menganjungkan
dmc	yes	beraneka ragam bodoh
dmc	yes	nakal
ps	yes	cina
qas	no	pekerjaan meja
qas	no	baroqueness
is	yes	udi
qas	no	pelukis rumah
ps	yes	hibrida interspesifik
an	no	pelacuran terhadap pria
cds	no	menelan
asf	no	twat
an	no	mikrobia
pa	yes	extraordinarius profesor
or	no	memek
cds	no	pemberita
re	no	perogol
dmc	yes	badut
pa	yes	penyokong
an	no	canis familiaris
qas	no	parasit
an	no	folderol
re	no	menculik
cds	no	fundamentalisme
ddp	yes	pencerewet
ddp	yes	sakit ingatan
qas	no	konformitas
pr	no	abdi dalem
svp	no	sia-sia
an	no	gadis jalanan
re	no	penderitaan
cds	no	penolakan
an	no	poulet
re	no	disalahgunakan
ps	yes	kelana
ddp	yes	goblok
om	no	burit
or	no	tater
ddf	yes	tunanetra
cds	no	pongah
an	no	binatang yg sangat kecil
ps	yes	rroma
dmc	yes	pembohong
cds	no	muak
an	no	kasar
an	no	kambing-antelop
om	no	di belakang
cds	no	bas bleu
ps	yes	orang-orang zulu
cds	no	bebal
asm	no	jerk-off
qas	no	pengintai
cds	no	prankishness
cds	no	maut
svp	no	angriness
dmc	yes	miskin setan
svp	no	lahap
re	no	menjiplak
cds	no	mess-up
is	yes	membawa tempurung
asm	no	changelings
qas	no	abad pertengahan
svp	no	mengkal
pa	yes	academism
qas	no	buruh tani
dmc	yes	kriminal
dmc	yes	batil
re	no	kejahatan seks
cds	no	idiot
an	no	bayan
om	no	cross-dresser
pa	yes	pekerja
ddf	yes	kudung
qas	no	retorika
dmc	yes	lowlife
qas	no	testis
ps	yes	hybrid intergenerik
qas	no	lintah darat
ddf	yes	buruk
dmc	yes	dillydallier
qas	no	peniaga
asm	no	galah
dmc	yes	scum bag
ps	yes	melongo
pa	yes	ilmiah
ps	yes	ruiner
cds	no	bestari
is	yes	mohon
cds	no	kelihaian
asm	no	fava
cds	no	hibrida
dmc	yes	keburukan
an	no	marah
qas	no	ideologi
cds	no	jenayah
qas	no	limbah padat perkotaan
cds	no	penganiaya
cds	no	pengatur siasat
dmc	yes	mesum
cds	no	egoisme
an	no	anuran
an	no	hiu dan spesies-spesiesnya
asm	no	buah pelir
an	no	hama
cds	no	timbunan
qas	no	pertanian penyewa
asm	no	simbol phallus
an	no	pediculus humanus
qas	no	kusut
cds	no	pendidik
om	no	keister
an	no	menggonggong
cds	no	kilah
qas	no	retoris
pa	yes	controller
dmc	yes	karut
svp	no	dillydallier
cds	no	kawanan
ps	yes	orang gipsi
cds	no	lelucon
dmc	yes	dalih
re	no	camorra
cds	no	conspiracism
an	no	agas
cds	no	pengkhayal
cds	no	rentenir
cds	no	sambutan
an	no	karut
dmc	yes	badut pengadilan
om	no	puan
cds	no	campuran
dmc	yes	hipokrisi
cds	no	tipu
re	no	perampokan
cds	no	khalayak ramai
qas	no	sedeng
or	no	bunga
cds	no	dalih
cds	no	kelompok
om	no	derriere
an	no	metazoa
cds	no	cerdik pandai
ddp	yes	buta hati
dmc	yes	pencuri
qas	no	penganut
cds	no	bangkai
is	yes	kemelaratan
asm	no	embel
svp	no	slackers
dmc	yes	pemahat
ddp	yes	jatuh pria
asm	no	kacang polong
cds	no	tajam
is	yes	walang hati
ddp	yes	keganasan
qas	no	kesukaran
svp	no	kemalasan
qas	no	mencelakakan
qas	no	sengsara
asf	no	changelings
ps	yes	hibrida buatan manusia
qas	no	antek
an	no	pemalas
qas	no	biadab
cds	no	petugas penjara
an	no	membabi buta
qas	no	keselarasan
om	no	anal sex
dmc	yes	cemomot
asm	no	kenal
qas	no	orang kaya
an	no	zooerasty
dmc	yes	scattergood
cds	no	bertindak gila-gilaan
om	no	berbeda
om	no	sodomy
pr	no	omong kosong
cds	no	basi
svp	no	hasud
qas	no	kekacauan
is	yes	pilu
pr	no	pelacuran
cds	no	sifat takut-takutan
re	no	pelecehan seksual
cds	no	camarilla
pr	no	cabo
dmc	yes	melaknatkan
cds	no	haram jadah
ddp	yes	konyol
re	no	neonaticide
dmc	yes	blunderer
ddp	yes	patsy
re	no	gemerisik ternak
qas	no	sistem kasta
om	no	lesbong
om	no	hubungan seksual anal
ddp	yes	cacat mental
is	yes	mengemis
an	no	bengis
cds	no	jerk-off
cds	no	pecandu
cds	no	belajar keras
ddp	yes	bongak
re	no	terrorism
asf	no	memperlambat
cds	no	pengecohan
an	no	domba domestik
qas	no	jelata
re	no	murka
cds	no	pillock
ddp	yes	anak bodoh
dmc	yes	sememeh
rci	yes	orang kikir
ddp	yes	bongok
an	no	tanpa belas
cds	no	tambung
svp	no	baran
cds	no	bablas
dmc	yes	mozzarella
pr	no	pelacuran pria
cds	no	sniveller
pa	yes	petugas
svp	no	singkat tangan
or	no	kentang di irlandia
an	no	dilarang owl
ps	yes	bersifat negro
svp	no	agresif
dmc	yes	akhlak
ps	yes	agama yahudi
an	no	memekik-burung hantu
is	yes	kekurangan
an	no	penyerang
dmc	yes	orang buangan
qas	no	borju
cds	no	usil-parker
qas	no	lintah
cds	no	sassing
asf	no	tempik
cds	no	tumpukan
re	no	bergelora
ddp	yes	muslihat
cds	no	clann
re	no	aksi teroris
an	no	perampas
cds	no	menyusut
an	no	muttonhead
is	yes	bajingan
is	yes	sengsara
an	no	mentah-mentah
cds	no	chawbacon
dmc	yes	penyamun
svp	no	besar kepala
om	no	perempuan
cds	no	lelaki
asf	no	benak
pr	no	punggawa
dmc	yes	culas
qas	no	baroque
qas	no	bungle
dmc	yes	pseud
an	no	kengkeng
ps	yes	interfertility
asf	no	nitwit
or	no	twat
an	no	domestik ass
cds	no	jalan agen
an	no	burung hantu
cds	no	wartawan
cds	no	jongkok
cds	no	kalangan teman-teman berminat sama
asm	no	pterygiophore
is	yes	galaba
cds	no	kepengecutan
an	no	angsa
cds	no	orang asing
svp	no	voracious
asm	no	falus
cds	no	mengintip
qas	no	berkecamuk
pa	yes	peguam
pr	no	lonte
ddp	yes	tidak masuk akal
an	no	sea scorpion
dmc	yes	moralitas
cds	no	idola palsu
qas	no	kolaborator
re	no	kejahatan
ddp	yes	dongok
dmc	yes	dallier
an	no	pacet
cds	no	desas-desus
cds	no	beguine
cds	no	kotoran
cds	no	lenyap
re	no	ganas
cds	no	demagogis
an	no	jahat
an	no	betise
cds	no	rumah pelacuran
cds	no	gelagat
dmc	yes	hina
dmc	yes	kejahatan
rci	yes	orang asing
cds	no	pusung
qas	no	terlanjur
pa	yes	petani
cds	no	helah
dmc	yes	bersempuras
ddp	yes	gampang
cds	no	minat
asm	no	mengenali
re	no	traducer
asm	no	ereksi
om	no	penetrasi anal
is	yes	bakhil
re	no	penyalahgunaan wewenang
re	no	jahat
an	no	keras kepala
cds	no	pencuri kecil
cds	no	kekalutan
cds	no	peribut
ps	yes	mestizaje
an	no	nipis
cds	no	menyembah
cds	no	orang yg mengetahui segala hal
or	no	labu anggur
re	no	pemerkosa berantai
an	no	bendalu
ps	yes	kampung
cds	no	kecampuran
an	no	diddley
an	no	hyaenidae
cds	no	mengangsurkan
cds	no	wrongdoer
an	no	babi domestik
qas	no	gubuk
svp	no	besar perut
ps	yes	yudaisme
asm	no	menggonjakkan
qas	no	mengusik
an	no	kupu-kupu
ddp	yes	sedeng
svp	no	kehampaan
cds	no	orang yg suka campur tangan dlm urusan orang lain
re	no	bukan-bukan
cds	no	selokan sanitasi
asm	no	kebebalan
svp	no	fanatik
an	no	pelacur pria
ddp	yes	haram jadah
cds	no	vaunter
cds	no	babar
svp	no	makan berlebihan
an	no	vipera
re	no	raper
dmc	yes	bangkrut secara moral
cds	no	masonik
ps	yes	orang negro
qas	no	barang sisa
svp	no	tamak
cds	no	jamban
qas	no	rumah tangga
svp	no	kegusaran
qas	no	ballock
ddp	yes	sementung
cds	no	tipu muslihat
svp	no	avariciousness
ddp	yes	otak udang
cds	no	bongkah
dmc	yes	kebejatan
qas	no	benalu
svp	no	apatis
ddp	yes	pandir
re	no	grifter
cds	no	orang yg belum berpengalaman
cds	no	mencekik
cds	no	mencuri
an	no	kolot
asm	no	goblok
cds	no	tukang bual
cds	no	kampung
cds	no	samseng
is	yes	daduk
ddp	yes	animal
an	no	blattodea
re	no	penjahat
dmc	yes	kemerosotan
dmc	yes	orang bodoh
ddp	yes	pusung
cds	no	deretan
an	no	jahanam
pa	yes	mayat
cds	no	hoi polloi
pr	no	placur
cds	no	cathouse
qas	no	fumbler
ps	yes	orang tiongkok
qas	no	kaum urakan
asm	no	main
qas	no	tolak bara
cds	no	sekelompok
ps	yes	keturunan afrika
cds	no	hilang hayat
ddp	yes	pilon
asf	no	cakap kosong
cds	no	kafilah
an	no	bedegong
cds	no	mendesak
cds	no	hilang nyawa
pa	yes	pengacara
ddp	yes	penipuan
cds	no	perantara
ps	yes	pria hitam
qas	no	anjing polisi
ddp	yes	miskin ikan
cds	no	public toilet
ddp	yes	kejahatan
cds	no	mata-mata
an	no	strix varia
ddp	yes	orang kikir
pr	no	terak
cds	no	beraneka ragam bodoh
dmc	yes	perompak
cds	no	cerita
dmc	yes	tengik
an	no	burung minerva
ps	yes	asia
cds	no	tengkulak
ps	yes	bedouin
qas	no	tani
dmc	yes	lumus
an	no	emas jackal
cds	no	babi
an	no	teguk
re	no	penipu
ddf	yes	keburukan
re	no	libeler
cds	no	gemerisik ternak
qas	no	umat
cds	no	pembunuh
an	no	bacul
svp	no	kemegahan
an	no	escargot
cds	no	anggapan
cds	no	tolol
an	no	anjing hutan
svp	no	pelit
cds	no	pengintai
cds	no	peninggalan suci
asm	no	coklat
is	yes	dukacita
asm	no	brownness
cds	no	songong
ddp	yes	barbarisme
cds	no	keangkuhan
qas	no	senyawa
an	no	ceker
pa	yes	gembala
an	no	kinologi
dmc	yes	kohong
cds	no	sampai umur
qas	no	sampah
pr	no	john
dmc	yes	medit
cds	no	skr
ddp	yes	sempit akal
ddp	yes	sampah masyarakat
cds	no	menjunjung
ps	yes	orang cina
dmc	yes	pekerja yg kurang baik
ddp	yes	pemalu
ps	yes	mongoloid
cds	no	perilaku kriminal
svp	no	bengkeng
an	no	dablek
cds	no	pemula
cds	no	mengalum
an	no	hewan lunak
cds	no	mengumpat
asm	no	masturbasi
re	no	penyiksa
qas	no	dalih
ddp	yes	animalia
qas	no	selalu
cds	no	bragger
qas	no	penggemar
or	no	ketat
cds	no	otak ayam
asm	no	kacang
qas	no	kesalahan
or	no	tempik
cds	no	swaggerer
cds	no	lumrah
dmc	yes	lokek
om	no	disodomi
cds	no	menemui ajal
asm	no	jatuh pria
is	yes	sedih
dmc	yes	picik
dmc	yes	pedih
re	no	mobster
is	yes	gobar
an	no	anying
re	no	gajul
svp	no	kehendak
is	yes	lokek
cds	no	tandas
cds	no	mucikari
an	no	nanus
cds	no	keterlanjuran
ddp	yes	bodoh
cds	no	kasino
pr	no	rentboy
an	no	dimakan bekicot
re	no	kotor uang
cds	no	berkongkalikong
asm	no	pilon
qas	no	konco
svp	no	congkak
an	no	lembu
re	no	menyalahgunakan
svp	no	tanha
an	no	moluska
re	no	fitnah dan pencemaran nama baik
cds	no	pengecut
re	no	mengepit
cds	no	geng
dmc	yes	munafik
an	no	rakyat jelata
dmc	yes	terkutuk
is	yes	pemiskinan
cds	no	kecurian
an	no	biri-biri
pa	yes	pekerja kantor
cds	no	vrijmetselaar
cds	no	beribadat
ddf	yes	lata
dmc	yes	orang kikir
an	no	kecoa
an	no	pemurah
cds	no	culchie
cds	no	anak nakal
om	no	janggal
cds	no	tdk sah
cds	no	menyalip
or	no	cucumis sativus
cds	no	kekusutan
cds	no	mengganyang
an	no	hewan-hewan
re	no	disiksa
an	no	cacat
re	no	dirampok
dmc	yes	pemalsu
ddp	yes	tunagrahita
dmc	yes	cabul
cds	no	koresponden
an	no	moo-sapi
pr	no	kupu-kupu
cds	no	kepintaran
asm	no	ayam kampung
cds	no	menukarkan
cds	no	menolak
cds	no	loansharking
cds	no	jelata
re	no	pembunuhan tingkat dua
an	no	vulgar
cds	no	ordo masonik
an	no	perempuan jalang
an	no	kekejaman
is	yes	bulus
asm	no	kacang faba
an	no	psittaciformes
svp	no	hasrat seksual
cds	no	yang besar dicuci
dmc	yes	kotor anjing
qas	no	borjuis
qas	no	meninggalkan kapal
ddp	yes	jongkok
an	no	beast
cds	no	kecerdikan
ddp	yes	orang yg suka berkecek-kecek
cds	no	keganasan
re	no	samseng
an	no	sidat
ddp	yes	orang asing
re	no	tindak pidana
cds	no	pengadu
cds	no	muslihat
qas	no	peraih
cds	no	kelompok kerabat
qas	no	pekedai
cds	no	jailor
is	yes	benguk
cds	no	konformis
dmc	yes	dusta
re	no	bersenjata perampokan
ddp	yes	orang udik
an	no	otus asio
ddf	yes	orang bungkuk
or	no	piala kecil
cds	no	kebiadaban
cds	no	calo
dmc	yes	penipu
cds	no	bergurau
cds	no	freemasonry
qas	no	mengelirukan
ddp	yes	kretinisme
an	no	nazar
cds	no	orang lemah
ps	yes	pemurah
cds	no	penggemar
cds	no	sampah
ddp	yes	ibu pengacau
re	no	plagiarization
svp	no	kebencian
asf	no	omong kosong
svp	no	penny-pinching
qas	no	ketel ikan
qas	no	menambal
cds	no	nerd
asm	no	eropa kacang
cds	no	jabang bayi
an	no	hiu putih besar
pr	no	doktrin
cds	no	tawar-menawar
cds	no	kesusahan
dmc	yes	berselekeh
pr	no	anak laki-laki sewa
re	no	menggelisahkan
an	no	bengal
cds	no	line-shooter
cds	no	crooners
asm	no	busuk
an	no	hirudinaria javanica
is	yes	bangsat
dmc	yes	dahsyat
pa	yes	barbar
dmc	yes	lancung
an	no	aureus
an	no	menggebu-gebu
ddp	yes	keterbelakangan mental
cds	no	bercakap-cakap
cds	no	penjilat
cds	no	mendiang
svp	no	garang
dmc	yes	banditti
cds	no	mengobrak-abrik
re	no	teratu
pr	no	nyonya
cds	no	kesukaran
qas	no	mengawai
re	no	diperas
svp	no	ketamakan
cds	no	umum
svp	no	kebanggaan
ddp	yes	kekasaran
svp	no	berlengah-dallier
cds	no	mafiosi
ddf	yes	blind orang
pr	no	perempuan jalan
pr	no	fornicatress
an	no	escargots
qas	no	mengecewakan
ps	yes	petualang
re	no	cempiang
ps	yes	kartu kuning
cds	no	diskriminasi agama
an	no	ruak-ruak bangkai
an	no	angkuh
cds	no	biadab
ddp	yes	pillock
an	no	organisme sel tunggal
an	no	caplak
asf	no	meki
svp	no	ravenousness
an	no	bison amerika
qas	no	blunderer
dmc	yes	jahat
re	no	jahanam
asf	no	doofus
svp	no	perasaan bosan
ps	yes	mestizo
an	no	goose brant
qas	no	kebosanan
pr	no	tikus selokan
ddp	yes	fitnah
cds	no	camorra
cds	no	pandai
cds	no	menggericau
om	no	perjantanan
an	no	kodok katak
qas	no	mengintip
an	no	berenga
cds	no	prajurit infanteri
dmc	yes	bakhil
is	yes	sepi
svp	no	kesalahan-off
re	no	pidana
ps	yes	campuran
svp	no	khisit
cds	no	arriviste
re	no	pelanggaran
ddp	yes	perusuh
cds	no	pemerhati
qas	no	membiuskan
qas	no	bikinan
qas	no	kegila-gilaan
is	yes	gundah
om	no	bangsawan wanita inggris
dmc	yes	rendahan
svp	no	orang yg banyak makan
svp	no	megah
dmc	yes	paria
cds	no	kerisauan
qas	no	parasitisme
is	yes	sumpah kemiskinan
ps	yes	meradang
asm	no	ngaceng
cds	no	perkawinan broker
cds	no	germo
ps	yes	biadab
svp	no	angkuh
asf	no	wanita
or	no	banci
asm	no	tiru
re	no	menjentik
is	yes	terbuang
dmc	yes	cempiang
an	no	animalia
ddp	yes	mikrosefalus
or	no	labu
ddp	yes	pudden-kepala
dmc	yes	bau
cds	no	kejahatan kriminal
qas	no	kuasa
cds	no	orang kaya baru
qas	no	paroki
cds	no	dastardliness
re	no	bajul
dmc	yes	fabricator
dmc	yes	hitam
asm	no	menjengeki
pr	no	wanita jalang
cds	no	kolam bergegas
asf	no	bebal
qas	no	orang kikir
cds	no	skor
asm	no	teste
an	no	ayam domestik
qas	no	pebisnis
dmc	yes	esprit de corps
re	no	kezaliman
dmc	yes	chiseller
qas	no	testikel
pa	yes	pemakaman undertaker
om	no	homoeroticism
svp	no	lokek
an	no	kutu tubuh manusia
ps	yes	pria kulit hitam
ddp	yes	gila
dmc	yes	seorang yg tdk becus
cds	no	omong kosong
cds	no	budaya geng
cds	no	clotheshorse
an	no	pemalu
dmc	yes	kepura-puraan
svp	no	gemas
cds	no	bongkak
qas	no	mengganggu
cds	no	sampai ajal
an	no	sciaenops ocellatus
pa	yes	pembela
ps	yes	malang
om	no	crossdress
cds	no	ketua
asm	no	merah hati
is	yes	berdukacita
cds	no	menguak
an	no	mengisap kutu
svp	no	marah
cds	no	bengis
an	no	bangsat
cds	no	blackballed
qas	no	pelukis
cds	no	mencabut perlindungan hukum
svp	no	hawa nafsu
cds	no	berbual-bual
svp	no	orang bakhil
an	no	caprinae
om	no	belakang
cds	no	melahap
cds	no	kericuhan
svp	no	minginess
om	no	sodomist
cds	no	bioteknologi tanaman
an	no	binatang
ps	yes	barbar
an	no	banteng
ddp	yes	fauna
or	no	aneh
cds	no	penggerutu
pr	no	kupu-kupu malam
om	no	pohon adas
dmc	yes	bajingan
svp	no	avaritia
qas	no	kepatuhan
dmc	yes	berbau
re	no	menuntut
asm	no	tahu
qas	no	merayau-rayau
cds	no	limbah
an	no	anjing
cds	no	gerombolan
dmc	yes	orang jembel
an	no	perusuh
an	no	umum viper
cds	no	kehampaan
cds	no	seloroh
dmc	yes	pembunuh
an	no	jakal
asf	no	goblok
an	no	gelojoh
pr	no	tikus
re	no	azab
cds	no	paparazi
is	yes	susah
cds	no	pengajar
is	yes	kemiskinan perkotaan
svp	no	niggardliness
re	no	mafia sisilia
svp	no	keberahian
cds	no	scammer
cds	no	bajingan
cds	no	kelancangan
dmc	yes	pengemis
qas	no	necrotrophic
cds	no	pedagang perantara
an	no	burung hering
dmc	yes	menjijikkan
dmc	yes	libertine
cds	no	bloopers
svp	no	iri hati
cds	no	ton
is	yes	penjahat
ps	yes	hibrid alami
om	no	semburit
an	no	pengusir hama
or	no	poof
asf	no	gadis
ddp	yes	ketololan
re	no	pencabulan
pa	yes	utusan khusus
re	no	dianiaya
cds	no	kamar mandi
dmc	yes	pengkhianat
cds	no	vulgar
an	no	kambing betina
qas	no	moocher
dmc	yes	layabout
an	no	old world kerbau
an	no	cakap kosong
an	no	kedekut
cds	no	kepala penjara
qas	no	tabi'in
cds	no	orang yg suka berkecek-kecek
cds	no	mediator
cds	no	licin
asm	no	kacang fava
dmc	yes	hobos
cds	no	bayi baru lahir
svp	no	harga diri
pr	no	gundik
re	no	penyalahgunaan keuangan
an	no	memutuskan hubungan percintaan
cds	no	lompong
cds	no	bus
cds	no	mobil tua
an	no	drum merah
cds	no	rampus
an	no	susu kambing
is	yes	terpencil
an	no	wisent
qas	no	sakit ingatan
ps	yes	changeling
om	no	homoerotic
an	no	biri
an	no	kine
re	no	pemaksaan
om	no	ganjil
ps	yes	uprooter
cds	no	bordil
is	yes	kemiskinan sukarela
ps	yes	perusak
re	no	pengelat
is	yes	azab
an	no	kelinci
an	no	moue
an	no	arnab
cds	no	membisiki
pa	yes	profesor riset
ps	yes	ras
an	no	kedunguan
rci	yes	orang tani
an	no	jungur
cds	no	calon
svp	no	abulia
or	no	mendesak
ps	yes	pengembara
or	no	kentang
cds	no	hamik
asf	no	memek
re	no	kencang
qas	no	melange
cds	no	mencakar
an	no	tegar tengkuk
om	no	homosex
ddp	yes	kebudak-budakan
an	no	katak dan kodok
cds	no	kerabat
ddf	yes	pincang
ddp	yes	hewan-hewan
pr	no	lampyris noctiluca
dmc	yes	orang yg pura-pura
cds	no	volume
dmc	yes	jendala
re	no	kekerasan
ps	yes	niger
re	no	kehangusan hati
or	no	foeniculum vulgare
cds	no	jalan buntu
cds	no	bertohor
ps	yes	hitam orang
asm	no	preputium
qas	no	limbah padat
svp	no	kekikiran
re	no	kuat
cds	no	ujud
cds	no	karut
qas	no	pencampuran
dmc	yes	buas
re	no	meragut
cds	no	pemusnahan
re	no	menyangkutkan
ddp	yes	benak
ps	yes	orang yg kurang tangkas
ddp	yes	mangsa
qas	no	masyarakat borjuis
ddp	yes	betise
re	no	umpat
cds	no	pemuliaan tanaman
pa	yes	konselor-di-hukum
ddp	yes	beast
cds	no	faktor
dmc	yes	gangster
svp	no	perengus
an	no	bedbugs
cds	no	barua
cds	no	gerbong kereta api
cds	no	wisenheimer
re	no	anak nakal
ddf	yes	bangkut
an	no	gelandangan
is	yes	orang yg berpakaian compang-camping
an	no	menyalak
cds	no	lowlife
cds	no	jalan mati
pa	yes	cordwainer
dmc	yes	menyayat hati
ddp	yes	cacat intelektual
cds	no	cerdik
an	no	binal
an	no	burung beo
dmc	yes	gelojoh
asf	no	orang bodoh
cds	no	nymphomania
svp	no	berang
is	yes	masgul
cds	no	memajuh
dmc	yes	kebangkrutan moral
ddp	yes	moronity
dmc	yes	libertinism
dmc	yes	angkara
cds	no	golongan
dmc	yes	anjal
cds	no	meninggal dunia
qas	no	parasitize
cds	no	gajul
ps	yes	metics
cds	no	kecanggungan
cds	no	otak udang
cds	no	unit jepang pengukuran
ps	yes	ostrogoth
cds	no	matcher
cds	no	pengusik
cds	no	hiperseksual
an	no	lowlife
dmc	yes	hidung belang
dmc	yes	pengangguran
an	no	ganas
pr	no	tunasusila
pa	yes	agen tiket
cds	no	tentera
cds	no	cretin
qas	no	divulgence
pa	yes	pemohon
cds	no	klan
an	no	kekasaran
cds	no	merepet
qas	no	kekalutan
svp	no	berdendam
pa	yes	masyarakat akademik
qas	no	penjaga toko
an	no	cayman
dmc	yes	jijik
an	no	pinjal
ddp	yes	bukan-bukan
qas	no	besi tua
cds	no	nouveau riche-
asf	no	dungu
cds	no	ostentatiousness
cds	no	seorang
pa	yes	portir
cds	no	muda
ps	yes	orang kulit hitam
pr	no	kine
cds	no	tauke
an	no	ungkal
or	no	bebal
an	no	mikrob
dmc	yes	buruk
an	no	katak puru
re	no	penganiaya
cds	no	kuli
pa	yes	dosen
ddp	yes	dodol
cds	no	hiruk pikuk
cds	no	kebimbangan
qas	no	orang biasa
an	no	belut benar
ddp	yes	tanda
cds	no	munafik
an	no	kegeraman
cds	no	murahan
cds	no	berkhotbah
ddp	yes	penipuan kesehatan
ps	yes	pikey
ddp	yes	lubang pantat
ps	yes	beduin
cds	no	membicarakan
asm	no	kara oncet
ddp	yes	kompeten orang
ps	yes	rom
cds	no	mengasak
cds	no	pergi
ps	yes	romanis
an	no	crocodylian
an	no	gonggongan
cds	no	relikui
cds	no	bangsa barbar
pa	yes	advokat
cds	no	rezim fasis
asm	no	maron
re	no	exact
ddp	yes	berpendidikan orang
qas	no	autoinfection
an	no	katak
pr	no	kendak
an	no	orang gemuk
asm	no	konak
om	no	abnormal
svp	no	kefanatikan
ddp	yes	omong kosong
om	no	dame
re	no	mengambil
om	no	pria gay
qas	no	akolit
re	no	pirate
cds	no	kriminal
re	no	salah guna
cds	no	blabbermouth
cds	no	cockup
an	no	agar crocodylia
an	no	singkat tangan
asm	no	anggota
re	no	perampok bersenjata
re	no	fitnah perdagangan
pr	no	gun moll
pr	no	pembujuk
dmc	yes	git
cds	no	banditti
om	no	sesama jenis
qas	no	penurut
cds	no	pompousness
ddf	yes	cacat mobilitas
cds	no	mengerih
asf	no	orang goblok
cds	no	orang yg membosankan
dmc	yes	penyamar
svp	no	sirik
an	no	sifat tdk terkalahkan
an	no	fauna
asm	no	luas tanaman kacang
cds	no	kenekatan
qas	no	massa
ps	yes	cretin
dmc	yes	berkelana
an	no	kerbau
om	no	gay
cds	no	homunculi
re	no	jenayah
cds	no	orang yg kurang sopan
asm	no	mudah tertipu
re	no	tanggal perkosaan
an	no	scum bag
an	no	kutu
om	no	aneh
ddp	yes	infauna
cds	no	anak luar nikah
dmc	yes	kedurjanaan
an	no	anak laki-laki sewa
asm	no	betise
asm	no	kacang hijau
om	no	finocchio
re	no	curi
qas	no	tergila-gila
asm	no	tonggak
ps	yes	aswad
qas	no	pembantunya
cds	no	bos
an	no	kompeten orang
ddf	yes	cacat orang
svp	no	bermuram
svp	no	kejijikan
pr	no	prostitusi
qas	no	tolakan
re	no	menipu
an	no	kodok dan katak
om	no	anal intercourse
dmc	yes	pengecoh
dmc	yes	delik
an	no	kemarahannya
qas	no	kejemuan
svp	no	mesum
cds	no	cosa nostra
an	no	metazoans
cds	no	pelanggar
re	no	perilaku kriminal
is	yes	sedu
ddp	yes	folderol
pa	yes	pengacara pembela
cds	no	kepuasan diri
dmc	yes	mobster
or	no	adas
pr	no	mengarut
svp	no	bosan
cds	no	celoteh
qas	no	industrialis
asf	no	alasan-alasan teknis
pa	yes	direktur pemakaman
qas	no	kelas menengah
an	no	keledai
dmc	yes	tunawisma orang
cds	no	agen
cds	no	narsisisme
asm	no	kulit khatan
ddp	yes	cemplang
or	no	bonce
pr	no	pezina perempuan
qas	no	memperbaiki
cds	no	biasa
qas	no	keterlanjuran
ddp	yes	cakap kosong
an	no	kuman
cds	no	bluestocking
dmc	yes	penyemu
an	no	babi
is	yes	orang jahat
ps	yes	orang bodoh
dmc	yes	gadungan
dmc	yes	dursila
svp	no	cabul
or	no	kentang baru
an	no	mengerut
re	no	mengebas
ps	yes	ras negroid
re	no	plagiarisme
an	no	insect
cds	no	roman picisan
cds	no	bos kejahatan
re	no	plagiarise
cds	no	utusan boy
qas	no	masyarakat borjuis kontemporer
cds	no	keluarga baris
pa	yes	kursi
cds	no	moral
svp	no	yg tdk mau berbuat sesuatu
svp	no	apati
an	no	satwa
re	no	pencemaran nama baik karakter
cds	no	banyol
cds	no	orang suku
pr	no	sundal
qas	no	pondok
cds	no	keras
ps	yes	tongkol
or	no	keras
cds	no	menciutkan
qas	no	teste
or	no	bodoh
dmc	yes	orang asing
cds	no	bumbler
qas	no	sampah masyarakat
svp	no	keangkuhan
om	no	homofilia
is	yes	sempit
re	no	sex pelanggaran
cds	no	giat
qas	no	blooper
om	no	hubungan seks anal
svp	no	sewot
cds	no	pemalas
cds	no	kepuasan akan diri sendiri
cds	no	keparat
dmc	yes	azab
re	no	perkosa
cds	no	trasformismo
asm	no	bebal
ddp	yes	barbar
dmc	yes	berlumar
cds	no	pencuri
asm	no	ketololan
pr	no	tikus norwegia
asm	no	ithyphallic
qas	no	mengotori
asf	no	betise
cds	no	ndrangheta
pa	yes	diplomat
cds	no	kerusakan
cds	no	takut-takut
cds	no	tamat riwayatnya
pr	no	hetaira
re	no	seru
cds	no	perangai
cds	no	daging darah
an	no	eurypterids
or	no	tomat
cds	no	leta
or	no	irish kentang
or	no	nance
an	no	little owl
cds	no	miskin setan
dmc	yes	sedih
an	no	helix pomatia
qas	no	pemimpin spiritual
om	no	bu
cds	no	demagog
cds	no	anak susuan
an	no	coro
dmc	yes	mencabut perlindungan hukum
an	no	inexorableness
cds	no	perompak
re	no	pemeras
cds	no	lancang mulut
ddp	yes	fuckhead
an	no	kejam
cds	no	kocar-turvyness
an	no	mengganas
cds	no	penyamun
dmc	yes	kekejaman
pa	yes	pelamar
svp	no	hasrat
om	no	dorsolateral
ddp	yes	bambung
re	no	membuas
an	no	penjambret tubuh
or	no	meticulosity
om	no	homosexualism
ps	yes	negro
an	no	volaille
qas	no	endoparasit
om	no	crossdressing
re	no	pembunuhan tingkat kedua
cds	no	slews
an	no	burung pemakan bangkai
asm	no	ayam bujang
ddp	yes	pembuat desas-desus
asm	no	bodoh
qas	no	pengacau
cds	no	nak
an	no	cebol
om	no	homophile
an	no	kutu busuk
or	no	kol
cds	no	mendengar
ddp	yes	ferociousness
re	no	kejahatan seksual
qas	no	saudagar
cds	no	kamar kecil
qas	no	penjahat
an	no	siphonaptera
asf	no	perempuan
an	no	tuma
dmc	yes	kepatutan
cds	no	lapuk
cds	no	jumlah besar sekali
dmc	yes	tipu muslihat
cds	no	cacat
cds	no	dalang
qas	no	konformis
dmc	yes	pengelak
ps	yes	ostrogoths
qas	no	rawan
rci	yes	biadab
dmc	yes	ladah
om	no	berlainan
is	yes	terista
an	no	rok chaser
is	yes	tembok kering
om	no	proksimal
cds	no	pelaku
cds	no	mafioso
cds	no	kekacauan
svp	no	yg tak ada gunanya
an	no	red drum
pa	yes	orang tani
dmc	yes	yg tak ada gunanya
or	no	dodol
ddp	yes	karut
dmc	yes	malas
svp	no	nafsu
asm	no	avafauna
dmc	yes	sembrono
dmc	yes	fumbler
ddp	yes	epifauna
an	no	kepala batu
ddp	yes	memperlambat
cds	no	ayam kampung
an	no	salak
ddp	yes	folly
cds	no	konspirasi diam mereka
an	no	sera
qas	no	kuno
asm	no	batang kayu
qas	no	konformisme
asf	no	puki
dmc	yes	hipokrit
cds	no	kenakalan pembuatan
an	no	tekak
pr	no	psk
ddf	yes	lecak
pr	no	bos taurus
asm	no	orang kecil yg picik
pa	yes	profesor emeritus
qas	no	bendalu
qas	no	retorik
cds	no	masuni
qas	no	membingungkan
qas	no	biasa
cds	no	pilon
re	no	meradang
cds	no	bertele-tele
cds	no	bangang
svp	no	kesia-siaan
rci	yes	petani
ps	yes	boche
an	no	kung
om	no	istilah anatomi lokasi
qas	no	gundah
cds	no	membengkak kepala
or	no	gay
is	yes	memohon
om	no	berlintas-busana
cds	no	gigolo
an	no	phylum mollusca
om	no	twink
cds	no	menghormati
dmc	yes	penipuan
asm	no	batang
cds	no	wangler
cds	no	setengah pint
re	no	mencoket
re	no	perangkat penyiksaan
an	no	firasat
an	no	diddlysquat
cds	no	blooper
is	yes	murung
is	yes	cekel
asm	no	menipu
dmc	yes	orang yg tak begitu bermutu
cds	no	pedagog
cds	no	kibir
an	no	caprine hewan
cds	no	antic
qas	no	memanjakan
dmc	yes	teruk
om	no	homoerotis
cds	no	pemogokan-melanggar
an	no	pengisap
ddp	yes	arsehole
pa	yes	kursi pribadi
an	no	sapi
an	no	nasar
cds	no	katai
cds	no	peraga
qas	no	lazim
or	no	ketimun
cds	no	penggosip
asf	no	remeh-temeh
an	no	brent
dmc	yes	si cabul
dmc	yes	delinkuen
asf	no	cretin
om	no	maho
cds	no	penonton
om	no	syarat untuk lokasi anatomi
cds	no	putus nyawa
cds	no	kegiatan ilegal
an	no	pacat
pa	yes	pejuang
dmc	yes	celomok
an	no	bison bison
cds	no	folderol
cds	no	jamuan
is	yes	nestapa
svp	no	pengelak
cds	no	orang kampung
qas	no	kerumunan
cds	no	betung
cds	no	sokongan
cds	no	perwira koreksi
an	no	kurang ajar
pr	no	betina
qas	no	baronies
re	no	penjahat tragis
om	no	gading
om	no	tooshie
an	no	kerang-kerangan
qas	no	pekebun
pr	no	gadis jalanan
asm	no	menggonjokkan
asf	no	orang tolol
is	yes	parokial
pr	no	kekasih
cds	no	ruang cuci
cds	no	pekerja yg kurang baik
om	no	cacat
an	no	aries
cds	no	kepuasan
dmc	yes	disayangkan orang
qas	no	cetera
dmc	yes	sundal
cds	no	memolok
an	no	crocodylia
dmc	yes	defrauder
or	no	homofil
svp	no	gelandangan
dmc	yes	kizib
asm	no	idiot
svp	no	spiritlessness
cds	no	rock grunge
or	no	bedebah
qas	no	karut
ps	yes	nigga
cds	no	menyusutkan
asm	no	cretin
pr	no	longgar wanita
cds	no	bergunjing
an	no	pip-mencicit
qas	no	arsitektur baroque
pa	yes	profesor luar biasa
cds	no	pendosa
cds	no	pengelat
an	no	penipu
svp	no	faineance
ddp	yes	ganas
an	no	keluarga anguillidae
cds	no	dweeb
qas	no	menolak
is	yes	meminta
cds	no	changelings
re	no	penculikan
re	no	bunuh
qas	no	ektoparasit
dmc	yes	bergelandangan
cds	no	ultrakonservatif
an	no	domestik domba
qas	no	teratak
an	no	naik darah
cds	no	beloh
re	no	penjarahan
asf	no	bodoh
svp	no	rakus
an	no	brent goose
ddp	yes	kekonyolan
pr	no	istana
asm	no	entot
cds	no	gugur
asf	no	faraj
an	no	brent angsa
cds	no	sombong
cds	no	melampaui
an	no	jahil
cds	no	paparazzi
qas	no	lumrah
ddf	yes	uduh
cds	no	pembual
ps	yes	metic
re	no	menjarah
re	no	keganasan
ddp	yes	moron
cds	no	canggung
an	no	pencuri
an	no	genus capra
re	no	la cosa nostra
re	no	kriminal
pr	no	perempuan cerewet
cds	no	besi tua
an	no	durjana
an	no	prostitusi jalanan
ddf	yes	kekejian
qas	no	pekerja yg kurang baik
cds	no	nymphomaniac
cds	no	pegawai
cds	no	fitnah
dmc	yes	pelawak
ddp	yes	udik
an	no	pipistrelle
qas	no	peladang
re	no	sengit
ddf	yes	kecacatan
or	no	muttonhead
an	no	phthiraptera
an	no	redfish
cds	no	kereta bagasi
an	no	balon swallower
dmc	yes	samseng
cds	no	berbual
ps	yes	idiot
qas	no	campuran
cds	no	limbah padat perkotaan
an	no	lokek
cds	no	tutup usia
cds	no	scrawler
an	no	shote
cds	no	sampah masyarakat
an	no	pendamping laki-laki
ps	yes	vandal
an	no	jatuh pria
svp	no	gaduk
cds	no	sifat teliti dan cermat
cds	no	bambung
cds	no	lazim
is	yes	terbatas
re	no	perlakuan kejam
dmc	yes	celih
an	no	mencatut
re	no	pemerkosaan
cds	no	amateurishness
pr	no	comare
dmc	yes	tipu
an	no	eurasia griffon
qas	no	amateurishness
an	no	insekta
svp	no	idaman
pr	no	sosialite
om	no	seks yang sama
an	no	orang bodoh
asm	no	orang goblok
cds	no	slackers
om	no	apikal
an	no	anjing domestik
pr	no	merangkak trotoar
om	no	seksualitas laki-laki
an	no	nuri
svp	no	keserakahan korporasi
re	no	menganiaya
asf	no	fuckhead
an	no	siput
dmc	yes	singkat tangan
cds	no	uskup
svp	no	bermegah
or	no	orang goblok
cds	no	imam agung
or	no	pillock
an	no	basil
cds	no	anak muda
ddp	yes	ahmak
cds	no	huru-hara
cds	no	dandy
cds	no	omerta
cds	no	got qualifier
an	no	ikan kalajengking
an	no	seekor kambing jantan
cds	no	berpulang
re	no	marah
an	no	lintah dan pacet
dmc	yes	nilai-nilai moral
an	no	perangkat mendengarkan
svp	no	cepat
ddp	yes	bengis
om	no	plantar
pa	yes	wakil
cds	no	gumpalan
asm	no	sepotong ass
pa	yes	aula porter
cds	no	dogol
qas	no	hutch
asm	no	coklat tua
cds	no	penipu
dmc	yes	tdk sah
an	no	bertindak gila-gilaan
cds	no	kebohongan
cds	no	phratry
ddp	yes	kepandiran
an	no	moncong
om	no	dorsoventral
om	no	ass
cds	no	orang yg tak begitu bermutu
cds	no	sontoloyo
cds	no	keramaian
ps	yes	jewish
re	no	pelanggaran dituntut
cds	no	berjalan
cds	no	perserikatan rahasia
an	no	suami yg istrinya tdk setia
qas	no	magnates
om	no	nyonya
re	no	villainess
re	no	mafiosi
cds	no	pewarta
qas	no	malang
cds	no	interfertility
cds	no	memasang telinga
qas	no	menyisihkan
re	no	barang rampasan
is	yes	kasihan
cds	no	intriguer
dmc	yes	babar
cds	no	pengasuh
ps	yes	patsy
re	no	memperkosa
an	no	bakhil
cds	no	menyumbat
cds	no	saintisme
dmc	yes	pengelat
an	no	rama-rama
dmc	yes	bangsa barbar
dmc	yes	lengah
asm	no	doofus
cds	no	homunculus
asm	no	nitwit
cds	no	kesalahan
an	no	dakar
cds	no	perwira
an	no	ceroboh
ps	yes	ganas
qas	no	fieldhand
qas	no	terpedo
cds	no	haram
om	no	yg berlaku lemah
cds	no	berceloteh
cds	no	gumpal
cds	no	jamak
asm	no	kanjut
dmc	yes	terhad
re	no	tdk sah
asm	no	sepotong ekor
or	no	homofilia
an	no	lonte
ddp	yes	kedunguan
re	no	pembunuhan
an	no	pipistrellus
cds	no	alku
cds	no	kenajisan
ps	yes	mongol
ddp	yes	shamanisme
svp	no	enviousness
dmc	yes	anak nakal
asm	no	peler
svp	no	cemburu
an	no	putih hiu
dmc	yes	cemar
an	no	makrofauna
cds	no	mencoret
ddf	yes	kehinaan
cds	no	keji
re	no	kejahatan besar
is	yes	muram
an	no	ayam
om	no	ventral
pr	no	gangster moll
re	no	calunnia
an	no	zooerastia
asm	no	english kacang
pa	yes	pengawas
ddp	yes	kebinatangan
pr	no	wanita simpanan
an	no	kejahatan
ddp	yes	tongkol
qas	no	mendesak
is	yes	orang buangan
om	no	basal
ddp	yes	geblek
ddp	yes	perengus
or	no	oranye terbakar
qas	no	gila
dmc	yes	terbuang
cds	no	menarik napas penghabisan
re	no	kejahatan jabatan
qas	no	mengaduk-aduk
ddp	yes	beloh
asf	no	jatuh pria
svp	no	nafsu berahi
an	no	hiena
cds	no	puak
an	no	brant
cds	no	conventicle
an	no	bandel
ps	yes	nitwit
an	no	gyps fulvus
cds	no	tanaman peternak
ddp	yes	ayam kampung
an	no	babil
qas	no	buah zakar
an	no	orang kikir
cds	no	buntu jalan
cds	no	pencopet
qas	no	kesalahan besar
an	no	muncung
an	no	penjahat
or	no	bodoh orang
re	no	pelanggaran polisi
is	yes	berhati pilu
cds	no	rakus
ddp	yes	defisiensi mental
asm	no	hal mudah tertipu
ps	yes	bioteknologi tanaman
ddp	yes	zooerastia
cds	no	mafia
cds	no	hibrid alami
dmc	yes	kotor
re	no	memfitnah
or	no	brassica rapa
an	no	dumbass
svp	no	kelembaman
an	no	tegar
an	no	kemarahan
ps	yes	perkawinan silang
ddp	yes	dokter dukun
qas	no	menyia-nyiakan
re	no	penjiplakan
om	no	dungu
om	no	wanita yg berkedudukan baik
om	no	luar biasa
ddf	yes	leta
cds	no	tulisan cakar ayam
cds	no	wads
an	no	menggebu
re	no	membadai
an	no	kelembuai
asm	no	bertindak gila-gilaan
qas	no	tipu
om	no	transvestitism
is	yes	melarat
qas	no	seorang pencipta ideologi
cds	no	religiousism
svp	no	merangah
an	no	kuing
an	no	grossness
cds	no	tukang cerita
cds	no	kriminalitas
cds	no	groveller
cds	no	bagnio
dmc	yes	kefanatikan
dmc	yes	pelengah
an	no	bandit
ddp	yes	bangsa barbar
re	no	pembajakan laut
an	no	meluru
cds	no	merusak
om	no	posterior
asm	no	dungu
svp	no	apathy
asm	no	benak
ddp	yes	celaka
dmc	yes	cacat
re	no	penawan
cds	no	kesia-siaan
an	no	anura
ddp	yes	kiss 'n' tell
an	no	spesies hewan
svp	no	tujuh dosa yang mematikan
cds	no	konspirasi diam
svp	no	percabulan
om	no	wanita
re	no	membunuh
ddp	yes	bajingan
an	no	villainess
ddf	yes	buta
pr	no	jorok wanita
svp	no	tightfistedness
re	no	defrauder
re	no	dera
cds	no	changeling
cds	no	jahil
asm	no	mencibirkan
re	no	penyamun
ddf	yes	penyandang cacat
svp	no	berhasrat
cds	no	menjejal
dmc	yes	imitasi
cds	no	kacukan
cds	no	kurang ajar
an	no	pengacau
cds	no	jisim
ddp	yes	cretin
cds	no	by-blow
cds	no	bandit
qas	no	baron
cds	no	kebongkaran
an	no	ikan hiu
an	no	swallower balon
an	no	perforasi
cds	no	limbah rumah tangga
dmc	yes	kode moral
ddp	yes	orang yg kurang sopan
pa	yes	pelayan
qas	no	omnium-gatherum
an	no	ulat
qas	no	sial
asf	no	selangkangan rambut
cds	no	terkutuk
re	no	penculik
ps	yes	kulit hitam
asf	no	bunga
an	no	kibas
an	no	fuckhead
an	no	pelit
asm	no	lingga
cds	no	fasisme
pr	no	pelacur retak
an	no	bufo bufo
qas	no	mendera
qas	no	kekeliruan
ddp	yes	mental
cds	no	maffia
dmc	yes	orang udik
an	no	bison bonasus
pa	yes	konsultan hukum
pr	no	sapi
cds	no	telangkai
cds	no	peons
cds	no	congkak
svp	no	tembok kering
cds	no	gila
is	yes	gelabah
asm	no	bercinta
cds	no	kakus umum
ps	yes	bangsa bulgaria
re	no	penyalahgunaan kekuasaan
pr	no	pelacur pria
pa	yes	akademi
cds	no	menyisihkan
om	no	punggung
is	yes	celaka
pa	yes	babar
svp	no	gelojoh
re	no	penyiksaan
cds	no	mengeringkan
cds	no	guru wanita
re	no	pelanggaran dituntut-satunya
cds	no	koresponden luar negeri
cds	no	instruktur
ps	yes	gypsi
re	no	banditti
cds	no	tahu-it-all
cds	no	remaja tunggakan
or	no	solanum tuberosum
om	no	lintas ganti
asm	no	mengetahui
or	no	butternut squash
ddp	yes	kebebalan
asm	no	bertengger
ddp	yes	microcephalus
an	no	kikir
an	no	scorpion fish
ps	yes	orang asing
an	no	bekicot
svp	no	pelahap
re	no	menyapu
cds	no	ibu pengacau
re	no	fitnah
dmc	yes	palsu
pr	no	jablay
cds	no	loanshark
cds	no	kecongkakan
pr	no	pekerja seks komersial
ps	yes	tionghoa
cds	no	kerumunan
cds	no	satyriasis
pa	yes	pemakaman direktur
is	yes	bersendu
cds	no	menyelinap lidah
svp	no	dallier
ddp	yes	kasar
om	no	homosexual
pr	no	perempuan jalang
cds	no	mengerutkan
ps	yes	orang gypsi
cds	no	fasis
asm	no	punai
svp	no	geram
asm	no	flouter
qas	no	rumah lukisan
cds	no	hiruk-pikuk
cds	no	tolakan
cds	no	kenyamanan publik
cds	no	bikinan
cds	no	panjang akal
qas	no	kesalahan yg bodoh
re	no	teraniaya
svp	no	baik-untuk-sia
an	no	hexapoda
ddp	yes	bodoh orang
cds	no	kefanatikan
or	no	vagina
re	no	nakal
an	no	kuyuk
qas	no	menghampakan
re	no	debaucher
dmc	yes	malang
cds	no	blasteran
pa	yes	penasihat
re	no	maling
ps	yes	jewess
asm	no	gonad
or	no	homophile
or	no	homosex
cds	no	jendala
dmc	yes	penyegan
re	no	dilarang
qas	no	satelit
svp	no	bengkak
ddp	yes	bedebah
cds	no	soal kusut
an	no	tidur bug
cds	no	petugas lp
pr	no	pergundikan
cds	no	kejahatan tuan
qas	no	orang bisnis
qas	no	galib
pa	yes	academicism
qas	no	umum manusia
is	yes	villainess
asf	no	dame
svp	no	meradang
cds	no	udik
ddp	yes	keparat
qas	no	pedagang
or	no	sifat sangat teliti
cds	no	beribadah
svp	no	amour propre
cds	no	sekumpulan
cds	no	narsisme
ddp	yes	melongo
re	no	mafioso
or	no	timun
ddp	yes	membius
cds	no	fanatik
re	no	pembunuh
or	no	homoseks
cds	no	neonatal
svp	no	anggak
an	no	mikro organisme
cds	no	rendahan
dmc	yes	kebaubusukan
cds	no	mafia italia
om	no	homoseks
qas	no	kepalsuan
cds	no	gendeng
an	no	pelahap
cds	no	pengarang roman picisan
svp	no	kemurkaan
is	yes	tingkat kemiskinan
is	yes	meminta-minta
dmc	yes	bohong
ps	yes	tradisi yahudi
cds	no	lav
re	no	diperkosa
ddp	yes	lembam
cds	no	patsy
qas	no	bumbler
an	no	limacidae
svp	no	kecongkakan
an	no	umum kutu
svp	no	pridefulness
dmc	yes	malodour
cds	no	sen mengerikan
qas	no	berbaur-mangle
cds	no	relik
svp	no	meragam
qas	no	tabi%e2%80%99in
cds	no	merancang
cds	no	tipu daya
an	no	orang lemah
svp	no	bersungut-sungut
qas	no	menggiurkan
dmc	yes	bermoral
dmc	yes	setengah pint
svp	no	fisik tarik
re	no	menggetil
an	no	rouncey
cds	no	pemimpin rakyat yg pandai berpidato
an	no	rentboy
an	no	sundal
re	no	penyalahgunaan jabatan
om	no	ketertarikan sesama jenis
pa	yes	pendukung
re	no	menggaet
an	no	dodol
pa	yes	pengisytiharan guru besar
an	no	lembu kasi
re	no	menagih
cds	no	merintih
cds	no	yg tdk mau berbuat sesuatu
dmc	yes	fanatik
asm	no	pemurah
cds	no	berhala
qas	no	petani
pr	no	norway tikus
ps	yes	ras mongoloid
an	no	lintah
cds	no	klik
cds	no	menggunjing
qas	no	mencuri
dmc	yes	grifter
cds	no	hierarch
an	no	menggarang
qas	no	kasta
cds	no	berkecamuk
asm	no	ereksi penis
cds	no	pinjaman uang
asm	no	jeerer
qas	no	orang awam
rci	yes	barbar
asm	no	ballock
an	no	kutu tubuh
qas	no	limbah domestik
cds	no	wanita guru desa
ddp	yes	angsa
ddp	yes	pemurah
om	no	roti
an	no	kecabulan
cds	no	perjudian kasino
cds	no	rumah sakit reputasi
pa	yes	profesor biasa
cds	no	mengoperkan
dmc	yes	kedekut
ddp	yes	rakyat jelata
is	yes	pohon
asm	no	kontol qualifier
asf	no	jembut
ps	yes	israel
cds	no	perampokan
an	no	anguilla
cds	no	jilid
dmc	yes	pengembara
an	no	keluarga crocodylidae
an	no	bison
asm	no	mempersendakan
ddp	yes	tahu apa-apa
ddp	yes	hooey
asm	no	ikan
dmc	yes	jahul
svp	no	kelambanan
cds	no	menyelinap pencuri
dmc	yes	durjana
ddp	yes	lompong
ps	yes	nigra
ddp	yes	binatang buas
asm	no	jacking off
dmc	yes	dewa penipu
cds	no	wartawati
pr	no	hetaera
asm	no	tiang
re	no	menyengsarakan
an	no	cápa
cds	no	bayi
re	no	menjimpit
pr	no	pendamping laki-laki
an	no	prostitusi laki-laki
pa	yes	pengawal
cds	no	usikan
asm	no	meniduri
ddp	yes	bangsat
an	no	bodoh
asm	no	banci
cds	no	benak
dmc	yes	parokial
dmc	yes	tak berguna
an	no	klontongan lokal
an	no	animal
cds	no	tricker
qas	no	memo
rci	yes	bangsa barbar
an	no	ngengat
cds	no	sipir
cds	no	menjunjung tinggi
cds	no	suku   suku bangsa
ps	yes	kehitaman
an	no	menyelinap lidah
re	no	sakit-penggunaan
qas	no	parish
cds	no	perengek
pr	no	karut
pa	yes	teoritis
om	no	wadam
an	no	bandot
asm	no	testis
dmc	yes	tangkai kering
ddp	yes	nitwit
an	no	lampyris noctiluca
an	no	channel bass
re	no	mencolong
asm	no	phallic
pa	yes	pemilik perusahaan pemakaman
dmc	yes	anak dusun
svp	no	tak berguna
an	no	berkeras
an	no	biribiri
svp	no	invidia
qas	no	hartawan
cds	no	git
om	no	queer
qas	no	petani penyewa
an	no	hiu putih
dmc	yes	pseudo
or	no	pohon adas
cds	no	blackballing
cds	no	memperlambat
an	no	nipis-sialan
pr	no	jasa seksual
cds	no	bibliofil
cds	no	fanatisme
an	no	dgn demikian
pa	yes	peringkat diplomatik
re	no	pembunuhan tingkat pertama
an	no	culex pipiens
ps	yes	judaisme
pr	no	coklat tikus
asm	no	nookie
asm	no	ercis
cds	no	hibrida interspesifik
cds	no	maling
dmc	yes	mengotorkan
an	no	burung bangkai
cds	no	putus asa pidana
an	no	prickteaser
ps	yes	changelings
ps	yes	yahudi agama
an	no	dubuk
pa	yes	akademisi
an	no	hirudinea tersebut
pa	yes	kambing
an	no	frogspawn
cds	no	menggosipkan
an	no	margasatwa
qas	no	kebanyakan
qas	no	pemimpin bisnis
re	no	perampokan bersenjata
qas	no	pekerja buruk
re	no	mendesak
pr	no	perempuan tuna susila
re	no	mencabut perlindungan hukum
svp	no	jijik
svp	no	kegeraman
cds	no	selokan
svp	no	medit
cds	no	zelot
ps	yes	jatuh pria
cds	no	tanah
cds	no	terkecuali
pa	yes	biadab
cds	no	pemahat
pa	yes	pembela khusus
cds	no	wakil
ps	yes	gipsy
re	no	pemfitnah
om	no	lateral
cds	no	bercanda
re	no	menyiksa
an	no	kaum urakan
re	no	menyondang
cds	no	perampok
cds	no	riba
cds	no	groveler
cds	no	penyegan
ddp	yes	bebal
re	no	pelecehan seks
qas	no	kebesaran
asm	no	mengejek
cds	no	fundamentalisme agama
om	no	buntut
cds	no	mason bebas dan diterima
pa	yes	fakultas
an	no	konyol
cds	no	berkicau
cds	no	teori persekongkolan
cds	no	atasan
cds	no	badut
re	no	siksa
is	yes	nasib malang
qas	no	orang yg kurang sopan
dmc	yes	sempit
dmc	yes	berat tulang
cds	no	pelawak
cds	no	perkawinan silang
qas	no	pengusaha amerika
qas	no	berselerak
cds	no	meraban
om	no	ipsilateral
cds	no	kawan
pa	yes	menteri-konselor
an	no	belatung
cds	no	splashiness
an	no	molusca
ps	yes	ras dan etnisitas di sensus amerika serikat
cds	no	penyembahan berhala
ddp	yes	jahil
an	no	kebinatangan
qas	no	taipan
cds	no	tanda
is	yes	kemiskinan
cds	no	bola-up
re	no	penggarongan
cds	no	hibrida buatan manusia
cds	no	pintar
re	no	bertindak terorisme
om	no	poove
an	no	bernyawa menjadi
dmc	yes	tais
qas	no	gallimaufry
an	no	mosquitoe
cds	no	idola ibadah
re	no	mengusik
re	no	kekejaman
is	yes	pelit
cds	no	narcism
is	yes	doa
qas	no	rumah anjing
cds	no	delinkuen
qas	no	babar
qas	no	ordiner
cds	no	jahat
cds	no	ternak
dmc	yes	bukat
svp	no	keserakahan
ddp	yes	perepet
is	yes	salah
ddp	yes	blabbermouth
cds	no	pengadaan
ps	yes	pemulia tanaman
an	no	piglet
om	no	cross dressing
qas	no	pemilik toko
om	no	kekedian
is	yes	kemiskinan relatif
cds	no	iring-iringan kereta berkuda
cds	no	ballup
an	no	yg berlaku lemah
ddp	yes	hambar
asm	no	mengajuk
ddp	yes	bernyawa menjadi
asm	no	ray lembut
an	no	perempuan tuna susila
is	yes	sendu
cds	no	kotor anjing
svp	no	membosankan
cds	no	rookie
an	no	wanita jalang
ddp	yes	anak zadah
or	no	orang bodoh
dmc	yes	kompas moral
ddp	yes	sakit mental
qas	no	gulungan blooper
ddp	yes	ongok
qas	no	mengacaukan
ps	yes	suku mongol
ps	yes	zulu
svp	no	loba
cds	no	penyombong
ps	yes	bebal
cds	no	mampus
svp	no	kemarahan
qas	no	sampah masyarakat dan ekor
re	no	pemerkosa
asf	no	bertindak gila-gilaan
asm	no	mengamput
cds	no	karkas
an	no	bos taurus
dmc	yes	yg tdk mau berbuat sesuatu
re	no	gusar
an	no	ketampi
ddp	yes	pembelot
cds	no	toilet
dmc	yes	keji
cds	no	mati
is	yes	jentaka
qas	no	kekusutan
pr	no	cakap kosong
pa	yes	pekerja kerah putih
dmc	yes	mengaburnya
cds	no	penyerobotan
re	no	cosa nostra
ddp	yes	kerusakan otak
ps	yes	bangsa rom
an	no	berang
an	no	kerang
ps	yes	kedai bir
cds	no	berkomplot
dmc	yes	katai
cds	no	wafat
cds	no	mengecut
dmc	yes	imitatif
re	no	perompak
qas	no	dusta
ddp	yes	bangang
dmc	yes	busuk
is	yes	kuyu
qas	no	tukang bonceng
om	no	homoseksualitas
is	yes	galabah
cds	no	dilarang
om	no	homo
an	no	haemadippza zeylania
cds	no	banyaknya
qas	no	besar pengusaha
cds	no	schoolma'am
ddp	yes	hamik
ps	yes	blasteran
ddf	yes	menonaktifkan
or	no	sativus
cds	no	barisan
om	no	lintas-busana
cds	no	moneygrubber
cds	no	prahara
om	no	cross-dressing
cds	no	mengajarkan
ps	yes	orang tolol
ddp	yes	sampah masyarakat dan ekor
re	no	membinjat
qas	no	bangsa barbar
ps	yes	dungu
pr	no	wanita kesenangan
an	no	kebuasan
cds	no	masturbasi
is	yes	buangan sosial
dmc	yes	kikir
cds	no	bantu mengajar
cds	no	nakal
an	no	kambing
dmc	yes	pelahap
is	yes	rayu
om	no	keledai
ps	yes	komunitas yahudi
an	no	burung nazar
asm	no	memperlambat
cds	no	vrijmetselarij
ps	yes	suku badui
an	no	epifauna
ps	yes	memperlambat
cds	no	pandangan
cds	no	moaner
pa	yes	anggota fakultas
re	no	pelanggaran perusahaan
asm	no	meledek
dmc	yes	penjahat tragis
cds	no	kaki
cds	no	kekeliruan
qas	no	mengacau
an	no	orang goblok
cds	no	berbalah
svp	no	kikir
cds	no	melanggar hukum
ps	yes	inkiness
ps	yes	celaka
cds	no	pidana
an	no	mua
cds	no	protagonisme
ddp	yes	spesies hewan
re	no	pencemaran nama baik
an	no	burung heriang
or	no	mentimun anggur
or	no	poove
cds	no	membaham
svp	no	orang kikir
cds	no	kegagahan
qas	no	bad hat
svp	no	pelengah
cds	no	omnium-gatherum
ps	yes	setengah-kasta
pa	yes	peminang
ddp	yes	retardasi mental
cds	no	perdayaan
ps	yes	bodoh
dmc	yes	tambung
qas	no	celaka
dmc	yes	sangat kejam
re	no	keazaban
re	no	dibunuh
cds	no	sicilian mafia
cds	no	kekotoran
or	no	pudden-kepala
om	no	adas pedas
asm	no	twirp
cds	no	tukang temberang
asf	no	remeh
cds	no	cung
asm	no	nooky
re	no	bajak laut
an	no	menggoda
qas	no	retorika klasik
an	no	gurat batu
an	no	hirudinea
an	no	mikroba
ps	yes	orang jembel
cds	no	sastra hack
an	no	liar sapi
asm	no	kulup
ddp	yes	buta huruf orang
re	no	perampok
an	no	animalculum
cds	no	ujang
an	no	cootie
an	no	genus vipera
cds	no	penjahat
svp	no	umuk
cds	no	mangkat
qas	no	kacau
cds	no	nympho
cds	no	kepalsuan
cds	no	polis
cds	no	pelengah
cds	no	mountebank
re	no	menyambar
ps	yes	anak bodoh
cds	no	kesewenang-wenangan
om	no	adas
an	no	salientian
cds	no	gelandangan
an	no	tubuh-menyambar
cds	no	mussiness
ps	yes	gypsy
ddf	yes	katik
an	no	carcharodon
svp	no	superbia
cds	no	pembuat desas-desus
cds	no	anjing ras campuran
re	no	mendera
re	no	mengganggu
re	no	jiplakan
cds	no	cacography
cds	no	paparazzo
cds	no	bulatan
svp	no	kerakusan
cds	no	angkuh
qas	no	merusak
an	no	anjing betina
cds	no	banyak
svp	no	syahwat
dmc	yes	kepalsuan
cds	no	orang yg sok tahu
cds	no	pesta
qas	no	menyedihkan
ps	yes	gipsi
cds	no	geng-geng pemuda
ddp	yes	buas
qas	no	kepercayaan
dmc	yes	tiruan
qas	no	kaprah
cds	no	liar
dmc	yes	moral
an	no	lintah darat
re	no	dicuri properti
re	no	pemerasan
asm	no	bersetubuh
is	yes	julung
an	no	dungu
cds	no	jahanam
ps	yes	krauthead
ps	yes	romani
cds	no	polisi
an	no	ternak
is	yes	memiliki-tidak
an	no	yu
cds	no	cheekiness
re	no	perompakan
re	no	maligner
an	no	griffon vulture
cds	no	gulungan blooper
cds	no	segah
an	no	lipas
an	no	anak angsa
re	no	riang
an	no	mikroorganisme
asf	no	pepek
ps	yes	orang rom
cds	no	ketat
is	yes	picik
cds	no	defrauder
qas	no	orang asing
an	no	laut kalajengking
asm	no	sialan
cds	no	sanak saudara
cds	no	sempurna usia
cds	no	narsis
ddp	yes	kejahilan
an	no	ular berbisa
cds	no	kecek
qas	no	kasta sosial
cds	no	bohong
svp	no	kegagahan
dmc	yes	pencopet
svp	no	pajuh
dmc	yes	villainess
dmc	yes	orang hulu
an	no	bebal
ddp	yes	penjahat
cds	no	sementung
asm	no	luas kacang
svp	no	penyegan
cds	no	pembohong
ps	yes	imlek
pa	yes	pramuantar
asf	no	bedebah
an	no	daging ayam
cds	no	lagak
an	no	vamper
qas	no	parokial
ddp	yes	analphabet
dmc	yes	murtad
dmc	yes	perampok
cds	no	kegiatan kriminal
ddf	yes	cacat fisik
cds	no	slyness
cds	no	bergegas
ddf	yes	disabilitas
qas	no	top eksekutif
is	yes	sungkawa
qas	no	kecanggungan
an	no	batrachian
asm	no	kacang babi
ddp	yes	dungu
cds	no	pelamun
re	no	kebas
cds	no	ongok
pr	no	olahraga wanita
dmc	yes	bumbler
cds	no	reaksioner
pr	no	selir
asm	no	phallus
cds	no	ketel ikan
cds	no	hal makan sogok
an	no	midge
qas	no	penjaja
is	yes	terhad
dmc	yes	salah
cds	no	blunderer
re	no	angkuh
pr	no	prostitusi laki-laki
ddp	yes	keterbelakangan
an	no	diddlyshit
an	no	carcharodon carcharias
svp	no	berlagak
qas	no	zaman pertengahan
is	yes	sarit
pr	no	tikus coklat
cds	no	mystifier
an	no	tangkai kering
is	yes	jahat
qas	no	menyiksa
an	no	antelop kambing
ddp	yes	tahanan
asf	no	opet
ddp	yes	kebodohan
or	no	gerakan homophile
cds	no	pulas
an	no	kezaliman
cds	no	hidup
cds	no	pesolek
is	yes	kepapaan
re	no	pencurian kecil-kecilan
an	no	katak umum
cds	no	bertawar-tawaran
cds	no	ternak pencuri
cds	no	scum bag
dmc	yes	selekeh
cds	no	kedangkalan
an	no	ovis aries
re	no	kegiatan ilegal
dmc	yes	zalim
an	no	menengking
cds	no	anjing
qas	no	barok
ps	yes	marah
om	no	kontralateral
qas	no	orang yg pura-pura terpelajar
ddp	yes	pengecek
an	no	fulvus
cds	no	khalayak
asm	no	testikel
dmc	yes	jahanam
cds	no	berlalu
cds	no	ingroup
pr	no	sundel
qas	no	jemaat
ps	yes	rommany
ddp	yes	barang dan omong kosong
re	no	pembunuh manusia
om	no	hind end
an	no	nipis-jongkok
cds	no	musik grunge
an	no	berkutu
an	no	hiu
an	no	keras hati
dmc	yes	comot
dmc	yes	kampung
qas	no	umum orang
asf	no	rambut kemaluan
cds	no	pemulia tanaman
qas	no	masalah pembuat
ddf	yes	cerabah
cds	no	urakan
om	no	lintas busana
ddp	yes	sontoloyo
an	no	tipuan
dmc	yes	belang
re	no	delinkuen
om	no	shirtlifter
asf	no	vagina
re	no	ndrangheta
svp	no	berat tulang
om	no	homoerotisisme
ddp	yes	babar
ddp	yes	epifaunal
an	no	penggoda
an	no	kotor anjing
qas	no	pesawah
pa	yes	orang yg kurang sopan
cds	no	fumbler
pr	no	persundalan
ps	yes	negroids
cds	no	memo
an	no	bison eropa
qas	no	pasar kiper
an	no	caiman
re	no	pencurian berat
ps	yes	orang yahudi
cds	no	pemeras
dmc	yes	terbatas
cds	no	mengkeret
om	no	bersetubuh
cds	no	kojol
pa	yes	penasehat hukum
pa	yes	karyawan
cds	no	kerewelan
svp	no	tangkai kering
om	no	lintas-gaun
cds	no	sampah masyarakat dan ekor
an	no	wanita genit
re	no	rogol
cds	no	pajuh
qas	no	umum
pr	no	biston betularia
re	no	kecurian
is	yes	kemiskinan global
pa	yes	pengawas keuangan
is	yes	merayu
asm	no	paksi
qas	no	mukim
cds	no	mencoba memecahkan pemogokan
cds	no	kesalahan yg bodoh
cds	no	kesemrawutan
an	no	serangan hiu
asm	no	burung qualifier
is	yes	sugul
an	no	kodok
cds	no	bawdyhouse
an	no	gadis nakal
svp	no	kesewenang-wenangan
dmc	yes	treasonist
asm	no	menyetubuhi
cds	no	grunge
an	no	tubuh snatchers
pa	yes	politik
cds	no	egois
cds	no	pengelak
cds	no	partai
dmc	yes	lawak
is	yes	miskin
cds	no	pengecek
svp	no	celih
an	no	buruk orang
cds	no	weisenheimer
pa	yes	penjual ikan
an	no	nekad
cds	no	aneka rupa
pr	no	sosialita
pa	yes	bangsa barbar
cds	no	perusuh
cds	no	orang yg suka menonjolkan ketinggian keilmuannya
om	no	persetubuhan dua laki-laki
re	no	maffia
ddf	yes	tunadaksa
om	no	lemari lintas
cds	no	merapu
dmc	yes	penjahat
dmc	yes	leta
an	no	keganasan
asf	no	pubic hair
pa	yes	prof
an	no	agar crocodilia
asf	no	idiot
an	no	barbarisme
cds	no	chiseller
qas	no	kebangsawanan
cds	no	daki
cds	no	kaum
cds	no	layu
asm	no	lapangan kacang
dmc	yes	kumuh
cds	no	celaka
pr	no	gegat
ddp	yes	orang tolol
pr	no	nonsen
an	no	ferociousness
asf	no	dumbass
cds	no	gosip
qas	no	meja kerja
cds	no	korup
svp	no	sakit hati
svp	no	amarah
qas	no	orang burgher
an	no	pelacuran pria
an	no	kiss 'n' tell
is	yes	malang
or	no	homo
cds	no	taklid
asm	no	pekerjaan tangan
cds	no	modar
cds	no	cakap kosong
re	no	memarak
svp	no	hasad
re	no	chiseller
qas	no	pembantu pendeta pd upacara misa
cds	no	delik
asf	no	muttonhead
or	no	cucurbita maxima
re	no	hukum pemerkosaan
cds	no	novel sepeser pun
svp	no	kemarahannya
dmc	yes	dgn demikian
an	no	culicidae
cds	no	ternak gemerisik
qas	no	jamak
cds	no	menawar
qas	no	misdinar
re	no	sicilian mafia
cds	no	cinta-diri
ddf	yes	katai
om	no	homofil
qas	no	seorang yg tdk becus
cds	no	neonatus
re	no	capturer
ddp	yes	microcephalic
ps	yes	keluarga yahudi
svp	no	kembang
dmc	yes	berlengah-dallier
ps	yes	badui
asm	no	menggonyakkan
asm	no	pelir
ps	yes	latino
is	yes	mendoa
cds	no	fascisme
dmc	yes	kesalahan-off
cds	no	orang licik
cds	no	kerumitan
om	no	lady
cds	no	badut pengadilan
pa	yes	prof.
asm	no	penis
rci	yes	babar
cds	no	kesalahan di hadapan umum
asm	no	roll di jerami
is	yes	bengok
an	no	viper
cds	no	pedagang lihay
asm	no	kedunguan
om	no	crossdresser
qas	no	aneka rupa
pa	yes	orang kikir
om	no	poof
svp	no	pemalas
asm	no	ayam jantan
cds	no	self-ibadah
svp	no	keganasan
ps	yes	benak
cds	no	kesombongan
an	no	hemipteron
ps	yes	masyarakat kulit hitam
cds	no	memuja
an	no	sampah masyarakat dan ekor
ddf	yes	orang cacat
an	no	domestik anjing
pr	no	anak sewa
an	no	meradang
is	yes	papa
cds	no	mengoper
ddf	yes	nanus
pa	yes	akademikus
pr	no	rattus norvegicus
om	no	homoseksual
cds	no	masyarakat suku
an	no	tebal telinga
is	yes	pengemis
cds	no	penggali
cds	no	majikan
an	no	perut
or	no	spud
ps	yes	orang gipsy
an	no	tahu apa-apa
cds	no	orang udik
dmc	yes	pengacau
asf	no	moron
pa	yes	menteri
cds	no	masalah
cds	no	ekstrim sayap kanan
pa	yes	tukang sepatu
an	no	tubuh kutu
ps	yes	amerika asli
re	no	melanggar hukum
an	no	bagal
re	no	terorisme
ddp	yes	gila-gilaan
dmc	yes	petualang
ddp	yes	kalap
re	no	plagiarisation
cds	no	cemaran
pa	yes	berpolitik
cds	no	makelar
cds	no	bunga
an	no	penjarah
cds	no	teori konspirasi
an	no	kerdil
ps	yes	putih
ddf	yes	kelumpuhan
ps	yes	bedu
cds	no	berbohong
or	no	noggin
qas	no	mitra dalam kejahatan
dmc	yes	menipu
is	yes	orang bakhil
an	no	gila
cds	no	propagandis
ddp	yes	pekerja buruk
re	no	siksaan
cds	no	bersekongkol
cds	no	rajin
om	no	laki-laki gay
cds	no	peninggalan
ps	yes	yahudi
ddp	yes	tidak dapat
cds	no	durjana
om	no	ventrolateral
ddp	yes	mountebank
cds	no	anjing campuran
re	no	bangsat
ps	yes	bergelandangan
re	no	perkosaan tanggal
qas	no	kariah
dmc	yes	semu
ps	yes	gelandangan
an	no	pungguk
qas	no	petugas toko
pa	yes	akademik
dmc	yes	gajul
ps	yes	hispanik
an	no	angsa berleher pendek
an	no	kecoak
cds	no	dusta
pr	no	prostitusi jalanan
is	yes	orang miskin
cds	no	bordel
dmc	yes	bertualang
pr	no	selokan tikus
an	no	betet
ddp	yes	bumbler
re	no	pencuri ternak
qas	no	pengusaha
an	no	betina
is	yes	sewal
ddp	yes	anak haram
dmc	yes	biadab
cds	no	pengangguran
cds	no	tinggalan
pa	yes	kerani
ps	yes	darkie
cds	no	olahraga rumah
asf	no	dara
ps	yes	kraut
ddf	yes	menyakitkan mata
an	no	membersut
or	no	fuckhead
an	no	serigala
re	no	defamer
svp	no	rengus
qas	no	rumah pelukis
dmc	yes	salah rupa
an	no	serangga
pa	yes	profesor universitas
om	no	non-kebarat-baratan konsep seksualitas laki-laki
cds	no	penjaga penjara
cds	no	lawak
re	no	kehebatan
ddp	yes	membingungkan
re	no	pelanggaran seksual
dmc	yes	kecabulan
asm	no	pea tanaman
dmc	yes	berbohong
pa	yes	guru besar
re	no	pembunuhan penyiksaan
cds	no	kemunafikan
asm	no	ayam jago
cds	no	goblok
qas	no	penjual
re	no	pencurian besar
re	no	pembunuhan bayi
ddp	yes	tukang obat
an	no	katai
an	no	pijat-pijat
qas	no	pencampuradukan
om	no	pria homoseksual
qas	no	mengempenak
svp	no	gourmandizer
asm	no	perang
re	no	sex kejahatan
pa	yes	advocator
cds	no	hina
cds	no	kepayahan
dmc	yes	baik-untuk-sia
an	no	bakteri
is	yes	sial
dmc	yes	kasar
an	no	subordo blattaria
dmc	yes	menyelinap pencuri
ddp	yes	tawar
qas	no	kasihan
ddp	yes	hampa
ddf	yes	cebol
cds	no	anak dusun
svp	no	kibir
ddp	yes	tawanan
cds	no	semangat
cds	no	autolatry
re	no	angkara
re	no	gembira
svp	no	pelepasan nafsu berahi
re	no	penyamunan
pr	no	jalang
dmc	yes	lacur
cds	no	perjamuan
ddp	yes	kejam
qas	no	peternakan penyewa
an	no	amerika bison
re	no	pembunuh wanita
cds	no	guru
cds	no	kepongahan
cds	no	comberan
dmc	yes	luwes
cds	no	amour propre
an	no	placur
qas	no	cerita
cds	no	kumpulan
qas	no	ilusi
qas	no	bebas
cds	no	orang yg suka berolok-olok
cds	no	songar
re	no	kegiatan kriminal
cds	no	limbah mentah
cds	no	kaya baru
ps	yes	ras lain
asf	no	changeling
re	no	delik
is	yes	disayangkan
asf	no	patsy
svp	no	kelobaan
cds	no	rumah bordil
cds	no	berpasuk-pasuk
ps	yes	pemusnah
an	no	tembok kering
re	no	serangan seksual
cds	no	anak haram
om	no	linea
ps	yes	orang yg kurang sopan
cds	no	bersepah-sepah
cds	no	bacul
dmc	yes	berfoya-foya
cds	no	scads
asm	no	pelanggaran profesional
an	no	kotor trik
cds	no	dangkal
re	no	kebongkaran
cds	no	kasar
an	no	cuckold
or	no	dungu
an	no	bedebah
cds	no	banditisme
cds	no	menyanjung
cds	no	cendekiawan
re	no	penjahat dihukum
ps	yes	berkelana
dmc	yes	slackers
is	yes	gelebah
cds	no	timeserver
asm	no	pelengkap
pa	yes	penjaga pintu
or	no	miskin ikan
an	no	ass
qas	no	silap
an	no	buaya
ps	yes	negroid
ddp	yes	orang bodoh
svp	no	gusar
cds	no	pelanggaran
svp	no	jimat
dmc	yes	trifler
an	no	hirudinean
ps	yes	tiongkok
an	no	bacot
cds	no	pekerjaan tangan
cds	no	uskup agung
cds	no	melange
dmc	yes	malodor
qas	no	sesat akal
pr	no	pekerja seks
dmc	yes	buangan sosial
qas	no	menagih
dmc	yes	songong
qas	no	amatir
is	yes	mundur
re	no	desakan
an	no	insecta
cds	no	mengusil-usilkan
re	no	kesalahan
cds	no	lintah darat
or	no	kubis
re	no	pemahat
an	no	bangkut
an	no	streetwalker
cds	no	premanisme
cds	no	puluhan
cds	no	pudden-kepala
dmc	yes	sumbang
an	no	kebodohan
re	no	mengacau
cds	no	petugas koreksi
pa	yes	wanita penjual ikan
cds	no	penyembah berhala
ddp	yes	pekerja yg kurang baik
asm	no	orang tolol
asm	no	keras-on
svp	no	aboulia
cds	no	orang-orang suku
ps	yes	peranakan
cds	no	persoalan
svp	no	culas
cds	no	jatuh pria
dmc	yes	murahan
ps	yes	afrika amerika
qas	no	limbah rumah tangga
ddp	yes	bertindak gila-gilaan
ps	yes	orang udik
dmc	yes	chawbacon
asm	no	avifauna
cds	no	bellyacher
om	no	caudally
dmc	yes	rakehell
dmc	yes	moralistik
ddp	yes	tolol
an	no	goblok
svp	no	lengah
dmc	yes	kejam
svp	no	redut
re	no	paksaan
pa	yes	akuntan
asm	no	buah zakar
asm	no	omong kosong
ddp	yes	umpatan
ddf	yes	melumpuhkan
cds	no	villainess
cds	no	sipir penjara
om	no	kaum waria
ps	yes	babar
om	no	orang yg bersemburit
ddp	yes	tuna grahita
qas	no	pedagang kaki lima
dmc	yes	fleksibel
svp	no	cekel
ddp	yes	unwiseness
an	no	manusia
re	no	perampokan diperburuk
qas	no	wajar
cds	no	famili
ddp	yes	manusia
cds	no	pekerja buruk
cds	no	muncikari
an	no	cimicidae
asm	no	mencemoohkan
ps	yes	jew
an	no	keong
ps	yes	moron
om	no	gelandangan
cds	no	penjahat tragis
cds	no	pulang ke rahmatullah
ddp	yes	changeling
re	no	rudapaksa
svp	no	murka
an	no	keparat
re	no	kriminalitas
asm	no	patsy
dmc	yes	hobo
om	no	istri bangsawan
cds	no	keluarga
cds	no	bijak
re	no	kapak pekerjaan
or	no	b. rapa
cds	no	rakit
cds	no	kekecutan
ps	yes	bongok
re	no	menyakiti
cds	no	toilet umum
an	no	degil
dmc	yes	bandit
re	no	penyalahgunaan
cds	no	hypersexuality
re	no	furiousness
svp	no	mengomel
qas	no	pengikut
svp	no	uju
ddf	yes	rintangan
asm	no	usikan
dmc	yes	kelana
qas	no	pelukis dan dekorator rumah
cds	no	kaum urakan
asf	no	kedunguan
pr	no	lembu
re	no	pelecehan
an	no	mule
re	no	vilifier
asf	no	tolol
cds	no	gampang
ps	yes	kartu merah
asf	no	bulu kemaluan
pa	yes	penjual karcis
cds	no	broker
ddp	yes	nanocephaly
ddp	yes	makrofauna
ddp	yes	mental yang defisiensi
an	no	pengecut
an	no	sengkenit
an	no	vipera berus
an	no	pijat
dmc	yes	barbar
cds	no	menutup mata
qas	no	rhetoric
om	no	distal
cds	no	pandir
an	no	scorpionfish
svp	no	ranggi
dmc	yes	pembelot
cds	no	kesalahan besar
an	no	kepinding
pr	no	lokalisasi
cds	no	fascism
asm	no	moron
svp	no	memberongsang
cds	no	uju
an	no	biston betularia
re	no	raptio
svp	no	menyenangkan
cds	no	barang sisa
an	no	shoat
cds	no	mendewakan
qas	no	rakyat jelata
ps	yes	bastar
pa	yes	fakultas tambahan
re	no	detektif bagian pembunuhan
or	no	homoseksual
pa	yes	porter
cds	no	pencurian kecil-kecilan
om	no	pederastic
is	yes	lara
cds	no	penulis
svp	no	yg gagal dlm segala-galanya
dmc	yes	benguk
cds	no	mengoceh
svp	no	cinta-diri
asm	no	fucking
qas	no	melodramatik
an	no	burung malam
cds	no	hewan ternak
cds	no	tumpul
an	no	cimex lectularius
cds	no	biang keladi
an	no	git
pr	no	pelacuran terhadap pria
ps	yes	penduduk pasifik
re	no	pemfitnahan
cds	no	miskin ikan
ps	yes	tolol
cds	no	conventicles
qas	no	kesesuaian
re	no	menggait
an	no	blattaria
cds	no	menyendat
cds	no	pedant
qas	no	buah pelir
ddf	yes	cacat
om	no	nance
is	yes	singkat tangan
dmc	yes	rendah
cds	no	fundamentalis
cds	no	orang yg dpt ditertawakan
qas	no	omong kosong
re	no	mengumpil
cds	no	narsisis
cds	no	merapik
qas	no	kandang anjing
dmc	yes	homunculi
cds	no	bantahan
is	yes	sunyi
om	no	transvestisme
an	no	kebiadaban
ps	yes	kacukan
cds	no	pengejut
pr	no	percabulan
ps	yes	orang gypsy
ddp	yes	twirp
an	no	perampok
pr	no	wts
re	no	pelanggaran seks
qas	no	kerumitan
cds	no	anak zadah
pa	yes	profesor terkemuka
cds	no	cerdas
an	no	canis lupus familiaris
dmc	yes	maung
or	no	potatoe
qas	no	pemberat
an	no	bernga
dmc	yes	pergelandangan
ps	yes	hibrida
asm	no	memperdaya
ddp	yes	gendeng
cds	no	menggagalkan
an	no	domba
asm	no	ejek
cds	no	backtalk
pr	no	perek
ddp	yes	menipu
dmc	yes	cekel
cds	no	meninggal
dmc	yes	kehinaan
dmc	yes	urakan
re	no	mengecewakan
cds	no	mengerut
cds	no	wanker
om	no	liwat
cds	no	umpatan
cds	no	perang geng
ps	yes	monggol
ddp	yes	ketidaktahuan
om	no	bokong
cds	no	pandar
om	no	pantat
cds	no	orang ngotot
an	no	wanita chaser
cds	no	peminjaman uang
dmc	yes	orang yg kurang sopan
cds	no	crooner
cds	no	orang goblok
cds	no	olokan
is	yes	medit
cds	no	menciut
cds	no	kepul
re	no	perkosaan
ps	yes	perempuan kulit hitam
qas	no	orang kampung
pr	no	pekerja seks komersial qualifier
an	no	cakehole
cds	no	superbia
dmc	yes	pekerja buruk
dmc	yes	tunawisma
an	no	pemakan manusia hiu
cds	no	orang kikir
re	no	pencuri kecil
an	no	burung bayan
qas	no	bloodhound
ddp	yes	pembunuh
an	no	ular di rumput
cds	no	dgn demikian
qas	no	kecampuran
cds	no	perspicaciousness
ddp	yes	kebiadaban
svp	no	kemerosotan
dmc	yes	rampus
asm	no	titit
cds	no	cempiang
an	no	hemipteran
om	no	peniru perempuan
cds	no	berpura-pura
cds	no	budak
cds	no	bongok
dmc	yes	yg gagal dlm segala-galanya
is	yes	miskin setan
cds	no	mengendal
dmc	yes	scammer
ddp	yes	changelings
dmc	yes	foetor
cds	no	licik
is	yes	fakir
ddf	yes	kerdil
ddp	yes	twaddler
re	no	kebuasan
an	no	cabo
qas	no	berpenghasilan menengah
re	no	tindakan kekerasan
an	no	tolol
asm	no	maxilliped
pa	yes	asisten profesor
cds	no	anjing kampung
cds	no	mempermainkan
cds	no	orang cerdik pandai
cds	no	banci
an	no	beludak
pr	no	tuna susila
is	yes	kefakiran
dmc	yes	pelit
qas	no	kebohongan
ps	yes	bangsa mongol
is	yes	bahagia
re	no	mengait
dmc	yes	pendusta
cds	no	religiusitas
ddf	yes	tempang
cds	no	kebanyakan
cds	no	makan sogok
dmc	yes	dilarang
qas	no	azab
cds	no	gallimaufry
pa	yes	anggota yang sesuai
pr	no	seks komersial
an	no	bajak
cds	no	strikebreakers
an	no	besar putih hiu
svp	no	ingin
is	yes	jahanam
ps	yes	tanaman peternak
cds	no	rumah mesum
cds	no	kecerdasan
cds	no	ceti
re	no	bajingan
svp	no	gorger
re	no	paksa
re	no	stickup
ddp	yes	gosip
svp	no	berahi
cds	no	junk mail
an	no	gegat
pr	no	tikus got
qas	no	menuntut
asm	no	aves
an	no	katik
ddp	yes	margasatwa
re	no	menggila
is	yes	mendaduk
cds	no	band
cds	no	peleceh
svp	no	eros
ps	yes	nigger
svp	no	gali
an	no	asu
cds	no	anggota geng
om	no	madam
pa	yes	pengurus
an	no	cekel
an	no	prostitusi pria
cds	no	kecurangan
ps	yes	bertualang
qas	no	divulgement
an	no	kecut wajah
is	yes	orang kikir
