cds	no	blowhard
cds	no	chủ nghỉa phát xít
dmc	yes	người ăn cướp
cds	no	lang băm
asm	no	người phá sản
cds	no	cực hữu cầu thủ chạy cánh
qas	no	ragtag và cắt ngắn đuôi
ddp	yes	người sưa chửa
ps	yes	làm trể
svp	no	tình yêu tự
ddp	yes	tattletale
dmc	yes	loại heo con nhỏ
ps	yes	boche
qas	no	giả tạo
or	no	gay
cds	no	xã hội đen
an	no	điếm
re	no	sự dọa
cds	no	hauteur
asf	no	doofus
svp	no	nhiệt tin
re	no	tống tiền
cds	no	ăn trộm
ps	yes	lummox
cds	no	wangler
cds	no	mị dân
om	no	paederast
cds	no	layabout
is	yes	scrooge
an	no	diddlysquat
is	yes	người ăn mặc rách rới
asm	no	giật-off
ddp	yes	thủ đoạn
an	no	con rắn trong cỏ
or	no	người đồng tính nam
cds	no	rabble-rouser
an	no	ragtag và cắt ngắn đuôi
dmc	yes	nhiệt tin
ddp	yes	arsehole
re	no	mafia
ps	yes	dễ dãi
ddp	yes	người ngu si
asm	no	credulousness
asf	no	folderol
svp	no	dilly-dallier
pr	no	đĩ
cds	no	người ngu
cds	no	hoi polloi
ddp	yes	dumbass
svp	no	slacker
cds	no	hối hả
or	no	Đồng tính nam
cds	no	nhút nhát
cds	no	folderol
cds	no	satyriasis
an	no	không có giáo dục người
dmc	yes	mùi hôi
cds	no	hoaxer
cds	no	rumourmonger
re	no	hành động của chủ nghĩa khủng bố
cds	no	chế độ phát xít
cds	no	giật-off
dmc	yes	lingerer
an	no	dâm đảng
an	no	cặn bã túi
an	no	rentboy
pr	no	nữ giữ
pr	no	gái điếm
dmc	yes	dillydallier
is	yes	người bủn xỉn
dmc	yes	người mạo nhận
ddp	yes	riffraff
dmc	yes	defrauder
asf	no	lồn
ddp	yes	không có giáo dục người
svp	no	vẻ kiêu căng
cds	no	tầm thường
an	no	zooerastia
cds	no	highwayman
ddf	yes	nửa pint
ps	yes	nigga
an	no	người xấu
cds	no	tân binh
cds	no	đám đông
cds	no	motherfucker
cds	no	cò tình dục
cds	no	tay sai
dmc	yes	vi phạm
dmc	yes	sự cố chấp
cds	no	biết tất cả
an	no	nhút nhát
asf	no	người ngu
cds	no	chủ chứa
pr	no	phụ nữ của niềm vui
re	no	khử bọt
dmc	yes	buồn bao
qas	no	freeloader
pa	yes	uncouthness
cds	no	người làm biếng
cds	no	thải hộ gia đình
asf	no	shithead
cds	no	đắp thuốc nóng vào chổ đau
cds	no	cho vay tiền
or	no	lồn
ddp	yes	moron
an	no	cô gái tinh ranh
ps	yes	changelings
an	no	những trò lừa đảo
ps	yes	mongoloid
dmc	yes	ăn cắp vặt
qas	no	người ăn cắp
cds	no	người ăn cắp vặt
cds	no	nư giáo sư
asf	no	knucklehead
cds	no	nói dối
dmc	yes	rube
cds	no	quần chúng
qas	no	dã man
or	no	muttonhead
asm	no	người dại dột
re	no	cưỡng hiếp
cds	no	người dại khờ
an	no	sự ăn mặc luộm thuộm
cds	no	scrawler
pr	no	đàn bà dâm phụ
cds	no	wiliness
pr	no	hogwash
ps	yes	mestizo
cds	no	amateurishness
pr	no	comare
qas	no	amateurishness
cds	no	nerdy
cds	no	chứng hay động đực
cds	no	slackers
cds	no	ma phi a
cds	no	hay khoe khoang
an	no	đần độn
dmc	yes	kẻ đạo đức giả
cds	no	grifter
asf	no	fuckhead
cds	no	moaner
qas	no	thoi người nào
ddp	yes	blunderer
or	no	pillock
an	no	cắm sừng
re	no	xâm hại tình dục
ps	yes	người vô dụng
or	no	giao hợp với người đồng tính
qas	no	conformist
cds	no	nosey parker
cds	no	finagler
asf	no	khờ
asf	no	lừa bằng giấy
svp	no	vanity
asm	no	cả tin
cds	no	phế liệu
cds	no	văn hóa băng đảng
cds	no	fabricator
dmc	yes	giả
an	no	người làm biếng
qas	no	lời nói dối
an	no	người nhu nhược
an	no	wuss
qas	no	bác học giả hiệu
ddf	yes	xấu xí
dmc	yes	ác
an	no	đường phố cô gái
asf	no	người ngu si
dmc	yes	nghèo devil
dmc	yes	biếng nhác
re	no	villainess
or	no	người ngu ngốc
an	no	người ngu
ddp	yes	changeling
dmc	yes	nhân vật phản diện bi thảm
cds	no	người vô dụng
ddp	yes	người dại khờ
ps	yes	patsy
an	no	ngốc
is	yes	người keo kiệt
ps	yes	doofus
cds	no	phát xít
qas	no	chủ nghỉa thủ cựu
cds	no	người nhu nhược
re	no	khủng bố hành động
cds	no	người theo chủ nghỉa phát xít
an	no	người phụ nữ chaser
qas	no	nói lối
an	no	pip-squeak
pr	no	mại dâm đường phố
an	no	floozie
cds	no	người cho là mình biết tất cả
asm	no	twerp
dmc	yes	người hay trốn
om	no	đồng tính
cds	no	cảnh sát
re	no	maphia
an	no	diddly-shit
an	no	một đoạn
cds	no	nhiệt tin
cds	no	dweeb
asf	no	người khờ dại
ps	yes	người ngu dại
cds	no	penman
pa	yes	dân quê
cds	no	wank
cds	no	nhân vật phản diện bi kịch
dmc	yes	thứ hai lên lương
svp	no	tốt-cho-vô
ddp	yes	keo cú
an	no	gái điếm
pr	no	cậu bé thuê
qas	no	dân quê
ddp	yes	quack
an	no	trai bao
re	no	hãm hiếp
re	no	tên hiếp dâm nối tiếp
ddp	yes	một đoạn
cds	no	mafia
ddp	yes	lunkhead
an	no	dumbass
om	no	phong homophile
pr	no	tinh ranh
dmc	yes	kẻ phản bội
svp	no	conceitedness
ddp	yes	zooerastia
cds	no	pimp
an	no	trắng trợn
cds	no	người không cẩn thận
cds	no	loại heo con nhỏ
cds	no	giả tạo
cds	no	người nhà quê
an	no	trai mại dâm
cds	no	chất thải rắn
cds	no	blunderer
ddp	yes	vô nghĩa
ps	yes	mongoloids
dmc	yes	lên khói
an	no	relentlessness
cds	no	khiếu nại
svp	no	người hay trốn
ddp	yes	người khờ dại
cds	no	vay tiền
pr	no	dâm
an	no	patsy
svp	no	người đào mương
cds	no	ragtag
asm	no	làm tình
dmc	yes	kẻ mạo danh
dmc	yes	sai
cds	no	đê tiện
cds	no	chứng cuồng dâm
asm	no	jacking off
ps	yes	nửa giống
pr	no	nón của phụ nư
ps	yes	môn-gô-lô-ít
svp	no	cheapskate
dmc	yes	kẻ giả nhân giả nghĩa
an	no	thô tục
ddp	yes	dân quê
cds	no	tinh nghịch
qas	no	người làm điều ác
dmc	yes	lừa dối
om	no	twink
cds	no	người hay kể chuyện
dmc	yes	du côn
dmc	yes	mùi hôi
an	no	fuckhead
pr	no	buncombe
re	no	nhân vật phản diện
pr	no	ăn chơi trụy lạc
asm	no	địt
ps	yes	nửa giai cấp
cds	no	hèn nhát
cds	no	nghề tú bà
svp	no	hư vinh
or	no	dumbass
ddp	yes	ngốc
cds	no	biếng nhác
an	no	thú tính
asf	no	ngốc
asm	no	wanker
cds	no	nửa pint
an	no	người không cẩn thận
cds	no	chiseler
ddp	yes	ragtag
dmc	yes	người ăn cắp vặt
ps	yes	nigra
cds	no	người quê mùa
cds	no	nghèo cá
qas	no	trouble maker
pr	no	câu nói đùa
svp	no	người đào hầm
ddp	yes	người ngu dốt
asm	no	hand job
ddp	yes	lỗ đít
ddp	yes	fumbler
cds	no	loanshark
cds	no	gián điệp
cds	no	nhát gan
cds	no	cho vay cá mập
asf	no	dumbass
ddp	yes	gossiper
ddp	yes	zooerasty
ddp	yes	knucklehead
cds	no	người bất lương
an	no	váy chaser
dmc	yes	người lừa đảo
cds	no	hột cỏ
ps	yes	Đại chủng mông cổ
asf	no	làm trể
dmc	yes	trụy lạc
svp	no	ne'er làm tốt
asf	no	thằng ngốc
asm	no	shtup
cds	no	kiêu căng
dmc	yes	dân quê
cds	no	từ chối
an	no	cho mọc sừng
an	no	cẩu thả người
an	no	người lùn
cds	no	sự quỷ quyệt
dmc	yes	cặn bã túi
ddp	yes	ngu dốt
or	no	homophile
cds	no	jacking off
re	no	tên mafia
qas	no	quanh quẩn theo người nào
asm	no	ôm ấp hôn hít ai
an	no	diddlyshit
cds	no	bellyacher
asf	no	twat
pr	no	thu thập thông tin lề đường
an	no	bẩn lừa
or	no	đồng tính
cds	no	người xem
ps	yes	người ngu si
om	no	Đồng tính nam
pr	no	floozie
asf	no	người dại khờ
re	no	chủ nghĩa khủng bố
an	no	shithead
or	no	pê đê
ddp	yes	người ngu
re	no	vi phạm
re	no	người khủng bố
cds	no	mị dân
cds	no	schoolmarm
dmc	yes	foetor
cds	no	patsy
qas	no	bumbler
dmc	yes	lang thang
cds	no	tiêu huỷ
cds	no	vô pháp
cds	no	nghèo devil
cds	no	tricker
cds	no	người đi vênh vang
is	yes	nhân vật phản diện bi thảm
dmc	yes	nhân vật phản diện
ps	yes	chậm chạp
re	no	mafia ý
cds	no	lời nói dối
ddp	yes	ngu ngốc
svp	no	layabout
re	no	debaucher
asf	no	người ngu dốt
dmc	yes	thô lỗ
re	no	chiến thuật của khủng bố
dmc	yes	đạo đức giả
dmc	yes	lowlife
an	no	vamper
cds	no	sự cố chấp
an	no	một nam
cds	no	cảnh sát viên
cds	no	thoi người nào
cds	no	cuồng tín
svp	no	kiêu căng
cds	no	người ăn trộm
ddp	yes	muttonhead
dmc	yes	đồ lừa đảo
cds	no	dickhead
qas	no	troubler
ps	yes	ruiner
cds	no	thành viên băng đảng
or	no	bonehead
an	no	đàn bà hay làm dáng
dmc	yes	grifter
ddp	yes	người truyền tin
ddp	yes	người thô tục
asf	no	một đoạn
asm	no	jeerer
cds	no	người hay trốn
cds	no	man rợ
cds	no	gossiper
qas	no	tagalong
an	no	giả mạo
cds	no	người khờ dại
cds	no	ma-phi-a
svp	no	cao thuận tay
cds	no	người phá sản
cds	no	ngu ngốc người
cds	no	whiner
svp	no	người không tự phụ
cds	no	người nhút nhát
svp	no	người keo kiệt
cds	no	ngoài vòng pháp luật
is	yes	villainess
dmc	yes	người giả dối
cds	no	người tọc mạch
qas	no	tài tử
qas	no	riffraff
ps	yes	mestizos
an	no	dể bị gạt
cds	no	mess
dmc	yes	không có tài khoản
ddp	yes	người ngớ ngân
ddp	yes	dễ dãi
is	yes	vắt ruột
cds	no	cao thuận tay
cds	no	nói lối
ddp	yes	ragtag và cắt ngắn đuôi
re	no	hiếp dâm ngày
cds	no	chuyện không quan hệ
asm	no	đéo
an	no	trò lừa bịp internet
ps	yes	mongoloit
svp	no	slackers
cds	no	tội nhân
cds	no	thời gian phục vụ
asm	no	ngu dốt
asf	no	changelings
ddp	yes	dể bị gạt
or	no	người dại khờ
ddp	yes	không biết gì
cds	no	dễ dãi
asf	no	thiếu nư
an	no	người ngu ngốc
dmc	yes	bẩn chó
an	no	zooerasty
cds	no	hành vi vô lại
an	no	không đủ năng lực
an	no	người dại khờ
dmc	yes	người làm vụng về
cds	no	người cho vay ăn lời
cds	no	git
ddp	yes	bác sĩ lang băm
ddf	yes	người lùn
pa	yes	người dã man
ddp	yes	đần độn
dmc	yes	blunderer
ddp	yes	patsy
re	no	ngày hiếp dâm
ddp	yes	lang băm
asm	no	screwing
qas	no	người ăn xin
asm	no	nookie
ps	yes	dimwit
ps	yes	người dã man
cds	no	pillock
an	no	prickteaser
cds	no	người sưa chửa
an	no	người khờ dại
cds	no	khôn ngoan chàng
cds	no	ma cô
pr	no	mại dâm nam
cds	no	người tàn ác
cds	no	sniveller
dmc	yes	người đánh lừa
ddp	yes	người vô dụng
svp	no	người keo kiệt
ddp	yes	sự dốt nát
asm	no	ăn nằm với ai
ddp	yes	người hay nói chuyện nham
cds	no	người chậm chạp
an	no	đĩ
an	no	nanus
pr	no	rentboy
cds	no	người nói láo
an	no	muttonhead
an	no	chậm chạp
ddp	yes	ngu
ps	yes	moron
asm	no	một đoạn
an	no	nhân vật phản diện bi thảm
cds	no	mafia sicily
dmc	yes	pseud
ddp	yes	ngu ngốc người
or	no	twat
cds	no	hư vinh
rci	yes	nhà quê
cds	no	cho thuê nhà văn
pr	no	một nam
pr	no	dịch vụ tình dục
or	no	pudden đầu
dmc	yes	người nhà quê
cds	no	người hay mét
pr	no	hellcat
svp	no	tốt-cho-không có gì
an	no	không thể lay chuyển
qas	no	người dã man
pr	no	mại dâm
om	no	giao hợp với người đồng tính
dmc	yes	giả nhân nghia
pr	no	lời nói trống rổng
cds	no	táo đánh bóng
cds	no	kẻ ngốc
asm	no	mảnh của ass
cds	no	nhân vật phản diện bi thảm
qas	no	lựa chọn
an	no	thằng ngu
an	no	người phá sản
an	no	betise
om	no	poove
cds	no	ngu ngốc
dmc	yes	roue
cds	no	không được pháp luật bảo vệ
cds	no	kẻ mối lái
ddp	yes	blabbermouth
cds	no	người bối rối
cds	no	người chăm học
an	no	villainess
or	no	faggot
ps	yes	người da đen
re	no	traducer
pr	no	người phụ nữ của đường phố
cds	no	đăm trong bùn
or	no	lunkhead
an	no	codswallop
asm	no	tán tỉnh ai
ps	yes	mestizaje
cds	no	tội phạm
an	no	kiểu sức
cds	no	phản động
pr	no	chó
cds	no	mafia ý
cds	no	người môi giới mại dâm
an	no	ragtag
asm	no	thằng ngu
cds	no	người vô giá trị
asm	no	ái ân
asm	no	làm tình
ddp	yes	người ngu ngốc
an	no	nhân vật phản diện bi kịch
cds	no	hand job
cds	no	dể bị gạt
cds	no	người tra tấn
cds	no	vaunter
ps	yes	mọi
dmc	yes	ne'er làm tốt
re	no	raper
an	no	không đúng
an	no	nhát gan
pa	yes	nhà quê
asm	no	đụ
asf	no	kẻ ngốc
ps	yes	jigaboo
om	no	homophile
asf	no	lunkhead
cds	no	giả mạo
ddp	yes	không đủ năng lực
svp	no	goof-off
cds	no	moneylending
an	no	knucklehead
ps	yes	người phá sản
svp	no	buồn
cds	no	schoolma'am
pr	no	điếm
dmc	yes	slacker
cds	no	mẹ đồ ngu
cds	no	nhà giáo
ddp	yes	thuốc lang băm
asf	no	người ngu dại
an	no	hèn nhát
qas	no	người làm vụng về
cds	no	vi phạm
cds	no	má mì
qas	no	fumbler
cds	no	tình yêu tự
re	no	ma phi a
asm	no	thông tục giao cấu
asf	no	người phá sản
an	no	người bủn xỉn
cds	no	wonk
asm	no	kẻ ngốc
re	no	khủng bố
dmc	yes	ở ruộng
an	no	tầm thường
cds	no	du côn
pr	no	floozy
cds	no	dể lừa
ps	yes	dã man
cds	no	quỉ quyệt
ps	yes	kẻ ngốc
pr	no	thể thao phụ nữ
ddp	yes	người hay nói nhiều
asm	no	tỏ tình với ai
cds	no	con mọt sách
ps	yes	nhà quê
ddp	yes	doofus
cds	no	presumptuousness
dmc	yes	người ăn cắp
qas	no	tiêu hủy
dmc	yes	tầm thường
dmc	yes	người vị thành niên phạm pháp
re	no	nhân vật phản diện bi kịch
cds	no	người nói nhiều
ddp	yes	tiết lộ bí mật
cds	no	một nhanh
cds	no	người tự phụ
asm	no	nooky
cds	no	nhà quê
cds	no	pudden đầu
or	no	nance
qas	no	điên
ddp	yes	thằng ngu
asf	no	patsy
cds	no	tội nhân (t
cds	no	nympho
pr	no	john
om	no	người đồng tính nam
an	no	nhân vật phản diện
cds	no	mussiness
cds	no	tín ngưởng chủ nghỉa
pr	no	đường phố cô gái
svp	no	superbia
ps	yes	một đoạn
ddp	yes	chậm chạp
re	no	cưỡng dâm
pa	yes	man rợ
cds	no	bragger
pa	yes	dã man
dmc	yes	tốt-cho-không có gì
asm	no	người ngu
dmc	yes	người xấu
svp	no	vô dụng
ddp	yes	shithead
cds	no	hèn nhát
ps	yes	krauthead
cds	no	người láu lỉnh
dmc	yes	người làm biếng
ddp	yes	saphead
an	no	floozy
cds	no	cheekiness
qas	no	man rợ
re	no	maligner
dmc	yes	nửa pint
cds	no	vô liêm si
cds	no	hình sự
asm	no	twirp
asf	no	codswallop
dmc	yes	kẻ lừa đảo
an	no	mại dâm đường phố
cds	no	defrauder
cds	no	nghịch ngợm làm
an	no	lừa bằng giấy
dmc	yes	villainess
an	no	diddly-squat
cds	no	bẩn chó
cds	no	người nhìn lên
ddp	yes	thú tính
ddp	yes	dã man
dmc	yes	dâm đảng
cds	no	người ăn cướp
an	no	riffraff
ps	yes	cái bô
an	no	không biết gì
cds	no	thằng ngu
ddp	yes	twerp
an	no	người lợi dụng
ddp	yes	thằng ngốc
an	no	người keo kiệt
svp	no	niggardliness
re	no	hiếp
cds	no	chiến tranh băng đảng
an	no	bẩn chó
cds	no	rất nhiệt tâm
cds	no	đường đại lý
dmc	yes	người đi lang thang
dmc	yes	nhà quê
cds	no	loansharking
cds	no	fumbler
ddp	yes	chuyện không quan hệ
rci	yes	man rợ
cds	no	kiểu sức
cds	no	vẻ kiêu căng
ps	yes	người thô tục
qas	no	người gây sự
ddp	yes	sự thiếu hiểu biết
cds	no	mystifier
asf	no	Âm đạo
ps	yes	dân quê
asf	no	người ngu ngốc
cds	no	sắt phế liệu
dmc	yes	giả
cds	no	lựa chọn
dmc	yes	mùi hôi thúi
cds	no	người khoe khoan
ps	yes	da đen
dmc	yes	tốt-cho-vô
qas	no	người sưa chửa
re	no	người vô dụng
cds	no	côn đồ
ddp	yes	pudden đầu
ddp	yes	người phá sản
dmc	yes	bumbler
svp	no	sự cố chấp
ps	yes	uprooter
cds	no	rube
an	no	cậu bé thuê
svp	no	hauteur
qas	no	nói dối
cds	no	vô trật tự
asm	no	wank
dmc	yes	cướp
cds	no	con trai của một bitch
asm	no	người ngu dại
asm	no	dể bị gạt
re	no	xã hội đen
dmc	yes	đi lang thang
ddp	yes	bonehead
dmc	yes	dilly-dallier
cds	no	kẻ lừa đảo
ddp	yes	không đúng
cds	no	tự cao đại
svp	no	scrooge
asm	no	dimwit
re	no	mafia sicily
ddp	yes	sức khỏe gian lận
cds	no	người láu táu
pr	no	fornicatress
cds	no	gangsterism
re	no	nhanh nhẹn
cds	no	ngốc
dmc	yes	người chậm chạp
cds	no	fanatism
cds	no	nghịch ngợm hình sự
asm	no	dễ dãi
ddp	yes	pillock
om	no	pê đê
ddp	yes	người hay mét
is	yes	người vô dụng
svp	no	ravenousness
asm	no	fuck
qas	no	blunderer
cds	no	dâm đảng
an	no	mại dâm nam
re	no	slanderer
dmc	yes	nhân vật phản diện bi kịch
ddp	yes	buồn bao
cds	no	người dã man
cds	no	người vị thành niên phạm pháp
cds	no	thải thành phố trực thuộc trung ương
cds	no	weisenheimer
asf	no	âm đạo
svp	no	vô ích
asf	no	betise
cds	no	cảnh sát (t
svp	no	biếng nhác
cds	no	người ăn cắp
pr	no	trai mại dâm
cds	no	splashiness
an	no	gái mại dâm nam
cds	no	chiseller
ps	yes	kraut
cds	no	người lừa đảo
ddf	yes	loại heo con nhỏ
an	no	ferociousness
ddp	yes	lừa bằng giấy
an	no	bỏ rơi
ddp	yes	lính mật thám
cds	no	dastardliness
dmc	yes	fabricator
re	no	gièm pha
cds	no	nghiện
an	no	người dốt
cds	no	băng đảng đường phố
dmc	yes	chiseller
re	no	sicilian mafia
cds	no	người đê tiện
svp	no	niggardness
asf	no	saphead
dmc	yes	bigot
svp	no	xâm lược
cds	no	pimping
an	no	vamp
cds	no	dã man
ddp	yes	người ngu dại
dmc	yes	vật bị hỏng
cds	no	tattletale
svp	no	vắt ruột
ddp	yes	dimwit
or	no	shithead
svp	no	minginess
om	no	poof
cds	no	nhân viên cảnh sát
pr	no	Đĩ đực
qas	no	tiêu huỷ
cds	no	nhân vật phản diện
svp	no	dillydallier
ddf	yes	nanus
asm	no	saphead
an	no	kẻ ngốc
dmc	yes	thần trickster
ddp	yes	twaddler
dmc	yes	người sưa chửa
cds	no	conformist
or	no	nghèo cá
dmc	yes	dallier
asf	no	moron
dmc	yes	người nói láo
ddp	yes	mẹ đồ ngu
cds	no	sự tự phụ
asm	no	flouter
an	no	cuckold
cds	no	amour propre
cds	no	scammer
ps	yes	Đại chủng Á
asm	no	jerking off
cds	no	tiêu hủy
cds	no	người đóng giày
cds	no	văn học thuê
or	no	poof
cds	no	mua sắm
cds	no	đáng khinh
qas	no	moocher
qas	no	nhà quê
re	no	cướp
cds	no	wuss
ddp	yes	hokum
asm	no	cặc
cds	no	người nịnh hót
pr	no	gái mại dâm
cds	no	chịu thua
qas	no	người tô lên
or	no	poove
an	no	người ngu dốt
dmc	yes	hobos
svp	no	amour propre
dmc	yes	người dâm đảng
an	no	không đủ năng lực người
om	no	khuyết tật người
cds	no	khốn
cds	no	tên cướp
or	no	fuckhead
ps	yes	changeling
cds	no	kẻ nghiện
cds	no	bánh đại lý
dmc	yes	sự tin nhảm
cds	no	ragtag và cắt ngắn đuôi
cds	no	người bất bình
cds	no	ăn cắp vặt
cds	no	buồn bao
cds	no	phản động
pr	no	gái mại dâm nam
or	no	lừa bằng giấy
is	yes	nhân vật phản diện
cds	no	người phạm tội
om	no	bóng
svp	no	gourmandizer
ddp	yes	dại dột
asm	no	người ngớ ngân
om	no	say sưa
re	no	libeler
cds	no	phép ma
dmc	yes	tên cướp
dmc	yes	người vô dụng
cds	no	cho vay nặng lãi
cds	no	chủ nghỉa thủ cựu
dmc	yes	layabout
cds	no	một đoạn
svp	no	người bủn xỉn
cds	no	rumormonger
qas	no	đi lang thang
an	no	lunkhead
ddp	yes	betise
ddp	yes	bumbler
cds	no	thứ hai lên lương
is	yes	người ăn xin
asm	no	mảnh đuôi
dmc	yes	hột cỏ
svp	no	không đau
ddp	yes	con trai của một bitch
ddp	yes	motherfucker
cds	no	đặt ra ngoài vòng pháp luật
cds	no	vanity
re	no	hành động khủng bố
cds	no	người cho vay nặng lời
ddp	yes	fuckhead
is	yes	người ăn mày rách rưới
cds	no	lowlife
cds	no	pompousness
ddp	yes	codswallop
or	no	người khờ dại
ddp	yes	rumourmonger
cds	no	người hay nói chuyện nham
ddp	yes	đắp thuốc nóng vào chổ đau
cds	no	ngạo mạn
cds	no	người không tự phụ
dmc	yes	bội đạo
dmc	yes	slackers
an	no	người chận chạp
dmc	yes	libertinism
an	no	bonehead
pr	no	xỉ
or	no	người ngu
an	no	raunch
dmc	yes	trifler
asf	no	dễ dãi
an	no	diddly
cds	no	pedantic
re	no	nhân vật phản diện bi thảm
cds	no	sicilian mafia
cds	no	bơi hối hả
ddp	yes	kẻ ngốc
cds	no	chưa rửa lớn
om	no	pederast
ddp	yes	người dã man
cds	no	saphead
cds	no	slacker
cds	no	jerking off
cds	no	bạo lực băng đảng
cds	no	ostentatiousness
an	no	thanh-in-the bùn
or	no	ngu ngốc
is	yes	nghèo devil
pr	no	sự trụy lạc
cds	no	sự ăn mặc luộm thuộm
pr	no	nhà thổ
dmc	yes	rakehell
is	yes	người keo kiệt
ddp	yes	nghèo cá
re	no	hiếp dâm
dmc	yes	bỏ đạo
cds	no	lòng cuồng nhiệt
ps	yes	pikey
cds	no	villainess
pr	no	tình nhân
an	no	người vô dụng
asf	no	muttonhead
svp	no	người làm biếng
cds	no	codswallop
cds	no	sự nhiệt tin
ddp	yes	gạt người
cds	no	riffraff
cds	no	hypersexual
ddp	yes	man rợ
asf	no	dể bị gạt
an	no	Đĩ đực
cds	no	băng đảng
pr	no	lỏng phụ nữ
ps	yes	khờ
asm	no	giao cấu
cds	no	phát xit
cds	no	blabbermouth
asm	no	patsy
dmc	yes	hobo
pr	no	mai dâm
is	yes	cheapskate
dmc	yes	git
cds	no	banditti
ddf	yes	xấu (t
or	no	knucklehead
cds	no	thông minh aleck
cds	no	nịnh dân
svp	no	không có tài khoản
om	no	con molester
cds	no	hypersexuality
cds	no	hồ bơi hối hả
cds	no	tên mafia
or	no	ngu ngốc người
pr	no	điếm
cds	no	kẻ mối lái tình dục
om	no	gay
cds	no	bảo thủ cực đoan
dmc	yes	tramps
svp	no	dallier
cds	no	bigot
re	no	vilifier
cds	no	sự bán rẻ tài năng
an	no	dâm
re	no	người vị thành niên phạm pháp
cds	no	fawner
ddp	yes	nhà quê
cds	no	cẩu thả người
or	no	đắp thuốc nóng vào chổ đau
asm	no	betise
cds	no	người cho vay
asf	no	bonehead
dmc	yes	lừa đảo
dmc	yes	goof-off
re	no	người ăn cướp
ddp	yes	lummox
cds	no	người làm vụng về
asf	no	dimwit
ps	yes	người đàn ông lai
an	no	dễ dãi
ddp	yes	người làm vụng về
cds	no	người làm mối
cds	no	cắt nhỏ
cds	no	phát-xít
asm	no	cuộn trong cỏ khô
ddp	yes	folderol
ps	yes	thằng ngốc
cds	no	chủ nghĩa phát xít
cds	no	groveler
ddp	yes	nonsensicality
dmc	yes	giả mạo
qas	no	xấu hat
ps	yes	thằng nhọ
cds	no	rác
rci	yes	dã man
an	no	git
asf	no	changeling
cds	no	cặn bã túi
qas	no	buồn bao
cds	no	pedant
asm	no	quan hệ tình dục
om	no	nance
an	no	người đi cướp bóc
pr	no	bán dâm
cds	no	người mê hoặc
cds	no	biết-nó-tất cả
dmc	yes	man rợ
dmc	yes	người dã man
ddp	yes	twirp
dmc	yes	kẻ lang thang
dmc	yes	côn đồ
qas	no	từ chối
om	no	faggot
an	no	doodly-squat
cds	no	lãi cao
om	no	kiểu sức
cds	no	chính sách mị dân
ddp	yes	changelings
asf	no	âm đạo
cds	no	bumbler
an	no	tánh thường
ddp	yes	khốn
cds	no	người mị dân
ddp	yes	người dại dột
asm	no	ngốc
svp	no	sự tin nhảm
ddp	yes	làm trể
cds	no	wanker
cds	no	vấn đề
cds	no	prankster
cds	no	pandar
cds	no	dòng game bắn súng
cds	no	quá tỉ mỉ
cds	no	wisenheimer
dmc	yes	trickster
cds	no	sự tin nhảm
dmc	yes	treasonist
an	no	pudge
rci	yes	người dã man
cds	no	maphia
ddp	yes	không đủ năng lực người
cds	no	superbia
om	no	đồng tính luyến ái
cds	no	phần tử phát xít
asm	no	phỉnh gạt
cds	no	ở ruộng
re	no	giả mạo
ddp	yes	dickhead
pr	no	cẩu thả người phụ nữ
an	no	inexorableness
dmc	yes	scammer
or	no	say sưa
dmc	yes	người bỏ đảng
dmc	yes	malodor
an	no	lowlife
an	no	folderol
cds	no	nymphomaniac
cds	no	nghịch ngợm
dmc	yes	che đậy
cds	no	thực tế joker
cds	no	người có tội
an	no	saphead
cds	no	conceitedness
or	no	đồng tính luyến ái
dmc	yes	người giả bộ
ddp	yes	khờ
dmc	yes	người giả mạo
dmc	yes	chiseler
cds	no	cướp
ddp	yes	người hay kể chuyện
ddp	yes	ferociousness
asf	no	thằng ngu
an	no	chó
dmc	yes	buồn
dmc	yes	dã man
re	no	ma-phi-a
rci	yes	dân quê
svp	no	gorger
svp	no	tightfistedness
or	no	người ngu dốt
ddp	yes	người dốt
cds	no	dân quê
or	no	phong homophile
is	yes	nhân vật phản diện bi kịch
dmc	yes	người quê mùa
pr	no	trai bao
svp	no	tham ăn
asm	no	doofus
ps	yes	man rợ
ddp	yes	rumormonger
svp	no	bigot
an	no	diddley
qas	no	ragtag
cds	no	người truyền tin
dmc	yes	fumbler
