ps	yes	puupea
an	no	mees prostituut
an	no	aisankannattaja
cds	no	kokkupanija
cds	no	kiitlevus
cds	no	nõrgake
an	no	minx
qas	no	norkoilija
cds	no	tola
pr	no	spordi daam
cds	no	tossike
ddp	yes	mats
dmc	yes	näss
cds	no	maamats
cds	no	vussija
cds	no	lörpöttelijä
ddp	yes	tattletale
ps	yes	boche
or	no	gay
dmc	yes	silmakirjalik
cds	no	emanikkuja
qas	no	halb müts
cds	no	hauteur
asm	no	tyhmyri
om	no	twink
cds	no	barbar
an	no	unimüts
svp	no	viilija
ps	yes	lummox
an	no	madu rohus
pr	no	lõbunaine
is	yes	scrooge
an	no	diddlysquat
dmc	yes	barbaarne
cds	no	barbaarne
is	yes	kaabakas
cds	no	fašist
cds	no	heinaseemne kasvatamiseks
an	no	diddly-pask
cds	no	tahtejõuetud
pr	no	tänavaprostitutsioon
ddp	yes	loll
an	no	ihnuskoi
ddp	yes	arsehole
ddp	yes	värdjas
cds	no	kupeldajate
is	yes	ihnus
qas	no	vassija
asf	no	folderol
is	yes	vaeseke
dmc	yes	tühja toimetaja hästi
qas	no	vaeva tegija
ddp	yes	dumbass
cds	no	folderol
cds	no	satyriasis
an	no	määrdunud koera
cds	no	hoaxer
asm	no	narr
dmc	yes	fanatism
ps	yes	molu
dmc	yes	lingerer
an	no	libu
an	no	rentboy
an	no	lappima
pr	no	lits
dmc	yes	dillydallier
re	no	mafioosod
qas	no	töhertäjä
qas	no	vussija
dmc	yes	defrauder
ddp	yes	absurdsus
qas	no	kaabakad
ddf	yes	pool pinti
dmc	yes	prevaricator
rci	yes	mats
cds	no	valetamine
or	no	puupea
cds	no	dweeb
cds	no	viriseja
asf	no	oled selline sitapea
cds	no	pettur
ddp	yes	barbarid
re	no	traagilise kaabakas
an	no	profiteerima
ddp	yes	prääks
cds	no	kuriloom
ps	yes	molkus
ps	yes	jigaboo
ddp	yes	kombineeritud kogudus
asm	no	trukkima
dmc	yes	salgav
cds	no	jõugu kultuur
ddp	yes	muttonhead
cds	no	nurjatu
cds	no	ment
re	no	la cosa nostra
asm	no	keppima
qas	no	toorutseja
cds	no	lindprii
cds	no	kavalus
cds	no	hankides
asf	no	lontrus
dmc	yes	vale
ddp	yes	nõme
or	no	muttonhead
asm	no	käsi töö
cds	no	myötäilijä
svp	no	venivillem
cds	no	slyboots
cds	no	line-shooter
cds	no	prügi
qas	no	haletsusväärne
cds	no	määrdunud koera
cds	no	isekus
cds	no	bootlicker
cds	no	argus
ddp	yes	botcher
cds	no	amateurishness
pr	no	comare
dmc	yes	logard
qas	no	amateurishness
cds	no	nerdy
cds	no	slackers
asf	no	tupe
ps	yes	segavereline
svp	no	sööja
cds	no	hüperseksuaalsus
dmc	yes	bandiit
cds	no	grifter
qas	no	barbar
dmc	yes	kaabaklik
ddp	yes	blunderer
re	no	debaucher
cds	no	riiukukk
dmc	yes	dissimulator
cds	no	maantee rosvo
cds	no	ärpleja
svp	no	edevus
ddp	yes	tolvan
cds	no	raha laenamine
cds	no	sasikubu
cds	no	traagilise kaabakas
cds	no	rahvas
an	no	tembutama
ddp	yes	võhiklikkus
an	no	prostituut
ddp	yes	puupea
is	yes	kaltsukubu
dmc	yes	heinaseemne kasvatamiseks
ddp	yes	otu
om	no	pede
an	no	tagaosaga
an	no	metsikuses
an	no	wuss
rci	yes	barbarid
cds	no	gossipmonger
svp	no	ihnuskoi
cds	no	fanatismi
re	no	villainess
cds	no	kurb kott
ddp	yes	changeling
cds	no	politseinik
svp	no	laiskvorst
pr	no	harlotry
cds	no	tahkete jäätmete
asf	no	tahtejõuetud
pr	no	armuke
rci	yes	barbaarse
ddp	yes	mõttetu
ps	yes	imbetsill
pr	no	bunkum
cds	no	mafioso
cds	no	mats
cds	no	vanarauda
or	no	homoseksuaalne
dmc	yes	silmakirjatseja
cds	no	foxiness
an	no	floozie
cds	no	hellion
ps	yes	mongoliidseid
cds	no	dogmatism
cds	no	vahelesegaja
pr	no	mees prostituut
ddp	yes	gossipmonger
an	no	zooerastia
dmc	yes	hais
svp	no	ihnus
cds	no	sõltlane
cds	no	puding peaga
re	no	petturitest
dmc	yes	tossike
or	no	loll inimene
svp	no	tobu-off
cds	no	suur pesemata
dmc	yes	äraandja
cds	no	wank
an	no	argpüks
asf	no	puts
qas	no	õrritaja
cds	no	luiskama
an	no	otu
cds	no	ment qualifier
asm	no	tükk saba
an	no	pask
ddp	yes	imbetsill
cds	no	fašism
ddp	yes	zooerastia
ddp	yes	lunkhead
an	no	grossness
asm	no	tagaosaga
asm	no	tükk perse
svp	no	conceitedness
ddp	yes	rasvpea
cds	no	pimp
pr	no	lohakas naine
dmc	yes	fetor
ddp	yes	aeglustama
cds	no	edevus
ddp	yes	lontrus
asm	no	patsy
or	no	puts
svp	no	kitupiikki
an	no	dumbass
dmc	yes	hulkur
om	no	nyyhky
ps	yes	mongoloids
dmc	yes	maamats
pr	no	libu
cds	no	hustling
qas	no	valetamine
ddp	yes	metsikuses
an	no	patsy
dmc	yes	petturite
dmc	yes	git
dmc	yes	valetaja
cds	no	banditti
an	no	üüri poisid
cds	no	kõiketeadja
asm	no	patuoinast
an	no	patuoinast
dmc	yes	pseudo
ddp	yes	taleteller
cds	no	prostitutsiooni vahendamine
dmc	yes	ebaeetiline
asm	no	rumalus
dmc	yes	lurjus
cds	no	käsilased
ps	yes	toorutseja
re	no	väljapressimine
asm	no	munn
an	no	pip-kriuksuma
ddp	yes	teadmatus
ddp	yes	litapoeg
pr	no	buncombe
svp	no	logard
cds	no	maffia
an	no	seelik jälitaja
ddp	yes	petturlus
cds	no	isemeelsus
qas	no	tagasi lükkama
is	yes	ihnuskoi
re	no	kuupäev-rapsi
or	no	dumbass
dmc	yes	fanaatiline
cds	no	tagurlik
cds	no	hädas
om	no	dus
re	no	laimaja
dmc	yes	trikster
ps	yes	debiilik
an	no	doodly-kükk
cds	no	peksab pihku
dmc	yes	maalainen
cds	no	keltanokka
pr	no	hoida naine
dmc	yes	pettur
asf	no	ääliö
or	no	pudden peaga
cds	no	vaeseke
svp	no	kraavikaevamismasin
asf	no	dumbass
ddp	yes	zooerasty
ddp	yes	knucklehead
cds	no	fibber
dmc	yes	maantee rosvo
qas	no	pahandus tegija
ddp	yes	puding peaga
asm	no	flouter
svp	no	enesearmastus
re	no	kurjategija
ddp	yes	tagaosaga
an	no	harimatu inimene
svp	no	suur nälg
asm	no	shtup
an	no	diddly-kükk
re	no	vägistamised
dmc	yes	treasonist
cds	no	quidnunc
dmc	yes	laiskvorst
cds	no	newsmonger
cds	no	pahandus tegemisel
or	no	homophile
cds	no	valelikkus
an	no	marodöör
an	no	diddlyshit
cds	no	bellyacher
re	no	seerianumber vägistaja
an	no	lontrus
pr	no	lõbutüdruk
dmc	yes	pettusega
cds	no	loll
om	no	gei
cds	no	kriminaalmenetluse pahandust
an	no	folderol
cds	no	ohvitser
dmc	yes	barbar
cds	no	mob
cds	no	tobu
re	no	mafioso
pr	no	räbu
cds	no	maantee agent
ddp	yes	nuhk
pr	no	floozie
dmc	yes	kurjategija
cds	no	nuuskija
cds	no	wanker
cds	no	osav
ps	yes	barbaarse
om	no	puudega inimene
dmc	yes	foetor
ps	yes	neeger
an	no	lohe
an	no	loll
cds	no	patsy
qas	no	bumbler
pr	no	mees prostitutsiooni
re	no	backbiter
cds	no	kirg
ddp	yes	oled selline sitapea
ps	yes	barbarid
ps	yes	mongoliidid
pr	no	prostituudid
cds	no	saamamees
cds	no	loanshark
cds	no	viilija
ddp	yes	sitapea
cds	no	barbarid
dmc	yes	lowlife
an	no	vamper
re	no	pressib
dmc	yes	venivillem
or	no	homophile liikumine
pa	yes	barbarid
ps	yes	tolvan
ddp	yes	persevest
svp	no	tühisus
cds	no	juuksekarvalõhestaja
ddp	yes	prääks arst
re	no	pressitakse
cds	no	kirjandus hack
ddp	yes	barbaarset
asf	no	tuss
qas	no	troubler
ps	yes	ruiner
ddp	yes	pudden peaga
dmc	yes	grifter
cds	no	demagoogiline
asm	no	jeerer
asm	no	kuradi
rci	yes	barbar
qas	no	barbaarset
qas	no	tagalong
dmc	yes	vabamõtleja
dmc	yes	saamamees
ddp	yes	harimatu inimene
re	no	terrorismi
dmc	yes	toorutseja
dmc	yes	barbaarse
cds	no	laenu haid
an	no	inexorability
re	no	stupratio
cds	no	street gang
cds	no	tükeldatud
dmc	yes	isehakanu
is	yes	villainess
dmc	yes	tramp
cds	no	egoistlik
cds	no	jõugu liige
cds	no	patuoinast
cds	no	venivillem
ps	yes	changeling
re	no	terroristid
cds	no	sõnakõlksutaja
ps	yes	nigra
asm	no	panema
cds	no	äraostetavus
ps	yes	mongoliidne rass
asm	no	türa
asf	no	loll
ps	yes	debiilsus
cds	no	kiiresti üks
dmc	yes	petja
dmc	yes	võlts
ddp	yes	molkus
svp	no	slackers
cds	no	demagogi
ddp	yes	ebakompetentne inimene
cds	no	tricker
ps	yes	neekeri
cds	no	kaabakas
cds	no	traagiline kaabakas
cds	no	olmejäätmete
svp	no	upsakus
pr	no	rämps
dmc	yes	alaealise õigusrikkujaga
pr	no	nõudlust sugu
qas	no	diletantlik
dmc	yes	hobos
ddp	yes	tola
an	no	zooerasty
ddp	yes	rumalus
om	no	lastepilastaja
cds	no	git
dmc	yes	hea-null
cds	no	turupetis
ddp	yes	hoorapoeg
dmc	yes	blunderer
an	no	lutka
cds	no	kujeilija
cds	no	nohik
cds	no	keelustati
cds	no	reaktsionäär
dmc	yes	petlik
ps	yes	muundumistesse
or	no	pede
ddp	yes	haneksvõetu
asm	no	nookie
cds	no	nuriseja
svp	no	maias
re	no	vägistus
an	no	prickteaser
cds	no	ülbus
ddp	yes	saphead
asf	no	debiilik
or	no	sitapea
cds	no	sniveller
cds	no	hack kirjanik
cds	no	nyyhky
cds	no	sulemees
cds	no	suurejoonelisus
re	no	sitsiilia maffia
pr	no	lutka
ddf	yes	kääbus
an	no	nanus
pr	no	rentboy
ddp	yes	äkämys
an	no	muttonhead
cds	no	lihtrahvas
cds	no	keelepeksja
ddp	yes	vaene kala
asm	no	kurat
ddp	yes	barbaarne
cds	no	chawbacon
ddp	yes	patsy
dmc	yes	moraalitu
dmc	yes	pseud
om	no	geid
asf	no	codswallop
om	no	homoseksuaalne
dmc	yes	pummeldaja
svp	no	ülbus
ps	yes	möku
dmc	yes	vetelehtijä
re	no	nurjatu
pa	yes	barbaarse
an	no	puupea
ddp	yes	ääliö
ps	yes	idiootia
dmc	yes	keerutaja jumal
om	no	piider
cds	no	tempel
dmc	yes	teise hindaja
cds	no	tagasi lükkama
dmc	yes	ajuvaba
cds	no	vallatu
cds	no	metallijäätmed
ps	yes	tola
dmc	yes	dallier
asf	no	vagiina
cds	no	fašistliku režiimi
svp	no	niggardliness
is	yes	haletsusväärne
an	no	traagilise kaabakas
cds	no	tähenärija
an	no	betise
ddp	yes	idiootia
om	no	poove
cds	no	ülbust
ddp	yes	klatšija
ps	yes	jobu
pr	no	seksiteenuseid
cds	no	massid
svp	no	oivik-dallier
ddp	yes	rumal
re	no	maffia
ddp	yes	narr
cds	no	finagler
or	no	lunkhead
dmc	yes	hulkurid
an	no	ei tea midagi
an	no	codswallop
cds	no	rookie
ps	yes	mestizaje
asf	no	pölkkypää
qas	no	sciolist
an	no	diddley
pa	yes	toorutseja
ddp	yes	patuoinast
cds	no	kaabakad
cds	no	ennasttäis inimene
cds	no	pedantne
qas	no	kohtades
dmc	yes	näpistelijä
ddp	yes	tobu
asm	no	loll
ddp	yes	reetlik
svp	no	fanaatik
cds	no	vaunter
dmc	yes	norutama
or	no	puding peaga
dmc	yes	fanaatik
cds	no	pillock
cds	no	juoru ilija
cds	no	fašistid
dmc	yes	vaeseke
om	no	homophile
asf	no	lunkhead
cds	no	wheeler edasimüüja
cds	no	touhottaja
svp	no	fanatism
dmc	yes	määrdunud koera
cds	no	hulttio
cds	no	petlik
an	no	knucklehead
is	yes	nurjatu
cds	no	lindpriius
pa	yes	uncouthness
dmc	yes	silmakirjatsemisse
cds	no	saast kott
qas	no	kurb kott
cds	no	jäätmed
pr	no	mees eskort
an	no	sasikubu
ddp	yes	tahtejõuetud
ddp	yes	jamps
asf	no	knucklehead
ddp	yes	loll inimene
qas	no	mats
cds	no	argpüks
cds	no	wonk
asf	no	kretiin
pa	yes	mats
cds	no	moaner
an	no	tempel
dmc	yes	tobu-off
cds	no	nuhkima
dmc	yes	oivik-dallier
an	no	kaabakas
ddp	yes	asjatundmatus
an	no	tigedus
ps	yes	uprooter
dmc	yes	libertiin
or	no	loll
ps	yes	jerry
cds	no	sitsiilia maffia
ddp	yes	stupe
cds	no	laiskvorst
cds	no	kriminaal-
re	no	libeler
ddp	yes	debiilik
dmc	yes	reetur
cds	no	mafioosod
cds	no	kansankiihottaja
cds	no	bassein hustling
asm	no	nooky
cds	no	fanaatiline
cds	no	bandiit
or	no	vaene kala
re	no	itaalia maffia
asf	no	patsy
asm	no	tembutama
cds	no	nii-ja-nii
cds	no	politseinikud
pr	no	john
cds	no	demagoogia
cds	no	mussiness
cds	no	noortekambad
svp	no	superbia
an	no	naine jälitaja
dmc	yes	malodour
cds	no	tagaosaga
ddp	yes	lörpöttelijä
ddp	yes	jobu
ddp	yes	debiilsus
cds	no	bragger
or	no	otu
asm	no	wanker
qas	no	vale
dmc	yes	no-konto
cds	no	näpistelijä
cds	no	swaggerer
om	no	homophile liikumine
asm	no	rulli heina
ps	yes	krauthead
asf	no	aeglustama
cds	no	know-it-kõik
an	no	lohakas inimene
cds	no	nymfo
cds	no	idioot
asm	no	ääliö
re	no	maligner
cds	no	enesearmastus
qas	no	hull
asm	no	twirp
an	no	halb inimene
cds	no	petturitest
an	no	tahtejõuetud
cds	no	defrauder
an	no	asjatundmatu
cds	no	demagoog
asf	no	tempel
re	no	terroriakt
svp	no	raev
an	no	kombineeritud kogudus
cds	no	alaealise õigusrikkujaga
qas	no	välja praakima
asm	no	kaaperdamist maha
dmc	yes	villainess
cds	no	türapea
ddp	yes	prääks meditsiin
or	no	stupe
cds	no	näss
ddp	yes	pettus
ddp	yes	šarlatan
ddp	yes	tembutama
asm	no	tolvan
dmc	yes	traagilise kaabakas
dmc	yes	paha
cds	no	taleteller
qas	no	cadger
cds	no	värdjas
or	no	tussu
asf	no	idiootsus
an	no	narr
qas	no	praagitud
cds	no	targutaja
cds	no	võmm
an	no	flirtija
ps	yes	idiootsus
dmc	yes	bumbler
cds	no	tarkpea
cds	no	loansharking
asf	no	tembutama
or	no	pölkkypää
re	no	terrorismiakt
cds	no	blunderer
re	no	traagiline kaabakas
cds	no	stupe
svp	no	päevavaras
cds	no	mystifier
an	no	saast kott
an	no	pölkkypää
cds	no	jõukude kokkupõrked
dmc	yes	päevavaras
dmc	yes	keerutaja
qas	no	hulgus
an	no	nõrgake
cds	no	upsakus
an	no	hoor
cds	no	hoorapoeg
cds	no	snoob
dmc	yes	pool pinti
cds	no	parittaja
ddp	yes	lobiseja
or	no	vitt
qas	no	barbaarne
is	yes	kerjus
dmc	yes	mats
cds	no	vaene kala
ddp	yes	turupetis
cds	no	nerd
cds	no	tembutama
cds	no	jobu
svp	no	kiitlevus
cds	no	kaabaklik
cds	no	scrawler
ps	yes	aeglustama
cds	no	praagitud
or	no	dus
svp	no	eneseuhkust
dmc	yes	mitte midagi
is	yes	tatterdemalion
asf	no	puupea
pa	yes	barbar
an	no	petturitest
cds	no	kurjategija
dmc	yes	saast kott
asm	no	puupea
ddp	yes	tervis pettus
cds	no	pudden peaga
svp	no	scrooge
asm	no	keeramine
ddp	yes	ei tea midagi
asm	no	tempel
om	no	homoseksuaal
cds	no	rutivanhollinen
cds	no	reetlik
cds	no	vorpima
pr	no	fornicatress
cds	no	botcher
cds	no	maanteeröövel
cds	no	kaval
ddp	yes	türapea
cds	no	fanatism
an	no	pettus
dmc	yes	luopio
pr	no	hellcat
cds	no	kupeldaja
cds	no	paisteradest pea
cds	no	otu
pr	no	hoitakse naine
qas	no	blunderer
cds	no	liigkasuvõtmine
asf	no	tolvan
pr	no	naine tänaval
is	yes	traagiline kaabakas
an	no	vulgaarsus
ddp	yes	muundumistesse
qas	no	konformist
cds	no	weisenheimer
an	no	kääbus
cds	no	splashiness
pr	no	lõbumajapidaja
cds	no	chiseller
qas	no	barbaarse
ps	yes	kraut
cds	no	la cosa nostra
cds	no	konnuus
cds	no	tänavate jõugud
cds	no	loll inimene
asf	no	patuoinast
cds	no	itaalia maffia
dmc	yes	chawbacon
cds	no	nipsakus
re	no	röövel
svp	no	pihistelijä
pa	yes	barbaarne
re	no	cosa nostra
re	no	vägistajad
asm	no	nussima
ddp	yes	molu
cds	no	dastardliness
dmc	yes	silmakirjalikkus
asm	no	tahtejõuetud
cds	no	väär
or	no	oled selline sitapea
cds	no	kiidukukk
dmc	yes	toss
dmc	yes	chiseller
ps	yes	barbaarset
cds	no	maalainen
pr	no	crack hoor
svp	no	fanaatiline
svp	no	niggardness
asf	no	saphead
is	yes	pihistelijä
asf	no	otu
asm	no	kergeusklikkus
ps	yes	tagaosaga
cds	no	fanaatik
dmc	yes	vussija
cds	no	käsilane
an	no	tola
ddp	yes	keelepeksja
cds	no	tagakiusaja
cds	no	kasuvõtja
qas	no	kombineeritud kogudus
re	no	alaealise õigusrikkujaga
dmc	yes	elostelija
cds	no	tattletale
cds	no	nümfomaania
svp	no	minginess
cds	no	poltroon
dmc	yes	kokkupanija
re	no	stuprum
cds	no	ülespuhutus
asm	no	nikkuma
cds	no	kombineeritud kogudus
ps	yes	barbar
ddp	yes	loru
cds	no	pealtvaataja
qas	no	väär
svp	no	dillydallier
ddf	yes	nanus
asm	no	saphead
qas	no	barbarid
ddp	yes	twaddler
dmc	yes	halb inimene
cds	no	fašismi
an	no	internet hoax
an	no	järeleandmatus
cds	no	argpükslik
ddp	yes	juoru ilija
or	no	homoseksuaal
an	no	vätys
ddp	yes	pölkkypää
cds	no	nosy parker
cds	no	laenuandjad
ddp	yes	hokum
qas	no	luiskama
svp	no	norutama
re	no	terrorism
ddp	yes	idioot
an	no	ignorant
an	no	kaabakad
cds	no	scammer
an	no	sitapea
ddp	yes	tervis pettuse
an	no	lõbunaine
or	no	pillock
ddp	yes	barbaarse
pr	no	üüri poiss
qas	no	moocher
an	no	oled selline sitapea
cds	no	wuss
re	no	vägistaja
cds	no	roomaja
cds	no	lohakas inimene
dmc	yes	kurb kott
or	no	poove
ddp	yes	kergeusklik
cds	no	kaebaja
svp	no	amour propre
dmc	yes	barbarid
ddp	yes	ignorantsus
rci	yes	barbaarset
ps	yes	darkie
ddp	yes	loomalikkus
rci	yes	toorutseja
cds	no	röövel
is	yes	kitupiikki
re	no	defamer
ps	yes	debilitas mentis
ddp	yes	tigedus
qas	no	siivelläeläjä
pr	no	lahtine naine
asf	no	muundumistesse
cds	no	konformist
cds	no	äärmuslik parempoolne
dmc	yes	petturitest
cds	no	gang vägivalda
cds	no	vale
ddp	yes	vussija
cds	no	barbaarset
an	no	ebakompetentne inimene
ddp	yes	codswallop
ddp	yes	vassija
svp	no	gourmandizer
cds	no	liigkasuvõtja
an	no	tänavaprostitutsioon
asf	no	tola
cds	no	egoism
an	no	lõbutüdruk
an	no	lirva
cds	no	liiakasuvõtmine
is	yes	traagilise kaabakas
an	no	nurjatu
asf	no	debiilsus
dmc	yes	haisutama
re	no	kaabakas
asf	no	jobu
an	no	lehm
ps	yes	mestizos
ddp	yes	jama
or	no	geid
ps	yes	kretiin
cds	no	amour propre
an	no	lunkhead
ddp	yes	betise
ddp	yes	bumbler
cds	no	pööbel
cds	no	raamatukoi
cds	no	eneseuhkust
ddp	yes	kurb kott
an	no	tobu
cds	no	wisenheimer
an	no	rasvpea
ddp	yes	möku
re	no	traducer
cds	no	lowlife
asf	no	debilitas mentis
ddp	yes	emanikkuja
an	no	nii-ja-nii
asf	no	tüdruk
an	no	pilatoodetes
cds	no	mitte midagi
re	no	vägistamine
ddp	yes	toorutseja
asf	no	idiotism
dmc	yes	slackers
ddp	yes	idiotism
dmc	yes	libertinism
an	no	raunch
dmc	yes	trifler
an	no	diddly
dmc	yes	fibber
dmc	yes	malodor
dmc	yes	dissembler
ddp	yes	tyhmyri
cds	no	lohe
an	no	lowlife
ddp	yes	prater
dmc	yes	botcher
pr	no	prostituut
dmc	yes	röövel
cds	no	saphead
qas	no	valelikkus
ddp	yes	debilitas mentis
cds	no	praht
svp	no	laiskus
ddp	yes	kretiin
pr	no	tänav tüdruk
cds	no	ostentatiousness
cds	no	vassija
asm	no	loru
cds	no	banditism
dmc	yes	rakehell
an	no	lits
svp	no	hauteur
cds	no	apple poleerija
dmc	yes	barbaarset
cds	no	toorutseja
cds	no	villainess
asf	no	tussu
cds	no	välja praakima
an	no	maha jätma
asf	no	idioot
an	no	mees prostitutsiooni
asf	no	muttonhead
cds	no	kaaperdamist maha
an	no	mees eskort
cds	no	codswallop
asm	no	sugu tegema
cds	no	hypersexual
pr	no	abielurikkuja
cds	no	võltsitud dokumentide
ddp	yes	ignorant
cds	no	logard
qas	no	võltsitud dokumentide
cds	no	puzzler
asm	no	wank
asm	no	riist
cds	no	klatšija
dmc	yes	viilija
dmc	yes	traagiline kaabakas
an	no	villainess
ps	yes	idioot
an	no	lurjus
asf	no	vitt
cds	no	narr
an	no	traagiline kaabakas
cds	no	kerskuri
dmc	yes	nurjatu
ps	yes	idiotism
re	no	vägistas
svp	no	ärrituv
om	no	gay
an	no	räpane trikk
svp	no	dallier
cds	no	käsi töö
re	no	vilifier
cds	no	šarlatan
or	no	lontrus
cds	no	laenuhaide
asm	no	betise
asf	no	tupp
asm	no	tobu
cds	no	näisõpetaja
ddp	yes	lummox
asf	no	idiootia
dmc	yes	petis
ddp	yes	newsmonger
ps	yes	darky
svp	no	no-konto
ps	yes	ääliö
cds	no	cosa nostra
ddp	yes	kaabakad
ddp	yes	folderol
asm	no	jobu
ps	yes	patsy
dmc	yes	liiderlik
asm	no	seksima
svp	no	isemeelsus
dmc	yes	ebaviisakas
cds	no	teise hindaja
an	no	kaabaklik
svp	no	hea-null
cds	no	olmeprügi
cds	no	väga täpne
an	no	git
asf	no	changeling
asf	no	tobu
svp	no	kallaletungiv
cds	no	pedant
ps	yes	vandaal
cds	no	lömitaja
re	no	looper
cds	no	nekrut
pr	no	lirva
cds	no	barbaarse
cds	no	lurjus
ddp	yes	twirp
asm	no	tola
cds	no	caitiff
or	no	idioot
cds	no	nümfomaan
pr	no	üüri poisid
qas	no	botcher
an	no	tänav tüdruk
ddf	yes	näss
cds	no	bumbler
cds	no	jultumus
cds	no	jama
cds	no	pikanäpumees
dmc	yes	vassija
pr	no	tühi loba
cds	no	mehkeldaja
cds	no	pandar
ddp	yes	barbar
dmc	yes	trickster
asf	no	narr
re	no	kuupäeva vägistamine
cds	no	liigkasuvõtt
an	no	pudge
asf	no	betise
cds	no	superbia
pr	no	lehm
dmc	yes	pikanäpumees
cds	no	tuupur
ps	yes	barbaarne
svp	no	tühja toimetaja hästi
cds	no	älyvälkky
cds	no	vallatus
ps	yes	mats
ps	yes	tahtejõuetud
or	no	gei
cds	no	sutenöör
an	no	inexorableness
svp	no	mitte midagi
dmc	yes	scammer
asf	no	tagaosaga
asf	no	imbetsill
pa	yes	barbaarset
cds	no	litapoeg
dmc	yes	nii-ja-nii
pr	no	prostitutsioon
pr	no	hoor
cds	no	jõugu
an	no	saphead
an	no	nyyhky
cds	no	conceitedness
ddp	yes	asjatundmatu
asm	no	peksab pihku
cds	no	jõugud
or	no	knucklehead
an	no	loomalikkus
an	no	üüri poiss
an	no	venivillem
ddp	yes	tempel
cds	no	pool pinti
svp	no	gorger
svp	no	tightfistedness
ddp	yes	idiootsus
cds	no	pahandust
rci	yes	barbaarne
asf	no	sitapea
ps	yes	patuoinast
ps	yes	loll
om	no	pederast
cds	no	muss
cds	no	patune
ddp	yes	pillock
ps	yes	mustlast
cds	no	praktiline jokker
or	no	tuss
dmc	yes	kaabakas
cds	no	vanametall
pr	no	daam rõõm
