or	no	parmentiera edulis
an	no	zubr
cds	no	blázen
ps	yes	skopčáci
ps	yes	bulhaři
om	no	teplouš
is	yes	psanec
pa	yes	undertaker
om	no	anatomické směry
re	no	násilí
asm	no	bob koňský
cds	no	dělníka
ddp	yes	metazoans
cds	no	zbabělý
pa	yes	úředník
ddp	yes	idiot
qas	no	baroni
re	no	vražedkyně
pr	no	struska
cds	no	chlapec
ps	yes	romové
or	no	úzkostlivost
cds	no	svobodní zednáři
cds	no	lid
pr	no	konkubína
pa	yes	hulvát
cds	no	kriminalita mladistvých
asm	no	jebat
cds	no	války gangů
asm	no	changeling
qas	no	bloopers
an	no	čokl
an	no	krokodýl
cds	no	fundamentalista
cds	no	půdy
asm	no	blbeček
ddf	yes	osoby se zdravotním postižením
cds	no	barbar
cds	no	křížení
cds	no	synáček
an	no	fyziognomika
dmc	yes	potulku
an	no	ropucha žába
an	no	makrofaunu
ddp	yes	hlouposti
qas	no	sedlák
cds	no	šarlatán
an	no	můra
cds	no	komunálního odpadu
cds	no	sicilské mafie
re	no	pirátství
ps	yes	černé ženy
an	no	lidožrout
om	no	homosexuální
ddp	yes	debil
cds	no	zbohatlík
re	no	mučitel
cds	no	vůl
re	no	zlodějství
cds	no	camorra
asm	no	credulousness
pr	no	tur domácí
asm	no	zasraný
om	no	zadní
an	no	moue
or	no	murphy
cds	no	fascista
is	yes	žebrák
an	no	koza domácí
cds	no	ndrangheta
dmc	yes	zhýralec
ps	yes	čínský
ps	yes	zulové
cds	no	mediátor
qas	no	odmítnout
an	no	ovis ammon f. aries
svp	no	penny-uskřípnutí
an	no	hovězí dobytek
om	no	aboral
qas	no	konvice ryb
cds	no	satyriasis
om	no	ušlechtilá žena
cds	no	jokester
ps	yes	vandalské království
asm	no	roosting
or	no	buzerant
ddp	yes	nonsens
an	no	fena
asm	no	vicia faba
cds	no	rumourmonger
dmc	yes	lupič
dmc	yes	tragické darebák
cds	no	sexuální maniactví
an	no	humanus
dmc	yes	lingerer
svp	no	chamtivosti
om	no	Řitní soulož
an	no	rentboy
ps	yes	judaizmus
cds	no	chaosu
re	no	pomluva
qas	no	středověké
dmc	yes	kriminální
an	no	mikrobiální
pr	no	mužský doprovod
cds	no	čubčí syn
om	no	homosexuální orientace
pa	yes	diplomatické vztahy
an	no	mužský doprovod
qas	no	posádky
svp	no	povýšený
dmc	yes	povaleč
an	no	animalcules
ddf	yes	zakázat
an	no	odposlouchávací zařízení
an	no	crocodilia
ddp	yes	krutost
asm	no	důvěřivosti
ps	yes	černoška
cds	no	papparazzi
cds	no	hříšník
svp	no	bigoterie
cds	no	klany
cds	no	cur
dmc	yes	flákač
an	no	prostitutka
qas	no	ektoparazity
re	no	sexuální zneužití
an	no	sea scorpion
cds	no	kmen
asm	no	vikev bob
pr	no	lampyris carreti
an	no	skopec
or	no	podivný
an	no	athene noctua
cds	no	zednářské
ddp	yes	neznalost
ddp	yes	brutalita
ps	yes	jigaboo
cds	no	iluzionistu
dmc	yes	mystifikátor
asm	no	hlouposti
pa	yes	uncouthness
an	no	american buffalo
cds	no	rachotina
re	no	zabiják
an	no	strigiformes
is	yes	uličník
an	no	zlodějů těl
ddp	yes	nesmyslné
cds	no	barbarizace
dmc	yes	špinavý
ps	yes	changelings
asm	no	tmavě hnědá
cds	no	zákeřnost
svp	no	hrdost
ps	yes	Černá
an	no	scorpionfish
an	no	ropucha
cds	no	vořech
pa	yes	zaměstnanec
svp	no	zlost
dmc	yes	rube
re	no	vydíral
om	no	hýždě
qas	no	troubler
re	no	tragický darebák
pa	yes	bellman
dmc	yes	lenoch
ddp	yes	šašek
qas	no	podnikatel
cds	no	slyboots
ps	yes	tulák
re	no	vraždy
or	no	píčo
cds	no	lichvář
qas	no	smutný pytel
pa	yes	prof
ps	yes	černoši
re	no	gangster
ps	yes	židovsko
svp	no	luxuria
ddf	yes	crookback
cds	no	nerdy
cds	no	kriminalita dospělých
cds	no	git
cds	no	ostatek
cds	no	nevěstinec
cds	no	gigolo
ps	yes	Židovská víra
cds	no	klika
an	no	psa domácího
asm	no	vajíčko
qas	no	barbar
asm	no	koule
ddp	yes	mentální retardace
ps	yes	hebrejci
pr	no	dvořan
asm	no	kohoutek
cds	no	mazanice
dmc	yes	no-účet
asm	no	prcat
or	no	queer
cds	no	neplechu
qas	no	konformní chování
an	no	mezek
cds	no	beghard
ps	yes	soft touch
dmc	yes	hulvát
pa	yes	diplomatické hodnosti
ps	yes	Židovský národ
cds	no	patolízal
svp	no	sedm smrtelných hříchů
cds	no	vole
cds	no	idolatrie
cds	no	finagler
ps	yes	jiných závodů
ddp	yes	metazoa
svp	no	bigotnost
om	no	sodomie
ps	yes	Číňan
dmc	yes	špatný člověk
cds	no	dogmatismus
cds	no	toaleta
cds	no	gangy
cds	no	otekla hlava
cds	no	fabricator
ddp	yes	udavač
or	no	šmejd
qas	no	dog house
re	no	špinavé peníze
is	yes	tragický darebák
ddp	yes	donašeč
dmc	yes	rozhazovačný
cds	no	policistů
ddf	yes	tělesně postižené
pr	no	mužská prostitutka
ps	yes	židovské náboženství
an	no	promlčeny sova
re	no	slayer
qas	no	baronka
an	no	eurypterid
an	no	lenoch
or	no	fastidiousness
cds	no	kverulant
ps	yes	černošský
cds	no	kuplíř
pa	yes	diplomatický vztah
pr	no	kráva
pr	no	nedbalý žena
cds	no	rustler
an	no	skryté odposlouchávací zařízení
svp	no	lenost
an	no	animalia
an	no	paroháč
an	no	hyena
cds	no	dítě
cds	no	zloději
or	no	pěstuje zelí
qas	no	kiks
qas	no	flákat se
re	no	teroristé
an	no	sání veš
pa	yes	kontrolor
ddp	yes	Živočišná říše
pr	no	potkanem
dmc	yes	strakatý blázen
qas	no	ministrant
cds	no	nesnadný problém
cds	no	topsy-turvydom
re	no	zneužívající
pa	yes	obhájce
asm	no	šašek
ddp	yes	smutný pytel
cds	no	svatou relikvii
or	no	battata tuberosa
ps	yes	latino
asm	no	boby
dmc	yes	bandita
is	yes	chudoby
cds	no	právo-lámání
qas	no	koule qualifier
pa	yes	odborný asistent
om	no	homosexuálních mužů
an	no	mikroorganismů
pr	no	norsko krysa
qas	no	kasty
dmc	yes	plížit zloděje
cds	no	gossiper
cds	no	shánějí
asm	no	twerp
dmc	yes	pecivál
re	no	ozbrojených loupeží
ddp	yes	živočich
an	no	kozou
or	no	punctiliousness
cds	no	dweeb
cds	no	odpad
cds	no	novinářka
dmc	yes	homunkulus
ps	yes	afrického původu
or	no	samcoložník
qas	no	přisluhovač
is	yes	marginalizace
asm	no	pošetilec
an	no	úhoři
dmc	yes	uličník
asm	no	šulin
dmc	yes	pokrytec
ddp	yes	analfabetismus
pr	no	hovězí dobytek
re	no	infanticida
dmc	yes	libertinismus
an	no	ixodoidea
cds	no	šlechtitelů rostlin
ddp	yes	analphabetic
asm	no	falický
dmc	yes	mystifikace
dmc	yes	licoměrnost
cds	no	fop
cds	no	šelestu dobytku
asf	no	pošetilec
cds	no	světák
asm	no	teste
ddp	yes	lunkhead
cds	no	psanec
pa	yes	profesor
svp	no	conceitedness
ps	yes	barbaři
cds	no	bigotnost
an	no	zubr evropský
ddp	yes	mikrocefalie
ddp	yes	pomocná škola
cds	no	scientismus
an	no	bizon
ddp	yes	naivní
cds	no	nafoukanost
qas	no	společník ve zločinu
ps	yes	mongoloids
re	no	pomluvy
cds	no	pudden hlava
pa	yes	fishmongers
re	no	scammer
dmc	yes	přetvářky
cds	no	kretén
cds	no	kotérie
an	no	epifaunal
qas	no	úřednickou práci
cds	no	ostatky
an	no	patsy
dmc	yes	nicnedělání
cds	no	wc zařízení
cds	no	stěžovatel
ps	yes	závod chovatel
cds	no	šviháci
an	no	gyps
asf	no	kretén
is	yes	slib chudoby
asf	no	cancy
an	no	crocodylidae
qas	no	farnost
qas	no	kastovní systém
cds	no	policista
an	no	vlčice
cds	no	ztuchlý
ddp	yes	taleteller
an	no	nevěstka
re	no	divokost
asm	no	faba vulgaris
svp	no	nuda
pa	yes	fakulty
ddp	yes	hlupák
qas	no	moocher
an	no	žábovitý
re	no	plagování
an	no	despoiler
qas	no	mišmaš
pa	yes	wooer
an	no	tělo vši
qas	no	směs
cds	no	lstivost
ddp	yes	hloupý
svp	no	zahálka
qas	no	Řečník
is	yes	padouch
re	no	ukrást
an	no	žralok
re	no	rogue
cds	no	maffie
qas	no	lež
svp	no	žravý
pr	no	lampyris parvicollis
dmc	yes	morálka
cds	no	vězeňský dozorce
dmc	yes	zakázán
pa	yes	zvláštní vyslanec
an	no	zubr americký
cds	no	kraksna
ddp	yes	neotesanec
asm	no	hrách polní
ddp	yes	retard
asf	no	rozkrok vlasy
an	no	husa
re	no	tragické darebák
ddp	yes	lůza
an	no	kreténe
an	no	prasata
cds	no	hypersexualita
cds	no	bigotní
svp	no	žádostivost
cds	no	sub-klan
pr	no	běhna
an	no	nedbalý člověk
ps	yes	Židovské náboženství
cds	no	zmrde
an	no	těla vši
ddp	yes	imbecil
an	no	aphaniptera
ps	yes	Černá rasa
cds	no	propagandista
cds	no	novinář
cds	no	pedanta
pr	no	tele
cds	no	mnoho
svp	no	rozzlobený
an	no	kozorožec
cds	no	svobodnými zednáři
dmc	yes	prase
cds	no	vyděrač
qas	no	sodbuster
re	no	vražd
an	no	sýc obecný
pa	yes	academia
qas	no	trouble maker
qas	no	míchanice
re	no	plagiát
an	no	infauna
re	no	chiseler
cds	no	prodejný
ddp	yes	fumbler
cds	no	modlářství
pr	no	potkan obecný
qas	no	farností
ddp	yes	zooerasty
cds	no	ďábel
ps	yes	negr
ddf	yes	nevidomý
asm	no	chuj
qas	no	parazitismu
cds	no	kromě
an	no	hoax
dmc	yes	lump
qas	no	vrak
or	no	píča
an	no	komár pisklavý
svp	no	firemní chamtivosti
cds	no	ničema
pa	yes	pastýři
pr	no	ježibaba
ps	yes	spratek
or	no	brassica oleracea
asm	no	shtup
cds	no	dohazovač
an	no	anguillidae
qas	no	zemědělec
is	yes	nešťastné
an	no	equus asinus f. domestica
ps	yes	negroidní rasa
pr	no	prostitutky
rci	yes	barbarizace
cds	no	zdechlina
asf	no	ornament
asm	no	onanista
or	no	finocchio
is	yes	bída
an	no	domácí pes
pr	no	zasypal můra
an	no	klíšť
qas	no	nepravda
or	no	pinda
cds	no	newswriter
re	no	hanobení
cds	no	vzdělavatel
or	no	solanum estradae
re	no	lupiči
qas	no	baroqueness
cds	no	bellyacher
cds	no	panovačnost
asm	no	ptáci
an	no	blb
asm	no	široký-bean
an	no	canis familiaris
ps	yes	biotechnologie rostlin
cds	no	tun
an	no	had v trávě
re	no	finanční zneužívání
an	no	zasypal můra
an	no	Štěnice postelní
dmc	yes	barbar
cds	no	parvenu
cds	no	rodiny
an	no	poulet
an	no	lampyris carreti
svp	no	fyzická přitažlivost
ddp	yes	debilita
qas	no	nehorázná lež
pr	no	floozie
an	no	kanál bass
svp	no	odpor
ps	yes	židovské komunity
ps	yes	šlechtitelů rostlin
pa	yes	zřízenec
pr	no	potkan východní
svp	no	smyslná žádost
ps	yes	rroma
pr	no	závan
re	no	camorra
cds	no	bas bleu
asf	no	blbec
ddp	yes	kretén
ddp	yes	blboun
pa	yes	desátník
pa	yes	advokátka
cds	no	prankishness
ddp	yes	zvířena
svp	no	abulie
re	no	backbiter
asm	no	changelings
or	no	squash révy
an	no	bufo
or	no	gayů
om	no	za
re	no	kriminální
or	no	bonce
or	no	okurka révy
cds	no	idiot
is	yes	chudí
cds	no	fašista
an	no	měkkýši
re	no	ukořistil
dmc	yes	lowlife
cds	no	přeřeknutí
qas	no	nájemce
qas	no	chalupák
qas	no	testis
dmc	yes	prevaricator
an	no	looter
or	no	papas americanum
cds	no	free zedník
an	no	kozy a ovce
cds	no	desetník román
cds	no	ultrakonzervativní
ps	yes	ruiner
qas	no	bordel
cds	no	odročit
asm	no	fava
ddp	yes	fauna
ddp	yes	mentálním postižením
rci	yes	neotesanec
cds	no	extrémní pravičák
dmc	yes	podvodník
cds	no	podvodník
asm	no	vůl
cds	no	neplecha
pr	no	moo-cow
an	no	hemipteron
dmc	yes	mladistvý delikvent
an	no	anuran
an	no	sele
ddp	yes	poškození mozku
svp	no	lakomost
cds	no	reakcionář
an	no	rod pipistrellus
qas	no	tagalong
ddp	yes	napálený
an	no	mláďata žraloků
om	no	ventrolaterálně
an	no	pediculus humanus
an	no	balónu polykač
qas	no	šmírování
cds	no	drobný zloděj
svp	no	budižkničemu
cds	no	whiner
asm	no	hlupák
qas	no	obchodník
cds	no	latrín
cds	no	železný šrot
cds	no	svobodné zednářství
cds	no	trestné činnosti
re	no	maffie
an	no	pejsek
qas	no	odpadky
re	no	čin
an	no	zamračený pohled
dmc	yes	být sklíčený
asm	no	pták
om	no	posteriorly
cds	no	chiseler
asf	no	odborný výraz
cds	no	nestoudnost
re	no	sexuální zneužívání
cds	no	nosy-parker
dmc	yes	spodina taška
ddf	yes	slepý
cds	no	fašizmus
re	no	terorismus
an	no	metazoa
cds	no	knihomol
re	no	obtěžoval
dmc	yes	šašek
re	no	mučivý
om	no	tush
pr	no	voly
re	no	obchodní libel
asm	no	cirk
asf	no	changelings
an	no	pijavky
dmc	yes	pokrytectví
ddp	yes	pudink hlava
cds	no	makléři
om	no	ocasní
qas	no	obchodní magnát
cds	no	banditismus
ddp	yes	život zvířat
svp	no	sebeláska
an	no	zooerasty
dmc	yes	scattergood
cds	no	religiozita
an	no	veš
cds	no	interfertilita
asm	no	hráškem
cds	no	náboženské diskriminace
qas	no	průmyslník
cds	no	penny hrozný
cds	no	camarilla
re	no	neonaticide
dmc	yes	blunderer
ddp	yes	patsy
cds	no	chlubivost
cds	no	blboun
ps	yes	interfertilita
cds	no	zmatek
qas	no	lhář
re	no	terorista
qas	no	potápění váhový systém
qas	no	velký podnikatel
an	no	společný komár
an	no	pašík
asm	no	profesionální faul
cds	no	šrot
cds	no	pillock
qas	no	kast
re	no	gangsterů
re	no	vydírání
asf	no	piča
an	no	šmejd
asm	no	úd
dmc	yes	mozzarella
qas	no	konformní
cds	no	sniveller
re	no	delikt
svp	no	seznam smrtelných hříchů
cds	no	povaleč
qas	no	konformita
cds	no	lichváře
cds	no	učitelů
asm	no	kokot
cds	no	sassing
an	no	nanus
cds	no	clann
cds	no	pandar
an	no	muttonhead
an	no	lampyris submucronata
ps	yes	barbarství
dmc	yes	smrdět
cds	no	chawbacon
cds	no	krasopisec
ps	yes	beduin
dmc	yes	darebný
cds	no	vězeňské stráže
cds	no	faul-up
qas	no	zpackat
cds	no	konvice ryb
asm	no	hnědý
om	no	bestialita
qas	no	cizopasník
dmc	yes	lži dětem
an	no	jedlé hlemýžď
svp	no	no-účet
om	no	homosexuála
cds	no	hayseed
dmc	yes	pseud
cds	no	domovního odpadu
qas	no	konformismus
cds	no	smíšený-pěstovat psa
cds	no	dům prostituce
om	no	cross-komody
an	no	tur
om	no	samcoložník
asm	no	pterygiophore
re	no	drobné krádeže
cds	no	drzost
cds	no	zbytkový komunální odpad
re	no	loupeže
pa	yes	zvláštní obhájce
cds	no	veřejné wc
dmc	yes	chudák
cds	no	neofašismus
cds	no	darebný
cds	no	miminko
an	no	zakrslík
cds	no	příbuzní
qas	no	kurlok
qas	no	baronů
svp	no	niggardliness
cds	no	beguine
cds	no	vejčitý profil
pa	yes	pastýř
svp	no	7 smrtelných hříchů
asm	no	kus ocasu
svp	no	flákač
dmc	yes	morální hodnoty
cds	no	kojenec
an	no	betise
or	no	solanum phureja
om	no	poove
cds	no	kanalizační síť
or	no	fenykl obecný
an	no	aby crocodylia
pr	no	mol
an	no	trpaslík
an	no	podraz
cds	no	bažant
ddp	yes	zrádný
re	no	traducer
an	no	klíšťatovci
dmc	yes	znečištěné
re	no	tulák
or	no	brassica campestris
cds	no	učební pomůcka
cds	no	demagogie
or	no	lunkhead
an	no	skot
pa	yes	akademismu
cds	no	příbuzenství
or	no	blbec
or	no	okurka setá
ps	yes	mestizaje
qas	no	hutch
cds	no	drby
an	no	šašek
an	no	domácí skot
svp	no	libidózní
ps	yes	blb
asf	no	prosťáček
qas	no	buržoasie
cds	no	cockup
cds	no	znemožněno
om	no	cross-prádelník
an	no	fauna
an	no	ragtag
an	no	hyaenidae
re	no	lupič
dmc	yes	bezohledný
dmc	yes	padělání
ddp	yes	důvěřivý
an	no	sukně pronásledovatel
cds	no	narkoman
cds	no	blb
svp	no	fanatik
cds	no	vaunter
an	no	červi
qas	no	šrot
an	no	mikroorganizmus
svp	no	namyšlenost
qas	no	kupec
cds	no	stávkokaz
qas	no	ballock
is	yes	špatný
asm	no	mrdat
pr	no	lehká děva
cds	no	stahování dat
ddp	yes	blbeček
om	no	homophile
or	no	solanum molinae
qas	no	všehochuť
asm	no	důvěřivost
cds	no	nepoøádek
om	no	pedofil
ddf	yes	jednooký
asf	no	šmejd
an	no	chlapcem nájmu
cds	no	arogance
ps	yes	mongolské
ps	yes	přírodní hybrid
cds	no	kokot
an	no	blattodea
dmc	yes	bigotní
an	no	pitomec
cds	no	posera
an	no	nunva
svp	no	hněv
re	no	závažný trestný čin
qas	no	lůza
an	no	hafík
an	no	vulgárnosti
cds	no	cathouse
qas	no	fumbler
pr	no	plané žvásty
ddp	yes	blázen
an	no	mollusca
cds	no	religiozity
cds	no	obecný lid
cds	no	paparazzi
cds	no	veřejné toalety
asf	no	symbol vulvy
pr	no	pohotovostní procházení
cds	no	lži dětem
an	no	živočich
cds	no	veřejný dům
pa	yes	profesorem extraordinarius
qas	no	slídil
qas	no	lži dětem
pr	no	floozy
cds	no	moralizování
cds	no	úvěr sharking
pa	yes	bílé límečky
an	no	pijavice
svp	no	choutky
an	no	volů
cds	no	barbarové
an	no	strix varia
qas	no	zemědělci
dmc	yes	bigoterie
ddp	yes	hrubián
ps	yes	jerry
an	no	dobytek
cds	no	mudrlant
re	no	grand theft
an	no	pták noci
or	no	hloupý
cds	no	kuplířka
re	no	terorizmus
asf	no	kreténe
ddp	yes	stupe
cds	no	krádeže
pr	no	laboratorní potkan
re	no	libeler
re	no	vyhnanstvím
cds	no	bagnio
om	no	pederastie
ddp	yes	zmrde
pa	yes	profesura
asm	no	neotesanec
cds	no	zoufalec
an	no	krokodýlové
cds	no	dead-end street
or	no	nance
an	no	nazí plži
ps	yes	negroidní plemeno
an	no	mužská prostitutka
cds	no	hodně
cds	no	všehochuť
cds	no	zbojník
cds	no	demagogické
om	no	non-pozápadničené pojetí mužské sexuality
dmc	yes	zlo
cds	no	zednáři
dmc	yes	lhář
pr	no	john
an	no	cimex
asm	no	onanování
dmc	yes	spolupachatel
cds	no	kovový šrot
cds	no	chlapče
cds	no	vtípek
or	no	lilek brambor
pr	no	čůza
asm	no	blázen
re	no	hanlivé
dmc	yes	zpustlík
an	no	klíště
ddp	yes	animalia
pr	no	rat norsko
cds	no	bragger
asm	no	přívěsky
an	no	hlemýžď zahradní
cds	no	mafiánský boss
an	no	zbabělec
or	no	tykev velkoplodá
cds	no	swaggerer
ddp	yes	nevědomosti
an	no	vši
asf	no	obětní beránek
om	no	peeress
qas	no	kovový šrot
asm	no	blbec
an	no	prasátko
ddp	yes	vězni
cds	no	vyhnanstvím
an	no	stick-in-the-bláto
an	no	ulice dívka
re	no	padouch
om	no	anální styk
an	no	lidského těla vši
an	no	mul
asf	no	vagína
cds	no	svobodní a přijatí zednáři
ddp	yes	zaostalost
asm	no	kláda
cds	no	zednářství
an	no	capra hircus hircus
ps	yes	róm
cds	no	croon
an	no	hlupák
cds	no	barbaři
ps	yes	hrubián
pr	no	volové
ddp	yes	asshole
re	no	tvrdý
an	no	ničema
qas	no	faleš
an	no	zbohatlík
cds	no	divoch
qas	no	chalupník
dmc	yes	vyděděnec
cds	no	culchie
qas	no	magnátů
asm	no	pitomec
cds	no	zločin
ddp	yes	napálit
svp	no	touha
cds	no	trestný čin
ddp	yes	twerp
cds	no	taleteller
asm	no	pyj
qas	no	feudální
or	no	cucumis sativus
cds	no	mluvka
cds	no	fušer
re	no	sicilské mafie
qas	no	buržoazní
cds	no	rozumbrada
asm	no	bob obecný
ps	yes	rommany
svp	no	nudné
cds	no	vtip
cds	no	loansharking
cds	no	padouch
qas	no	americký podnikatel
om	no	boční
ddp	yes	vůl
qas	no	farmář
cds	no	stupe
qas	no	církevní farnosti
an	no	psittaciformes
dmc	yes	divoch
dmc	yes	delikvent
cds	no	pitomec
an	no	pip-pískot
dmc	yes	lež dětem
pr	no	megera
qas	no	obyčejných lidí
qas	no	profesionální třídy
ps	yes	Židé
ps	yes	rómové
pa	yes	advokát
cds	no	fanatik
svp	no	sedm hlavních hříchů
or	no	okurek
asf	no	ochlupení
re	no	pachatel
ddf	yes	postižením
an	no	carcharodon carcharias)
ddp	yes	mountebank
dmc	yes	volnomyšlenkářství
dmc	yes	trifler
an	no	otus asio
an	no	vztek
an	no	brent husa
an	no	mol
cds	no	zpěvák
asm	no	hrách setý
cds	no	gang
cds	no	zakrslík
re	no	delikvent
qas	no	farmhand
cds	no	italské mafie
cds	no	delikt
ddp	yes	špatná ryby
cds	no	nerd
dmc	yes	nemotorný člověk
asm	no	milovat
is	yes	sociální vyloučení
an	no	sračka
re	no	pohlavní zneužití
an	no	buvol
pr	no	crack děvka
pa	yes	dveřník
om	no	kontralaterální
om	no	ipsilaterální
rci	yes	divoch
pa	yes	vozka
qas	no	lež dětem
cds	no	důstojník oprav
cds	no	stoupenec
pa	yes	barbar
an	no	rod anguilla
dmc	yes	disimulace
an	no	aureus
re	no	ničema
an	no	biston betularia
om	no	homosexuality
cds	no	lump
dmc	yes	klauni
an	no	papoušek
dmc	yes	dilly-dallier
cds	no	rodu
qas	no	iluze
dmc	yes	banditti
cds	no	conventicles
dmc	yes	klauniáda
asm	no	ptactvo
ddp	yes	negramotní osoba
asf	no	mamlas
cds	no	zakázán
or	no	symbol vulvy
an	no	šnečí
re	no	mučírna
svp	no	běsnění
cds	no	mafiosi
dmc	yes	nepravda
pr	no	fornicatress
cds	no	botcher
or	no	zemáky
asf	no	pubes
pa	yes	barbarství
om	no	paederasty
cds	no	peklo
ddp	yes	pillock
re	no	sexuálně napadl
ddp	yes	negramotný
svp	no	ravenousness
cds	no	nemanželské dítě
dmc	yes	smrad
an	no	volovina
qas	no	blunderer
asf	no	doofus
an	no	podvod
om	no	buzerant
qas	no	střední třída
cds	no	narcisismus
is	yes	držgrešle
ps	yes	ekvatoriální rasa
ps	yes	beduínští nomádi
cds	no	dům se špatnou pověstí
cds	no	drobné krádeže
dmc	yes	zlodějíček
dmc	yes	ne'er-dělat-dobře
cds	no	arriviste
svp	no	zpupnost
cds	no	kopáč
ps	yes	čínské
an	no	Žraloci
qas	no	potápění váhovým systémem a
pr	no	lampyris submucronata
re	no	zločince
re	no	napodobit
an	no	diddlysquat
svp	no	mstivý
cds	no	peón
an	no	mikrob
dmc	yes	mrav
qas	no	parazitují
pa	yes	poslíčka
or	no	pitomec
cds	no	plížit zloděje
ps	yes	ničitel
cds	no	la cosa nostra
asm	no	pisum sativum
an	no	červ
pa	yes	hotelový poslíček
qas	no	komunálního odpadu
svp	no	agresivní
re	no	krást
an	no	zvíře
cds	no	povýšenec
re	no	cosa nostra
ddf	yes	ošklivý
cds	no	satyrismus
cds	no	dastardliness
dmc	yes	fabricator
dmc	yes	tulák
svp	no	lhostejnost
asf	no	neotesanec
an	no	puštík proužkovaný
dmc	yes	chiseller
cds	no	špína
an	no	koza
pa	yes	jezuita
asm	no	penisu
qas	no	grandiosity
cds	no	odpady kovové
an	no	rypák
re	no	jednat terorismu
pa	yes	nápadník
an	no	Žralok bílý
cds	no	zpackat
om	no	osel
an	no	sciaenops ocellatus
ddp	yes	idiocie
qas	no	parazit
om	no	crossdress
re	no	sexuálně motivovaný zločin
cds	no	rogue
cds	no	bazén shánějí
cds	no	ilegální
or	no	kreténe
ps	yes	černý
an	no	ragtag a bobtail
dmc	yes	nemehlo
an	no	holobřiší
cds	no	fašismus
ddp	yes	zvířata
an	no	hirudinida
an	no	bed bug
an	no	caprinae
svp	no	hrabivost
ddp	yes	dimwit
svp	no	minginess
om	no	sodomist
ps	yes	beduíni
an	no	kráva
ps	yes	barbar
pa	yes	emeritní profesor
ps	yes	Židovský
svp	no	skrblík
an	no	bos primigenius f. taurus
an	no	nekompetentní osoba
svp	no	spořivost
cds	no	prostředník
svp	no	dillydallier
cds	no	rostlinná biotechnologie
cds	no	zločince
an	no	brutalita
qas	no	fízl
re	no	krádeže ve velkém měřítku
svp	no	ne'er-dělat-dobře
pr	no	lampyris noctiluca
re	no	vydírat
om	no	stejný-přitažlivost sexu
dmc	yes	dallier
om	no	směry lidského těla
ddp	yes	svině
qas	no	chien de saint-hubert
ddp	yes	blunderer
pr	no	lampyris thoracica
qas	no	parafie
asf	no	pinda
om	no	drag queen
an	no	barbarství
pr	no	konkubíny
an	no	metastigmata
an	no	žraloků
an	no	lůza
cds	no	scammer
pr	no	ulice dívka
is	yes	chuďas
qas	no	necrotrophic
cds	no	učitel
om	no	sodomita
cds	no	bloopers
an	no	sýček obecný
cds	no	domýšlivost
qas	no	zemědělský pracovník
an	no	lampyris obscurella
om	no	anální sex
qas	no	zátěž
an	no	zmije obecná
asm	no	šroubování
or	no	solanum chocclo
cds	no	silnice zástupce
re	no	znásilnění na schůzce
cds	no	lichvářů
re	no	mučení zařízení
cds	no	splašků
re	no	loupeží
cds	no	načmárat
an	no	moskyt
dmc	yes	smradlavý
cds	no	nováček
ddp	yes	mentální postižení
cds	no	fotoreportér
an	no	zakabonění se
dmc	yes	hobos
cds	no	biotechnologie rostlin
cds	no	soft touch
dmc	yes	tráví-all
an	no	děvka
re	no	ndrina
cds	no	kriminalista
an	no	muggins
re	no	opsal
ps	yes	hispánský
ps	yes	changeling
qas	no	endoparasites
dmc	yes	hayseed
dmc	yes	debauchee
cds	no	šmírování
ddp	yes	cancy
ps	yes	žlutou kartu
pa	yes	pohřebního ústavu
cds	no	zločin pán
ps	yes	uprooter
qas	no	kotec
cds	no	beghardi a bekyně
an	no	komáry
an	no	tur domácí
re	no	týrání
or	no	zelí
cds	no	povýšenost
dmc	yes	morální úpadek
dmc	yes	loudal
dmc	yes	zbojník
cds	no	obětní beránek
cds	no	spodina taška
om	no	kaudální
svp	no	abulia
an	no	neschopný
or	no	piča
re	no	sexuálních útoků
cds	no	namyšlenost
an	no	králíka
cds	no	pecivál
an	no	neúprosnost
cds	no	pachatele
cds	no	bigoterie
or	no	foeniculum vulgare
cds	no	křupan
an	no	pediculus humanus humanus
qas	no	rétoricky
cds	no	vůz vlaku
re	no	pirát
om	no	homoerotic
an	no	krokodýlů
cds	no	rumormonger
qas	no	střední třídy
asm	no	aves
re	no	policejní zneužívání
or	no	solanum leptostigma
an	no	hemipterous hmyzu
an	no	mračit se
cds	no	delikvent
pr	no	cizoložnice
cds	no	lidé
cds	no	sobecký
cds	no	kojenecký věk
ddp	yes	betise
is	yes	chudáky
qas	no	příživnictví
qas	no	divoch
asm	no	hnědá barva
ddp	yes	zabedněnec
dmc	yes	gangster
pr	no	žvást
an	no	psa
an	no	ixodida
om	no	ventrální
dmc	yes	páchnout
re	no	zakázán
svp	no	útočný
re	no	zločin
an	no	crocodylian
re	no	urážlivý
svp	no	domýšlivost
re	no	rustler
cds	no	lowlife
cds	no	pompousness
or	no	pizda
cds	no	truckler
qas	no	boo-boo
an	no	mračit
dmc	yes	kdo se přetvařuje
ddp	yes	hloupost
cds	no	peonů
an	no	domácího kuřete
an	no	Živočišstvo
ddp	yes	moronity
re	no	zločinec
cds	no	faktor
pr	no	kurtizán
pr	no	družka
an	no	raunch
an	no	sýček
an	no	únosce těla
ps	yes	ostrogoth
ddp	yes	žvanil
an	no	šnek
an	no	lowlife
pr	no	žena z ulice
re	no	znásilňování
ddp	yes	prdel
re	no	zloději
an	no	blechy
qas	no	vznešenost
cds	no	klan
cds	no	gangsterství
asf	no	vagina
cds	no	amateurishness
cds	no	chvastoun
pa	yes	poradce
dmc	yes	nešťastné osoby
cds	no	loupežník
cds	no	fanatismus
an	no	loudal
re	no	zabití člověka
an	no	bison bison
re	no	násilníků
cds	no	ostentatiousness
asm	no	soft touch
asm	no	opeřenci
or	no	cunt
cds	no	kanalizace
qas	no	bouda pro psa
re	no	podvodník
qas	no	sekanina
cds	no	lichva
asf	no	píča
ddp	yes	konfident
qas	no	směsi
qas	no	velkolepý
an	no	moo-cow
re	no	uličník
om	no	invalida
an	no	larva
ddf	yes	postižením mobility
dmc	yes	delikt
qas	no	přehmat
asm	no	ryby
re	no	darebný
cds	no	hrubián
re	no	zneužívání
cds	no	prase
dmc	yes	hnusný
pr	no	lady potěšení
re	no	exact
qas	no	autoinfection
cds	no	žert
an	no	sup bělohlavý
cds	no	banditů
re	no	krádež
ddp	yes	ignorant
cds	no	sass
re	no	znásilnění
an	no	eurasian griffon
cds	no	kriminalita
om	no	dame
dmc	yes	zločince
ddf	yes	chromý
cds	no	gossipmonger
re	no	pohlavní zneužití dítěte
pa	yes	akademický
cds	no	blabbermouth
asf	no	šašek
an	no	čenich
an	no	relentlessness
pa	yes	rezervace úředník
ddp	yes	kreténe
dmc	yes	ničema
ddp	yes	skrblík
an	no	villainess
cds	no	banditti
re	no	mučí
qas	no	parazitismus
cds	no	kin skupina
an	no	Úhoř
an	no	králíčky
an	no	šváby
re	no	vrah
an	no	veš šatní
pa	yes	cordwainer
an	no	diddley
an	no	canis familiarus domesticus
or	no	solanum apurimacense
cds	no	klaun
cds	no	zprostředkovatel
qas	no	dům malba
dmc	yes	ušpiněný
an	no	tvrdohlavý
svp	no	lakomec
ps	yes	nigra
re	no	zločiny
cds	no	manželství makléř
pr	no	dvořanů
cds	no	lenoch
ddp	yes	nic nevím
ddp	yes	infauna
cds	no	rostlinné biotechnologie
ddp	yes	imbecile
asm	no	betise
an	no	papoušci
om	no	finocchio
cds	no	románech desetníku
ps	yes	barbarové
ps	yes	bulharština
asm	no	onanovat
pr	no	tur
re	no	teroristický útok
cds	no	ragtag a bobtail
svp	no	marnost
cds	no	homunkulové
ddf	yes	invalida
cds	no	ruční práce
qas	no	parazitizmus
svp	no	obžerství
cds	no	rafinovaný
an	no	lampyris sibirica
ddp	yes	zrádce
pr	no	konkubinátu
an	no	štěnice
cds	no	pedagožka
cds	no	cosa nostra
an	no	metazoans
cds	no	novorozenců
ps	yes	království vandalů
qas	no	barbarizace
an	no	tlouštík
qas	no	rolník
an	no	animovat je
ps	yes	mestic
ddp	yes	nemotora
dmc	yes	křupan
ps	yes	žid
om	no	zadnice
pa	yes	dopisujícím členem
an	no	slowpoke
pr	no	lampyris sibirica
qas	no	barbarství
ddp	yes	blbec
an	no	můr
cds	no	kal
cds	no	modloslužebnictví
asf	no	dimwit
svp	no	lustfulness
om	no	plantární
svp	no	tightwad
cds	no	policisté
ddp	yes	šmejd
cds	no	drobnosti
pr	no	krysy
qas	no	svobodní páni
svp	no	hrabivosti
an	no	hmyz
cds	no	modlářské
cds	no	nehorázná lež
asf	no	muggins
an	no	světluška větší
svp	no	invidia
re	no	znásilnění podle zákona
ddp	yes	barbarství
an	no	doodly-squat
pr	no	semetrika
cds	no	literární nádeník
qas	no	průmyslníků
cds	no	domácí odpadní vody
an	no	sus scrofa f. domestica
pa	yes	ředitel pohřebního ústavu
an	no	pediculus corporis
cds	no	mimoň
cds	no	pižmová vůně
re	no	únosy
or	no	ořešák squash
qas	no	malíř a dekoratér
ddp	yes	barbar
an	no	kyjonožci
dmc	yes	neotesanec
re	no	ozbrojený lupič
asm	no	blb
asm	no	ithyphallic
re	no	krádeže
dmc	yes	přetvářka
pr	no	lampyris obscurella
asf	no	betise
an	no	mikroorganismus
re	no	raper
svp	no	znechucení
cds	no	žertík
cds	no	vtipálek
asm	no	varle
cds	no	uličník
pr	no	hetaira
asm	no	bordel
pa	yes	prof.
qas	no	zemědělce
an	no	eurypterids
cds	no	marnosti
pr	no	prominent
cds	no	kriminální chování
qas	no	neotesanec
an	no	helix pomatia
svp	no	zhnusení
cds	no	náboženský fanatik
pa	yes	účetní
qas	no	akolyta
cds	no	zpátečnictví
cds	no	demagog
ddp	yes	endemický kretenismus
an	no	pištění sova
ddp	yes	nesmyslný
om	no	anatomické roviny
or	no	meticulosity
om	no	twink
cds	no	conceitedness
ps	yes	negro
dmc	yes	přeběhlík
qas	no	pitomost
om	no	crossdressing
cds	no	slews
dmc	yes	čuně
asm	no	kohout
cds	no	bez zedník
ps	yes	izraelity
ddp	yes	nonsensová literatura
re	no	zabití
dmc	yes	nemorální
dmc	yes	morálky
cds	no	oplzlého domu
cds	no	ndrina
ps	yes	beduínští pastevci
an	no	vipera berus
an	no	siphonaptera
cds	no	zpustlík
cds	no	bumbler
asf	no	lunkhead
om	no	homoeroticism
an	no	insecta
an	no	berneška tmavá
cds	no	šlechtění rostlin
cds	no	cancy
om	no	pederast
cds	no	zelóti
dmc	yes	lícoměrnost
re	no	masový vrah
re	no	'ndrangheta
asm	no	doofus
asm	no	faba bean
pa	yes	akademické
ddp	yes	rumormonger
re	no	odcizených předmětech
cds	no	prohnaný
an	no	slaboch
an	no	běhna
qas	no	ragtag
dmc	yes	fumbler
ddp	yes	epifauna
an	no	komárovití
dmc	yes	nezdvořilý
ddp	yes	pošetilé
ddp	yes	stupidita
cds	no	hlupák
qas	no	opuštěné lodi
dmc	yes	tuláctví
an	no	bison bison athabascae
cds	no	lhář
asm	no	hloupost
cds	no	bastard
cds	no	stohy
is	yes	chudý člověk
pr	no	bos taurus
dmc	yes	tragický darebák
dmc	yes	nešťastný
qas	no	baronesa
qas	no	prostý občan
cds	no	zloděj
pa	yes	majitel pohřebního ústavu
cds	no	literární hack
an	no	šlapka
cds	no	sekanina
qas	no	business man
svp	no	pomstychtivý
or	no	sativus
ps	yes	barbarizace
svp	no	rozhněvaný
asf	no	tupec
an	no	vůl
or	no	gay
cds	no	zednář
pr	no	kurva
ddp	yes	fušer
cds	no	děťátko
dmc	yes	ponížení
is	yes	skrblík
cds	no	wangler
an	no	kajmani
cds	no	pustý teoretik
asm	no	fava fazole
is	yes	scrooge
ps	yes	doofus
svp	no	netečnost
cds	no	chytrý
cds	no	prelát
pr	no	milence
cds	no	pouliční gang
an	no	vepř
cds	no	pedagog
cds	no	hellion
re	no	trestné činnosti
qas	no	omámit
is	yes	chudoba
or	no	teplouš
cds	no	muggins
re	no	mord
ps	yes	šlechtění rostlin
an	no	pošetilec
an	no	krokodýlí
ddp	yes	prosťáček
dmc	yes	pach
pa	yes	pohřebník
pa	yes	mimořádný profesor
asm	no	hard-o
ps	yes	bedu
svp	no	dilly-dallier
or	no	brukev řepák
an	no	brent
asm	no	šoustat
cds	no	zoufalý trestní
qas	no	rétor
an	no	lampyris bellieri
cds	no	flákač
dmc	yes	hýřil
cds	no	mezirodový hybrid
om	no	zadeček
re	no	zločinci
svp	no	být sklíčený
or	no	homophile hnutí
qas	no	testikulární
qas	no	psí boudy
om	no	kříž prádelník
an	no	lampyris thoracica
an	no	Úhořovití
asm	no	varlata
qas	no	vajíčko
svp	no	pýcha
asf	no	pochvy
or	no	solanum esculentum
cds	no	prodejnost
asf	no	děvče
asm	no	napálit
an	no	žena pronásledovatel
is	yes	chudák
an	no	sovy
an	no	život zvířat
asm	no	zahnědění
cds	no	stávkokazectví
re	no	trestný čin
om	no	bazální
svp	no	marnivost
dmc	yes	dillydallier
cds	no	vnitřní kruh
cds	no	protagonism
svp	no	apatie
ps	yes	judaismus
cds	no	spiknutí ticha
an	no	crocodylia
dmc	yes	tramp
cds	no	mocenská klika
qas	no	amatér
cds	no	chudák
cds	no	bandita
asm	no	idiot
svp	no	spiritlessness
is	yes	nízkými příjmy
an	no	mamlas
ddp	yes	nekompetentní osoba
ps	yes	nigga
an	no	kurva
ddf	yes	neschopnost
re	no	zneužívání moci
an	no	house
svp	no	faineance
cds	no	huby
asm	no	imbecile
cds	no	changelings
qas	no	podnikatelka
ddp	yes	podvedený
pa	yes	ministr
an	no	pes
cds	no	krádež
an	no	brent goose
ps	yes	židovství
cds	no	darebák
qas	no	barokní architektury
re	no	rapine
an	no	šneci
om	no	abnormální
asm	no	bimbas
an	no	bison bonasus
cds	no	zpupnost
pr	no	dobytek
qas	no	podělat
om	no	drag queens
ps	yes	metic
an	no	Čuník
qas	no	vyzrazení
cds	no	tulák
an	no	ovce domácí
re	no	la cosa nostra
ps	yes	mongoloid
an	no	canis aureus
svp	no	bota-off
ps	yes	nemotora
pr	no	konkubinát
cds	no	satyriáza
cds	no	blbec-off
svp	no	držgrešle
pr	no	pochybná ženština
or	no	hlávkové zelí
cds	no	stádo
om	no	anatomické podmínky umístění
is	yes	chudoba jako sociální událost
or	no	muttonhead
an	no	phthiraptera
om	no	homophile hnutí
ps	yes	idiot
asf	no	cunt
cds	no	free mason
re	no	plagiarization
cds	no	scrawler
an	no	shote
an	no	kajman
an	no	kur domácí
ps	yes	vandal
cds	no	počátky fašismu v německu
cds	no	paňčelka
cds	no	nemluvně
qas	no	neplechu-maker
ddp	yes	botcher
re	no	dobytek zloděj
pr	no	prostitutka
an	no	psí
asf	no	hloupost
qas	no	amateurishness
cds	no	tragické darebák
pr	no	pistole moll
pr	no	konkubín
ps	yes	židovské rodině
or	no	pudink hlava
om	no	dorzolaterální
cds	no	balladeer
or	no	nové brambory
pa	yes	white-collar worker
cds	no	moaner
cds	no	wank
qas	no	žebrák
pr	no	stále žena
ps	yes	židovské
rci	yes	barbarství
an	no	zmije
or	no	pillock
ps	yes	rom
cds	no	dandy
cds	no	omerta
cds	no	marnivost
cds	no	groteskní
an	no	skotná
dmc	yes	bezskrupulózní
an	no	nechat kogo
ps	yes	černé
cds	no	nadšenec
an	no	bílý žralok
an	no	tragický darebák
ps	yes	romanis
cds	no	žalářník
dmc	yes	bota-off
an	no	rodina cimicidae
cds	no	phratry
dmc	yes	špinavé
qas	no	středověký
om	no	dorsoventral
om	no	ass
cds	no	tricker
cds	no	zbabělec
an	no	ten a ten
cds	no	penny hrozné
an	no	volaille
om	no	⚣
cds	no	zemřít
re	no	villainess
re	no	mafiosi
qas	no	vyžírka
cds	no	fawner
asm	no	muggins
ddp	yes	changeling
an	no	gyps fulvus
dmc	yes	falešný
ddf	yes	špatné
ps	yes	patsy
ddp	yes	barbaři
dmc	yes	budižkničemu
cds	no	uctívání
ps	yes	rostlinné biotechnologie
cds	no	homunculus
cds	no	chovatel ptáků nebo zvířat
or	no	pudden hlava
dmc	yes	psanec
ddp	yes	amentia
cds	no	násilí gangu
qas	no	barbaři
an	no	prasnice
cds	no	half-pint
an	no	canis lupus f. familiaris
an	no	pillager
or	no	hlupák
cds	no	rod
cds	no	lotr
cds	no	policejní strážnice
cds	no	nestydatost
ddp	yes	zuřivost
asm	no	měkký paprsek
an	no	králík
cds	no	průměrnost
an	no	kmen mollusca
pa	yes	obchodník s rybami
ps	yes	mongol
pa	yes	akademická obec
qas	no	chovatelské stanice
an	no	floozie
ps	yes	nevychovanec
ddf	yes	invalidita
pr	no	kuplíř
ps	yes	lidí zulu
ddp	yes	šarlatán
om	no	tooshie
ps	yes	zulus
pr	no	můr
cds	no	reakční
pa	yes	barbaři
cds	no	boner
re	no	calunnia
ddp	yes	gossipmonger
an	no	zooerastia
an	no	štěkání
re	no	dobytek rustler
pa	yes	ministr-poradce
re	no	italské mafie
cds	no	strakatý blázen
re	no	vraždy druhého stupně
re	no	kořist
qas	no	zbabrat
pr	no	chlapcem nájmu
pr	no	komerčních sexuálních
is	yes	rozedranec
an	no	domácích ovcí
cds	no	mršina
qas	no	směsice
ps	yes	hulvát
ddp	yes	divoch
re	no	teroristický čin
ddp	yes	tlachal
is	yes	nešťastný
asm	no	falický symbol
svp	no	marnosti
an	no	brant
cds	no	conventicle
an	no	pediculus humanus corporis
svp	no	chamtivý
svp	no	ješitnost
ps	yes	beduínské kmeny
cds	no	lichvářka
an	no	Červi
cds	no	wheeler prodejce
or	no	homosexuální
pa	yes	vrátný
svp	no	zlostný
or	no	lilek brambora
om	no	prevít
om	no	stejného pohlaví
qas	no	testes
asm	no	hnědá
or	no	Řepák
an	no	zloděj těla
qas	no	farní
cds	no	kasíno
asm	no	avifauna
ddp	yes	zooerastia
cds	no	zlodějství
pr	no	děvka
ps	yes	fašista
an	no	grossness
pa	yes	právník
pa	yes	sluha
svp	no	panovačnost
re	no	mučení
asm	no	role v seně
ddp	yes	mamlas
ddf	yes	zakrslík
an	no	lakota
ps	yes	blbec
an	no	pouliční prostituce
dmc	yes	slušnost
asf	no	pitomec
an	no	stvoření
cds	no	religiousism
om	no	homosexuál
re	no	špatné zacházení
cds	no	modláři
an	no	čuně
an	no	tragické darebák
om	no	fenykl obecný
dmc	yes	moralizující
an	no	anura
svp	no	flákání
or	no	fenykl
re	no	zloděj
dmc	yes	git
pa	yes	administrativní pracovník
re	no	vyděrač
cds	no	přehmat
re	no	defrauder
ps	yes	červenou kartu
cds	no	changeling
qas	no	odpad
an	no	zvířena
cds	no	dvorní šašek
dmc	yes	pseudo
cds	no	zlodějský
cds	no	nemotorný člověk
qas	no	baron
pa	yes	akademiky
om	no	gay
cds	no	lóže svobodných zednářů
re	no	špatně použití
qas	no	vejce
cds	no	vůz silnice
dmc	yes	bezdomovec
re	no	kriminální chování
cds	no	kvanta
cds	no	narcista
cds	no	divák
qas	no	omnium-gatherum
om	no	anální penetraci
cds	no	člověkem hybridní
ps	yes	polovina-plemeno
qas	no	prostý
cds	no	žluklý
an	no	mikroorganismy
qas	no	casteism
an	no	komárů
asf	no	kočka
om	no	fenykl
an	no	hirudinea
svp	no	chlípnost
ddp	yes	kreténizmus
pr	no	nesezdané soužití
an	no	koza-antilopa
an	no	selachiformes
pa	yes	právní poradce
an	no	Živočichové
ddp	yes	neschopný
cds	no	domorodých obyvatel
an	no	blboun
svp	no	povaleč
pr	no	kurtizána
dmc	yes	tuláci
re	no	přepadení
cds	no	sračka
dmc	yes	botcher
an	no	animalculum
an	no	blbec
an	no	zahýbat
pr	no	xantipa
an	no	lakomec
pr	no	strusky
re	no	únosci
is	yes	smutný
an	no	chlap mizerná
cds	no	snob
an	no	slimák
ddp	yes	ragtag
qas	no	prostý člověk
om	no	kraniální
asm	no	evropská bean
pa	yes	dveří stráž
is	yes	lakota
dmc	yes	rozmařilec
ddp	yes	blb
an	no	soft touch
an	no	společný veš
ddp	yes	microcephalus
qas	no	top executive
an	no	scorpion fish
qas	no	skladník
svp	no	nudou
ddp	yes	kretenismus
an	no	internet podvod
cds	no	demagogickou
cds	no	policajt
om	no	cross-šaty
pr	no	hetéra
an	no	kozy
cds	no	nelegitimní
cds	no	šprtat
an	no	posera
ddp	yes	gossiper
an	no	helminti
pa	yes	белахо
dmc	yes	zápach
pr	no	potkan
qas	no	utracení
ddp	yes	pitomec
re	no	druhého stupně vraždy
ps	yes	hromotluk
qas	no	prostí
an	no	krávy
asf	no	ženská
cds	no	fízl
asf	no	hlupák
ps	yes	cikán
asm	no	flouter
or	no	erteple
asm	no	péro
or	no	lycopersicon tuberosum
pa	yes	uzenářství
cds	no	onanovat
cds	no	přírodní hybrid
qas	no	olůvko
re	no	unést
re	no	vilifier
pa	yes	funebrák
cds	no	dobytek rustler
an	no	aby crocodilia
cds	no	spoustu
cds	no	vykřičený dům
an	no	nahý plž
svp	no	povýšenost
dmc	yes	dvorní šašek
cds	no	demagogický
an	no	voly
ps	yes	greutungové
rci	yes	hulvát
re	no	psanec
qas	no	přepravní magnát
cds	no	newsmonger
cds	no	zločinec
asf	no	pochva
cds	no	hybris
cds	no	objem
or	no	homophile
cds	no	bystrý
dmc	yes	homunkulové
qas	no	hospodářství
pa	yes	akad.
an	no	hyenovité
cds	no	neotesanec
an	no	padouch
an	no	fulvus
svp	no	hnus
cds	no	příbuzenství skupina
ddp	yes	barbarové
is	yes	villainess
svp	no	nafoukanost
an	no	mikrobů
om	no	apikální
cds	no	stáda zvířat
ps	yes	Židovské vyznání
ps	yes	křížení
cds	no	sebeuspokojení
asm	no	široký-bean rostlin
cds	no	nedbalý člověk
cds	no	hříšnice
qas	no	psí bouda
re	no	banditti
dmc	yes	odpadlík
pa	yes	portýr
or	no	homosexuál
re	no	darebák
cds	no	fundamentální
asm	no	blboun
ddf	yes	postižení
cds	no	mafie
qas	no	měšťan
or	no	tupec
cds	no	kdo zakročí
svp	no	lascivní
asm	no	koule qualifier
ddf	yes	osoba postižená tělesně
cds	no	hltat
re	no	napálit
svp	no	přejídání
cds	no	fundamentalisté
cds	no	lav
cds	no	patsy
qas	no	bumbler
or	no	prosťáček
an	no	limacidae
pr	no	lampyris longipennis
svp	no	pridefulness
cds	no	sportovní dům
ddp	yes	kretenizmus
dmc	yes	fušer
cds	no	koule-up
cds	no	mamonáře
cds	no	klauniáda
pr	no	krysa potkan
qas	no	faul-up
an	no	zuřivost
dmc	yes	fanatismus
cds	no	loanshark
cds	no	pouličních gangů
om	no	Čestná dáma
re	no	šelestu dobytku
qas	no	ideolog
an	no	megascops
an	no	rouncey
cds	no	konspirační teorie
cds	no	vory
an	no	vamper
or	no	vodnice
an	no	žralok bílý
re	no	utrpení
svp	no	náboženský fanatik
re	no	sexuálně útok
ddp	yes	muttonhead
cds	no	pošetilec
cds	no	gangster
ddp	yes	endemický kretenizmus
ps	yes	mouřenín
dmc	yes	fanatik
an	no	anguilliformes
re	no	lupič ozbrojený
asm	no	odročit
cds	no	klik
an	no	vipera
an	no	supi
an	no	lump
re	no	sexuální zločiny
is	yes	marginální skupina
cds	no	půjčování peněz
qas	no	kasta
an	no	klíšťata
an	no	tulák
asm	no	jeerer
pr	no	dvořenín
re	no	násilné
rci	yes	barbar
qas	no	velmož
qas	no	komunální odpad
asm	no	ballock
dmc	yes	moralistické
an	no	štěkat
ddp	yes	hulvát
an	no	Živočišná říše
cds	no	špindíra
cds	no	domorodec
an	no	pouliční děvka
cds	no	šprýmař
an	no	lampyris parvicollis
an	no	tlusťoch
pa	yes	mimořádným fakulty
asm	no	lofas
qas	no	selka
cds	no	pitomost
re	no	vrazi
cds	no	kiks
an	no	šakali
cds	no	kliky
ps	yes	kretén
qas	no	parazity
dmc	yes	úzkoprsý
cds	no	konformní
dmc	yes	morální kompas
ddp	yes	ornament
cds	no	vědeckosti
cds	no	nouveaux bohatství
ddp	yes	nesmysly
an	no	bison
an	no	gallus gallus f. domestica
cds	no	prosťáček
pr	no	nabubřelá mluva
cds	no	umývárna
re	no	vraždy prvního stupně
cds	no	zpátečník
ps	yes	kříženec
an	no	darebný
pr	no	hetaera
cds	no	velký nemyté
qas	no	farník
is	yes	darebák
om	no	šlechtična
qas	no	varle
an	no	osel domácí
cds	no	onanování
an	no	domácí prase
pa	yes	význačný profesor
an	no	blecha
dmc	yes	sociální vyvrženec
an	no	selachimorpha
svp	no	chlubivost
an	no	zajíčci
om	no	foeniculum vulgare
cds	no	balíky
ddf	yes	škaredý
re	no	raptio
asm	no	testis
dmc	yes	neslušný
an	no	lampyris noctiluca
dmc	yes	zrádce
svp	no	nicnedělání
an	no	svině
qas	no	domovního odpadu
cds	no	papír-pusher
cds	no	džezový zpěvák
cds	no	modrá punčocha
an	no	šakal
re	no	pohlavní zneužívání
cds	no	hazardních her
qas	no	pomocníků
cds	no	šašek
cds	no	důstojník
cds	no	blackballing
cds	no	delikvence
asm	no	falus
an	no	sup
an	no	Žáby
an	no	culex pipiens
cds	no	nymfomanie
qas	no	endoparazit
asm	no	nookie
pr	no	comare
cds	no	zlodějíček
ps	yes	dimwit
re	no	plagiarisation
qas	no	výtržník
om	no	kříž oblékání
cds	no	konformista
an	no	prickteaser
an	no	špindíra
re	no	násilník
or	no	spuda
cds	no	zélóti
an	no	frogspawn
an	no	čumák
asm	no	ruční práce
an	no	mikroorganismu
ddp	yes	šarlatán lékaře
svp	no	pecivál
an	no	rozmnožování zvířat
cds	no	fanatismu
cds	no	lupanar
asf	no	blb
dmc	yes	half-pint
qas	no	barbarové
pa	yes	sheepherder
om	no	dorzální
re	no	maligner
an	no	brant husa
qas	no	hulvát
pr	no	rentboy
an	no	mikroorganizmy
is	yes	míra chudoby
asm	no	hrachu
or	no	squash
cds	no	hampejz
asf	no	blázen
cds	no	groveler
asf	no	vůl
cds	no	fašistického režimu
an	no	bizon evropský
ddp	yes	muggins
dmc	yes	opovrženíhodný
cds	no	záchod
cds	no	chlap mizerná
ddp	yes	stvoření
an	no	velkých bílých žraloků
cds	no	predelikvence
qas	no	fieldhand
cds	no	lež dětem
an	no	branta bernicla
pa	yes	divoch
om	no	queer
cds	no	dobytek zloděj
an	no	podřád blattodea
cds	no	splashiness
re	no	mafián
pa	yes	advokacie
or	no	hloupý člověk
an	no	vývoj měkkýšů
an	no	švába
cds	no	zpěvák šlágrů
om	no	keister
an	no	eurypterida
cds	no	ornament
cds	no	zrádný
an	no	krokodýli
is	yes	ničema
asm	no	ztopoření
an	no	skot domácí
cds	no	korespondent
asm	no	maroon
ddp	yes	rozmnožování zvířat
an	no	nevzdělaný člověk
an	no	mosquitoe
an	no	žáby
cds	no	záchodová mísa
cds	no	klepy
cds	no	narcism
re	no	okraden
asf	no	kunda
qas	no	malíř
dmc	yes	homunculus
an	no	lampyris longipennis
dmc	yes	roue
pa	yes	osobní židli
ddp	yes	blabbermouth
qas	no	zorat
cds	no	pedantství
cds	no	fušerská práce
ddp	yes	řiť
re	no	spolupachatel
svp	no	tanhá
an	no	rod capra
om	no	roviny lidského těla
dmc	yes	páchnoucí
an	no	volové
cds	no	kasino
cds	no	donáška
ddp	yes	špicl
dmc	yes	chlap mizerná
qas	no	svobodný pán
ps	yes	židovský
pr	no	šlapka
om	no	konec laně
qas	no	pompézní sloh
cds	no	drzosti
cds	no	chlubil
asf	no	hrubián
cds	no	kriminální
om	no	transvestitismus
cds	no	novozbohatlických
ddp	yes	obětní beránek
cds	no	žrát
cds	no	lůza
cds	no	všetečka
cds	no	fundamentalismu
an	no	bos taurus
qas	no	ragtag a bobtail
cds	no	pudink hlava
cds	no	ješitnost
an	no	okouníka
dmc	yes	nemorálnosti
an	no	ovce
is	yes	špinavec
pr	no	lampyris bellieri
cds	no	natrhat
qas	no	konformista
an	no	evropská ropucha
dmc	yes	rogue
asm	no	patsy
cds	no	juvenilní delikvence
qas	no	zbytkový komunální odpad
cds	no	povrchnosti
an	no	marodér
cds	no	závod chovatel
dmc	yes	lež
or	no	brambor
ddp	yes	ragtag a bobtail
asm	no	avafauna
cds	no	moneylending
an	no	prase
asm	no	hrubián
an	no	americký bizon
dmc	yes	pokrytecké
ddp	yes	makrofaunu
cds	no	konspiračních teorií
qas	no	usmrtit
or	no	mamlas
cds	no	pedantský
ddp	yes	pošetilec
or	no	okurka
ps	yes	rabínský judaismus
om	no	cross-dressing
qas	no	měšťanstvo
cds	no	spolupachatel
cds	no	utracení
qas	no	varlata
ps	yes	metics
dmc	yes	mravnost
cds	no	teď
dmc	yes	ten a ten
dmc	yes	defrauder
cds	no	intelektuál
dmc	yes	false
an	no	spodina taška
cds	no	mafián
qas	no	paraziti
svp	no	nepříjemné
ps	yes	ostrogóti
cds	no	wonk
pr	no	socialites
an	no	rozpustilá dívka
an	no	epifauna
cds	no	donašeč
cds	no	trestného činu
is	yes	vyvrhel
an	no	sova
is	yes	chudý
svp	no	nečinnost
cds	no	problém
asf	no	pubické ochlupení
or	no	solanum paramoense
ps	yes	inkiness
svp	no	sedmi smrtelných hříchů
cds	no	smutný pytel
ps	yes	míšenec
om	no	gayů
cds	no	ten a ten
pr	no	drsnokřídlec březový
an	no	diddly-shit
ddp	yes	oklamaný
ddp	yes	doofus
cds	no	presumptuousness
qas	no	bad hat
ddp	yes	mentálně postižené
ddf	yes	odporný
cds	no	omnium-gatherum
asf	no	imbecile
dmc	yes	fetor
ddp	yes	nesmysl
re	no	unese
ps	yes	vandalové
re	no	pomlouvač
svp	no	běs
cds	no	hojnost
asm	no	nooky
cds	no	fašismu
an	no	familiaris
re	no	znásilněna
dmc	yes	mystifikátorka
ps	yes	Černá barva
cds	no	topsy-turvyness
an	no	cootie
asf	no	patsy
an	no	šváb
asm	no	erekce
cds	no	od rána
cds	no	nympho
an	no	diddly-squat
cds	no	apple leštička
cds	no	mountebank
cds	no	japonských jednotek měření
an	no	salientian
svp	no	labužník
cds	no	dozorce
or	no	solanum immite
cds	no	mussiness
ps	yes	mongolové
rci	yes	barbarové
or	no	bramborová
ddp	yes	twirp
an	no	carcharodon
svp	no	superbia
pr	no	lampyris minor
cds	no	cacography
re	no	mučen
cds	no	paparazzo
pa	yes	neotesanec
an	no	capra aegagrus hircus
cds	no	faleš
an	no	kozího mléka
dmc	yes	barbaři
cds	no	důstojník korekce
asm	no	souložit
cds	no	spousta
ps	yes	blázen
om	no	prdel
dmc	yes	klaun
an	no	namby-pamby
ddp	yes	hromotluk
svp	no	zuřivost
re	no	zabíjení
ps	yes	krauthead
ps	yes	romani
asf	no	pizda
qas	no	šarlatán
ps	yes	mestik
cds	no	gangsterů
qas	no	bourgeoise
an	no	floozy
or	no	kobzol
an	no	hovno
asm	no	twirp
dmc	yes	smutný pytel
dmc	yes	faleš
an	no	běsnění
qas	no	hospodář
cds	no	defrauder
an	no	fyziognomie
asm	no	odporný
ddp	yes	negramotnost
cds	no	slaboch
an	no	starý svět buffalo
cds	no	pasák
dmc	yes	darebák
ps	yes	imbecile
qas	no	práce v domácnosti
qas	no	kolna
is	yes	tragické darebák
pa	yes	rybami
dmc	yes	villainess
qas	no	botcher
ps	yes	cikáni
or	no	stupe
cds	no	loupeživý rytíř
pr	no	můra
cds	no	nevinná lež
dmc	yes	barbarizace
ddp	yes	nevychovanec
re	no	sexuální zločin
cds	no	bordel
svp	no	apatický
pa	yes	poradce-at-právní
an	no	vulgarita
ddp	yes	analphabet
re	no	sekyrka práce
cds	no	poslíček
pa	yes	člen fakulty
qas	no	farnosti
qas	no	teste
or	no	dýně
is	yes	opuštěný
qas	no	zbodat
an	no	ropucha obecná
ddp	yes	changelings
ps	yes	mongoloidní rasa
cds	no	svobodný zednář
dmc	yes	gangsterů
svp	no	smrtelný hřích
svp	no	vztek
om	no	vená
qas	no	šířit tuto
dmc	yes	foetor
an	no	malakofauna
an	no	kozí mléko
svp	no	fanatismus
dmc	yes	bumbler
an	no	králíci
cds	no	učil
an	no	midge
an	no	nic nevím
re	no	ozbrojená loupež
an	no	helmint
an	no	osel
cds	no	veřejná kanalizace
cds	no	blunderer
qas	no	magnát
cds	no	lež
an	no	komáři
ps	yes	cigáni
an	no	carcharodon carcharias
asm	no	kretén
ps	yes	obětní beránek
asm	no	vejce
ps	yes	mongoloidní plemeno
an	no	úhoř
cds	no	masy
re	no	zpronevěra
svp	no	lenoch
an	no	rodina anguillidae
ps	yes	ostrogót
an	no	přeřeknutí
ddp	yes	idiotství
cds	no	blackball
pa	yes	ovčáky
pa	yes	barbarové
asm	no	hrách obecný
re	no	zneužívání firemních
om	no	pedikace
ddp	yes	barbarizace
pr	no	volné žena
svp	no	hamižnost
an	no	zubra evropského
re	no	vražda
cds	no	mladistvý delikvent
pr	no	pouliční děvka
asm	no	předkožky
asf	no	soft touch
re	no	násilné znásilnění
asm	no	ocas
dmc	yes	zápachu
cds	no	odmítnout
cds	no	archpriest
qas	no	duchovní vůdce
cds	no	ingroup
ddp	yes	analfabet
an	no	velký bílý žralok
svp	no	rýhovač
pa	yes	Řádný profesor
qas	no	buržoazie
pr	no	rattus
is	yes	tightwad
re	no	zneužití
pr	no	kuběna
qas	no	obvyklé
cds	no	konspirační teoretik
cds	no	svině
cds	no	rube
cds	no	Úžera
ddf	yes	hnusný
cds	no	policistka
re	no	teroristy
an	no	man-eating shark
pa	yes	vysokoškolský profesor
cds	no	relikvie
cds	no	odpadky
is	yes	chudina
an	no	Šakal obecný
cds	no	trasformismo
an	no	hyeny
om	no	shirtlifter
cds	no	nepravda
re	no	ndrangheta
ps	yes	beduín
an	no	kuřat
cds	no	know-it-all
ddp	yes	hloupý člověk
cds	no	sebeláska
re	no	zavraždění
an	no	hlemýžď
ps	yes	židovská komunita
ddp	yes	epifaunal
is	yes	darebný
cds	no	mišmaš
pa	yes	pastýřky
ddp	yes	nonsensicality
cds	no	fumbler
dmc	yes	dobrý-pro-nic
ps	yes	negroids
cds	no	veřejné pohodlí
ddp	yes	čubčí syn
cds	no	věznitel
svp	no	oplzlé
svp	no	scrooge
asm	no	dimwit
om	no	peerka
ps	yes	hlupák
cds	no	ničemný
pa	yes	trestní právník
pa	yes	politické
pr	no	sexuálních služeb
pr	no	coura
qas	no	chata
cds	no	kuplířství
re	no	únosce
pr	no	biston betularia
asm	no	testikulární
re	no	sex trestný čin
pr	no	světluška větší
pa	yes	teoretické
ddf	yes	mrzák
re	no	novorozenců
pr	no	milenka
qas	no	buržoazní společnosti
ps	yes	člověkem hybridní
dmc	yes	klamné
dmc	yes	morální kodex
cds	no	bawdyhouse
qas	no	granger
an	no	měkkýšů
re	no	sexu trestného činu
cds	no	smíšené plemeno psa
dmc	yes	treasonist
cds	no	grunge
om	no	zadní část
asf	no	píčo
re	no	trestného činu
qas	no	klasické rétorice
cds	no	stávkokazy
an	no	pudge
cds	no	conspiracism
dmc	yes	amorální
cds	no	weisenheimer
re	no	plagiátorství
pa	yes	profesorů
qas	no	kramář
svp	no	chamtivost
an	no	králíků
an	no	Štěnice
an	no	zabedněnec
or	no	tykev obrovská
om	no	anatomické projekce
asm	no	kus zadku
asf	no	idiot
cds	no	chiseller
om	no	buchty
svp	no	závidění
ps	yes	kraut
dmc	yes	zločinec
is	yes	mají-ne
cds	no	superbia
qas	no	trhu brankář
re	no	sexuálního obtěžování
dmc	yes	chawbacon
asm	no	faba
an	no	ropušnic
ddp	yes	kokot
pr	no	krávy
cds	no	Řád svobodných zednářů
qas	no	na práci
is	yes	zbídačení
cds	no	obhajoba
om	no	transvestita
om	no	sodomized
cds	no	kultury gangu
ddp	yes	denunciant
asm	no	ptáků
pa	yes	diplomatické styky
or	no	cucurbita maxima
an	no	bachor
pr	no	domácí skot
an	no	culicidae
an	no	equus mulus
dmc	yes	nepravý
svp	no	niggardness
ddp	yes	hooey
cds	no	hulvát
ddp	yes	microcephalic
dmc	yes	bigot
re	no	sexuální trestný čin
cds	no	korespondentů
cds	no	idiolatry
cds	no	zbabělost
qas	no	rétorika
an	no	zavšivený
cds	no	boo-boo
ddp	yes	zvíře
re	no	zabitím
om	no	lady
qas	no	obyčejnou osobu
svp	no	dobrý-pro-nic
asm	no	penis
an	no	lampyris minor
dmc	yes	hrubý
re	no	loupež
om	no	crossdresser
cds	no	výsledky
or	no	brassica rapa
or	no	brukev zelná
or	no	člun ze dřeva
dmc	yes	vyhnanstvím
ps	yes	rasa ekvatoriální
an	no	zelenáč
cds	no	beghardové
an	no	podřád blattaria
an	no	komár
qas	no	fušerská práce
cds	no	pool spěchání
ddf	yes	nanus
pr	no	rattus norvegicus
ddp	yes	soft touch
ps	yes	divoch
qas	no	parasitismus
or	no	⚣
pr	no	sportovní lady
cds	no	hmotnost
asm	no	hrášek
svp	no	lakomství
ps	yes	zuluové
ps	yes	žlutá karta
an	no	ignorant
is	yes	lakomec
an	no	společný zmije
cds	no	hierarcha
cds	no	zločinnost
cds	no	bekyně
an	no	ovis aries
svp	no	hanebnosti
om	no	homosexualismu
an	no	hmyzu
cds	no	stoka
an	no	bachyně
om	no	pederastic
re	no	sicilská mafie
svp	no	avariciousness
cds	no	darebáctví
pr	no	socialite
qas	no	koliba
or	no	solanum andigenum
an	no	rodina crocodylidae
pa	yes	barbarizace
pa	yes	akademik
an	no	kanec
cds	no	desetník románu
om	no	kaudálně
ddf	yes	half-pint
an	no	darebák
or	no	poove
cds	no	úklady
cds	no	klanu
svp	no	amour propre
ddp	yes	kreténismus
an	no	anguilla
asm	no	erekci
qas	no	řečník
cds	no	namby-pamby
ddp	yes	mentální deficit
pr	no	bos primigenius f. taurus
ps	yes	darkie
qas	no	obchodní vedoucí
ddp	yes	donáška
ddp	yes	spc
re	no	odsouzený zločinec
re	no	defamer
an	no	divoký vůl
cds	no	rozcuchat
cds	no	dětská delikvence
dmc	yes	odporný
an	no	canis lupus familiaris
an	no	pes domácí
ddp	yes	Živočišstvo
or	no	brambora
an	no	red buben
ddf	yes	trpaslík
an	no	koketa
ddp	yes	imbecilita
asm	no	čurák
an	no	gigantostraca
an	no	rogue
pr	no	skot
qas	no	železný šrot
dmc	yes	renegát
ps	yes	beduínský kmen
dmc	yes	padouch
an	no	gallus domesticus
svp	no	gourmandizer
cds	no	mutt
an	no	prase domácí
cds	no	zednářstvo
ps	yes	mestici
pa	yes	advocator
qas	no	maličkosti
an	no	drsnokřídlec březový
cds	no	fašisty
qas	no	střední společenská třída
ps	yes	neotesanec
cds	no	zpěváci
qas	no	nájemce zemědělství
cds	no	puntičkářství
asf	no	odročit
or	no	solanum maglia
an	no	husy
asm	no	Čůrák
cds	no	hlavní faktor
cds	no	autolatry
cds	no	narcis
is	yes	vyděděnec
cds	no	bordely
om	no	proximální
an	no	hloupost
cds	no	komunální odpad
pr	no	volů
re	no	zprznění
or	no	kobzole
dmc	yes	náboženský fanatik
an	no	Žralok lidožravý
om	no	gluteální oblasti
om	no	drag show
ddp	yes	zajatec
qas	no	pole ruky
ddp	yes	odročit
cds	no	amour propre
an	no	lunkhead
ddp	yes	vězeň
re	no	lup
ddp	yes	bumbler
pa	yes	obyčejný profesor
dmc	yes	marnotratník
cds	no	intrikán
cds	no	comfort station
cds	no	line-střelec
or	no	irish brambor
cds	no	zlomyslný
pr	no	prostitut
cds	no	nicnedělání
asm	no	maxilliped
cds	no	rychlý jeden
cds	no	falešným idol
re	no	zločinců
cds	no	instruktor
an	no	cancy
pa	yes	bílý límeček
cds	no	'ndrangheta
om	no	dáma
re	no	sexuálních trestných činů
re	no	plagiátor
asm	no	předkožka
asm	no	angličtina bean
ddp	yes	spratek
qas	no	magnáta
svp	no	závist
ddp	yes	rumourmonger
cds	no	novinky korespondent
ddp	yes	tupec
cds	no	člen gangu
cds	no	stoková síť
asm	no	bob
pa	yes	sál porter
an	no	zvířata
ps	yes	černoch
qas	no	bloodhound
an	no	kozí antilopy
re	no	plagiarise
cds	no	kanál
cds	no	reklama posílaná poštou
an	no	ass
ps	yes	negroid
an	no	ropuchy
cds	no	reakcionářství
an	no	hirudinean
qas	no	fušer
an	no	diddly
an	no	tele
dmc	yes	dissembler
ddp	yes	nevzdělaný člověk
om	no	namby-pamby
re	no	mladistvý delikvent
ps	yes	black osoba
pr	no	skot domácí
an	no	animalcule
qas	no	ektoparazit
an	no	pták minerva
cds	no	makléř
svp	no	arogance
asm	no	testes
or	no	okurky
an	no	mula
ddp	yes	šarlatánství
re	no	prostopášníka
pr	no	pouliční prostituce
svp	no	nestřídmost
svp	no	aboulia
cds	no	policejní strážník
cds	no	uspokojení
re	no	chiseller
re	no	únos
cds	no	chytráku
pr	no	potkan laboratorní
an	no	diddlyshit
ps	yes	metoikové
cds	no	náboženského fundamentalismu
cds	no	zbabrat
an	no	capra hircus
qas	no	drobnosti
qas	no	barokní
cds	no	nepořádek
svp	no	chtíč
ps	yes	Černoši
cds	no	dav
dmc	yes	rakehell
rci	yes	barbaři
an	no	zkřížený tvář
ps	yes	jahvismus
cds	no	sušák na prádlo
re	no	detektiv z oddělení vražd
cds	no	fundamentalismus
cds	no	sicilská mafie
qas	no	natrhat
an	no	mikroby
om	no	transvestity
is	yes	relativní chudoby
cds	no	villainess
ddp	yes	pařez
cds	no	scuttlebutt
asf	no	muttonhead
cds	no	vůdce
ddp	yes	unwiseness
cds	no	problému
pr	no	sexuální služby
re	no	mafie
asm	no	pohlavní úd
cds	no	hypersexual
an	no	cimicidae
an	no	pipistrellus
om	no	gentlewoman
cds	no	homunkulus
cds	no	vševěd
cds	no	bordelu
ps	yes	bulhar
asm	no	wank
an	no	lupič
om	no	anal
cds	no	puntičkář
ps	yes	negroidní
cds	no	samolibost
pr	no	gangster je moll
dmc	yes	hobo
ps	yes	blackamoor
cds	no	maličkosti
asf	no	pussy
qas	no	diletant
cds	no	hloupý člověk
dmc	yes	padělky
cds	no	tragický darebák
cds	no	domovní odpadní vody
cds	no	šéf
cds	no	narcismus
cds	no	onanista
asf	no	pařez
ddp	yes	pošetilý
re	no	furiousness
cds	no	homunculi
asm	no	blbec-off
cds	no	míchanice
om	no	orientace na lidském těle
an	no	Šakal
pr	no	prostituce
cds	no	cut-up
ps	yes	judaismu
cds	no	učitelka
svp	no	dallier
cds	no	bigot
an	no	žába
om	no	cross-prádelníku
an	no	domácí ass
re	no	právo-lámání
cds	no	barbarství
ps	yes	mezirodový hybrid
qas	no	koule
cds	no	trestná činnost
or	no	solanum herrerae
ddp	yes	nanocephaly
dmc	yes	homunculi
an	no	Švábi
cds	no	self-uctívání
cds	no	schoolma'am
qas	no	boudy
an	no	štěnice domácí
an	no	obětní beránek
pa	yes	politický
ps	yes	černošské komunity
ps	yes	vůl
cds	no	pompéznost
cds	no	lupičství
pa	yes	univerzitní profesor
cds	no	casino
an	no	pařez
ps	yes	odročit
pa	yes	navrhovatel
an	no	blázen
cds	no	smísit-mandl
re	no	násilný
qas	no	barokní architektura
ps	yes	Židovstvo
qas	no	smísit-mandl
ddp	yes	newsmonger
an	no	ropušnice
pa	yes	profesorka
cds	no	outlawry
asf	no	vaginální
om	no	pederasty
cds	no	hloupý
or	no	pařez
ps	yes	cigán
cds	no	usmrtit
an	no	shoat
re	no	terorismu
svp	no	sexuální touhy
an	no	kozel
an	no	tupec
cds	no	latrína
an	no	bizon americký
qas	no	odpady kovové
or	no	špatná ryby
asm	no	stupidita
qas	no	krajan
dmc	yes	mravy
an	no	zajíček
om	no	homosexualita
an	no	cimex lectularius
an	no	kuřinec
cds	no	pronásledovatel
an	no	git
asf	no	changeling
or	no	solanum subandigena
or	no	brambory
dmc	yes	podvodník bůh
qas	no	cizopasnictví
an	no	blattaria
cds	no	pedant
om	no	nance
cds	no	láska dítě
om	no	podivný
om	no	mužské sexuality
an	no	prosťáček
an	no	špatný člověk
re	no	pohlavní zneužívání dětí
ddp	yes	výchova a vzdělávání mentálně postižených
or	no	kunda
cds	no	úřednický
dmc	yes	potulka
ps	yes	židovstva
asm	no	hrách
re	no	drobný zloděj
cds	no	lupič
pa	yes	jízdenek
re	no	trestný pouze přestupek
an	no	měkkýš
or	no	tater
pr	no	zbraň moll
svp	no	jedlík
cds	no	ballup
cds	no	imbecile
cds	no	nemehlo
dmc	yes	barbarové
cds	no	backtalk
cds	no	zpět talk
an	no	slepičinec
is	yes	sociální vyvrženec
dmc	yes	etické motiv
is	yes	městské chudoby
cds	no	kmenových společnostech
cds	no	blbec
ps	yes	bílý
pr	no	nevěstka
svp	no	špinavec
cds	no	nymfomanka
dmc	yes	bigotnost
svp	no	bigotní
asf	no	blboun
cds	no	neplechu tvorby
cds	no	wisenheimer
cds	no	zločiny
re	no	zuřivost
re	no	zlodějský
ddf	yes	handicap
qas	no	definitivní hostitel
asm	no	obětní beránek
qas	no	řečnictví
an	no	hyenovití
an	no	cakehole
om	no	distální
qas	no	amatéry
ddp	yes	nevědomost
dmc	yes	zakrslík
cds	no	opovrženíhodný
asm	no	Šulin
cds	no	perspicaciousness
cds	no	moralismus
re	no	kidnaper
pa	yes	prodavačka ryb
an	no	hemipteran
dmc	yes	průměrnost
cds	no	fašisti
dmc	yes	tuláky
an	no	inexorableness
cds	no	dům radosti
dmc	yes	scammer
cds	no	teorie spiknutí
cds	no	fanatici
re	no	sexuální napadení
an	no	běs
ddp	yes	twaddler
ddp	yes	animovat je
om	no	dámy
cds	no	modloslužba
re	no	sériový násilník
cds	no	špatná ryby
ddf	yes	špatný
ps	yes	rostlinná biotechnologie
dmc	yes	barbarství
om	no	madam
cds	no	ragtag
an	no	rod vipera
pa	yes	mimořádným profesorem
qas	no	boner
cds	no	pachatel
cds	no	prostitut
cds	no	čin
an	no	krutost
dmc	yes	chiseler
an	no	bufo bufo
an	no	odposlouchávání
an	no	štěnic
ps	yes	židovské tradici
svp	no	pyšný
qas	no	mazal
ddp	yes	pudden hlava
ddp	yes	udávač
asm	no	šukat
dmc	yes	pachatel
or	no	irský bramborový
pa	yes	akademické obce
an	no	kuřecí maso
an	no	hvízdavý
dmc	yes	vyvrhel
re	no	traducement
an	no	ornament
svp	no	gorger
svp	no	tightfistedness
cds	no	chytrost
svp	no	angriness
an	no	flákač
an	no	kuře
ddp	yes	mentálně
svp	no	eros
cds	no	kříženec
qas	no	hmotnost pásu
ddp	yes	Živočichové
qas	no	nevinná lež
om	no	zneužíval
cds	no	lišák
qas	no	živnostník
pr	no	kurevnictví
re	no	sexuální trestné činy
svp	no	lakota
svp	no	bigot
svp	no	hltavý
