cds	no	blowhard
ps	yes	idiota
an	no	skąpiec
ddp	yes	nieznajomość
rci	yes	ordynus
cds	no	pisarczyk
dmc	yes	zbir
pr	no	wywłoka
ps	yes	głupek
cds	no	potępiony
ddp	yes	stan trzeci
asm	no	dureń
or	no	wesoły
ps	yes	dureń
or	no	cipa
dmc	yes	drański
cds	no	złodziejaszek
dmc	yes	okrutny
asm	no	grzmocenie się
an	no	wampira
an	no	brutal
cds	no	głupi człowiek
qas	no	cebulak
cds	no	bandyta
ps	yes	osioł
ddp	yes	barania głowa
ddp	yes	pała
pr	no	sportowe lady
ddp	yes	kałmuk
cds	no	obskurant
an	no	dziwka
ddf	yes	nikczemny
asm	no	zawłaszczać
re	no	gwałciciel
asm	no	jebanie
cds	no	granda
cds	no	chwyt
ddp	yes	debil
svp	no	butny
cds	no	ładować
re	no	mafia
asf	no	dziewka
dmc	yes	zbój
asf	no	folderol
asf	no	kretyn
asm	no	ruchać
cds	no	niechlujnie osoba
an	no	kurwa
qas	no	zależeć
or	no	dziwny
cds	no	złoczyńca
cds	no	karzeł
svp	no	próżniak
cds	no	szajlok
cds	no	satyriasis
cds	no	durny
re	no	szantaż
cds	no	łgarstwo
ddp	yes	nonsens
ddp	yes	wieśniak
dmc	yes	gbur
cds	no	karypel
cds	no	grubianin
cds	no	cham
asm	no	pierdolenie
ps	yes	pała
cds	no	rzezimieszek
dmc	yes	zgniłek
cds	no	szarpanie
asm	no	naiwność
dmc	yes	mistyfikatorstwo
pr	no	stręczycielka
or	no	pustogłów
dmc	yes	cheater
an	no	wytrwałość
qas	no	ragtag i bobtail
qas	no	spieprzyć
ddp	yes	dupa
cds	no	pychy
pr	no	kretyństwo
ddf	yes	mały
asm	no	bezmózgowiec
or	no	prostak
ps	yes	tłuczek
asf	no	frajer
an	no	cykor
ddp	yes	tłuk
ddp	yes	drania
dmc	yes	krętactwo
an	no	strachajło
asm	no	głupol
cds	no	wyższość
cds	no	odpady metalowe
ps	yes	neandertalczyk
dmc	yes	brygant
asm	no	kochać się
svp	no	wałkoń
cds	no	cwaniak
cds	no	nierób
ps	yes	jigaboo
dmc	yes	partacz dobrze
dmc	yes	wieśniak
asm	no	cymbał
cds	no	dupa wołowa
asf	no	shithead
re	no	akt terrorystyczny
is	yes	łajdak
pr	no	picza
or	no	okład wilgotny z lekiem
cds	no	rozgardiasz
cds	no	zgniłek
ps	yes	ordynus
asm	no	ruchanie
ddp	yes	głupi
pr	no	kurwiszon
cds	no	dickhead
asf	no	ośla głowa
svp	no	centuś
an	no	pinda
dmc	yes	good-for-zero
asf	no	cipsko
dmc	yes	udawanie
re	no	terrorystów
cds	no	denerwować się
dmc	yes	karzeł
re	no	gangster
an	no	kokieta
ddp	yes	gbur
cds	no	nerdy
ps	yes	żłób
an	no	lafirynda
cds	no	ćwok
dmc	yes	nieokrzesaniec
cds	no	egotysta
cds	no	hauteur
cds	no	alfons
is	yes	obdartus
ddp	yes	blunderer
asf	no	dureń
or	no	ośli łeb
cds	no	bałwan
an	no	wulgarność
dmc	yes	dissimulator
ps	yes	soft touch
dmc	yes	biedaczysko
ddp	yes	głowa budyń
ddp	yes	cebulak
an	no	nic nie wiem
cds	no	sfanatyzowany
cds	no	fanatyzmu
dmc	yes	oszustwo
an	no	bałamutnica
an	no	kurwiszon
asm	no	koń
cds	no	finagler
ddp	yes	idioctwo
cds	no	policjant
an	no	chuchrak
cds	no	doktryna reakcyjna
qas	no	niedbaluch
cds	no	truckler
asf	no	pusty łeb
cds	no	szrot
cds	no	klown
asf	no	pała
qas	no	awanturnik
an	no	wuss
or	no	cunt
svp	no	nadaremność
an	no	ragtag i bobtail
ddp	yes	kutas
cds	no	klaun
asm	no	zagrabiać
cds	no	malkontent
ddp	yes	barbarzyńców
svp	no	choleryczny
cds	no	brygant
svp	no	do niczego
asm	no	jeerer
an	no	diddlysquat
cds	no	górnolotność
dmc	yes	szwindel
an	no	zalotnica
qas	no	bujda
pr	no	call-girl
an	no	głupiec
ddp	yes	kretyn
is	yes	chytry
ddp	yes	debilny
cds	no	wielkopańskość
cds	no	zbłąkana owieczka
cds	no	bezrozumny
cds	no	wysokiej ręczność
an	no	chuchro
asm	no	defraudować
cds	no	troglodyta
asm	no	frajer
asm	no	toczyć w sianie
cds	no	rozgromienie
ps	yes	frajer
is	yes	ciasny
rci	yes	żłób
or	no	zakuty łeb
pr	no	loose woman
ps	yes	dzikus
asm	no	błaznować
cds	no	wataha
svp	no	sknera
cds	no	brakorób
cds	no	czelność
or	no	pusta głowa
ddp	yes	sad sack
qas	no	prymityw
om	no	osoba niepełnosprawna
cds	no	fiut
cds	no	rekrut
or	no	głowa budyń
cds	no	błaznować
cds	no	niewyszukany
or	no	pudden-head
cds	no	wank
dmc	yes	barbarzyńca
cds	no	butny
cds	no	walenie konia
dmc	yes	bigoterii
dmc	yes	przykrego zapachu
re	no	nikczemny
asf	no	pochwa
dmc	yes	oszustwa
an	no	strachoput
cds	no	bazgracz
asm	no	sypiać
cds	no	frajer
or	no	ciamajda
ddp	yes	quack
or	no	pedryl
dmc	yes	podrobiony
an	no	bydlę
svp	no	próżny
svp	no	partacz dobrze
svp	no	conceitedness
dmc	yes	ociągający się
cds	no	chytrość
asf	no	pustogłów
pr	no	idiotyzm
cds	no	motłoch-rouser
ddf	yes	kurdupel
dmc	yes	pipa
an	no	ślamazara
dmc	yes	śmierdzący
an	no	pusty łeb
ps	yes	mongoloids
om	no	niepełnosprawny
qas	no	fuszer
pr	no	pipa
dmc	yes	faryzeusz
or	no	prostaczek
an	no	mistyfikacja
pa	yes	wieśniak
ddp	yes	niezdara
qas	no	łajdus
an	no	patsy
cds	no	paliwoda
rci	yes	prostak
cds	no	burdel
cds	no	prosię
cds	no	pedantyczny
dmc	yes	rabuś
svp	no	dilly-dallier
re	no	szantażowany
ps	yes	cham
svp	no	zaczepność
svp	no	cheapskate
ddp	yes	dupkiem
asf	no	idiota
ddp	yes	taleteller
dmc	yes	dwulicowy
ddp	yes	przygłup
cds	no	tuman
ddp	yes	wystrychnąć na dudka
om	no	homoś
ps	yes	mongoloidalna rasa człowieka
ddp	yes	tępogłowy
om	no	ckliwy
ddp	yes	nieświadomość
dmc	yes	tak a tak
ps	yes	barbarzyńców
qas	no	nieprawda
cds	no	praca ręka
cds	no	słabeusz
cds	no	urwipołeć
asf	no	pustak
an	no	mięczak
cds	no	wystarczy jeden
dmc	yes	judasz
cds	no	szczeniak
ps	yes	helmut
is	yes	nikczemny
cds	no	bazgrała
cds	no	faszystów
svp	no	leniuszek
ddp	yes	dumbass
ddp	yes	brakorób
an	no	mizerota
or	no	dumbass
ddp	yes	szaleństwo
or	no	niewieściuch
asm	no	głupek
asm	no	malwersować
cds	no	macher
asm	no	wanker
cds	no	gangi
cds	no	bombastyczność
cds	no	gangów młodzieżowych
ps	yes	dałn
cds	no	dewocja
svp	no	agresywny
dmc	yes	trikster
ddp	yes	analfabeta
cds	no	złom
cds	no	pleciuch
qas	no	amatorstwo
cds	no	literacki siekać
cds	no	arogancja
qas	no	pic
dmc	yes	nieprzyjemnego zapachu
qas	no	trouble maker
qas	no	parobas
an	no	mizerak
ddp	yes	prostoduszny
asm	no	jebanie się
qas	no	dzikus
or	no	dureń
cds	no	filozof
an	no	zły człowiek
ddp	yes	fumbler
dmc	yes	wiochmen
ddp	yes	zooerasty
cds	no	odrzucać
asm	no	chuj
or	no	orientacji homoseksualnej
cds	no	głupol
or	no	barania głowa
ddp	yes	półgłupek
re	no	rabuś
dmc	yes	obipięta
ddp	yes	gadułą
dmc	yes	barbarzyństwo
an	no	wulgarności
cds	no	bandytów
asm	no	shtup
asm	no	pała
dmc	yes	oprych
cds	no	głup
asm	no	głupstwo
qas	no	prościuch
dmc	yes	leniuszek
dmc	yes	barbarzyńców
cds	no	rumourmonger
ddp	yes	kretyństwo
svp	no	indolencja
dmc	yes	włóczęgów
svp	no	zazdrosny
an	no	diddlyshit
pr	no	rura
cds	no	bellyacher
asf	no	twat
qas	no	zapychacz
ps	yes	prostak
pr	no	cudzołożnica
cds	no	boidusza
cds	no	debil
or	no	dałn
ddp	yes	ośla głowa
an	no	folderol
an	no	zero
svp	no	jałowość
cds	no	dziadostwo
asf	no	pusta głowa
cds	no	szorstki
ddp	yes	banialuka
svp	no	chełpliwy
ddp	yes	pleciuga
or	no	tępak
rci	yes	cham
asm	no	uprawiać miłość
ddp	yes	tępak
pr	no	floozie
ps	yes	krauthead
an	no	shithead
cds	no	gadułą
is	yes	mizerny
dmc	yes	foetor
dmc	yes	skradający się złodziej
cds	no	charłak
ps	yes	mieszaniec
svp	no	ociągający się
svp	no	daremności
ps	yes	ćwok
cds	no	fagas
ps	yes	Żółta odmiana człowieka
cds	no	lichwiarz
re	no	debaucher
asm	no	credulousness
cds	no	amatorskość
dmc	yes	lowlife
ps	yes	cebulak
svp	no	arogancja
pr	no	męskiej eskorty
qas	no	hałaburda
cds	no	mizeractwo
an	no	nikczemny
cds	no	fanatyczka
or	no	półgłupek
an	no	świnia
ps	yes	ruiner
or	no	ciotula
svp	no	stłoczenie
ddp	yes	zakuty łeb
cds	no	maniak
cds	no	głupi
ddp	yes	prostaczek
svp	no	zawistny
qas	no	tagalong
cds	no	zakazane
asm	no	głupi
svp	no	dumny
cds	no	odpadów domowych
is	yes	biedaczyna
cds	no	obijać się
dmc	yes	defrauder
svp	no	gnuśność
cds	no	rozbicie
dmc	yes	opryszek
cds	no	ostentacja
cds	no	chiseler
svp	no	srożyć się
cds	no	nosy-parker
cds	no	siatka
cds	no	skarżypyta
an	no	hoax
ddp	yes	głupota
qas	no	barbarzyńców
an	no	słabeusz
or	no	pinda
cds	no	strup
cds	no	półgłówek
dmc	yes	ordynus
or	no	puf
ps	yes	gbur
cds	no	uliczny
ddp	yes	głupol
ddp	yes	tłumok
or	no	picza
cds	no	kutafon
dmc	yes	niecny
dmc	yes	zmienianie się
an	no	zooerasty
svp	no	drapieżny
cds	no	zacofaniec
om	no	geje
cds	no	stręczycielstwo
dmc	yes	granda
cds	no	amatorszczyzna
cds	no	spryt
dmc	yes	blunderer
asm	no	lacha
cds	no	plotkarz
cds	no	zarozumiały
cds	no	kultury gangów
cds	no	clown
dmc	yes	mocny
cds	no	zajadłość
cds	no	jerk-off
pr	no	męska prostytutka
cds	no	pustogłów
cds	no	gawiedź
qas	no	brakoróbca
an	no	sęp
dmc	yes	bezlitosny
cds	no	pillock
svp	no	skąpiec
om	no	niewieściuch
pa	yes	cebulak
dmc	yes	bydlak
asm	no	frajerstwo
qas	no	spoczywać
dmc	yes	smrodliwy
pr	no	kochanica
an	no	nanus
cds	no	warunkować
ddp	yes	dureń
cds	no	chełpliwość
an	no	muttonhead
cds	no	nieskromność
rci	yes	barbarzyńców
cds	no	reakcjonista
svp	no	obibok
svp	no	łapczywy
dmc	yes	bezduszny
ddp	yes	patsy
cds	no	lękliwy
cds	no	hayseed
dmc	yes	pseud
cds	no	glina
cds	no	patałach
ps	yes	kałmuk
or	no	twat
svp	no	zachłanny
svp	no	najeżać się
dmc	yes	nikczemny
cds	no	ubój
cds	no	strupień
dmc	yes	odstępca
cds	no	mądrala
or	no	ośla głowa
cds	no	amour propre
cds	no	próżniaków
om	no	gej
an	no	zwierzęcy
ddf	yes	brzydki
qas	no	nędzny
svp	no	sfanatyzowany
ps	yes	nocnik
dmc	yes	łajdacki
dmc	yes	dallier
cds	no	cebulak
asf	no	dziewucha
ddp	yes	ośli łeb
svp	no	niggardliness
cds	no	jarmarczny
an	no	niewykształcony człowiek
cds	no	piździelec
qas	no	partacz
cds	no	odpady
om	no	poove
ddp	yes	animalny
ddp	yes	wariactwo
or	no	homofilia
om	no	wymoczek
pr	no	nierząd
asm	no	ruchanie się
rci	yes	barbarzyństwo
cds	no	niegodziwiec
ddp	yes	brednia
dmc	yes	parobas
re	no	łajdak
svp	no	bigoteria
an	no	codswallop
om	no	konserwacyjne
ps	yes	mestizaje
ps	yes	niezdara
pr	no	komercyjnych seksualnych
or	no	kapuściana głowa
qas	no	sciolist
svp	no	leniwy
ddp	yes	półgłówek
an	no	diddley
an	no	ragtag
dmc	yes	torba szumowiny
or	no	geje
cds	no	spaść faceta
asm	no	praca ręka
cds	no	hand job
svp	no	nieskromność
cds	no	skrajnych prawicowcach
cds	no	przebiegły
cds	no	chuchro
cds	no	hipokryta
cds	no	wścibski człowiek
asm	no	debil
cds	no	gagatek
cds	no	vaunter
asm	no	walenie konia
re	no	raper
cds	no	nieprofesjonalność
cds	no	fajfus
asm	no	ipsacja
ddp	yes	fuckhead
cds	no	torba szumowiny
cds	no	oszołom
or	no	konserwacyjne
dmc	yes	nabieranie
ps	yes	upośledzenie umysłowe znaczne
asm	no	prostak
an	no	knucklehead
cds	no	kryminalista
is	yes	nędzny
cds	no	miłość własna
cds	no	banicja
pr	no	małpa
svp	no	gniewny
cds	no	barbarzyński
cds	no	knypek
ps	yes	półgłupek
qas	no	fumbler
ddp	yes	infantylny
or	no	dupa
asf	no	matoł
dmc	yes	obłudnik
pr	no	prostytucja
asf	no	knucklehead
an	no	ułomek
cds	no	włoskiej mafii
qas	no	moocher
cds	no	widz
dmc	yes	faker
an	no	męska dziwka
svp	no	drażliwy
rci	yes	prymityw
cds	no	dumny
an	no	frajer
dmc	yes	niedbaluch
svp	no	skąpstwo
om	no	homoseksualny
dmc	yes	bezecny
qas	no	niezgodność z prawdą
asm	no	przygłup
re	no	libeler
asf	no	głup
cds	no	mafii
cds	no	okład wilgotny z lekiem
cds	no	sutenerstwo
svp	no	daremność
ps	yes	niepełnosprawność intelektualna w stopniu znacznym
om	no	niuńka
dmc	yes	dezerter
ddf	yes	niecny
cds	no	tak a tak
pr	no	john
cds	no	faszysta
pr	no	kurwa
dmc	yes	cham
om	no	pedał
qas	no	amatorskość
dmc	yes	leniwiec
cds	no	bujda na resorach
cds	no	pospólstwo
rci	yes	kałmuk
cds	no	odrzuty
cds	no	stan trzeci
asm	no	tłuczek
cds	no	bragger
cds	no	skradający się złodziej
or	no	homoś
ddp	yes	bumbler
dmc	yes	no-konto
svp	no	amour propre
ddp	yes	shithead
svp	no	pańskość
re	no	zgwałcona
cds	no	pospólstwa
ps	yes	baran
dmc	yes	bandyta
asm	no	pustak
dmc	yes	nieprzyzwoity
asf	no	codswallop
pa	yes	prymityw
or	no	lesbijka
dmc	yes	niemoralny
cds	no	dogmatyzm
cds	no	brakoróbca
re	no	organizacja terrorystyczna
asm	no	naiwniactwo
dmc	yes	sfanatyzowany
an	no	dziadostwo
dmc	yes	zaduch
dmc	yes	libertynizm
an	no	diddly-squat
cds	no	odpadów komunalnych
cds	no	oszust
asf	no	dupa
asm	no	pieprzenie
svp	no	bigoterii
cds	no	grzesznik
svp	no	śledziennik
an	no	głupol
cds	no	shylock
cds	no	taleteller
ddp	yes	upośledzenie umysłowe lekkie
an	no	wamp
re	no	mafiozo
svp	no	good-for-zero
dmc	yes	rozwiązły
dmc	yes	brzydki
dmc	yes	oszust
svp	no	marudny
or	no	półgłówek
qas	no	brakowanie
or	no	muttonhead
ddp	yes	słaba ryba
cds	no	podstępność
svp	no	leniwiec
dmc	yes	prostak
cds	no	idiota
cds	no	baran
cds	no	trwożliwy
cds	no	chawbacon
cds	no	loansharking
dmc	yes	zły człowiek
dmc	yes	lubieżny
asf	no	tępak
svp	no	liczykrupa
asf	no	imbecylu
cds	no	fuszer
or	no	pustak
cds	no	fanatyczność
ddp	yes	fuszer
is	yes	żałosny
om	no	homoseksualista
pa	yes	troglodyta
cds	no	dowcipniś
asf	no	głupi
an	no	męskiej prostytucji
asm	no	głup
cds	no	pisarz
asf	no	barani łeb
pr	no	wycieruch
cds	no	bufon
dmc	yes	skurczybyk
ddp	yes	kutafon
cds	no	gang
qas	no	pospólstwo
an	no	kapuściany łeb
qas	no	bujda na resorach
cds	no	capo di tutti capi
dmc	yes	szkodliwy
ddp	yes	idiotyzm
ps	yes	niepełnosprawność intelektualna w stopniu lekkim
an	no	plebs
cds	no	kłamstwo
ddf	yes	karzeł
ddp	yes	prostak
qas	no	wykolejeniec
ddp	yes	brutal
ddp	yes	plotkarz
asf	no	dałn
cds	no	line-shooter
ddp	yes	austriackie gadanie
qas	no	mąciwoda
or	no	bezmózgowiec
cds	no	półgłupek
svp	no	bezwład
dmc	yes	dilly-dallier
dmc	yes	nierób
dmc	yes	podły
or	no	barani łeb
or	no	głupi człowiek
cds	no	pofatygować się
cds	no	zelotyzm
asm	no	ciamajda
ddp	yes	brakoróbca
dmc	yes	prościuch
pr	no	fornicatress
cds	no	lipa
ddp	yes	opóźniać
cds	no	banita
ddp	yes	pillock
cds	no	bookworm
cds	no	niepokoić się
pa	yes	cham
cds	no	manifestacyjność
svp	no	ravenousness
qas	no	blunderer
asf	no	doofus
cds	no	głupiec
cds	no	bujda
cds	no	samolubny
ddp	yes	głuptaś
re	no	gwałcicieli
cds	no	niemądry
pr	no	bzdury
asm	no	imbecyl
dmc	yes	utratnik
cds	no	świnia
asm	no	głupota
pa	yes	grubianin
svp	no	przewrażliwiony
cds	no	pompatyczność
asf	no	dziewczyna
dmc	yes	próżniaków
cds	no	efronteria
ddp	yes	brutalizm
an	no	ścierwojad
pr	no	hellcat
ddp	yes	niepełnosprawność intelektualna w stopniu lekkim
ps	yes	metysów
asf	no	bałwan
asf	no	prostaczek
re	no	cosa nostra
qas	no	pijawka
svp	no	wściekać
cds	no	dastardliness
cds	no	samozaspokojenie
ddp	yes	ragtag i bobtail
or	no	idiota
pr	no	usług seksualnych
cds	no	motłoch
asf	no	imbecyl
dmc	yes	chiseller
ddp	yes	bezsens
ddp	yes	pustak
ddp	yes	dupek
qas	no	uczuciowy
cds	no	ipsacja
asf	no	tłumok
asf	no	saphead
ps	yes	nieokrzesaniec
dmc	yes	wagabunda
cds	no	chuj
asm	no	przespać się
ddf	yes	bezecny
an	no	słabiak
dmc	yes	zasługujący na pogardę
ddp	yes	głupiec
cds	no	bydlak
dmc	yes	chytry
cds	no	blacharz
cds	no	przekupność
ddp	yes	bałwan
ddp	yes	bezsensowne
pr	no	skurwysyństwo
svp	no	minginess
pa	yes	barbarzyńców
cds	no	tchórzem
svp	no	trencher
pr	no	torba
cds	no	satyryzm
ddp	yes	łatwowierny
asm	no	głuptak
qas	no	ordynus
cds	no	puc
rci	yes	wiochmen
cds	no	sieć
qas	no	leżeć
svp	no	dillydallier
cds	no	nikczemny
asm	no	saphead
dmc	yes	smród
cds	no	wyniosłość
qas	no	stan trzeci
cds	no	zerwać
an	no	fleja
asf	no	ciamajda
svp	no	skąpy
dmc	yes	dzikus
dmc	yes	gnuśny
ps	yes	półgłówek
asf	no	pinda
ddp	yes	burek
pr	no	dziewczyna uliczna
an	no	cuckold
or	no	queer
ddp	yes	frajer
dmc	yes	nieuprzejmy
cds	no	onania
cds	no	niekulturalny
asm	no	dupa
pr	no	picz
an	no	świństwo
cds	no	podnośnika off
ddp	yes	głup
ddp	yes	pusty łeb
dmc	yes	cebulak
pr	no	filutka
cds	no	mądry facet
dmc	yes	odór
ddp	yes	ignorancki
re	no	oszczerca
cds	no	jezuita
cds	no	przeleżeć
dmc	yes	dupa
ddp	yes	dałn
cds	no	soft touch
svp	no	napastliwy
asf	no	podmieńca
an	no	kurwiszcze
an	no	głupstwo
qas	no	nudziarz
pr	no	prostytucji ulicznej
qas	no	niepoczytalny
ps	yes	Żółta rasa człowieka
dmc	yes	hayseed
asm	no	trzonek
qas	no	profan
pr	no	metresa
svp	no	nicość
ps	yes	uprooter
dmc	yes	zwykły zjadacz chleba
svp	no	wściekłość
or	no	imbecyl
an	no	flejtuch
ddp	yes	bêtise
pr	no	lafirynda
asf	no	tłuk
ddp	yes	codswallop
pr	no	wyciruch
asf	no	pochwy
cds	no	zarozumiałość
asm	no	tępota
ddp	yes	niedoświadczony
cds	no	zlękniony
pr	no	prostytucji
dmc	yes	ograniczony
pr	no	kurew
or	no	słaba ryba
cds	no	urwis
ps	yes	parobas
pr	no	lady przyjemności
cds	no	rumormonger
qas	no	warunkować
cds	no	gmin
cds	no	wybieg
ddp	yes	nieobeznanie
cds	no	złomu
asf	no	idiotyzm
svp	no	łakomy
svp	no	gourmand
cds	no	kurdupel
dmc	yes	burek
cds	no	tchórzliwy
cds	no	mafiozo
an	no	prostytutka
asm	no	podnośnika off
dmc	yes	utracjusz
cds	no	wisenheimer
cds	no	bojaźliwy
ps	yes	głupiec
qas	no	wieśniak
dmc	yes	świnia
cds	no	demagoga
re	no	traducer
cds	no	lowlife
cds	no	wyniosły
asm	no	zmalwersować
or	no	pizda
an	no	spaść faceta
svp	no	złośliwy
ddp	yes	mother fucker
ps	yes	przygłup
om	no	lesbijka
or	no	ruch orientacji homoseksualnej
cds	no	władczy
cds	no	grzesznica
cds	no	pała
qas	no	krwiopijca
ddp	yes	chujogłowy
cds	no	tałałajstwo
an	no	raunch
dmc	yes	zaprzaniec
asm	no	pierdolenie się
cds	no	przygłup
an	no	rura
qas	no	barbarzyńca
ddp	yes	spaść faceta
re	no	oczerniciel
cds	no	łapserdak
an	no	lowlife
cds	no	brakowanie
om	no	pederasta
qas	no	laik
an	no	ośla głowa
re	no	chuligan
svp	no	hardy
asm	no	pieprzyć się
pr	no	kanciarz
asf	no	vagina
cds	no	saphead
asf	no	debilizm
dmc	yes	powolny
cds	no	ostentatiousness
asm	no	soft touch
cds	no	skurczybyk
cds	no	gaduła
cds	no	chuligan
cds	no	złośliwy
an	no	ckliwy
cds	no	aroganckość
qas	no	obłędny
svp	no	pazerny
svp	no	żółć
qas	no	cham
cds	no	konformistyczne
cds	no	bezmózgowiec
qas	no	nieokrzesaniec
or	no	baran
cds	no	codswallop
ddp	yes	upośledzenie umysłowe znaczne
ddp	yes	imbecylu
an	no	skurczybyk
an	no	pip-squeak
re	no	porozmawianie
ddp	yes	ignorant
cds	no	puzzler
an	no	prostak
cds	no	członek gangu
cds	no	grifter
svp	no	oszczędność
asm	no	głupoty
an	no	niski grubas
ddp	yes	nic nie wiem
dmc	yes	leniuch
is	yes	cheapskate
an	no	villainess
dmc	yes	niegodziwy
ps	yes	kretyn
ps	yes	głupi
pa	yes	jaskiniowiec
cds	no	łupieżca
cds	no	sprzedajny
om	no	gay
svp	no	kurwica
pa	yes	prościuch
qas	no	wiochmen
dmc	yes	próżniak
om	no	dziwny
cds	no	popleczników
qas	no	lipa
cds	no	pic na wodę, fotomontaż
cds	no	nieład
asf	no	głupiec
cds	no	pieron
om	no	orientacji homoseksualnej
ddp	yes	troglodyta
pr	no	dziewka
cds	no	reakcyjny
cds	no	barbarzyńca
dmc	yes	goof-off
re	no	przestępca
cds	no	miłości własnej
cds	no	żółtodziób
svp	no	dusigrosz
dmc	yes	nieładny
dmc	yes	zwodziciel
an	no	ośli łeb
or	no	homo
dmc	yes	ciasny
qas	no	kłamstwo
dmc	yes	przestępca
om	no	dziecko molestował
svp	no	no-konto
cds	no	cosa nostra
cds	no	sprzedajność
an	no	barani łeb
svp	no	duma
ddp	yes	folderol
cds	no	groveler
pr	no	kochanka
dmc	yes	łobuz
cds	no	dupek
ddp	yes	debilizm
cds	no	sukinsyn
qas	no	maruda
cds	no	chujoza
asm	no	rypanie się
asf	no	cipa
cds	no	lichwiarzy
asf	no	upośledzenie umysłowe lekkie
cds	no	barbarzyńców
ps	yes	plebejusz
ddp	yes	barbarzyństwo
asm	no	onania
cds	no	gliniarz
ddp	yes	zwierzęcy
pr	no	dziewczynka
dmc	yes	śmierdzieć
pr	no	żużel
ddp	yes	podmieńca
pr	no	idioctwo
pr	no	cyrkówka
cds	no	caitiff
dmc	yes	knypek
ddp	yes	papla
an	no	doodly-squat
cds	no	zależeć
dmc	yes	wiejski prostak
cds	no	pic
an	no	kanciarz
cds	no	bumbler
cds	no	sutener
svp	no	wyższość
an	no	łobuz
cds	no	ancymon
svp	no	zarozumiałość
an	no	kupa
an	no	papuga
cds	no	mędrek
asf	no	tłuczek
cds	no	barbarzyństwo
dmc	yes	paliwoda
cds	no	bombast
cds	no	pudden-head
cds	no	hardy
ps	yes	półkrwi
qas	no	prostak
dmc	yes	zło
dmc	yes	treasonist
dmc	yes	plebejusz
pr	no	bladź
an	no	bêtise
cds	no	dyletantyzm
svp	no	sensytywny
is	yes	biedaczek
pr	no	ścierka
dmc	yes	nieobyczajny
an	no	chuligan
cds	no	wstecznik
dmc	yes	skąpy
cds	no	parobas
cds	no	hochsztapler
an	no	diddly
asf	no	półgłówek
cds	no	pożyczki pieniędzy
ddp	yes	dickhead
an	no	pudło
pr	no	szmata
an	no	parazyt
or	no	kapuściany łeb
asm	no	pustogłów
an	no	mucha w smole
cds	no	leń
cds	no	ragtag i bobtail
dmc	yes	niechlujny
pr	no	prostytutka
an	no	pipa
rci	yes	grubianin
ps	yes	metys
ps	yes	opóźniać
cds	no	conceitedness
re	no	capo di tutti capi
ddp	yes	konował
svp	no	pycha
ddp	yes	ćwok
dmc	yes	partacz
ps	yes	tłuk
or	no	pusta pała
cds	no	przebierać
qas	no	bazgracz
cds	no	faszyzmu
dmc	yes	birbant
dmc	yes	trzpiot
asm	no	posuwanie
qas	no	ubój
pr	no	przyjaciółka
dmc	yes	kłamczuch
ps	yes	debil
dmc	yes	prymityw
cds	no	partacz
cds	no	mafioso
asm	no	doofus
ddp	yes	rumormonger
re	no	mafii sycylijskiej
qas	no	ragtag
dmc	yes	fumbler
dmc	yes	zdrajczyni
an	no	prosiak
an	no	dziewczyna uliczna
rci	yes	plebejusz
cds	no	plebejski
ps	yes	debilizm
pa	yes	kałmuk
svp	no	próżniaków
cds	no	cykor
cds	no	gangsteryzmem
asm	no	pyta
cds	no	bezhołowie
ps	yes	rasa mongoloidalna
cds	no	łajdak
ddp	yes	tuman
cds	no	cienias
an	no	cherlak
cds	no	żartowniś
cds	no	gołowąs
svp	no	pustka
cds	no	przebiegłość
ps	yes	boche
an	no	bałwan
an	no	pusta pała
or	no	gay
cds	no	spryciarz
cds	no	plucha
asf	no	głuptak
cds	no	zbir
om	no	twink
cds	no	wangler
qas	no	zwędzić
ddp	yes	imbecyl
an	no	duda
cds	no	hiperseksualizm
svp	no	chytry
ps	yes	doofus
asf	no	tuman
pr	no	najstarszy zawód świata
ps	yes	troglodyta
ddp	yes	barbarzyńca
qas	no	kałmuk
dmc	yes	oszukaństwo
pr	no	pudło
ddp	yes	matoł
ddp	yes	pusta pała
ddp	yes	arsehole
cds	no	doktrynerstwo
qas	no	amatorszczyzna
cds	no	bałagan
qas	no	dyletant
qas	no	sad sack
an	no	głupek
qas	no	oszalały
asm	no	idiotyzm
is	yes	kutwa
an	no	tchórz
an	no	brutalizm
cds	no	folderol
dmc	yes	mamiciel
om	no	homofilia
cds	no	wiochmen
cds	no	młodociany przestępca
om	no	baba
cds	no	półdiablę
cds	no	impertynencja
cds	no	plebs
ddp	yes	prościuch
or	no	ciota
or	no	cwel
an	no	zdzira
dmc	yes	łgarz
cds	no	zwykły zjadacz chleba
cds	no	sottocapo
ddp	yes	błaznować
ps	yes	prymityw
ddp	yes	prymityw
or	no	ćwok
dmc	yes	dillydallier
svp	no	żarłoczność
dmc	yes	cipa
cds	no	przechera
cds	no	faszystowskiego reżimu
asf	no	głupota
dmc	yes	tramp
dmc	yes	maruda
dmc	yes	pigmej
pr	no	męskiej prostytucji
dmc	yes	bałamuctwo
cds	no	pustak
ddp	yes	ciamajda
pr	no	guff
ps	yes	nigga
asm	no	pierdolony
cds	no	nieokrzesaniec
cds	no	wiejski prostak
pr	no	latawica
cds	no	gburowaty
cds	no	błazen
an	no	dirty dog
cds	no	dweeb
or	no	przygłup
an	no	paskuda
cds	no	fanatyzm
re	no	organizacje terrorystyczne
qas	no	zwariowany
ddp	yes	złamas
cds	no	trick
an	no	kapuściana głowa
cds	no	chewra
svp	no	wysokiej ręczność
qas	no	freeloader
asm	no	kutas
an	no	prostaczek
qas	no	parazyt
an	no	prosię
ddp	yes	paplacz
cds	no	nimfoman
dmc	yes	zwodnik
asm	no	onanizm
ps	yes	mongoloid
dmc	yes	kłamca
an	no	karzeł
pr	no	krówsko
pa	yes	dzikus
cds	no	pospolity
dmc	yes	grubianin
cds	no	cygan
ddp	yes	głupek
dmc	yes	kurdupel
cds	no	scrawler
ddp	yes	ordynus
pa	yes	parobas
ddp	yes	bzdura
dmc	yes	dyssymulacja
svp	no	bezpłodność
asm	no	szarpanie
an	no	torba szumowiny
an	no	chaser kobieta
ps	yes	mestizo
an	no	błaznować
pr	no	comare
ddp	yes	wiochmen
asf	no	opóźniać
cds	no	mother fucker
ps	yes	pikey
cds	no	łajdactwo
an	no	brutalność
dmc	yes	kałmuk
pr	no	krowa
asf	no	fuckhead
dmc	yes	sad sack
cds	no	moaner
cds	no	naganiacz
cds	no	nieporządek
or	no	pillock
pa	yes	żłób
ddp	yes	durny
asm	no	dałn
or	no	baba
cds	no	strachliwy
cds	no	przeciętniak
pr	no	kurewstwo
cds	no	pyszałek
cds	no	fortel
qas	no	plebs
asm	no	kpinkarz
cds	no	sad sack
om	no	ciota
asm	no	zagarniać
dmc	yes	przechrzta
cds	no	egoistyczny
dmc	yes	nieprawy
dmc	yes	szalbierstwo
cds	no	tupet
re	no	villainess
pr	no	dziewczyna lekkiego prowadzenia
cds	no	fawner
an	no	bezrozumny
cds	no	cherlak
ps	yes	patsy
asf	no	bêtise
or	no	zniewieścialec
cds	no	wsteczniak
dmc	yes	mistyfikacja
qas	no	wyselekcjonować
cds	no	nieprawda
cds	no	koło
rci	yes	parobas
ps	yes	grubianin
cds	no	half-pint
cds	no	plociuch
pr	no	ulica dziewczyna
cds	no	hypersexual
ps	yes	metyska
cds	no	skołować
cds	no	zgraja
dmc	yes	fajfus
dmc	yes	fałszywe
svp	no	przeczulony
dmc	yes	niekulturalny
dmc	yes	robienie się
cds	no	dręczyciel
rci	yes	wieśniak
cds	no	cipa
is	yes	scrooge
cds	no	hellion
cds	no	flejtuch
dmc	yes	wszetecznik
cds	no	faszystowski
svp	no	sprośny
asm	no	jebać
is	yes	skąpy
svp	no	pyszałkowaty
an	no	diddly-shit
an	no	zooerastia
ddp	yes	piździelec
cds	no	ględa
ddp	yes	neandertalczyk
or	no	homoseksualista
cds	no	głupek
or	no	szpara
cds	no	banda
cds	no	durnowaty
an	no	bestialstwa
cds	no	biedaczek
dmc	yes	załgany
ps	yes	barbarzyństwo
an	no	cipa
an	no	hiena
an	no	niezaradny
an	no	półanalfabeta
cds	no	kościotrup
pr	no	zdzira
an	no	zdechlactwo
cds	no	stróż bezpieczeństwa
pr	no	call-boy
cds	no	kibic
svp	no	nierób
asm	no	półgłówek
ddp	yes	głąb
cds	no	głuptak
ddp	yes	zooerastia
cds	no	mafia
an	no	dumbass
asm	no	wał
ps	yes	czarnuch
cds	no	gbur
an	no	kaban
cds	no	prymityw
cds	no	gruby
ddp	yes	brutalność
cds	no	bezczelność
cds	no	bigoteria
an	no	grossness
an	no	cherlawiec
cds	no	pies
asf	no	kapuściany łeb
asm	no	zaliczyć
an	no	ulicznica
is	yes	żebrak
ps	yes	wandal
pr	no	panienka spod latarni
cds	no	basen zgiełku
cds	no	pyszność
asf	no	pusta pała
cds	no	poleżeć
an	no	zgniłek
dmc	yes	git
asf	no	pussy
an	no	tępak
asm	no	sprzeniewierzać
asm	no	bêtise
qas	no	żałosny
re	no	szantażował
dmc	yes	pseudo
an	no	ulica dziewczyna
svp	no	próżność
asf	no	wagina
ps	yes	tłumok
ddp	yes	pleciuch
ddp	yes	tłuczek
an	no	wymoczek
cds	no	amatorstwo
ps	yes	głąb
ps	yes	destruktor
ddp	yes	kapuściany łeb
ps	yes	barbarzyńca
cds	no	problemu
an	no	flirciara
an	no	tak a tak
an	no	wąż w trawie
an	no	krowa
cds	no	buchać
ps	yes	wieśniak
cds	no	oficer
cds	no	andrus
dmc	yes	rozpustnik
cds	no	biedaczysko
cds	no	impertynenckość
asm	no	kretynizm
qas	no	obłąkany
an	no	spekulować
asm	no	półgłupek
cds	no	narzekać
om	no	cwel
qas	no	hołota
an	no	soft touch
svp	no	miłość własna
an	no	męskiej eskorty
pr	no	pinda
svp	no	łapczywość
dmc	yes	obibok
cds	no	ultraconservative
ddp	yes	dziecinny
asm	no	pierdolić
dmc	yes	wałkoń
ddf	yes	nędzny
cds	no	apple polerka
asm	no	hand job
cds	no	know-it-all
svp	no	dewota
cds	no	głowa budyń
cds	no	dzikus
svp	no	próżniactwo
cds	no	reakcja
ddp	yes	gossiper
re	no	zgwałcenie
is	yes	dusigrosz
ddp	yes	knucklehead
ps	yes	jaskiniowiec
svp	no	leń
cds	no	leniuszek
dmc	yes	jezuita
cds	no	snooper
cds	no	podlizuch
asf	no	półgłupek
cds	no	tłuszcza
asm	no	flouter
cds	no	huncwot
pr	no	cichodajka
cds	no	kat
dmc	yes	drastyczny
cds	no	szarlatan
ddp	yes	żłób
ps	yes	murzyn
dmc	yes	impostor
ddp	yes	kretynizm
svp	no	furia
pr	no	dziewczyna lekkich obyczajów
ddp	yes	barani łeb
dmc	yes	fałszywiec
cds	no	wheeler dealer
re	no	gwałt
cds	no	hybris
qas	no	blaga
ddp	yes	niewiedza
an	no	wariactwo
ddp	yes	idiota
cds	no	zamącić
is	yes	villainess
ddp	yes	parobas
qas	no	łajza
dmc	yes	chawbacon
cds	no	figlarz
asm	no	kpiarz
ps	yes	metysi
pr	no	utrzymanką
cds	no	dyletanctwo
cds	no	faja
re	no	mafioso
cds	no	leżeć
cds	no	leniuch
an	no	wywłoka
cds	no	wanker
asf	no	picza
asm	no	ćwok
asm	no	dymanie się
svp	no	poczucie wyższości
cds	no	przestępca
svp	no	chytrość
svp	no	wyniosłość
cds	no	nabrzmiały głowa
re	no	łupieżca
pr	no	kurwiszcze
cds	no	literacina
cds	no	patsy
qas	no	bumbler
ddp	yes	hochsztapler
an	no	nieuk
ps	yes	idiotyzm
cds	no	fanatyk
dmc	yes	rzekomy
pr	no	męska kurwa
dmc	yes	zbrodniczy
re	no	złoczyńca
asm	no	młócenie się
asf	no	cunt
cds	no	strachoput
cds	no	komediant
cds	no	cwaniactwo
cds	no	loanshark
cds	no	trik
cds	no	kupler
or	no	bałwan
ddp	yes	obmówca
an	no	rentboy
an	no	vamper
rci	yes	nieokrzesaniec
dmc	yes	pędziwiatr
dmc	yes	łupieżca
ps	yes	wściekły
pr	no	kobieta lekkiego prowadzenia
cds	no	opryszek
cds	no	prześladowca
ddp	yes	muttonhead
ddp	yes	androny
cds	no	gangster
cds	no	demagogia
qas	no	troubler
asm	no	fiut
cds	no	oszusta
om	no	ciotula
dmc	yes	kanciarz
svp	no	bezowocność
an	no	barania głowa
dmc	yes	grifter
cds	no	mięczak
cds	no	obmówca
pr	no	kobieta lekkich obyczajów
cds	no	niedbaluch
ddp	yes	półanalfabeta
pa	yes	nieokrzesaniec
cds	no	gossiper
svp	no	zaczepny
asf	no	bezmózgowiec
or	no	niuńka
cds	no	filut
qas	no	troglodyta
asf	no	głupol
dmc	yes	neandertalczyk
dmc	yes	sfałszowany
dmc	yes	libertyni
dmc	yes	nielitościwy
ps	yes	cymbał
pr	no	męska dziwka
ps	yes	mestizos
cds	no	łobuzerstwo
svp	no	nicpoń
ddf	yes	podły
qas	no	szalony
cds	no	śmieci
an	no	szumowina
ps	yes	nigra
cds	no	knajpiany
svp	no	bezskuteczność
svp	no	żarłoczny
qas	no	brakorób
cds	no	onanizm
asf	no	debil
asm	no	rżnięcie się
pr	no	diablica
ddp	yes	kapuściana głowa
dmc	yes	lubieżnik
ddf	yes	knypek
ddp	yes	durnowaty
qas	no	żłób
pr	no	utrzymanka
cds	no	tricker
dmc	yes	libertyn
ddp	yes	gaduła
or	no	niunia
cds	no	pisarzyna
cds	no	przemądrzały typ
ps	yes	burek
dmc	yes	śledziennik
cds	no	stręczyciel
ddp	yes	cwel
cds	no	próżniak
cds	no	drugi rater
qas	no	pacykarz
cds	no	mischief-making
re	no	pomówienie
re	no	sottocapo
ps	yes	fryc
cds	no	stróż prawa
cds	no	git
ddp	yes	szarlatan
dmc	yes	hipokryta
dmc	yes	amoralny
an	no	niekompetentny
ddp	yes	osioł
cds	no	zdechlak
asm	no	nookie
ddp	yes	głuptas
cds	no	przemocy gangów
cds	no	konformista
an	no	prickteaser
svp	no	ciasnota
cds	no	reakcjonizm
svp	no	wzgardliwy
is	yes	chuligan
dmc	yes	tuman
asf	no	prostak
qas	no	grubianin
asm	no	samozaspokojenie
asf	no	osioł
ddp	yes	plebs
dmc	yes	half-pint
om	no	zniewieścialec
asf	no	przygłup
an	no	niekompetentna osoba
asf	no	szpara
pr	no	rentboy
cds	no	policjantka
an	no	krówsko
pr	no	seksbiznes
asf	no	barania głowa
cds	no	niezgodność z prawdą
qas	no	lichy
cds	no	żłób
cds	no	faszyzm
an	no	szaleństwo
dmc	yes	zwodnicze
dmc	yes	biedaczyna
dmc	yes	fujara
cds	no	obibok
cds	no	ordynarny
om	no	lesbijski
asm	no	uprawiać seks
qas	no	konformistyczne
om	no	queer
asf	no	zakuta pała
asf	no	niepełnosprawność intelektualna w stopniu znacznym
cds	no	splashiness
cds	no	mizerak
cds	no	policjantów
cds	no	gangów ulicznych
pa	yes	plebejusz
cds	no	cholera
cds	no	zbłąkana owca
rci	yes	burek
cds	no	defrauder
svp	no	próżnia
cds	no	słabiak
cds	no	pępol
ddp	yes	dzikus
cds	no	dirty dog
dmc	yes	jaskiniowiec
cds	no	ckliwy
svp	no	pucha
cds	no	rynsztokowy
an	no	złoczyńca
or	no	głupi
ddp	yes	głuptasek
dmc	yes	niehumanitarny
dmc	yes	swąd
pa	yes	gbur
an	no	bazyliszek
ddp	yes	głupstwo
ddp	yes	niemądry
an	no	świntuch
ddf	yes	nieprawy
cds	no	przeklętnik
cds	no	trywialny
asf	no	błaznować
pr	no	lisica
cds	no	rookie
ddp	yes	partacz
is	yes	ograniczony
re	no	mafiosów
svp	no	złość
an	no	głup
cds	no	niesmaczny
cds	no	villainess
rci	yes	prościuch
or	no	cipsko
an	no	prostytucji ulicznej
asm	no	osioł
cds	no	odpadów stałych
cds	no	skurwysynu
cds	no	nauczycielka
asm	no	pieprzyć
cds	no	mafii sycylijskiej
dmc	yes	plugawy
ddp	yes	sukinsyn
dmc	yes	hipokryzja
cds	no	kłamczuch
cds	no	dupa
ddp	yes	nieokrzesaniec
or	no	pipa
qas	no	konformista
dmc	yes	phony
cds	no	zdechlactwo
ddp	yes	wskaźnik
dmc	yes	dewocja
svp	no	goof-off
cds	no	moneylending
om	no	homo
or	no	piczka
cds	no	schoolma'am
cds	no	nimfomania
svp	no	leniuch
ddp	yes	chujoza
qas	no	pic na wodę, fotomontaż
cds	no	mafiosów
dmc	yes	zakłamany
cds	no	wonk
an	no	hołota
cds	no	finta
dmc	yes	patałach
dmc	yes	dirty dog
svp	no	łakomstwo
cds	no	dureń
dmc	yes	niegrzeczny
re	no	terrorysta
ddp	yes	plebejusz
cds	no	cwaność
dmc	yes	dewota
cds	no	napuszoność
or	no	debil
svp	no	obipięta
cds	no	lud
cds	no	bydło
svp	no	gnuśny
cds	no	obłudnik
ddp	yes	doofus
qas	no	bad hat
cds	no	paskuda
cds	no	numerant
ddp	yes	bestialstwa
dmc	yes	fetor
an	no	suka
cds	no	odpady komunalne
ddp	yes	chuj
dmc	yes	karypel
cds	no	zadufek
cds	no	pisarz siekać
dmc	yes	drugi rater
an	no	animalny
asm	no	nooky
dmc	yes	macherka
cds	no	kosa
an	no	fuckhead
asf	no	wariactwo
dmc	yes	rzezimieszek
om	no	ruch orientacji homoseksualnej
ddp	yes	pospólstwo
re	no	terroryzm
asm	no	sprzeniewierzyć
cds	no	nympho
cds	no	prosiak
an	no	wąż
dmc	yes	szałaputa
cds	no	quidnunc
ddp	yes	niekompetentna osoba
ps	yes	bałwan
cds	no	zbój
cds	no	mussiness
cds	no	łgarz
svp	no	superbia
asf	no	głupek
qas	no	frustrować
qas	no	przeleżeć
ddp	yes	niedbaluch
dmc	yes	brakoróbca
dmc	yes	leser
dmc	yes	brutalny
cds	no	lichwa
pr	no	tufta
asf	no	nieuk
dmc	yes	kłamliwy
asf	no	pizda
dmc	yes	dupa wołowa
ddp	yes	saphead
cds	no	płaczek
qas	no	przebierać
cds	no	cheekiness
pr	no	kurwa crack
re	no	maligner
svp	no	chełpliwość
asm	no	twirp
an	no	ciamajda
pr	no	puszczalska
qas	no	zerwać
dmc	yes	łajdak
cds	no	gryzmoła
an	no	analfabeta
svp	no	mściwy
cds	no	problemem
cds	no	tałatajstwo
rci	yes	gbur
ddp	yes	pusta głowa
ps	yes	pół-kasta
dmc	yes	villainess
dmc	yes	zdrajca
cds	no	sajgon
cds	no	gminny
om	no	pedzio
dmc	yes	ostry
ps	yes	imbecyl
dmc	yes	złoczyńca
cds	no	hołota
ddp	yes	ragtag
ddp	yes	nieuctwo
ddp	yes	ograniczenie
dmc	yes	dysymulacja
ddp	yes	tępota
cds	no	nadmierny popęd seksualny
is	yes	lichy
cds	no	żyleta
cds	no	drania
ddp	yes	gapić się
cds	no	chytrus
ddp	yes	mruk
cds	no	cherlawiec
cds	no	masturbacja
an	no	sknera
an	no	picz
svp	no	wybuchowy
svp	no	cholera
cds	no	prostak
dmc	yes	bumbler
an	no	kurew
asm	no	masturbacja
cds	no	mazgaj
cds	no	fumbler
an	no	chytry
or	no	zakuta pała
cds	no	blunderer
qas	no	gbur
ps	yes	podmieńca
pa	yes	wiochmen
asf	no	baran
cds	no	wulgarny
cds	no	masy
cds	no	szary tłum
cds	no	dałn
cds	no	strachajło
dmc	yes	nabywanie
an	no	głupota
asf	no	niepełnosprawność intelektualna w stopniu lekkim
an	no	skąpy
asm	no	ograniczenie
cds	no	pośredniczka
ddp	yes	informator
cds	no	wspaniałego plebsu
ddf	yes	half-pint
ddp	yes	ignorancja
asf	no	soft touch
cds	no	butność
ps	yes	imbecylu
an	no	osioł
cds	no	neandertalczyk
ddp	yes	idiotka
ddp	yes	naiwny
svp	no	rozleniwienie
cds	no	fujara
cds	no	grubiański
cds	no	pańskość
an	no	kościotrup
dmc	yes	szachrajstwo
re	no	aktu terrorystycznego
pr	no	wycierus
qas	no	złodziejaszek
re	no	mafii
pa	yes	prostak
dmc	yes	bydlę
cds	no	łobuz
om	no	pederastą
ddp	yes	pudden-head
cds	no	pandar
asf	no	głąb
asm	no	wariactwo
dmc	yes	machlojka
dmc	yes	zboczony
cds	no	kretyn
an	no	leniuch
an	no	porzucić
cds	no	zasługujący na pogardę
ps	yes	upośledzenie umysłowe lekkie
ddp	yes	nonsensicality
cds	no	besserwisserstwo
dmc	yes	szałaput
cds	no	płaski
dmc	yes	mały
svp	no	scrooge
qas	no	burek
an	no	niemądry
dmc	yes	trickster
asm	no	grzeszyć
qas	no	jaskiniowiec
dmc	yes	niekulturalność
cds	no	kałmuk
is	yes	łobuz
qas	no	plebejusz
svp	no	pasja
asm	no	fuck
an	no	torba
an	no	plucha
cds	no	skryba
cds	no	szumowina
dmc	yes	włóczęga
pr	no	panienka
re	no	zaszantażować
cds	no	szelmostwo
cds	no	uszkodzenie
or	no	pedzio
qas	no	intrygant
qas	no	dyletanctwo
an	no	flirciarka
asm	no	tłumok
cds	no	weisenheimer
dmc	yes	barbarzyński
qas	no	neandertalczyk
cds	no	fleja
rci	yes	neandertalczyk
ddf	yes	karypel
cds	no	próżność
svp	no	wielkopańskość
cds	no	chiseller
ps	yes	matoł
pr	no	flama
ps	yes	kraut
cds	no	lichwiarza
cds	no	tchórzostwo
cds	no	łamigłówka
svp	no	leser
or	no	głupek
dmc	yes	średniak
asm	no	kretyn
cds	no	mystifier
an	no	ferociousness
dmc	yes	chuligan
ddp	yes	grubianin
ddp	yes	złośliwość
svp	no	łakomczuch
dmc	yes	matactwo
dmc	yes	nędzny
cds	no	bajzel
cds	no	słaba ryba
cds	no	henchman
cds	no	demagogiczny
an	no	bydlak
cds	no	snob
cds	no	przekupny
asm	no	tuman
ddp	yes	baran
dmc	yes	fircyk
an	no	pusta głowa
pr	no	córa koryntu
asm	no	głąb
svp	no	nienasycony
svp	no	niggardness
an	no	bladź
cds	no	potrudzić się
rci	yes	cebulak
asm	no	sięgać po cudze
pr	no	suka
dmc	yes	bigot
qas	no	dziadostwo
cds	no	mizerota
dmc	yes	cymbał
cds	no	pierun
cds	no	kutas
or	no	pedał
cds	no	egotyzm
rci	yes	barbarzyńca
cds	no	dogmatyczność
ddp	yes	dziadostwo
asm	no	pierdolić się
pr	no	dziwka
or	no	shithead
ps	yes	idiotka
asm	no	ciota
an	no	picza
pa	yes	niezdarność
asm	no	spaść faceta
an	no	rabuś
svp	no	łasuch
ddf	yes	nanus
cds	no	wymoczek
ddp	yes	soft touch
ddp	yes	twaddler
pa	yes	neandertalczyk
cds	no	duma
dmc	yes	troglodyta
dmc	yes	nieludzki
svp	no	nicestwo
om	no	niunia
asm	no	pieprzenie się
asm	no	matoł
ddp	yes	głupoty
cds	no	blaga
dmc	yes	zgubny
asm	no	kawałek ogona
cds	no	plebejusz
an	no	ignorant
cds	no	kolporter
ddp	yes	jaskiniowiec
an	no	chaser spódnica
dmc	yes	kaban
cds	no	ułomek
an	no	głupi
re	no	mafia sycylijska
svp	no	trencherman
an	no	charłak
an	no	szmata
asf	no	laska
an	no	rogacz
cds	no	poczucie wyższości
asf	no	dumbass
svp	no	próżności
dmc	yes	naganny
an	no	pijawka
pr	no	kurtyzana
svp	no	zarozumiały
cds	no	kanciarz
cds	no	wuss
ddp	yes	hokum
cds	no	bisurman
cds	no	leniwiec
asf	no	ośli łeb
or	no	poove
cds	no	demagog
qas	no	szumowina
dmc	yes	leń
ddp	yes	bezrozumny
ps	yes	niszczyciel
cds	no	wojny gangów
dmc	yes	pustak
dmc	yes	oszusta boga
ps	yes	darkie
an	no	boidusza
cds	no	hewra
or	no	fuckhead
re	no	defamer
om	no	puf
dmc	yes	fałszywy
pa	yes	barbarzyńca
svp	no	obijacz
cds	no	literacik
asf	no	szaleństwo
om	no	pedryl
dmc	yes	bigoteria
an	no	tchórzem
re	no	seryjny gwałciciel
dmc	yes	faja
cds	no	egoizm
an	no	kokietka
svp	no	gourmandizer
cds	no	mafia sycylijska
an	no	męska kurwa
cds	no	hiperseksualność
an	no	oszustwo internetowe
ps	yes	spaść faceta
ddp	yes	hołota
cds	no	ciota
ddp	yes	duda
qas	no	fałsz
svp	no	miłości własnej
cds	no	złamas
dmc	yes	żłób
an	no	floozie
or	no	kretyn
dmc	yes	młodociany przestępca
qas	no	domokrążca
ddp	yes	głuptak
qas	no	odrzucać
cds	no	zakłócić
cds	no	średniak
cds	no	zarozumialstwo
ddp	yes	skarżypyta
asm	no	bałwan
asm	no	zapomnieć
asf	no	idiotka
ddp	yes	głupi człowiek
ddp	yes	szarlataneria
dmc	yes	leniwy
ddp	yes	okład wilgotny z lekiem
pr	no	dupa
pa	yes	ordynus
cds	no	niegrzeczny
asf	no	ćwok
pr	no	kobieta z ulicy
asm	no	łatwowierność
ddp	yes	niekompetentny
cds	no	blagierstwo
is	yes	złoczyńca
cds	no	jaskiniowiec
asm	no	iść do łóżka
cds	no	nimfomanka
ddp	yes	rumourmonger
cds	no	dzicz
dmc	yes	nicpoń
pr	no	niechlujnie kobieta
ps	yes	bezmózgowiec
an	no	stan trzeci
cds	no	spoczywać
ddp	yes	zakuta pała
is	yes	skąpiec
cds	no	zaraza
an	no	saphead
cds	no	władzuchna
cds	no	nerd
cds	no	zgiełku
cds	no	ordynus
asm	no	bzykanie
cds	no	zuchwalstwo
cds	no	zaczepność
cds	no	wskaźnik
cds	no	cymbał
cds	no	sztuczka
asm	no	przykręcenie
cds	no	pipa
asf	no	spaść faceta
cds	no	sharking kredytu
pr	no	kobieta spod latarni
cds	no	dewota
cds	no	zalękniony
dmc	yes	macher
svp	no	lenistwo
ddp	yes	niewykształcony człowiek
qas	no	blagierstwo
cds	no	chuchrak
an	no	dusigrosz
ps	yes	wiochmen
rci	yes	jaskiniowiec
asf	no	upośledzenie umysłowe znaczne
asf	no	kapuściana głowa
dmc	yes	stawanie się
pr	no	pizda
an	no	pizda
ps	yes	prościuch
an	no	cymbał
dmc	yes	nieprawdziwy
pr	no	nierządnica
cds	no	rozbójnik
dmc	yes	rakehell
cds	no	wieśniak
svp	no	hauteur
or	no	gej
om	no	wesoły
or	no	cymbał
qas	no	dyletantyzm
cds	no	biedaczyna
cds	no	chujogłowy
cds	no	basałyk
cds	no	imbecyl
cds	no	ananas
asf	no	muttonhead
an	no	mizeractwo
cds	no	pigmej
dmc	yes	nieetyczny
cds	no	oportunista
dmc	yes	fuszer
svp	no	chciwy
qas	no	barbarzyństwo
ddp	yes	kolporter
asm	no	wank
cds	no	fałsz
asf	no	piczka
cds	no	szajka
an	no	gówno
asm	no	patsy
dmc	yes	hobo
ddp	yes	znachor
pr	no	ulicznica
ddp	yes	ferociousness
cds	no	besserwisser
svp	no	besserwisserstwo
ddf	yes	niegodziwy
ddp	yes	plociuch
cds	no	oprych
pr	no	cipa
ddp	yes	skurwysynu
cds	no	prostacki
is	yes	centuś
cds	no	cut-up
svp	no	dallier
cds	no	bigot
dmc	yes	brakorób
re	no	vilifier
re	no	gwałtu
dmc	yes	kanciarstwo
is	yes	biedaczysko
svp	no	zarozumialstwo
cds	no	przejąć się
qas	no	łgarstwo
cds	no	rajfur
dmc	yes	odszczepieniec
cds	no	alfonsiak
cds	no	świntuch
cds	no	mól książkowy
or	no	pusty łeb
cds	no	pycha
cds	no	swawolnik
dmc	yes	bezwstydnik
ddp	yes	pustogłów
ddp	yes	nieinteligentny
cds	no	zuchwałość
re	no	włoskiej mafii
svp	no	dewocja
dmc	yes	obijacz
is	yes	sknera
qas	no	nieprofesjonalność
ps	yes	mongoloidzi
ddp	yes	cymbał
is	yes	dziad
cds	no	bydlę
asm	no	baran
cds	no	hałastra
dmc	yes	zapaszek
svp	no	tightfistedness
cds	no	tchórz
svp	no	wyniosły
cds	no	prostaczek
ps	yes	gapić się
an	no	git
cds	no	cwel
svp	no	kutwa
ps	yes	pustogłów
dmc	yes	lekkomyślnik
dmc	yes	libertynizmu
ddp	yes	fiut
re	no	łobuz
cds	no	pedant
pa	yes	burek
an	no	zakuty łeb
dmc	yes	lekkoduch
an	no	zdechlak
or	no	nieuk
dmc	yes	apostata
ddp	yes	niepełnosprawność intelektualna w stopniu znacznym
pr	no	miłośnica
pr	no	dziwa
cds	no	horda
asf	no	cymbał
cds	no	leser
ddp	yes	twirp
dmc	yes	zostawanie
cds	no	tłum
svp	no	łasy
pr	no	upadły anioł
an	no	nic
asf	no	zakuty łeb
asm	no	przywłaszczać
asm	no	chodzić do łóżka
qas	no	poleżeć
an	no	niechlujnie osoba
cds	no	karczemny
an	no	nieugiętość
dmc	yes	obłudny
ps	yes	pustak
cds	no	faryzeusz
asm	no	tłuk
cds	no	pleciuga
an	no	głuptak
an	no	pospólstwo
cds	no	prościuch
an	no	złośliwość
asf	no	głupstwo
cds	no	kuglarz
cds	no	superbia
pr	no	bzdura
re	no	młodociany przestępca
ddp	yes	bezmózgowiec
asm	no	szaleństwo
asf	no	pipa
asm	no	gżenie się
cds	no	wyselekcjonować
asf	no	patsy
an	no	pała
dmc	yes	przeciętniak
cds	no	schoolmarm
ddf	yes	pigmej
an	no	łajdak
an	no	inexorableness
ddp	yes	cham
qas	no	puc
cds	no	lichwy
cds	no	debilny
svp	no	pyszność
pr	no	kokota
an	no	zakuta pała
ddp	yes	nieuk
dmc	yes	niegrzeczność
dmc	yes	biedaczek
asm	no	zdefraudować
dmc	yes	złodziejaszek
rci	yes	troglodyta
cds	no	ragtag
an	no	cienias
re	no	akt terroryzmu
asm	no	jerk-off
cds	no	wisus
dmc	yes	chiseler
dmc	yes	renegat
cds	no	fałszywiec
pr	no	prostytutki
svp	no	powolny
pa	yes	barbarzyństwo
or	no	knucklehead
cds	no	próżności
ps	yes	tuman
asf	no	pochwa człowieka
svp	no	skąpość
ddp	yes	tępy
svp	no	gorger
is	yes	liczykrupa
cds	no	bigoterii
rci	yes	dzikus
dmc	yes	brzydki zapach
svp	no	władczy
svp	no	nieróbstwo
cds	no	burek
an	no	dureń
dmc	yes	do niczego
asm	no	głupiec
ps	yes	nigger
cds	no	zaniepokoić się
asm	no	idiota
qas	no	mizerny
an	no	krwiopijca
cds	no	rabuś
pr	no	jawnogrzesznica
qas	no	emocjonalny
svp	no	bigot
