cds	no	blowhard
is	yes	šlykštus
cds	no	žolių sėklos
pr	no	ragana
ddp	yes	skopulis
asm	no	žioplys
ddp	yes	apdujėlis
pr	no	vyrų palyda
cds	no	bastard
dmc	yes	aklatikis
cds	no	hack rašytojas
ps	yes	głupek
cds	no	pakėlimo išjungti
or	no	gėjus
qas	no	prašinėtojas
dmc	yes	fanatikas
dmc	yes	veidmainis
cds	no	naujokas
ddp	yes	asilas
ddp	yes	gyvuliškumo
ps	yes	boche
cds	no	silpna
ps	yes	mulkis
dmc	yes	matacz
an	no	apsileidęs žmogus
pr	no	gatvės prostitucijos
an	no	žmonos apgautas vyras
om	no	twink
ps	yes	avigalvis
cds	no	wangler
an	no	piktadarys
an	no	diddlysquat
ps	yes	fricai
cds	no	avigalvis
cds	no	hellion
qas	no	išbrokuotas
an	no	kekšė
ddp	yes	pusgalvis
pr	no	kekšė
or	no	kvailys
asm	no	kvailas
re	no	šmeižikas
cds	no	bailumo
svp	no	pyktis
asf	no	silpnaprotis
dmc	yes	simulants
asf	no	folderol
dmc	yes	maurėti krepšys
cds	no	dirbti apgraibomis
cds	no	liūdna maišas
asf	no	putė
an	no	głupek
ps	yes	dvokla
ddp	yes	dumbass
svp	no	slacker
qas	no	chamas
cds	no	literatūros hack
svp	no	próżniak
cds	no	pakalikų
cds	no	satyriasis
rci	yes	laukinis
an	no	avigalvis
cds	no	hoaxer
om	no	homofils
cds	no	išsisukinėjimas
dmc	yes	barbarai
an	no	rentboy
cds	no	nesąžiningi
cds	no	tremtis
asf	no	bukaprotis
dmc	yes	dillydallier
dmc	yes	defrauder
dmc	yes	cheater
dmc	yes	maruda
an	no	dziamdzia
ddp	yes	barbarų
ps	yes	juodųjų
cds	no	atmesti
cds	no	padlaižys
cds	no	pokštai
ps	yes	nigga
cds	no	mafija
dmc	yes	vagišius
cds	no	vargšas
cds	no	motherfucker
cds	no	pedantas
cds	no	davatka
or	no	šiknius
cds	no	policijos tarnautojas
dmc	yes	nepilnamečių nusikalstamo
cds	no	netvarka
cds	no	dilba
cds	no	vėpla
cds	no	atliekos
svp	no	įsiūtis
pr	no	gatvės mergina
ddp	yes	pudingas vadovas
ps	yes	jigaboo
cds	no	dogmatizmas
pa	yes	uncouthness
qas	no	fantazuoti
an	no	minkštos
ddp	yes	prastas žuvies
asf	no	shithead
cds	no	bukagalvis
ddp	yes	muttonhead
ddp	yes	mulkis
ps	yes	changelings
asm	no	varžtais
re	no	la cosa nostra
re	no	plėšikas
ps	yes	mongoloid
cds	no	silpni
cds	no	pagyrūnas
cds	no	jaunimo gaujų
an	no	apgailėtinus buvimas
rci	yes	barbarų
dmc	yes	rube
cds	no	pakelės plėšikas
pr	no	sąvadautoja
cds	no	złodziej
cds	no	wuss
or	no	muttonhead
svp	no	smaguris
ddp	yes	głupek
svp	no	tinginys
ps	yes	jauktenis
pr	no	ištvirkėlė
cds	no	scrawler
cds	no	przemądrzały tipas
ddp	yes	znachor
cds	no	išdidumas
is	yes	apgailėtina
cds	no	netikėlis
pr	no	comare
cds	no	nerdy
svp	no	savìmeilė
cds	no	slackers
cds	no	grifter
asf	no	fuckhead
cds	no	hiperseksualumas
cds	no	wank
ddp	yes	blunderer
or	no	queer
or	no	pudingas vadovas
or	no	pillock
an	no	nepadorumas
ps	yes	kraut
qas	no	apgailėtina
svp	no	-už-nulis,
an	no	koketė
asf	no	domino
cds	no	išpuikėlis
ddp	yes	nesąmonė
re	no	niekšas
ddp	yes	vapalius
ddp	yes	chamas
cds	no	gaujų karai
cds	no	lengvatikis
cds	no	egoistiškas
dmc	yes	melagis
dmc	yes	piktadarys
is	yes	tragišką piktadarys
an	no	bukagalvis
dmc	yes	sukčius
cds	no	egoizmas
cds	no	fanatizmo
dmc	yes	bjaurata
cds	no	šlamštas
ddp	yes	changeling
dmc	yes	paleistuvavimas
cds	no	apgavikas
dmc	yes	dvokas
cds	no	pataikūnas
ddp	yes	dėti karštus kompresus
ddp	yes	pudden galvutė
an	no	diddly-pritūpęs
ps	yes	naktipuodis
ddp	yes	nieko nežino
ps	yes	barbarų
cds	no	fašizmas
svp	no	slunkius
pr	no	kreko kekše
dmc	yes	goof-off
is	yes	vargšelis
asf	no	kvailys
svp	no	aklatikis
is	yes	scrooge
asf	no	patenka vaikinas
om	no	homoseksualė
dmc	yes	žolių sėklos
asm	no	twerp
an	no	zooerastia
cds	no	skresti
cds	no	ištvirkėlis
cds	no	kvailas žmogus
asf	no	kvailelis
asm	no	patiklumas
an	no	šunybė
dmc	yes	slampinėtojas
dmc	yes	šunsnukis
qas	no	melagystė
qas	no	nawalacz
om	no	homofils judėjimą
cds	no	prasčiokas
om	no	fagotas
pr	no	kekše
cds	no	minkštos
or	no	kvailas žmogus
qas	no	barbarai
an	no	vyrų prostitucija
ddp	yes	nekompetentingas
asf	no	neišmanėlis
dmc	yes	šlykštus
cds	no	demagogs
dmc	yes	chamas
cds	no	puikus neplautų
ddp	yes	zooerastia
an	no	dumbass
ddp	yes	brutalumas
om	no	patekti į nepatogią padėtį
dmc	yes	lekkoduch
cds	no	sentimentalumas
svp	no	conceitedness
cds	no	szajka bandycka
cds	no	pimp
ps	yes	metisai
ddp	yes	beprotybė
cds	no	gauja
cds	no	nykštukinė
qas	no	tepliotojas
cds	no	neteisybė
an	no	ślamazara
an	no	grossness
svp	no	bigoteryjny
ps	yes	mongoloids
cds	no	lupikavimas
cds	no	statytinis
or	no	pyderas
qas	no	fuszer
or	no	fagotas
is	yes	cheapskate
cds	no	hustling
is	yes	villainess
om	no	homoseksuali
cds	no	savìmeilė
cds	no	ragtag ir bobtail
dmc	yes	git
an	no	gyvuliškumo
or	no	pyzda
ps	yes	silpnaprotis
ddf	yes	baisus
svp	no	cheapskate
or	no	pudden galvutė
dmc	yes	pseudo
pa	yes	barbarų
dmc	yes	blogis
dmc	yes	apgavikai
cds	no	pudingas vadovas
re	no	išprievartavimas
or	no	kvailas
ps	yes	minkštos
cds	no	niekam tikęs
om	no	ros
ddp	yes	kvailys
cds	no	bailumas
an	no	ragtag ir bobtail
re	no	išprievartavimų
cds	no	mulkis
asf	no	knucklehead
cds	no	dėti karštus kompresus
or	no	mulkis
dmc	yes	davatka
re	no	data-rapsų
pr	no	apskretėlė
cds	no	pasipūtimas
cds	no	apsileidėlis
an	no	nuožmumas
svp	no	beprasmiškumą
ddp	yes	krykimas
dmc	yes	gamintojais
cds	no	buitinių atliekų
cds	no	wonk
dmc	yes	netikras
ddp	yes	niekam tikęs
or	no	dumbass
cds	no	mafijozas
asm	no	wanker
cds	no	gudruolis
ddp	yes	bukaprotis
cds	no	neišmanėlis
ddp	yes	ragtag
ddp	yes	draugužis
an	no	patiklus asmuo
cds	no	prasčiokai-rouser
ddp	yes	arsehole
qas	no	amatorstwo
re	no	šantažuoti
ps	yes	lepšis
ddp	yes	fuszer
cds	no	aklatikis
cds	no	nedarbnieks priėmimo
cds	no	folderol
pr	no	svetimautoja
re	no	mafija
asf	no	kvailas
or	no	reikalaujantis daug pastangų
cds	no	masturbuojamasi
om	no	gėjų
cds	no	know-it-all
ddp	yes	fumbler
cds	no	loanshark
ddp	yes	lengvatikis
cds	no	problemų
cds	no	masės
an	no	neišsilavinęs žmogus
dmc	yes	chawbacon
ddp	yes	gossiper
ddp	yes	zooerasty
is	yes	dusigrosz
ddp	yes	knucklehead
cds	no	patiklus asmuo
an	no	chamas
cds	no	uždrausta
or	no	homoseksualas
cds	no	puikybė
cds	no	smalsus-parker
ps	yes	barbaras
cds	no	podhale
cds	no	sąvadautoja
cds	no	pusę pintos
cds	no	pasakininkas
asm	no	flouter
ddp	yes	plepys
dmc	yes	banditas
cds	no	barbaras
pr	no	ponia
cds	no	suteneris
cds	no	draugužis
asm	no	shtup
asm	no	bỹbis
dmc	yes	stačiokas
an	no	tamsuolis
dmc	yes	trickster dievo
ddp	yes	silpnaprotis
ps	yes	česnakas
cds	no	barbarų
cds	no	demagogija
asm	no	neišmanėlis
ddp	yes	liūdna maišas
cds	no	dykinėtojas
qas	no	netiesa
is	yes	apdriskėlis
cds	no	oportunistas
an	no	diddlyshit
re	no	šantažuoja
cds	no	bellyacher
asf	no	twat
dmc	yes	niekam tikęs žmogus
cds	no	gudrumas
qas	no	neteisybė
an	no	folderol
or	no	gėjų
cds	no	gaujos kultūros
ddp	yes	pleciuga
dmc	yes	gaišti laiką dallier
an	no	dručkis
svp	no	išdidumas
cds	no	reikalaujantis daug pastangų
an	no	shithead
cds	no	wanker
pr	no	šlakas
dmc	yes	złodziej
cds	no	paskelbti už įstatymo ribų
an	no	tragišką piktadarys
qas	no	skresti
dmc	yes	provincijos
dmc	yes	tinginys
or	no	homofils
ps	yes	liurbis
ddp	yes	patiklus asmuo
cds	no	prasimanėlis
ddp	yes	ragtag ir bobtail
asm	no	pistis
dmc	yes	plėšikas
asm	no	uodegos gabalas
cds	no	lichwiarz
re	no	debaucher
ddp	yes	nuožmumas
pr	no	laikomi moteris
cds	no	narkomanas
cds	no	bailus
an	no	vamper
qas	no	išsisukinėjimas
or	no	pyderastas
cds	no	nevala
cds	no	tragišką piktadarys
ddp	yes	naivuolis
qas	no	rūpesčių sukėlėjas yra
dmc	yes	padirbtas
cds	no	niekšas
cds	no	juokdarys
asf	no	lepšis
qas	no	ragtag ir bobtail
cds	no	dickhead
an	no	apsileidėlis
ddp	yes	kvaiša
an	no	žiaurumas
dmc	yes	grifter
svp	no	ēdājs
ddf	yes	nykštukinė
asm	no	jeerer
cds	no	skundikas
an	no	nevala
cds	no	gossiper
qas	no	tagalong
dmc	yes	antrosios vertintojas
re	no	italijos mafijos
pa	yes	barbaras
re	no	prievartautojas
cds	no	bragger
svp	no	aukštos kairiarankiškumas
ddp	yes	patenka vaikinas
svp	no	dillydallier
ps	yes	kvaiša
pa	yes	laukinis
cds	no	slunkius
re	no	išprievartavo
qas	no	apgavikas
ps	yes	mestizos
dmc	yes	perbėgėlis
qas	no	barbarų
dmc	yes	niekšas
cds	no	chiseler
re	no	tragišką piktadarys
ps	yes	nigra
cds	no	nusikaltėlis
asf	no	pusgalvis
ps	yes	metis
an	no	sentimentalumas
cds	no	arogancija
an	no	prostitutė
svp	no	slackers
cds	no	gatvės gauja
cds	no	tricker
asf	no	makšties
cds	no	žioplys
asf	no	changelings
ddp	yes	šarlatanu
svp	no	arogancija
qas	no	liūdna maišas
or	no	putė
ps	yes	vėpsoti
cds	no	próżniak
an	no	zooerasty
cds	no	rankų darbas
asf	no	idiotas
cds	no	apgailėtinus buvimas
an	no	pip-girgždėti
cds	no	šlykštus
or	no	ros
cds	no	git
re	no	prievartautojai
rci	yes	barbarai
dmc	yes	blunderer
an	no	šykštuolis
dmc	yes	blogas žmogus
cds	no	plotkarz
cds	no	mokytoja
an	no	patenka vaikinas
cds	no	keliaklupsčiautojas
qas	no	mėgėjas
cds	no	sicilijos mafija
asm	no	nookie
ps	yes	dimwit
cds	no	pillock
an	no	prickteaser
dmc	yes	tvaikas
is	yes	elgeta
an	no	brutalumas
ddf	yes	pusę pintos
dmc	yes	valkatų
cds	no	savimeilė
cds	no	liaudis
re	no	nesąžiningi
asm	no	kvailelis
cds	no	rube
svp	no	gašlus
cds	no	aferistas
ddp	yes	lepšis
an	no	nanus
pr	no	rentboy
asm	no	domino
an	no	kalė
cds	no	chełpliwość
an	no	moteris pościgowy
cds	no	melas
dmc	yes	kiaulė
an	no	muttonhead
ps	yes	kvailelis
cds	no	nesąmonė
cds	no	chawbacon
asm	no	twirp
dmc	yes	liūdna maišas
asm	no	kruštis
or	no	prastas žuvies
ddp	yes	motinos žioplys
ddp	yes	neteisingas
cds	no	supjaustytų
an	no	nekompetentingas
an	no	toks ir toks
om	no	queer
cds	no	trūkčioti-off
cds	no	sąvadauti
an	no	plėšikas
cds	no	splashiness
cds	no	mądrala
qas	no	konformistas
an	no	sijonas pościgowy
cds	no	rozbójnik
dmc	yes	bigoteryjny
ddp	yes	laukinis
dmc	yes	dallier
qas	no	problemų virimo aparatas
an	no	vyrų palyda
or	no	pederastas
ddp	yes	bastard
dmc	yes	prasimanėlis
ddp	yes	skurwysynu
dmc	yes	renegatas
ddp	yes	dvokla
om	no	homoseksualistas
re	no	nenaudėlis
om	no	poove
cds	no	stebėtojas
ddp	yes	blabbermouth
pr	no	laisvi moteris
cds	no	idiotas
ps	yes	barbarai
ddp	yes	blēņas
cds	no	pedantiškas
ps	yes	ruiner
re	no	traducer
cds	no	persekiotojas
cds	no	šarlatanu
svp	no	dykinėtojas
an	no	maurėti krepšys
an	no	kiaulė
ps	yes	mestizaje
an	no	nesąžiningi
ddp	yes	debilas
asm	no	šūdas
ddp	yes	nežinojimas
an	no	diddley
an	no	ragtag
an	no	bezlitosność
or	no	avigalvis
qas	no	melagingo
dmc	yes	slunkius
qas	no	niekam tikęs
asm	no	mulkis
ps	yes	stačiokas
an	no	kvailys
asm	no	lepšis
or	no	homoseksualus
svp	no	pagyrūniškumas
cds	no	vaunter
asf	no	avigalvis
ddp	yes	žiauriai
an	no	asilas
ddp	yes	fuckhead
dmc	yes	neišmanėlis
asm	no	lengvatikis
dmc	yes	apgaulingas
asm	no	sušikti
ps	yes	lengvatikis
cds	no	išbrokuotas
svp	no	goof-off
dmc	yes	valkata
cds	no	zirzlys
an	no	knucklehead
ps	yes	kvailys
an	no	neteisingas
cds	no	schoolma'am
qas	no	psichiškai nesveikas
dmc	yes	slacker
qas	no	nedarbnieks
cds	no	ekstremalių dešiniuoju pelės krašto saugas
an	no	šunsnukis
ddp	yes	šiknaskylė
pr	no	nevalyvas moteris
cds	no	gamajda
dmc	yes	išdavikas
ddp	yes	idiotas
cds	no	hoi polloi
dmc	yes	veidmainiška
qas	no	fumbler
cds	no	policijos pareigūnų
asf	no	colpos
dmc	yes	tragišką piktadarys
re	no	mafijozas
or	no	homoseksualė
dmc	yes	prasčiokas
cds	no	krūtinės ląstos
an	no	interneto pasijuokti
cds	no	moaner
cds	no	motinos žioplys
ps	yes	chamas
dmc	yes	pusę pintos
an	no	žioplys
cds	no	aukštos kairiarankiškumas
cds	no	policininkai
an	no	diddly-šūdas
cds	no	šarlatanas
or	no	pusgalvis
cds	no	chamas
cds	no	kvailelis
ddp	yes	doofus
or	no	bukaprotis
cds	no	presumptuousness
is	yes	nudriskėlis
or	no	idiotas
re	no	teroristas
dmc	yes	fetor
cds	no	baseinas hustling
ddp	yes	nawalacz
dmc	yes	apgailėtinus buvimas
asm	no	bybis
asm	no	nooky
cds	no	amatorstwo
pr	no	pamazgos
an	no	fuckhead
re	no	teroristinis aktas
ps	yes	mongolidai
cds	no	patenka vaikinas
asm	no	pyktis
dmc	yes	apgaulė
cds	no	nympho
asm	no	bybỹs
pr	no	john
cds	no	quidnunc
cds	no	mussiness
re	no	mafijos
svp	no	superbia
or	no	dėti karštus kompresus
cds	no	apsileidęs žmogus
asf	no	głupek
dmc	yes	malodour
an	no	idiotas
qas	no	laukinis
asm	no	kvailumas
ddp	yes	skundikas
dmc	yes	trampinių
cds	no	policijos pareigūnas
dmc	yes	dilba
asf	no	mulkis
cds	no	sąvadautojas
svp	no	amour propre
ddp	yes	shithead
ps	yes	krauthead
ddp	yes	asile
an	no	gatvės prostitucijos
ddp	yes	saphead
ddp	yes	kvailystė
svp	no	šykštumas
cds	no	cheekiness
asf	no	minkštos
re	no	maligner
svp	no	chełpliwość
cds	no	greitasis
cds	no	sukčius
cds	no	bjaurata
ddf	yes	nykštukas
cds	no	fašistai
asf	no	lengvatikis
cds	no	defrauder
re	no	piktadarys
asf	no	makštis
ps	yes	mongoloidai
cds	no	uždrausti
cds	no	tinginys
dmc	yes	rozpustnik
rci	yes	chamas
pr	no	komercinio sekso
cds	no	paskolos sharking
dmc	yes	villainess
cds	no	išdaigininkas
svp	no	įniršis
cds	no	nawalacz
cds	no	toks ir toks
cds	no	provincijos
re	no	Šantažas
ddp	yes	domino
asf	no	tarnaitė
dmc	yes	klastotojas
qas	no	svetimaduonis
cds	no	maišalynė
dmc	yes	paleistuvis
asm	no	silpnaprotiškumas
om	no	negalią turintis asmuo
ddp	yes	twerp
qas	no	įkyrus žmogus
cds	no	išdykęs
om	no	pyderas
cds	no	baudžiamasis
cds	no	vagišius
dmc	yes	aferistas
rci	yes	stačiokas
cds	no	barbarai
ps	yes	idiotas
cds	no	banditizmas
cds	no	išpūstų vadovas
cds	no	lupikautojus
dmc	yes	bumbler
qas	no	złodziejaszek
cds	no	fumbler
ps	yes	patiklus asmuo
cds	no	blunderer
an	no	bailys
cds	no	fuszer
re	no	serijinis žudikas prievartautojas
asm	no	dulkintis
ddp	yes	neišsilavinęs žmogus
cds	no	mystifier
cds	no	strachajło
an	no	nenaudėlis
ddp	yes	gandonešis
is	yes	vargšas
an	no	niekšas
pr	no	prostitutas
cds	no	pareigūnas
ddp	yes	žioplys
re	no	mafiozai
pr	no	paleistuvės
cds	no	fanatizmas
dmc	yes	pasileidėlis
dmc	yes	nenaudėlis
asf	no	juokdarys
ddp	yes	šnipas
an	no	tinginys
cds	no	ultraconservative
om	no	pederastas
ddp	yes	avigalvis
ddp	yes	plotkarz
cds	no	egoizmo
asm	no	wank
an	no	blogas žmogus
cds	no	pedantę
ddp	yes	barbarai
is	yes	apgailėtinas
cds	no	gandonešis
cds	no	dručkis
cds	no	maurėti krepšys
ddp	yes	nonsensicality
cds	no	visažinis
pr	no	seksualinių paslaugų
cds	no	gamintojais
svp	no	scrooge
asm	no	dimwit
or	no	sunkus
cds	no	konformistas
ps	yes	negras
or	no	twat
cds	no	sunkus
cds	no	fanatism
an	no	bukaprotis
cds	no	sutenerių
ddp	yes	silpnaprotiškumas
ddp	yes	pillock
an	no	kvailelis
cds	no	bookworm
ddp	yes	žiaurumas
svp	no	ravenousness
cds	no	pudden galvutė
qas	no	blunderer
asf	no	doofus
pr	no	pasileidėlė
ddp	yes	kvaila
an	no	suskretėlis
dmc	yes	ne-sąskaitos
pr	no	kalė
cds	no	suskretėlis
pr	no	tenkas
cds	no	weisenheimer
dmc	yes	dezertyras
ps	yes	mišrūnas
re	no	rapsų
cds	no	nepilnamečių nusikalstamo
cds	no	praktinis juokdarys
ps	yes	doofus
cds	no	gudrus
cds	no	chiseller
cds	no	line-šaulys
cds	no	la cosa nostra
re	no	teroro aktas
or	no	głupek
asm	no	patiklus asmuo
re	no	libeler
cds	no	minios
svp	no	įtūžis
cds	no	schoolmistress
asf	no	dumbass
dmc	yes	nawalacz
pr	no	pažaboti zaindeksowaniem
re	no	cosa nostra
cds	no	complainer
cds	no	dastardliness
pr	no	staigule
svp	no	augstprātība
ddp	yes	pasakininkas
ps	yes	nigeris
pr	no	bzdura
ddp	yes	informatorius
cds	no	domino
cds	no	problema
or	no	homoseksualistas
dmc	yes	chiseller
an	no	apdujėlis
cds	no	bigoteryjny
dmc	yes	-už-nulis,
cds	no	žiauriai
svp	no	niggardness
asf	no	saphead
an	no	bjaurata
cds	no	pasileidėlis
ddp	yes	nekompetentingas asmuo
dmc	yes	bigot
an	no	vamp
om	no	gėjus
ddp	yes	šundaktariavimas
dmc	yes	vargšelis
cds	no	snobas
cds	no	snooper
ddp	yes	dimwit
or	no	shithead
svp	no	minginess
ddp	yes	nežinojimo
ddp	yes	liurbis
cds	no	nevidonas
dmc	yes	apostatas
an	no	spekuliantas
ddf	yes	nanus
asm	no	saphead
cds	no	wheeler prekiautojas
asm	no	minkštos
cds	no	chytrość
svp	no	tuštumas
or	no	neišmanėlis
cds	no	landžioti
cds	no	palūkininkas
an	no	cuckold
cds	no	amour propre
cds	no	scammer
om	no	žybt
qas	no	skerdimo
dmc	yes	libertine
cds	no	kietųjų atliekų
cds	no	rašytojas
asm	no	pakėlimo išjungti
svp	no	šykštuolis
qas	no	moocher
cds	no	gaujų
an	no	lengvatikis
dmc	yes	apsišaukėlis
re	no	šlykštus
cds	no	prastas žuvies
or	no	poove
dmc	yes	hobos
is	yes	šykštuolis
is	yes	niekšas
cds	no	kvailas
asf	no	žioplys
dmc	yes	scammer
ps	yes	darkie
ddp	yes	kvailelis
or	no	fuckhead
an	no	betise
re	no	defamer
ps	yes	changeling
qas	no	melas
asf	no	panelė
is	yes	piktadarys
ps	yes	uprooter
pr	no	prostitutė
dmc	yes	apgavystė
cds	no	kreditavimas
svp	no	gourmandizer
cds	no	melagystė
ddp	yes	kvailumas
pa	yes	chamas
cds	no	nymphomaniac
is	yes	nenaudėlis
ddp	yes	kvailas
dmc	yes	apgavikas
ddp	yes	kvailas žmogus
ps	yes	metisas
an	no	mulkis
re	no	mafiozas
om	no	vaikas molester
cds	no	kvailys
svp	no	davatka
ddp	yes	barbaras
cds	no	lupikautojas
asf	no	bukagalvis
cds	no	nedorėlis
re	no	šantažas
an	no	doodly-pritūpęs
ddp	yes	neprotingas
an	no	žirginis-purvo
asf	no	debilas
re	no	apmelotājs
ddp	yes	betise
ddp	yes	bumbler
ddp	yes	motherfucker
cds	no	augstprātība
asf	no	dvokla
cds	no	banditas
cds	no	įžūlumas
cds	no	mafiozas
ddp	yes	neišmanėlis
cds	no	fašistų
ddp	yes	apgaulės auka
ddp	yes	liežuvautojas
om	no	homoseksualus
cds	no	pompousness
an	no	gatvės mergina
pr	no	šlako
asf	no	pūlingas
asm	no	pyškintis
an	no	nuomos berniukas
asf	no	šiknius
an	no	kvailas
cds	no	fanatikas
ddp	yes	juokdarys
dmc	yes	apsimetėlis
ddp	yes	niekai
cds	no	parsidavimas
dmc	yes	slackers
an	no	pasileidėlė
an	no	šlykštus
an	no	pusgalvis
cds	no	laužo
cds	no	liežuvautojas
an	no	diddly
qas	no	barbaras
dmc	yes	malodor
pr	no	moteris gatvėje
qas	no	atmesti
cds	no	italijos mafijos
cds	no	pinigų skolinimą
ps	yes	debilas
an	no	staigule
dmc	yes	nusikaltėlis
asf	no	vagina
cds	no	saphead
ddp	yes	kvailybė
cds	no	slacker
asf	no	nesąmonė
cds	no	reakcingas
cds	no	netiesa
an	no	šūdas
cds	no	iekalšana
cds	no	ostentatiousness
an	no	wuss
dmc	yes	dykinėtojas
cds	no	wisenheimer
dmc	yes	chiseler
dmc	yes	rakehell
cds	no	antrosios vertintojas
cds	no	gaujos narys
an	no	vulgarumą
svp	no	geidulingas
an	no	apgaulės
cds	no	fantazuoti
cds	no	villainess
cds	no	puzzle
asf	no	muttonhead
an	no	juokdarys
cds	no	kiaulė
cds	no	lupikautojų
asm	no	masturbuojamasi
cds	no	hypersexual
ps	yes	laukinis
om	no	pyderastas
dmc	yes	fuszer
ddp	yes	tamsuolis
an	no	nykštukas
cds	no	plėšikas
cds	no	pagyrūniškumas
cds	no	blabbermouth
an	no	nieko nežino
cds	no	gaujų smurto
an	no	relentlessness
pr	no	telefonu iškviečiama prostitutė
an	no	villainess
re	no	data rapsų
cds	no	stačiokas
re	no	villainess
asf	no	pyzda
asm	no	patikimas
dmc	yes	melancholikas
dmc	yes	barbarų
cds	no	įsigyti
svp	no	dallier
an	no	silpnuolis
cds	no	bigot
dmc	yes	próżniak
re	no	vilifier
or	no	žybt
ddp	yes	šarlatanas
cds	no	bambalius
cds	no	fašistas
cds	no	įkyrus žmogus
or	no	bukagalvis
asm	no	betise
dmc	yes	grubus
cds	no	šunsnukis
pr	no	ponia malonumo
cds	no	melagingo
ddp	yes	minkštos
pr	no	prostitucija
pr	no	vyrų prostitucija
svp	no	dusigrosz
an	no	pasijuokti
asf	no	dimwit
cds	no	silpnuolis
rci	yes	barbaras
svp	no	dilba
cds	no	cosa nostra
dmc	yes	toks ir toks
qas	no	stačiokas
om	no	homoseksualas
ddp	yes	folderol
ps	yes	maišytos rasės žmogus
asf	no	patiklus asmuo
cds	no	policininkas
re	no	išžaginimą
dmc	yes	klaidinimas
or	no	žioplys
cds	no	nimfomanija
ddp	yes	bukagalvis
an	no	git
asf	no	changeling
cds	no	nenaudėlis
asm	no	trūkčioti-off
cds	no	skurwysynu
cds	no	policijos tarnautojai
an	no	žiauriai
asf	no	kvaiša
cds	no	fašistų režimo
qas	no	diletantas
dmc	yes	smarvė
re	no	terorizmas
ddp	yes	twirp
qas	no	apgailėtinas
asf	no	merga
asm	no	patenka vaikinas
asm	no	juokdarys
cds	no	šiukšlės
dmc	yes	gamajda
ddp	yes	changelings
pr	no	prostitucijos
cds	no	bumbler
dmc	yes	nesąžiningi
cds	no	gudrybės
ps	yes	patenka vaikinas
cds	no	melagis
an	no	išdykėlė
cds	no	pandar
cds	no	bailys
pa	yes	barbarai
cds	no	skerdimo
an	no	nesąmonė
dmc	yes	nykštukinė
svp	no	melancholikas
dmc	yes	treasonist
cds	no	vargšelis
dmc	yes	barbaras
asf	no	betise
re	no	raper
cds	no	superbia
ddp	yes	nonsensas
an	no	storulis
re	no	sicilijos mafija
cds	no	komunalinių atliekų
dmc	yes	laukinis
pr	no	fornicatress
svp	no	gaišti laiką dallier
pr	no	nuomos berniukas
ddp	yes	dickhead
svp	no	fanatikas
qas	no	vargini
an	no	inexorableness
cds	no	demagog
ddp	yes	vėpsoti
an	no	neišmanėlis
dmc	yes	foetor
om	no	sentimentalumas
pa	yes	stačiokas
dmc	yes	apgaulės
cds	no	šiukšlių
cds	no	laukinis
or	no	homofils judėjimą
svp	no	tranšėjų
cds	no	ragtag
an	no	saphead
cds	no	conceitedness
cds	no	piktadarys
asm	no	rankų darbas
cds	no	laužas
asm	no	roll šieno
dmc	yes	suklastotas
cds	no	skrupulat
asm	no	kvailys
cds	no	žiūrovas
qas	no	išprašyti
cds	no	puikybės
an	no	vulgarumas
svp	no	savimeilė
or	no	knucklehead
dmc	yes	dissimulation
qas	no	bumbler
asm	no	gabalas asilas
an	no	niekam tikęs
ddp	yes	stačiokas
re	no	nusikaltėlis
an	no	nekompetentingas asmuo
svp	no	gorger
svp	no	tightfistedness
re	no	nepilnamečių nusikalstamo
cds	no	mafijos
pr	no	sporto ponia
svp	no	ne-sąskaitos
or	no	patekti į nepatogią padėtį
cds	no	gatvės gaujų
ddp	yes	absurdiškas
dmc	yes	vargšas
asm	no	doofus
cds	no	mafiozai
an	no	domino
cds	no	nusidėjėlis
ddp	yes	sveikatos sukčiavimo
svp	no	bigot
qas	no	ragtag
dmc	yes	fumbler
