cds	no	blowhard
cds	no	औसत दर्जे का आदमी
cds	no	moneylending
an	no	knucklehead
svp	no	गवारूपन
asf	no	बिल्ली
svp	no	कंजूसी
qas	no	दुश्चरित्र व्यक्ति
cds	no	राहज़नी
cds	no	schoolma'am
svp	no	कंजूस
ps	yes	आधा जाति
qas	no	अल्पज्ञ
cds	no	इतालवी माफिया
dmc	yes	स्वधर्मत्यागी
asm	no	लुंड
asm	no	screwing
cds	no	नटखट
cds	no	आलसी
asm	no	बकवास
dmc	yes	मुनाफ़िक़
an	no	अवर्म
an	no	बौड़म
dmc	yes	धोखेबाज़
cds	no	सड़क गिरोह
ddp	yes	नीम हकीम
ddp	yes	बौड़म
dmc	yes	गोलमाल करनेवाला
ddp	yes	बुद्धू
asf	no	knucklehead
cds	no	पंडिताऊ
dmc	yes	अपराधी
cds	no	हस्तक्षेपकर्त्ता
ddp	yes	गांड
an	no	raunch
asf	no	आदमी गिर
svp	no	ग़रूर
ddp	yes	ragtag और कट दुम
cds	no	गिरोह
cds	no	moaner
cds	no	हामी
cds	no	असत्यता
cds	no	गैरकानूनी घोषित
cds	no	wangler
svp	no	कट्टरता
pr	no	मालकिन
ps	yes	लक्कड़
asf	no	बौड़म
cds	no	घमंड
an	no	रंडी
ps	yes	ईद्भाउट
asm	no	मैथुन करना
an	no	wuss
or	no	समलैंगिक
or	no	गावदी
ddp	yes	doofus
qas	no	किसी बात को गंभीरता से ग्रहण न करने वाला
an	no	विदूषक
ddp	yes	मूर्ख
cds	no	wuss
cds	no	खरीद
re	no	libeler
svp	no	धर्मांध
or	no	अनाड़ी
cds	no	डरपोक
dmc	yes	बेईमान
an	no	गुप्त शत्रु
cds	no	समस्या
ps	yes	बर्बर
asf	no	folderol
cds	no	शठता
dmc	yes	bigoted
asm	no	nooky
svp	no	आत्म प्यार
an	no	fuckhead
an	no	पुरुष वेश्या
ddp	yes	dumbass
ddp	yes	गधे
cds	no	मोची का नौकर
cds	no	लाइन शूटर
cds	no	लापरवाही से काम करना
cds	no	folderol
dmc	yes	आलसी व्यक्ति
dmc	yes	आलसी आदमी
cds	no	nympho
dmc	yes	लुकानेवाला
qas	no	झूठ
asf	no	बेवक़ूफ़
dmc	yes	खलनायक
ps	yes	आदमी गिर
cds	no	hoaxer
cds	no	विदूषक
cds	no	rumourmonger
dmc	yes	छल
an	no	गावदी
asf	no	बुद्धु
cds	no	mussiness
asf	no	कोमल स्पर्श
or	no	homophile आंदोलन
cds	no	भीरुता
svp	no	superbia
ddp	yes	हलवा सिर
an	no	खलनायक
ddp	yes	नीम हकीम डॉक्टर
an	no	rentboy
qas	no	कूड़ा
cds	no	अत्यन्त रूढ़िवादी
dmc	yes	dillydallier
cds	no	अभिमान
or	no	twat
cds	no	नगर निगम के कचरे
svp	no	ख़राब
ddp	yes	उल्लू
dmc	yes	defrauder
qas	no	कंफ़मिस्ट
ps	yes	nigga
ddp	yes	fuckhead
cds	no	रोगी
an	no	बुद्धु
cds	no	चाटुकार
cds	no	कूड़ा
ps	yes	krauthead
cds	no	hoi polloi
cds	no	धोखेबाज़
cds	no	चोर चुपके
ddp	yes	saphead
ddp	yes	पाजी
ddp	yes	कोमल स्पर्श
re	no	maligner
cds	no	व्यक्ति - निष्ठा
cds	no	गधे
asm	no	twirp
cds	no	मसखरा
dmc	yes	छद्म
asf	no	codswallop
cds	no	गँवार
cds	no	defrauder
an	no	स्कर्ट चेज़र
dmc	yes	भ्रामक
ddp	yes	बदमाश
cds	no	झूठ
cds	no	नख़रेबाज़ी
qas	no	मंगता
ddp	yes	बुद्धु
ddp	yes	blabbermouth
qas	no	बेईमानी
dmc	yes	छली
om	no	पूवे
cds	no	शेखबाजी
ps	yes	jigaboo
cds	no	पता है सब
dmc	yes	कट्टरता
qas	no	freeloader
dmc	yes	villainess
cds	no	साहूकार
pa	yes	गंवार
cds	no	धृष्ट व्यक्ति
cds	no	बाल अपचारी
ddp	yes	लक्कड़
ddp	yes	muttonhead
cds	no	मनमानी
cds	no	कंफ़मिस्ट
pr	no	पुरुष वेश्यावृत्ति
svp	no	खाने - पीने का शौकीन
ps	yes	changelings
an	no	मैल बैग
re	no	सिसिली का माफिया
dmc	yes	मोड़ पर
an	no	ragtag और कट दुम
asm	no	उल्लू
cds	no	पुलिस
an	no	मूर्ख मनुष्य
om	no	homophile आंदोलन
is	yes	टैटर्डमेलीअन
asm	no	कोमल स्पर्श
an	no	ragtag
cds	no	बातूनी
rci	yes	बर्बर
asf	no	कुंद
ddp	yes	changelings
asm	no	बंद jacking
ddp	yes	अनाड़ी
svp	no	आलस
or	no	muttonhead
ddp	yes	जड़वामन
cds	no	बिखेर देना
dmc	yes	जाली
cds	no	स्वमताभिमान
svp	no	कोई खाता
ddp	yes	कुंद
an	no	दुखद खलनायक
cds	no	कामचोर
svp	no	बदमिज़ाज होना
ddp	yes	अज्ञान
dmc	yes	bumbler
dmc	yes	देहाती
cds	no	loansharking
cds	no	मैला - कुचैला व्यक्ति
or	no	गाँडू
cds	no	उदास बोरी
ps	yes	mestizo
pr	no	comare
pr	no	यौन सेवाओं
cds	no	गुस्ताखी
ddp	yes	जंगली
cds	no	nerdy
cds	no	गुस्ताख़ी
dmc	yes	मटरगश्त आदमी
cds	no	अस्वीकार
cds	no	ऋण ठग्गू
or	no	बौड़म
re	no	खलनायक
asf	no	औरत
cds	no	दर्शक
ps	yes	बेढंगा
cds	no	बेवकूफ
pr	no	कुतिया
cds	no	grifter
asf	no	fuckhead
cds	no	गुर्गे
cds	no	फ़ासिस्ट
asm	no	मूर्ख
re	no	debaucher
cds	no	दुष्ट
pa	yes	जंगली
cds	no	pandar
an	no	अहमक़
or	no	चूत
or	no	pillock
dmc	yes	ख़राब
re	no	अपराधी
ps	yes	कोमल स्पर्श
dmc	yes	ढोंग
or	no	नैन्स
om	no	twink
cds	no	पापी
cds	no	पैट्सी
cds	no	finagler
an	no	बौना
ddp	yes	नीमहकीमी
cds	no	मिथ्या
asf	no	उल्लू
or	no	poof
om	no	homophile
dmc	yes	खोटा
cds	no	व्यावहारिक जोकर
asf	no	कपाल
cds	no	fabricator
dmc	yes	लुटेरा
cds	no	अपराधी
cds	no	फितरत
cds	no	ज़रख़ीदी
cds	no	दब्बु
ddp	yes	कूड़ा
cds	no	शरारत बनाने
re	no	भेद खोलने की घमकी
or	no	गरीब मछली
cds	no	सेब पालिशगर
cds	no	आपराधिक
dmc	yes	pseud
ddp	yes	फूहड़पन से काम करने वाला
dmc	yes	दस्यु
cds	no	मूर्ख
ddp	yes	अतर्कसंगत
ps	yes	जेरी
re	no	villainess
re	no	mafiosi
asf	no	लक्कड़
or	no	अहमक़
dmc	yes	चोर चुपके
an	no	नखरा दिखाना
re	no	सीरियल बलात्कारी
re	no	निन्दक
dmc	yes	गँवार
cds	no	कोमल स्पर्श
an	no	diddly-पलथी मारे हुए
ddp	yes	nonsensicality
dmc	yes	बौड़म
cds	no	शेखी
ps	yes	पैट्सी
ps	yes	doofus
cds	no	mafiosi
re	no	बदमाश
qas	no	रंग पोतनेवाला
cds	no	बेईमानी
ddp	yes	विदूषक
cds	no	gangsterism
asf	no	बुद्धू
dmc	yes	वाक्छली
cds	no	फासिस्टों
cds	no	fanatism
svp	no	आलसियों
rci	yes	जंगली
cds	no	mafioso
asf	no	चूत
dmc	yes	chiseler
qas	no	जंगली
cds	no	गूढ़ व्यक्ति
cds	no	आलसी व्यक्ति
asf	no	doofus
or	no	पूवे
asf	no	विदूषक
ps	yes	रोकना
asm	no	बुध्दू
cds	no	आपराधिक शरारत
is	yes	कंजूस
svp	no	क्रोध
asf	no	छोकरी
cds	no	साहूकारों
cds	no	ढिलाई से काम करनेवाला
ddp	yes	pudden सिर
cds	no	झूठ करनेवाला
ddp	yes	अवर्म
or	no	होमोसेक्सुअल
cds	no	ऋण शार्क
an	no	zooerastia
dmc	yes	छोटा सा व्यक्ति
cds	no	weisenheimer
cds	no	dweeb
an	no	अमुक
cds	no	सूदखोर
cds	no	अधिकारी
re	no	बलात्कार
dmc	yes	दुर्जन
dmc	yes	गंदगी
dmc	yes	बर्बर
cds	no	wiliness
qas	no	असलाना
cds	no	chiseller
cds	no	आदमी गिर
qas	no	उपद्रवी
ddp	yes	कुछ भी नहीं पता
ps	yes	मूर्ख
cds	no	फ़ासी वाद
om	no	नख़रेबाज़ी
ddp	yes	नासमझ
cds	no	superbia
cds	no	हथकंड
dmc	yes	पाखण्ड
cds	no	mystifier
an	no	ferociousness
qas	no	मिथ्या
pr	no	फूहड़
pr	no	रंडीपन
re	no	माफिया
asm	no	विदूषक
ps	yes	हब्शी
dmc	yes	fabricator
pr	no	रंडी
dmc	yes	चालबाज
cds	no	फूहड़पन से काम करने वाला
cds	no	अमुक
an	no	गुलगोथना
ddp	yes	मूढ़
cds	no	गुमान
svp	no	आगा - dallier
ddp	yes	अक्षम व्यक्ति
ddp	yes	zooerastia
re	no	को ब्लैकमेल कर
dmc	yes	chiseller
an	no	dumbass
an	no	लक्कड़
an	no	hoaxes
ps	yes	स्पेन अथवा पोतृगाल का वर्णसंकर
svp	no	conceitedness
ddp	yes	बकवास
cds	no	माफिया
svp	no	niggardness
ps	yes	जड़वामन
asf	no	saphead
an	no	वेश्या
re	no	इतालवी माफिया
ddp	yes	arsehole
dmc	yes	bigot
cds	no	उल्लू
qas	no	गोलमाल करनेवाला
om	no	लौंडेबाज़
cds	no	पता है यह सब
asf	no	मति - मंद
ddp	yes	मूर्ख व्यक्ति
re	no	आतंकवादियों
dmc	yes	सड़न
cds	no	पराए काम में वाधा डालनेवाला
an	no	कपाल
ddp	yes	मूर्ख मनुष्य
dmc	yes	संक्रांति काल में
cds	no	शौकीनी
cds	no	किताबी कीड़ा
cds	no	गड़बड़
asm	no	संभोग करना
cds	no	सुगंधित - पार्कर
cds	no	घरघरानेवाला
ddp	yes	स्वास्थ्य धोखाधड़ी
svp	no	minginess
cds	no	हेकड़ी
cds	no	poltroon
or	no	मूर्ख व्यक्ति
cds	no	दुर्जनों का नेता
cds	no	दुष्कर्मी
om	no	poof
an	no	महिला चेज़र
ps	yes	जर्मनी का निवासी
or	no	pudden सिर
cds	no	खलनायक
cds	no	गिरोह संस्कृति
asm	no	हाथ से काम
cds	no	bigoted
svp	no	tightfistedness
cds	no	कमज़ोर दिल का आदमी
cds	no	नफ़रत पैदा करनेवाला
svp	no	dillydallier
dmc	yes	गरीब शैतान
an	no	कंजूस
ddf	yes	nanus
asm	no	saphead
dmc	yes	दुष्ट
cds	no	बदमाश
re	no	आतंकवाद की परिभाषा
re	no	बदनाम करने वाला
cds	no	बंद मरोड़ते
cds	no	घरेलू अपशिष्ट
om	no	गाँडू
cds	no	शरारत
is	yes	फटेहाल
an	no	गंदा कुत्ता
an	no	कुंद
an	no	कूड़ा
cds	no	जनसमूह
cds	no	आलसी आदमी
cds	no	धर्मांध
asm	no	पूंछ का टुकड़ा
dmc	yes	दुखद खलनायक
cds	no	अनाड़ी
an	no	cuckold
dmc	yes	विषयी
cds	no	amour propre
ddp	yes	प्रमादी
pr	no	बकवास
cds	no	scammer
cds	no	पैसे उधार
cds	no	हाथ से काम
ps	yes	मूढ़
asf	no	योनि
is	yes	बदमाश
cds	no	ग़रूर
an	no	कायर
cds	no	स्क्रैप लोहा
svp	no	trencherman
cds	no	सारिका
asm	no	चोदना
ddp	yes	धोखा देना
dmc	yes	मैल बैग
pr	no	जॉन
dmc	yes	गंदा कुत्ता
asf	no	dumbass
an	no	मूर्ख
ddp	yes	कपाल
ddp	yes	रोकना
cds	no	wonk
an	no	कुतिया
cds	no	रटनेवाला
dmc	yes	बाल अपचारी
cds	no	लुटेरा
ddp	yes	अविद्या
cds	no	पाषंडी
or	no	dumbass
ps	yes	आधा नस्ल
cds	no	घमंडी
cds	no	pimps
an	no	inexorableness
pr	no	बक
cds	no	पुलिस अधिकारी
cds	no	पांडित्यदंभी
dmc	yes	hobos
cds	no	दलाल
svp	no	amour propre
ddp	yes	बकवास करनो वाला
cds	no	ragtag और कट दुम
asm	no	भोलापन
an	no	अक्षम व्यक्ति
dmc	yes	अशिष्ट
qas	no	भिक्षुणी
cds	no	अतिभावुक
qas	no	चुनना
ps	yes	darkie
ddp	yes	ragtag
re	no	आतंकवादी कार्रवाई
asf	no	मूर्ख
an	no	मुनाफाखोर
ddp	yes	बातूनी
or	no	fuckhead
an	no	betise
re	no	defamer
ps	yes	changeling
dmc	yes	उदास बोरी
qas	no	ragtag और कट दुम
dmc	yes	आवारा
dmc	yes	वाचाल
cds	no	पूल hustling
cds	no	लक्कड़
cds	no	मोल - तोल करना
or	no	बेवकूफ
cds	no	बर्बर
ps	yes	uprooter
qas	no	शौकीनी
cds	no	अवैधीकरण
an	no	धृष्टा
pr	no	ऐयाशी
ddp	yes	बेढंगा
re	no	सिसिली माफिया
or	no	योनी
an	no	चपला
cds	no	आलसियों
cds	no	देखनेवाला पर
cds	no	डींगवाला
qas	no	अस्वीकार
dmc	yes	बुराई
svp	no	gourmandizer
ddp	yes	होकुम
ps	yes	बेवकूफ
om	no	नैन्स
cds	no	अधम
cds	no	मूर्ख व्यक्ति
cds	no	माँ कमीने
an	no	गंदी चाल
ddp	yes	knucklehead
cds	no	evildoer
dmc	yes	प्रांतिक
pr	no	अनाप - शनाप
asm	no	बुद्धु
re	no	माफ़िया
re	no	बाल अपचारी
pr	no	खेल के महिला
cds	no	शरारती
ddp	yes	पैट्सी
ddp	yes	छद्मवैद्य
cds	no	कटौती
cds	no	चरम विंगर सही
ddp	yes	बेवकूफ
cds	no	bigot
asm	no	flouter
cds	no	प्रमादी
asm	no	झटका बंद
dmc	yes	व्याभिचारी
cds	no	महान मैला
cds	no	साहित्यिक हैक
pr	no	सड़क लड़की
ps	yes	mongoloids
cds	no	डाकू
cds	no	फासिज्म
cds	no	rumormonger
asm	no	shtup
cds	no	बुद्धु
pa	yes	बर्बर
dmc	yes	बदमाश
ps	yes	गंवार
an	no	नृशंसता
or	no	knucklehead
ddp	yes	betise
ddp	yes	उदास बोरी
cds	no	घास के बीज
dmc	yes	बुरा व्यक्ति
or	no	homophile
an	no	मैला - कुचैला व्यक्ति
ddp	yes	मति - मंद
cds	no	wank
dmc	yes	अच्छे के लिए शून्य
asf	no	changeling
an	no	diddlyshit
cds	no	bellyacher
asf	no	twat
cds	no	मुर्गियों को मारने
pr	no	वेश्याओं
asm	no	कमबख्त
pr	no	कसबी
re	no	जबरन बलात्कार
svp	no	आलसी व्यक्ति
dmc	yes	औसत दर्जे का आदमी
cds	no	lowlife
cds	no	धिक्कृत
cds	no	complainer
ddp	yes	codswallop
an	no	folderol
ddp	yes	झूठी अफ़वाह
cds	no	गोलमाल करनेवाला
ddp	yes	rumourmonger
om	no	होमोसेक्सुअल
cds	no	पुलिस अधिकारियों
ps	yes	मेस्टिज़ो
cds	no	सिसिली माफिया
or	no	हलवा सिर
asm	no	wanker
re	no	mafioso
ddp	yes	bumbler
cds	no	प्रतिक्रियावादी
dmc	yes	lingerer
cds	no	गांवारू
an	no	दुर्जन
dmc	yes	libertinism
cds	no	प्रजानायक  संबंधी
cds	no	सड़क एजेंट
re	no	डाकू
cds	no	मक्कारी
cds	no	wanker
svp	no	चटोरा
is	yes	दुखद खलनायक
cds	no	गिरोह हिंसा
cds	no	बुरे कार्यों में सहायता करने वाला
dmc	yes	ठग
an	no	diddly
cds	no	schoolmarm
cds	no	फासीवादी
ddp	yes	भेदिया
cds	no	windbag
om	no	बच्चे molester
dmc	yes	रूढ़
an	no	कसबी
pr	no	ढीला महिला
re	no	लुटेरा
an	no	पतुरिया
qas	no	bumbler
dmc	yes	पाखंड
cds	no	गरीब शैतान
asm	no	बंद मरोड़ते
dmc	yes	गंवार
re	no	दुखद खलनायक
ddp	yes	ढिलाई से काम करनेवाला
dmc	yes	आधा पिंट
cds	no	पुलिसकर्मी
cds	no	मतावलंबी
an	no	मैला - कुचैला आदमी
cds	no	saphead
svp	no	भुक्खड़पन या मरभुखापन आदि
re	no	दुष्ट
dmc	yes	झूठ करनेवाला
cds	no	स्क्रैप
ddp	yes	गरीब मछली
an	no	नख़रेबाज़ी
pr	no	दरार वेश्या
an	no	आलसी
an	no	अशिष्टता
an	no	कमज़ोर दिल का आदमी
cds	no	गंदा कुत्ता
svp	no	मनमानी
cds	no	ostentatiousness
pr	no	कुलटा
svp	no	अभिमान
dmc	yes	lowlife
an	no	vamper
an	no	लूटेरा
cds	no	युवा गिरोह
an	no	पैट्सी
ps	yes	mestizaje
dmc	yes	rakehell
cds	no	सूंघा
an	no	लकीर का फकीर
cds	no	हलवा सिर
asf	no	changelings
cds	no	धमकी देकर हासिल करने की कोशिश करनेवाला
re	no	आतंकवाद
dmc	yes	गद्दार
cds	no	बुद्धिमान व्यक्ति
qas	no	troubler
ps	yes	ruiner
asm	no	लंड
pr	no	लावा
cds	no	मैला - कुचैला आदमी
ps	yes	pikey
cds	no	villainess
cds	no	शिक्षिका
pr	no	सड़क के महिला
cds	no	सूदखोरी
an	no	कोमल स्पर्श
re	no	बलात्कार के प्रकार
ddf	yes	बौना
asf	no	muttonhead
qas	no	उदास बोरी
qas	no	हैंगर पर
cds	no	codswallop
cds	no	मैल बैग
asm	no	jeerer
dmc	yes	डाकू
cds	no	hypersexual
dmc	yes	झूठा
dmc	yes	फूहड़पन से काम करने वाला
cds	no	चालबाज
ddp	yes	मायावी
re	no	ब्लैकमेल
pr	no	वेश्यावृत्ति
an	no	बुरा व्यक्ति
is	yes	सस्ता
cds	no	सतानेवाला
asm	no	wank
qas	no	प्रमादी
an	no	रंज - चीख़
cds	no	blabbermouth
cds	no	मूर्ख युवा
an	no	relentlessness
qas	no	मुर्गियों को मारने
svp	no	निकम्मा
is	yes	भिखारी
asf	no	गावदी
dmc	yes	git
cds	no	banditti
svp	no	शेखी
dmc	yes	स्वांग
or	no	मूर्ख
asm	no	पाजी
cds	no	सुलेखक
ps	yes	निगर
ps	yes	mestizos
is	yes	villainess
an	no	diddley
ddp	yes	अहमक़
cds	no	अपराधी है
cds	no	chiseler
ps	yes	nigra
cds	no	मायावी
dmc	yes	चालबाज भगवान
ps	yes	गँवार आदमी
an	no	आदमी गिर
dmc	yes	tramps
dmc	yes	grifter
svp	no	dallier
an	no	doodly-पलथी मारे हुए
ps	yes	उल्लू
qas	no	दुजेन
re	no	vilifier
ps	yes	जंगली
pr	no	व्यभिचारिणी
pr	no	वेश्या
cds	no	fawner
dmc	yes	कामचोर
cds	no	नगरपालिका ठोस अपशिष्ट
dmc	yes	मूर्ख बंद
ddf	yes	आधा पिंट
cds	no	अपनी नाक घुसेड़ना
cds	no	पुलिसवाला
or	no	उल्लू
an	no	zooerasty
asm	no	betise
cds	no	छैला
asf	no	अनाड़ी
ddp	yes	changeling
cds	no	झूठी अफ़वाह
or	no	कपाल
dmc	yes	पाखंडी
cds	no	देहाती
pr	no	कुटनी
ps	yes	mongoloid
cds	no	pudden सिर
dmc	yes	प्रमादी
om	no	लौंडेबाज
dmc	yes	घास के बीज
ddp	yes	कंजूस
ddp	yes	मुख़बिर
svp	no	कामचोर
ddp	yes	बुध्दू
cds	no	घसीट लिखनेवाला
re	no	आतंकवाद के कार्य
dmc	yes	आगा - dallier
cds	no	लेखक हैक
cds	no	बुज़दिली
cds	no	git
asm	no	पैट्सी
cds	no	बौड़म
asf	no	बेवकूफ
ddp	yes	बर्बर
pr	no	पतुरिया
dmc	yes	निकम्मा
an	no	उल्लू
cds	no	गिरोह युद्ध
an	no	बदमाश
cds	no	अहंकार
qas	no	गंवार
cds	no	आधा पिंट
qas	no	फूहड़पन से काम करने वाला
asf	no	योनी
an	no	git
asm	no	nookie
cds	no	कायरता
pr	no	पुरुष वेश्या
ddp	yes	गँवार आदमी
pr	no	चुड़ैल
cds	no	निम्फ़ोमानिया
cds	no	pillock
is	yes	खलनायक
ddp	yes	आदमी गिर
qas	no	tagalong
cds	no	व्हीलर डीलर
dmc	yes	apostate
asf	no	पैट्सी
dmc	yes	आलसी
ddp	yes	गावदी
or	no	लौंडेबाज़
dmc	yes	बदमिज़ाज होना
an	no	अश्लीलता
an	no	diddlysquat
ddp	yes	zooerasty
an	no	इंटरनेट चकमा
cds	no	hypersexuality
cds	no	कायर
ps	yes	बेवक़ूफ़
ddp	yes	twirp
asf	no	जड़वामन
ddp	yes	folderol
cds	no	प्रांतिक
cds	no	छोटा सा व्यक्ति
an	no	स्थूलता
an	no	nanus
pr	no	rentboy
qas	no	असत्यता
svp	no	आलसी
qas	no	पागल
an	no	muttonhead
ddp	yes	गप्पी
re	no	बलात्कारी
cds	no	bumbler
rci	yes	गंवार
svp	no	मूर्ख बंद
dmc	yes	अनैतिक
cds	no	हठधर्मी
cds	no	groveler
dmc	yes	उठाईगीर
cds	no	ठग
cds	no	झटका बंद
svp	no	गुमान
cds	no	तड़क - भड़क
cds	no	hustling
svp	no	घमंडी
cds	no	गप्पी
an	no	अनपढ़ व्यक्ति
ddp	yes	झक्की
dmc	yes	treasonist
cds	no	मुख़बिर
an	no	अनाड़ी
pr	no	मैला - कुचैला महिला
an	no	diddly गंदगी
asf	no	betise
cds	no	splashiness
svp	no	आलसी आदमी
cds	no	छद्मवैद्य
ps	yes	मति - मंद
ddp	yes	अक्षम
qas	no	ढिलाई से काम करनेवाला
cds	no	जमगट - उत्तेजनाप्रद झूठ
cds	no	wiseacre
dmc	yes	आलसियों
an	no	सड़क लड़की
or	no	कुंद
cds	no	दूती
ddp	yes	माँ कमीने
ddp	yes	गोलमाल करनेवाला
an	no	दुष्ट
pr	no	fornicatress
cds	no	wisenheimer
re	no	आतन्कवाद
svp	no	हेकड़ी
dmc	yes	धूआं देना
dmc	yes	dallier
cds	no	विधि - बहिष्कृत
cds	no	जंगली
re	no	तारीख बलात्कार
ps	yes	बुद्धू
ddp	yes	बेवक़ूफ़
cds	no	एक तेजी
cds	no	अवसरवादी
cds	no	सिसिली का माफिया
asf	no	रोकना
asm	no	गधे का टुकड़ा
ddf	yes	छोटा सा व्यक्ति
dmc	yes	scammer
an	no	अनुदारपंथी
svp	no	अच्छे के लिए शून्य
cds	no	चुनना
cds	no	बंद jacking
cds	no	आत्म प्यार
asm	no	मूर्खता
cds	no	गरीब मछली
cds	no	कमीने
cds	no	nymphomaniac
dmc	yes	अमुक
svp	no	सस्ता
asm	no	आदमी गिर
re	no	भयदोहन
dmc	yes	धोखे
dmc	yes	पाखण्डी
an	no	villainess
ddp	yes	अनपढ़ व्यक्ति
cds	no	उठाईगीर
cds	no	loanshark
cds	no	पुलिसकर्मियों
pr	no	रखैल
cds	no	रूढ़
om	no	विकलांग व्यक्ति
is	yes	गरीब शैतान
cds	no	ragtag
an	no	saphead
cds	no	conceitedness
ddp	yes	मूर्खता
cds	no	दस्यु
om	no	समलैंगिक
dmc	yes	गांवारू
svp	no	bigoted
cds	no	दुखद खलनायक
an	no	codswallop
cds	no	फ़ासीवाद
pr	no	छिनाल
pa	yes	सुविधाहीनता, अशोभनता
an	no	lowlife
svp	no	नाराज़
pr	no	गणिका
svp	no	निरर्थकता
cds	no	भड़कीलापन
svp	no	घमंड
cds	no	कट्टरता
pr	no	खुशी की महिला
ddp	yes	ferociousness
dmc	yes	जंगली
asm	no	घास में रोल
cds	no	दुर्जन
ddf	yes	असुंदर
dmc	yes	धर्मांध
qas	no	बर्बर
cds	no	अहमक़
an	no	अक्षम
dmc	yes	foetor
svp	no	gorger
dmc	yes	ख़राबी
cds	no	बकवास
ddp	yes	गंवार
cds	no	गंवार
asm	no	लक्कड़
dmc	yes	ढिलाई से काम करनेवाला
an	no	पुरुष वेश्यावृत्ति
dmc	yes	बदबू
ps	yes	नीग्रो
dmc	yes	कोई खाता
re	no	raper
svp	no	bigot
cds	no	ठोस अपशिष्ट
ddp	yes	pillock
cds	no	गिरोह के सदस्य
ddp	yes	कमीने
an	no	चकमा
asm	no	doofus
cds	no	माफ़िया
pr	no	व्यावसायिक यौन
an	no	prickteaser
re	no	बलात्कारियों
re	no	चुगलखोर
cds	no	डींग हांकनेवाला
ddp	yes	rumormonger
qas	no	मुसीबत निर्माता
cds	no	शिकायत करने वाला
cds	no	फासीवाद
an	no	कुछ भी नहीं पता
qas	no	ragtag
