cds	no	blowhard
cds	no	paltrows
an	no	canis aureus
asm	no	tosse
cds	no	fri murer
re	no	slyngelstater
cds	no	fjols
pa	yes	nk gruppefører
qas	no	husholdningsaffald
dmc	yes	beskidte
ddp	yes	metazoans
ddp	yes	idiot
svp	no	taṇhā
re	no	tortur mord
cds	no	blæksort
an	no	fupnummer
an	no	fæhoved
asm	no	bønner
ddf	yes	handikap
qas	no	amerikansk forretningsmand
ddp	yes	tattletale
an	no	fråser
cds	no	besætning dyr
pr	no	stud
an	no	tudse frøer
qas	no	bloopers
or	no	agurk vin
svp	no	luxuria
pa	yes	arbejdstager
an	no	brutal
cds	no	dagdriver
cds	no	hauteur
ps	yes	hebraism
re	no	tyv
ddp	yes	udviklingshæmning
cds	no	barbar
asf	no	tomfool
asm	no	vedhæng
ps	yes	lummox
an	no	gyldne sjakal
cds	no	penny dreadful
om	no	paederast
cds	no	layabout
pa	yes	professor emeritus
qas	no	granger
is	yes	fattiglemmer
cds	no	slægtskab gruppe
dmc	yes	trickster gud
cds	no	hjord
an	no	kaiman
an	no	mikrobe
svp	no	acedia
dmc	yes	snige tyv
dmc	yes	merry andrew
qas	no	bourgeoisiet
cds	no	entusiast
an	no	sjakal
pa	yes	akademiske verden
cds	no	skurkagtige
re	no	handling
om	no	sodomi
cds	no	loanshark
re	no	mafia
asm	no	credulousness
cds	no	smart
qas	no	parasitter
asf	no	folderol
qas	no	borgerlige
cds	no	fascista
svp	no	passivitet
dmc	yes	blæksort
cds	no	ndrangheta
pa	yes	booking clerk
ddp	yes	dumbass
om	no	aboral
an	no	insekter
cds	no	halv-pint
cds	no	dude
asm	no	han
an	no	bluffnummer
cds	no	jokester
pa	yes	skomager
cds	no	kvæg rustling
pa	yes	ordinær professor
ddp	yes	nonsens
an	no	væggetøj
an	no	beskidt hund
cds	no	rumourmonger
qas	no	blandingen
ddf	yes	mennesker med handicap
an	no	kim
qas	no	kedel af fisk
re	no	voldtog
dmc	yes	lingerer
an	no	eurasian griffon
cds	no	relikvier
pa	yes	særlige udsending
svp	no	ubehagelig
cds	no	mellemmand
an	no	kvie
an	no	fladpande
cds	no	betjenten
dmc	yes	ne'er-do-godt
an	no	dumrian
dmc	yes	umoralsk
dmc	yes	cheater
qas	no	rigsfriherre
ps	yes	jødedom
pr	no	skøge
re	no	smålige tyveri
dmc	yes	falske
cds	no	highwayman
re	no	skurkagtige
qas	no	butiksindehaver
svp	no	ugidelig
cds	no	blooper hjul
cds	no	papparazzi
cds	no	småting
cds	no	cur
an	no	raseri
qas	no	bønder
an	no	kylling
an	no	sea scorpion
om	no	bugger
re	no	voldsomhed
re	no	seksuelt overgreb
an	no	frø
an	no	athene noctua
dmc	yes	dagdriver
ddp	yes	tåbe
qas	no	ballock
ps	yes	jigaboo
qas	no	lumber baron
is	yes	skurkagtige
om	no	balder
qas	no	maler og dekoratør
an	no	american buffalo
svp	no	ligegyldighed
an	no	strigiformes
or	no	dunderhead
cds	no	frimurerloge
pa	yes	diplomatiske rang
an	no	mandlig escort
re	no	falske beskyldninger
qas	no	husmand
qas	no	aflivning
ps	yes	changelings
ddp	yes	vide noget
ddp	yes	dunderhead
an	no	slagtekvæg
pa	yes	bogholderske
dmc	yes	rube
cds	no	drillesyg
dmc	yes	bedragerne
an	no	menneskelige legeme lus
qas	no	friherre
pa	yes	professoren
ddp	yes	oligofreni
pa	yes	bellman
an	no	slægten pipistrellus
cds	no	fortastede
an	no	hane
cds	no	slyboots
re	no	forbryderorganisation
or	no	gay
ddp	yes	curmudgeon
svp	no	cupidity
qas	no	amatør
ddf	yes	mandsling
an	no	pooch
re	no	gangster
qas	no	snoop
dmc	yes	tragisk skurk
an	no	vovse
ddf	yes	crookback
pa	yes	højesteretsadvokat
om	no	crossdresser
qas	no	røbe
dmc	yes	paria
svp	no	fråseri
an	no	hugormen
or	no	dum
ddp	yes	barbariske
svp	no	sparsomhed
om	no	homosexualitet
qas	no	dilettant
an	no	svin
re	no	misbrug
cds	no	skare
cds	no	grifter
cds	no	alfons
re	no	dræbe
qas	no	barbar
re	no	bøddel
dmc	yes	fredløs
ddp	yes	blunderer
cds	no	urenset spildevand
pa	yes	korporal
svp	no	dovenskab
ps	yes	soft touch
re	no	calumniation
ps	yes	halv-kaste
an	no	bonehead
cds	no	harsk
cds	no	dumme
om	no	transvestit
cds	no	finagler
asm	no	pisum sativum
ddp	yes	metazoa
re	no	forbrydelser
an	no	skvat
an	no	street pige
pr	no	kurtisaner
cds	no	løgn
cds	no	truckler
ddf	yes	fysisk handicappede
cds	no	pedanteri
asm	no	tåbe
ddp	yes	kvaksalvere
qas	no	endoparasitter
qas	no	baronial
re	no	kidnapning
ddp	yes	sundhed bedrageri
an	no	dunderhead
cds	no	odds og ender
asm	no	falliske
qas	no	usandhed
re	no	slayer
cds	no	wangler
ps	yes	bulgarsk
an	no	eurypterid
cds	no	idiolatry
ddp	yes	nincompoop
cds	no	kedel af fisk
cds	no	stakkels fisk
qas	no	forpagtning
svp	no	fysisk tiltrækning
svp	no	lustfulness
an	no	kanin
an	no	familien cimicidae
svp	no	invidia
re	no	felonies
ps	yes	negerbørn
ps	yes	doofus
an	no	pediculus corporis
re	no	banditter
cds	no	fib
pr	no	streetwalker
cds	no	forbrydelse boss
asm	no	fugle
an	no	hyæner
ddp	yes	hjerneskade
cds	no	grunge musik
qas	no	skrivebord job
asm	no	bred bønne plante
cds	no	hofklikes
an	no	kujon
asm	no	klunker
an	no	kropslus
cds	no	fanatiker
re	no	kriminel adfærd
pa	yes	vejleder-at-law
cds	no	mafioso
cds	no	svindler
om	no	homoseksuel mand
qas	no	konformisme
qas	no	borgerskabet
an	no	gedemælk
re	no	første grad mord
om	no	transvestisme
asf	no	kussehår
asm	no	fladpande
cds	no	klodrian
cds	no	røver
cds	no	politibetjent
rci	yes	boor
ddp	yes	dumrian
re	no	lovovertrædelse
asf	no	skridtet hår
or	no	punctiliousness
cds	no	dweeb
cds	no	bedragerne
cds	no	sportslige hus
re	no	smerte
an	no	loppe
svp	no	afsky
cds	no	penman
re	no	overfald
ddp	yes	kvaksalver medicin
an	no	gås
cds	no	mordvarg
or	no	pudden-head
qas	no	magnat
cds	no	wank
cds	no	masse
an	no	body-snatching
cds	no	den store uvaskede
an	no	væggelus
cds	no	tavshedsløfte
cds	no	klike
an	no	tamhund
an	no	hugorm
an	no	pillager
cds	no	strisser
dmc	yes	løgnerske
pr	no	køer
cds	no	barbariske
ps	yes	morian
cds	no	fop
or	no	majroe
an	no	midges
an	no	gulål
svp	no	pirrende
ddp	yes	lunkhead
an	no	fjumrehoved
asf	no	moderskede
cds	no	brøgger
svp	no	conceitedness
dmc	yes	etiske motiv
ps	yes	mongolske
cds	no	skolelærerinde
svp	no	galskab
cds	no	laddie
pr	no	elskerinde
qas	no	boor
ddp	yes	arsehole
or	no	homoseksuel
re	no	afpressede
ps	yes	negroid race
cds	no	casino
dmc	yes	broget fjols
pr	no	bole
svp	no	stolthed
ps	yes	mongoloids
an	no	marauder
cds	no	venality
re	no	scammer
om	no	homoeroticism
pr	no	kvæg
cds	no	japanske måleenheder
svp	no	overspisning
ddp	yes	angiver
an	no	epifaunal
cds	no	korrupt
an	no	patsy
om	no	røv
an	no	hajer
cds	no	toilet facilitet
ddp	yes	analfabet person,
dmc	yes	hjemløse
cds	no	grovæde
pa	yes	fiskehandlere
an	no	svindelnummer
cds	no	wc
asm	no	pik
re	no	voldtægt
dmc	yes	mordvarg
cds	no	pilferer
is	yes	tragisk skurk
cds	no	et støtte
an	no	crocodylidae
or	no	murphy
pa	yes	titel af professor
svp	no	cheapskate
cds	no	tomfool
qas	no	commoner
ddp	yes	taleteller
cds	no	frimurere
cds	no	uorden
cds	no	korrespondenter
dmc	yes	frafalden
an	no	despoiler
an	no	regnum animale
cds	no	retard
dmc	yes	vaks
asm	no	utilladelig spillemåde
pa	yes	jesuit
cds	no	clotheshorse
cds	no	fladpande
cds	no	fredløs
cds	no	hulter til turvydom
dmc	yes	uhøflige
pr	no	rotter
cds	no	fascister
re	no	capturer
pr	no	buncombe
re	no	rogue
an	no	gadeprostitution
dmc	yes	højforræderi
cds	no	klaner
an	no	Ålelarve
dmc	yes	snæversynet
dmc	yes	trist sæk
ddp	yes	dyreart
re	no	bedrøvelse
an	no	ged
an	no	hore
ddp	yes	retard
or	no	dumbass
an	no	familiaris
cds	no	facisme
cds	no	sub-klan
asm	no	wanker
re	no	felony
re	no	raptio
cds	no	paparazzifotograf
an	no	vild okse
an	no	slyngelstater
om	no	almindelig fennikel
an	no	bufo
an	no	galskab
or	no	agurkeplante
pa	yes	teoretiske
ps	yes	mestizer
cds	no	jord-og betonarbejder
re	no	tortur-enhed
qas	no	overensstemmelse
qas	no	sodbuster
ddp	yes	uintelligent
pa	yes	fiskemand
re	no	holdup
pa	yes	billet agent
or	no	fennikel
cds	no	panser
dmc	yes	beskidt hund
cds	no	snesevis
an	no	infauna
pr	no	prostituerede
re	no	chiseler
cds	no	problem
asf	no	fæhoved
asm	no	penishoved
cds	no	sladder
an	no	bestialitet
qas	no	åndelige leder
ddp	yes	fumbler
ddp	yes	røvhul
ddf	yes	handicaprejser
cds	no	penge udlån
ddp	yes	zooerasty
cds	no	egghead
asf	no	fisse
cds	no	familie
ps	yes	fascistiske
cds	no	fanatisme
an	no	fugl af natten
dmc	yes	shirker
an	no	ferskvandsål
svp	no	saligia
cds	no	fangevogter
ddp	yes	dyr
om	no	gayness
or	no	numskull
dmc	yes	løsgængeri
or	no	brassica oleracea
an	no	fæ
pa	yes	medarbejder
asm	no	shtup
pr	no	lady af glæde
an	no	anguillidae
cds	no	falde fyr
re	no	vaks
cds	no	fidus
dmc	yes	forfalskninger
asm	no	nødbremse
or	no	finocchio
cds	no	rænkesmed
asm	no	vicia faba
cds	no	newswriter
cds	no	jacking off
om	no	forskellige
pa	yes	minister
cds	no	paparazzier
ps	yes	negerkvinde
qas	no	baroqueness
ps	yes	sigøjnere
cds	no	røver baron
cds	no	vogntog
om	no	damer
asf	no	twat
an	no	sortbuget knortegås
om	no	homoseksualitet
ps	yes	krydsning
dmc	yes	anstændighed
pr	no	kvie
ddp	yes	numskull
an	no	canis familiaris
qas	no	parasit
an	no	folderol
svp	no	opfarende
asm	no	javert
an	no	luder
pa	yes	korporlig
cds	no	parvenu
cds	no	åndssvag
an	no	flåter
ddf	yes	fysiske handicap
an	no	fysiognomi
an	no	poulet
qas	no	hund hus
an	no	kæft
om	no	balde
ddp	yes	dimwit
or	no	tater
an	no	scum taske
pr	no	floozie
cds	no	hyperseksualitet
asm	no	fjumrehoved
cds	no	handling
cds	no	reaktionarisme
cds	no	bas bleu
cds	no	gadebander
asm	no	jerk-off
qas	no	besætning
dmc	yes	umoral
cds	no	poltroonery
re	no	bytte
cds	no	falskhed
an	no	slægten anguilla
qas	no	rønne
re	no	backbiter
cds	no	mess-up
cds	no	boor
asm	no	changelings
cds	no	tribesman
cds	no	åger
asf	no	dumrian
qas	no	skibsreder
re	no	delictum sui generis
cds	no	idiot
qas	no	håndlanger
re	no	debaucher
om	no	cross-dresser
qas	no	snylteplante
asf	no	vaginal
pr	no	brun rotte
re	no	fredløs
an	no	indenlandsk kylling
dmc	yes	lowlife
asm	no	testikler
an	no	sankthansorm
qas	no	testis
dmc	yes	prevaricator
an	no	looter
cds	no	fængselsfunktionær
cds	no	videnskabstro
re	no	svindler
an	no	selachimorpha
is	yes	ynkelig
cds	no	rufferi
pr	no	mandlig prostitueret
dmc	yes	ildelugt
qas	no	monger
ps	yes	ruiner
cds	no	massageklinik
asm	no	fallossymbol
cds	no	skrumpe
asm	no	fava
cds	no	kriminel
cds	no	spærring
or	no	faggot
an	no	dirty trick
cds	no	bøtcher
an	no	inkompetente person,
ps	yes	bulgarere
qas	no	nosser
ddp	yes	latterlig
cds	no	nymfomani
cds	no	egoisme
an	no	anuran
asm	no	penil
asm	no	bred bønne
an	no	spekulant
qas	no	tagalong
pr	no	luder
qas	no	vrøvl
svp	no	joakim
pa	yes	fårehyrde
an	no	væsen
cds	no	nøglefærdige
pa	yes	overretssagfører
an	no	inexorability
pa	yes	akademia
cds	no	selskab
is	yes	villainess
om	no	homoseksuel
an	no	dyrerige
re	no	kriminelle aktiviteter
re	no	røvere
asm	no	knallert
pa	yes	dørmand
an	no	skøge
asf	no	dunderhead
cds	no	chiseler
cds	no	hovedrolle
qas	no	borgerskab
cds	no	nosy-parker
an	no	scorpionfish
an	no	husleje dreng
om	no	derriere
an	no	metazoa
pr	no	noctiluca
an	no	dværg
om	no	vilkår for anatomiske placering
om	no	posteriort
pr	no	pladder
svp	no	slackers
qas	no	besvær maker
om	no	tush
ps	yes	black
re	no	pine
dmc	yes	forbryder
ps	yes	tåbe
re	no	dårligt usage
qas	no	bøjle-on
asf	no	changelings
re	no	plagiere
an	no	crocodilia
re	no	væbnet røveri
pr	no	seksuelle ydelser
cds	no	betjent
om	no	anal sex
cds	no	stodder
pr	no	indenlandske kvæg
cds	no	hjælpelærer
cds	no	hus af dårligt omdømme
an	no	zooerasty
dmc	yes	scattergood
ddp	yes	skvadderhoved
qas	no	pamper
cds	no	self-tilbedelse
om	no	homofili
om	no	prat
qas	no	industrifolk
an	no	blæksort
ps	yes	negerske
cds	no	forfølger
cds	no	lovbrud
cds	no	kommunalt affald
cds	no	kloakering
dmc	yes	falskheden
cds	no	partier
re	no	neonaticide
dmc	yes	blunderer
an	no	haj angreb
ddp	yes	patsy
or	no	nye kartofler
cds	no	nymfoman
cds	no	swot
cds	no	charlatan
cds	no	jerk-off
re	no	voldtaget
re	no	drive by shooting
cds	no	bandevold
re	no	skurk
ps	yes	kineser
ddf	yes	enøjet
asm	no	foul
cds	no	pillock
asm	no	kødfløjte
an	no	kødkvæg
asm	no	fallos
dmc	yes	mozzarella
cds	no	sniveller
an	no	amerikanske bison
pa	yes	professorater
asm	no	rulle i høet
an	no	mandlig prostitueret
qas	no	spilopmager maker
an	no	kyllinger
cds	no	skruebrækker
cds	no	flub
an	no	europæisk bison
qas	no	sindssyg
pa	yes	forskningsprofessor
pr	no	rottehale
cds	no	sassing
cds	no	fæ
re	no	plagiat
re	no	uagtsomt manddrab
cds	no	newspaperwoman
an	no	okserne
cds	no	traditionel forædling
svp	no	ne'er-do-godt
cds	no	italienske mafia
cds	no	list
an	no	hund
cds	no	chawbacon
cds	no	flåder
ps	yes	beduin
rci	yes	barbariske
an	no	fjols
cds	no	nar
cds	no	delictum sui generis
pa	yes	cand.jur.
pa	yes	wagoner
cds	no	hayseed
ps	yes	interfertility
cds	no	scientisme
re	no	strafbar handling
is	yes	ragamuffin
qas	no	retoriker
or	no	twat
om	no	paedicatio mulieris
re	no	ulovlige aktiviteter
is	yes	fattigdom i byerne
an	no	kælling
asm	no	pterygiophore
an	no	fysiognomik
om	no	uregelmæssig
pr	no	ko
dmc	yes	homunculus
asm	no	dum
pr	no	hellcat
an	no	ignorant
ps	yes	zuluerne
asm	no	fugl
an	no	stud
pr	no	mær
an	no	lille ugle
cds	no	scammer
an	no	grib
dmc	yes	dallier
an	no	mand-eater
ps	yes	idiot
an	no	papegøje
ddp	yes	folly
cds	no	stjæler
om	no	pæderasti
cds	no	gadebande
re	no	beskidte penge
cds	no	krydset
dmc	yes	narrestreger
an	no	animalsk
qas	no	landarbejder
an	no	tæger
an	no	betise
cds	no	problemer
om	no	poove
re	no	terrororganisation
an	no	knortegæs
an	no	villainess
cds	no	journalist
re	no	traducer
pr	no	concubinage
re	no	voldtægtsforbryder
ddp	yes	dyrerige
or	no	lunkhead
asm	no	gren
an	no	codswallop
an	no	gase
re	no	booty
pr	no	mætresse
om	no	cross-dressers
ps	yes	zulu folk
an	no	grisebasse
cds	no	cockup
re	no	stjæle
an	no	fauna
an	no	ragtag
om	no	æsel
an	no	hyaenidae
qas	no	klodrian
dmc	yes	svindler
svp	no	begærlig
is	yes	absolut fattigdom
an	no	møl
re	no	drab detektiv
cds	no	korrektion officer
cds	no	hoftestykke
an	no	ugle-ordenen
cds	no	uægte barn
cds	no	vaunter
re	no	bagvaskelse
cds	no	baby
an	no	mosquitos
re	no	raper
ddp	yes	budding hoved
asm	no	fjols
cds	no	strike-breaking
an	no	kryds
asf	no	fladpande
svp	no	avariciousness
om	no	homophile
svp	no	overmod
cds	no	zeloter
dmc	yes	vagabund
re	no	grifter
qas	no	ros
pr	no	ildflue
an	no	knucklehead
ps	yes	jøder
pr	no	mandlig escort
cds	no	complacence
an	no	mulæsel
qas	no	lejer gård
dmc	yes	slacker
cds	no	hovmod
an	no	blattodea
cds	no	papir-pusher
om	no	bagdel
asf	no	falde fyr
cds	no	kloak
cds	no	dime roman
ps	yes	krydset
cds	no	hoi polloi
cds	no	cathouse
qas	no	fumbler
pa	yes	bellboy
pa	yes	jurist
om	no	bag
cds	no	bedrager
asf	no	knucklehead
ps	yes	barbarer
dmc	yes	ugidelig
cds	no	paparazzi
pa	yes	fisk monger
cds	no	forbrydelse
dmc	yes	forstillelse
dmc	yes	lovløs
ddp	yes	stand
dmc	yes	faker
dmc	yes	lyve
ddp	yes	makrofauna
ddp	yes	fanger
cds	no	bordelmutter
an	no	strix varia
cds	no	road agent
ps	yes	jerry
an	no	hemipterous insekt
qas	no	landmand
re	no	grand theft
is	yes	trist
ddp	yes	stupe
cds	no	forkludre
cds	no	pengeudlåner
re	no	libeler
an	no	gylt
cds	no	svulmede hoved
cds	no	bagnio
or	no	dyrkede kål
an	no	escargot
an	no	sluggard
svp	no	gør ingenting
ps	yes	halvblods
qas	no	fælles mand
cds	no	ulovlige aktiviteter
ddp	yes	uvidenhed
re	no	voldtage
asm	no	brownness
pa	yes	juridisk rådgiver
an	no	tudse
svp	no	lediggang
dmc	yes	banditter
cds	no	mæglere
cds	no	forbudt
pr	no	john
cds	no	paparazzofotograf
ddf	yes	dårlig
cds	no	ægteskab mægler
cds	no	arrestforvarer
om	no	lebbe
re	no	vanrøgt
svp	no	sur
cds	no	klasselærer
re	no	ungdomskriminel
an	no	svækling
cds	no	seloter
an	no	anser
an	no	body snatchers
svp	no	virksomhedernes grådighed
re	no	røvet
om	no	lesbisk
re	no	ran
ddp	yes	animalia
cds	no	håndlangere
cds	no	krydse
an	no	overstrøs møl
dmc	yes	no-konto
an	no	tomfool
qas	no	virksomhed ejer
ps	yes	rødt kort
cds	no	swaggerer
om	no	abnorm
an	no	chinch
om	no	peeress
cds	no	croonere
pa	yes	bejler
an	no	hav skorpion
dmc	yes	moralistisk
ps	yes	naturlig hybrid
re	no	tragisk skurk
an	no	bangebuks
dmc	yes	bumpkin
pa	yes	bogholder
asf	no	codswallop
qas	no	middelklassen
svp	no	raseri
ddp	yes	dumt
an	no	noctiluca
cds	no	beguine
dmc	yes	skurkagtige
an	no	nanus
an	no	så-og-så
cds	no	kasino
pr	no	rentboy
is	yes	uheldig
cds	no	omerta
ps	yes	ostrogoter
svp	no	tanha
an	no	ugler
an	no	lytter enhed
pr	no	sjusket kvinde
cds	no	clann
an	no	diddly-squat
qas	no	småting
re	no	vildskab
an	no	sucker
an	no	bunny
re	no	røver
cds	no	konspirationsteori
an	no	blattaria
qas	no	flub
cds	no	culchie
pr	no	konkubiner
an	no	riffraff
an	no	muttonhead
cds	no	shylock
re	no	strafbar kun lovovertrædelse
cds	no	taleteller
dmc	yes	ungdomskriminel
or	no	cucumis sativus
cds	no	slutteren
cds	no	reaktionær
an	no	bunnies
an	no	gnier
ddp	yes	dupe
an	no	øfgris
qas	no	veltalenhed
or	no	agurk
an	no	rogue
cds	no	uintelligent
cds	no	rotter
pa	yes	ekspedient
dmc	yes	fredløshed
ps	yes	rommany
cds	no	nørdet
cds	no	brigandage
is	yes	fedtsyl
cds	no	loansharking
pr	no	hor
qas	no	miskmask
pa	yes	kontorist
cds	no	stupe
an	no	psittaciformes
an	no	fælles hugorm
or	no	hvidkål
an	no	barred owl
an	no	mollusk
re	no	kidnappe
cds	no	pralhals
pa	yes	professortitel
om	no	drengekærlighed
om	no	ipsilaterale
re	no	forulempet
an	no	nataktive rovfugle
ddp	yes	udviklingshæmmet
cds	no	puslespil
cds	no	narcissistisk
cds	no	bumpkin
cds	no	namby-pamby
cds	no	free mason
an	no	otus asio
qas	no	mooch
cds	no	køter
om	no	voldtaget
re	no	væbnede røverier
an	no	frøer
ddp	yes	kretinisme
an	no	skrubtudse
cds	no	kragetæer
is	yes	ulykkelig
an	no	hoax
qas	no	husmandsbrug
cds	no	delikt
an	no	sjusket person,
an	no	dyr
ps	yes	jødiske samfund
pa	yes	boor
ps	yes	uprooter
om	no	transvestitter
re	no	forbrydelse
om	no	keister
ps	yes	churl
ddp	yes	brutal
asm	no	dumhed
cds	no	informator
pa	yes	professorat
cds	no	kriminelle
cds	no	crooners
an	no	tykhovedet
pa	yes	akademiske samfund
om	no	adelsdame
qas	no	fuddle
re	no	handel injurier
cds	no	ådsel
pa	yes	barbar
om	no	misbrugt
an	no	aureus
an	no	hoftestykke
asm	no	fucking
ddp	yes	bonehead
dmc	yes	dilly-dallier
cds	no	konspirationsteoretiker
cds	no	conventicles
cds	no	miskmask
asf	no	fjols
cds	no	trist sæk
cds	no	mafiosi
pa	yes	klodsethed
cds	no	skrotte
cds	no	dogmatisme
pr	no	fornicatress
an	no	escargots
cds	no	tragisk skurk
cds	no	pøbelen
an	no	mikrober
om	no	paederasty
asm	no	almindelig Ært
an	no	agterliget
is	yes	snæversynet
ddp	yes	pillock
or	no	græskar
cds	no	tilskuer
qas	no	middelklasse
ps	yes	vandaler
svp	no	ravenousness
dmc	yes	fråser
qas	no	blunderer
asf	no	doofus
is	yes	løfte af fattigdom
cds	no	kriminel adfærd
an	no	hog
dmc	yes	hykleri
om	no	analerotik
re	no	afpresset
re	no	kvæg tyv
qas	no	konformist
om	no	samme køn attraktion
cds	no	arriviste
an	no	for crocodilia
cds	no	storloge
ps	yes	metokerne
cds	no	klog
qas	no	sognebarn
qas	no	vingårdsmanden
ps	yes	negerinde
ps	yes	negre
asm	no	ærter
is	yes	fattig
or	no	dumrian
an	no	animalia
svp	no	hovmod
re	no	morderske
cds	no	lyve
re	no	cosa nostra
cds	no	complainer
an	no	hovedlus
cds	no	dastardliness
svp	no	abulia
cds	no	uforskammethed
cds	no	falskheden
re	no	kidnapninger
asf	no	tøs
cds	no	strømer
asm	no	teste
cds	no	narcissistisk personlighedsforstyrrelse
pa	yes	teoretisk
cds	no	aflivning
cds	no	ragtag og stumphale
dmc	yes	chiseller
qas	no	testikel
asm	no	tissemand
asf	no	fjumrehoved
re	no	sex lovovertrædelse
an	no	skørtejæger
an	no	tamsvin
ddp	yes	udviklingshæmmede
asf	no	saphead
cds	no	planteavler
cds	no	hofnar
an	no	sciaenops ocellatus
om	no	crossdress
cds	no	rogue
an	no	vamp
an	no	gnom
ddf	yes	gnom
ps	yes	negrid
or	no	agurker
an	no	kaniner
an	no	rivejern
an	no	bed bug
an	no	caprinae
cds	no	hurtigt et
cds	no	kaos
re	no	sexkriminalitet
cds	no	tattletale
cds	no	fabrikator
cds	no	hånd job
svp	no	minginess
cds	no	mafiaboss
om	no	sodomist
an	no	underorden blattaria
cds	no	indbrudstyv
asm	no	europa bønne
qas	no	nosse
or	no	pomme de terre
re	no	embedsmisbrug
ps	yes	barbar
cds	no	fundamentalism
an	no	skævt ansigt
ddp	yes	fauna
svp	no	vred
cds	no	toiletter
cds	no	ypperstepræst
svp	no	avaritia
svp	no	dillydallier
ddp	yes	prattler
cds	no	hick
an	no	ulk
asm	no	saphead
an	no	mikroorganismer
qas	no	ballademager
ddp	yes	galskab
qas	no	baroner
an	no	tragisk skurk
svp	no	begær
an	no	piggy
ps	yes	planteavler
pa	yes	hyrder
re	no	lovbrud
om	no	drag queen
dmc	yes	moralkodeks
ddp	yes	hoftestykke
an	no	oksekød
an	no	skulen
cds	no	tyveri
or	no	queer
pa	yes	ansat
svp	no	mope
cds	no	matchmaker
an	no	chen
cds	no	barbarer
an	no	spiselig snegl
cds	no	scrawler
qas	no	necrotrophic
cds	no	farrago
dmc	yes	libertine
cds	no	bloopers
re	no	bagvaskelse og injurier
cds	no	egoistisk
or	no	poof
re	no	tortureret
dmc	yes	dissimulator
an	no	blodsuger
is	yes	patetisk
dmc	yes	abjection
qas	no	moocher
an	no	mørkbuget knortegås
cds	no	hvilested
pa	yes	controller
cds	no	beskidt hund
cds	no	narcism
svp	no	lyst
dmc	yes	libertiner
re	no	kriminalitet
cds	no	mediator
cds	no	bandekriminalitet
ddp	yes	mentalt handicappede
an	no	bjæffe
dmc	yes	hobos
dmc	yes	hick
cds	no	soft touch
an	no	han-ged
ps	yes	jødinde
an	no	med t+
pr	no	moll
dmc	yes	løgn
dmc	yes	klovne
an	no	muggins
an	no	ålefisk
qas	no	hus maleri
ps	yes	rasende
asm	no	hestebønne
an	no	wisent
dmc	yes	hayseed
dmc	yes	debauchee
ps	yes	sigøjner
an	no	æselhingst
om	no	suppleanter
cds	no	offentlige toiletter
qas	no	jordbrug
re	no	kriminelle
re	no	italienske mafia
qas	no	big forretningsmand
cds	no	konformist
qas	no	ragtag og stumphale
an	no	gosling
dmc	yes	roue
ddp	yes	fordummende
re	no	'ndrangheta
ddp	yes	codswallop
qas	no	forretningsmænd
asm	no	aves
dmc	yes	barbar
re	no	sex kriminalitet
cds	no	frimurer
an	no	hvidhaj
cds	no	evildoer
ps	yes	traditionel forædling
an	no	rotter
qas	no	melange
cds	no	opskårne
cds	no	wiliness
asf	no	pigebarn
ddp	yes	åndssvag
an	no	pattegris
dmc	yes	hofnar
om	no	krydse dressing
pr	no	lampyris noctiluca
ps	yes	sort
cds	no	usandhed
qas	no	besætningen
qas	no	husarbejde
or	no	omhu
svp	no	de 7 dødssynder
re	no	plyndre
om	no	cross dressing
om	no	homoerotic
cds	no	bedrag
cds	no	rumormonger
svp	no	griskhed
an	no	røv
ps	yes	omflakkende
cds	no	uægte
cds	no	affald
cds	no	kriminelle aktiviteter
cds	no	strejkebryder
ddp	yes	betise
svp	no	gourmand
asm	no	godtroenhed
an	no	kaimaner
cds	no	faktor
dmc	yes	gangster
cds	no	horehus
om	no	bagenden
an	no	bedbugs
an	no	gedebuk
cds	no	wisenheimer
ddp	yes	mikrocefali
cds	no	ballader
an	no	crocodylian
ps	yes	boor
an	no	ildflue
cds	no	korrespondent
dmc	yes	uheldigt
re	no	rustler
cds	no	vask room
cds	no	pompousness
asm	no	redesnylter
an	no	hyaena
qas	no	boo-boo
qas	no	felt hånd
asm	no	fæ
cds	no	latrin
qas	no	løgnerske
cds	no	nymphomania
cds	no	amatør
ddp	yes	dum person
an	no	skrammel
is	yes	fattiglem
ddp	yes	moronity
pa	yes	titulær professor
cds	no	tørrestativ
cds	no	viselig
is	yes	tigge
qas	no	retor
an	no	tamfår
ps	yes	asiatisk
re	no	virksomhedernes misbrug
qas	no	hoppens reden
qas	no	parasitize
cds	no	huslærer
an	no	raunch
cds	no	almindelige
re	no	dømt forbryder
cds	no	windbag
cds	no	matcher
dmc	yes	halv-pint
an	no	lowlife
svp	no	good-for-nothing
pr	no	ægteskabsbryder
cds	no	dime romaner
ps	yes	skifting
cds	no	frie og antagne murere
cds	no	klan
pr	no	konkubin
ddp	yes	mentalt udfordret
asf	no	vagina
cds	no	saphead
asm	no	grønne ærter
an	no	stædig
cds	no	slacker
cds	no	bordello
an	no	cayman
cds	no	tavshedens sammensværgelse
an	no	bison bison
asf	no	teknikalitet
or	no	tumpe
dmc	yes	social udstødt
asm	no	soft touch
cds	no	ostentatiousness
pa	yes	fakultet
qas	no	bondemand
cds	no	gerningsmanden
qas	no	kennel
qas	no	skrot
dmc	yes	gangstere
dmc	yes	ødsle
ps	yes	Østgoterne
cds	no	efter-blow
dmc	yes	desertør
svp	no	dødssynd
cds	no	bande kultur
ps	yes	pikey
om	no	caudalt
pr	no	tøs
dmc	yes	delikt
an	no	doggy
re	no	terrorister
cds	no	quidnunc
cds	no	politimand
pa	yes	advokat
cds	no	codswallop
asm	no	maron
re	no	exact
pa	yes	kontorassistent
re	no	magtmisbrug
qas	no	autoinfection
asm	no	pule
pr	no	maitresse
ddp	yes	ignorant
cds	no	sass
qas	no	forretningsmand
qas	no	orator
om	no	dame
re	no	udsat for seksuelle overgreb
cds	no	klog fyr
cds	no	blabbermouth
qas	no	sciolist
ddp	yes	kvaksalveri
pr	no	sportslige dame
re	no	mafiaen
pr	no	gun moll
cds	no	smart aleck
qas	no	odds og ender
pa	yes	fortaler
ddp	yes	funktionel analfabet
ddp	yes	væsen
pa	yes	cordwainer
cds	no	drivert
an	no	diddley
pa	yes	ekstraordinær professor
re	no	mafiosi
qas	no	markedet keeper
cds	no	dynger
ps	yes	cretin
qas	no	botch
re	no	kvæg raiding
cds	no	sortlistet
cds	no	forbrydere
an	no	den hvide haj
cds	no	homunculi
an	no	dyrs reproduktion
cds	no	bydreng
ps	yes	nigra
svp	no	utugt
asm	no	peniserektion
re	no	eu's terrorliste
cds	no	interfertility
cds	no	casino gambling
qas	no	professionelle klasse
ddp	yes	evnesvag
ddp	yes	infauna
cds	no	pomposity
or	no	dum person
pa	yes	professorer
asm	no	betise
om	no	finocchio
asf	no	bonehead
re	no	seriel voldtægtsmand
or	no	brændt orange
qas	no	hus maler
dmc	yes	goof-off
cds	no	ran
ddp	yes	lummox
an	no	sande ål
cds	no	instruktør
cds	no	selv-kærlighed
cds	no	ågerkarl
cds	no	spildevand
cds	no	intriguer
ddp	yes	ninny
svp	no	no-konto
ddf	yes	handicappet person
cds	no	cosa nostra
an	no	metazoans
om	no	bagtil
qas	no	grandiloquence
re	no	seksuelt overfald
pr	no	konkubine
ddp	yes	godtroende
cds	no	groveler
pa	yes	sheepherders
asm	no	en
or	no	homophile bevægelse
rci	yes	barbarer
cds	no	rustler
qas	no	løgn
pr	no	moo-ko
ddp	yes	tilbageståenhed
dmc	yes	stank
ddp	yes	mikroencephali
qas	no	friherreinde
asm	no	rødbrun
re	no	sexforbrydelser
an	no	gede-antilope
om	no	ventrale
svp	no	frådseri
svp	no	tightwad
is	yes	udstødt
cds	no	bluestocking
an	no	haj
cds	no	klynkeren
qas	no	foul-up
cds	no	propagandist
asf	no	retard
om	no	anal penetration
cds	no	forlegenhed
cds	no	caitiff
pa	yes	churl
an	no	namby-pamby
pa	yes	professor med særlige opgaver
dmc	yes	apostat
cds	no	homunculus
an	no	doodly-squat
is	yes	tightwad
cds	no	alfonser
qas	no	teste
re	no	afpresse
ddp	yes	changelings
cds	no	artshybrid
cds	no	bumbler
ps	yes	judaismen
pr	no	kvinde af gaden
pr	no	kreatur
ps	yes	andre racer
cds	no	frimureri
qas	no	blooper
pa	yes	højesteretssagfører
cds	no	kloaknet
asf	no	numskull
ps	yes	gawk
an	no	prostitueret
cds	no	trasformismo
ddp	yes	barbar
cds	no	pudden-head
dmc	yes	trickster
cds	no	plapre
ddp	yes	bestialitet
re	no	misbrug af autoritet
dmc	yes	moralsk bankerot
asm	no	ithyphallic
pa	yes	universitetsprofessor
om	no	buggery
asf	no	betise
asm	no	hård-on
qas	no	forladt skib
an	no	dumme
cds	no	kærlighed barn
cds	no	talebearer
om	no	samme køn
asf	no	kusse
cds	no	wiseacre
pr	no	hetaira
an	no	yap
re	no	ærekrænkelse
re	no	drabet
pa	yes	prof.
an	no	eurypterids
cds	no	fortræd-making
or	no	tomat
ddp	yes	ting og nonsens
cds	no	praleri
qas	no	kemisk blanding
an	no	helix pomatia
asm	no	fallas
an	no	køter
cds	no	læreruddannelsen
cds	no	fæhoved
ps	yes	jødedommens historie
cds	no	demagog
cds	no	pludre
cds	no	skrammel
an	no	krop lus
an	no	inkompetente
ps	yes	ostrogoth
an	no	cereopsis
cds	no	høj handedness
re	no	forbrydere
cds	no	officer
cds	no	fundamentalisme
qas	no	fast kommunalt affald
ps	yes	jødedommen
pr	no	rotte
or	no	meticulosity
re	no	voldtægtsmand
an	no	animalcules
cds	no	nørd
cds	no	conceitedness
ps	yes	negro
om	no	homosexualism
ddp	yes	churl
om	no	crossdressing
pr	no	bolet
om	no	hind ende
ps	yes	negerpige
svp	no	aboulia
qas	no	frasortering
svp	no	ørkesløshed
dmc	yes	hyklerisk
cds	no	ådsler
svp	no	sluggard
ddp	yes	stakkels fisk
dmc	yes	bajads
cds	no	nouveau-riche
asf	no	kønsbehåring
ddf	yes	handicappet
ddp	yes	ferociousness
or	no	kartofler
re	no	drive-by shooting
ps	yes	jøde
om	no	bageste
svp	no	livslede
an	no	vipera berus
an	no	siphonaptera
or	no	squash vin
cds	no	anden-rater
re	no	misdæder
an	no	ged-antilope
dmc	yes	fabrikator
cds	no	churl
dmc	yes	usandhed
re	no	gangstere
cds	no	nyrige
dmc	yes	ond
cds	no	muss
cds	no	krydsninger
an	no	mollusca
ddp	yes	fæhoved
qas	no	kasterne
pr	no	gigolo
asm	no	doofus
asm	no	skvat
ps	yes	jødiske
cds	no	reaktionære
ddp	yes	rumormonger
ps	yes	mestizaje
re	no	kval
qas	no	almindelige
asm	no	avafauna
qas	no	ynkelig
dmc	yes	fumbler
ddp	yes	epifauna
re	no	morder
an	no	forældet ugle
re	no	tyvagtige
dmc	yes	boor
om	no	popo
re	no	bedragerne
qas	no	lyve
ps	yes	latino
re	no	misbrugt
ddf	yes	bevægelseshandicap
pa	yes	college professor
cds	no	avismand
ddp	yes	noget sludder
cds	no	blandet race hund
an	no	insekt
qas	no	blodhund
an	no	gåsegrib
qas	no	klunker
pa	yes	ekspeditrice
an	no	orne
qas	no	retorik
an	no	krop snatcher
re	no	mordvarg
pr	no	doxy
ps	yes	fæhoved
pa	yes	drager
re	no	andengrads mord
ps	yes	plantebioteknologi
cds	no	skrot
cds	no	synderen
ps	yes	boche
cds	no	roguery
asm	no	erektion
cds	no	svækling
dmc	yes	barbariske
cds	no	gigolo
an	no	phylum mollusca
pa	yes	clerk
om	no	twink
ddp	yes	analfabeter
asm	no	diller
ddp	yes	dyreriget
an	no	diddlysquat
dmc	yes	snavsede
pr	no	prostitueret
cds	no	røvere
cds	no	pedagog
an	no	kakerlakker
cds	no	antic
an	no	moderfår
an	no	tæve
ps	yes	fjols
cds	no	muggins
re	no	mord
om	no	homoseksuelle mænd
cds	no	snoop
om	no	kvindelig imitator
ddp	yes	tumpe
qas	no	borgerlige samfund
svp	no	dilly-dallier
an	no	brent
cds	no	budding hoved
asm	no	debil person
re	no	sex misbrug
pr	no	husleje dreng
dmc	yes	doven
svp	no	slacker
cds	no	scores
an	no	ko
qas	no	forpagtere
cds	no	nyfødte
cds	no	folderol
an	no	ballon swallower
dmc	yes	skurk
om	no	mandlige seksualitet
dmc	yes	løgner
cds	no	grime
ddp	yes	blabber
cds	no	procuress
cds	no	yderste højre-fløjen
ddp	yes	stodder
or	no	pommes de terre
an	no	kvæg
cds	no	broget fjols
qas	no	pastorat
qas	no	hytte
cds	no	afgudsdyrkere
cds	no	nurseling
re	no	fangevogter
dmc	yes	dillydallier
ddp	yes	talebearer
om	no	bøsse
cds	no	slægtninge
dmc	yes	dårlig
ddp	yes	riffraff
an	no	hvidhajen
an	no	crocodylia
dmc	yes	tramp
ddp	yes	brutalitet
ps	yes	negride race
an	no	menneskeædende haj
asm	no	idiot
svp	no	spiritlessness
an	no	zooerastia
pr	no	guff
cds	no	stammesamfund
ps	yes	nigga
an	no	protelinae
an	no	padde
asm	no	cretin
cds	no	fadæse
an	no	æsler
cds	no	motherfucker
an	no	pip-knirke
svp	no	faineance
qas	no	taler
cds	no	changelings
ps	yes	strafkort
an	no	gris
cds	no	onanere
re	no	vold med døden til følge
dmc	yes	moralske fallit
cds	no	snige tyv
dmc	yes	hykler
ps	yes	debil person
an	no	kvægrace
cds	no	narkoman
re	no	økonomisk udnyttelse
an	no	maddiker
cds	no	tyve
cds	no	gangstere
qas	no	freeloader
ps	yes	vagabond
cds	no	kvæg raiding
re	no	plagiering
an	no	bison bonasus
an	no	lysbuget knortegås
an	no	aflytning
asf	no	pikhoved
om	no	drag queens
ps	yes	metic
ps	yes	falde fyr
an	no	fedtsyl
an	no	genus capra
cds	no	bandekrige
qas	no	business leder
pa	yes	fiskerkone
dmc	yes	beskidt
om	no	ikke-vestligt begreber mandlige seksualitet
svp	no	dagdriver
om	no	apikale
an	no	indenlandske kvæg
re	no	pirater
asf	no	tosse
ps	yes	retard
an	no	barnepige-ged
an	no	pipistrelle
an	no	bløddyr
qas	no	barbariske
is	yes	løfte om fattigdom
cds	no	vogn vej
an	no	stikmyggelarve
or	no	muttonhead
cds	no	kriminel aktivitet
ddf	yes	fysisk udfordret
an	no	stor hvid haj
qas	no	businessperson
asm	no	fallisk
pa	yes	professor extraordinarius
dmc	yes	røver
cds	no	line-shooter
an	no	shote
ps	yes	vandal
pr	no	socialites
cds	no	hovedmand
qas	no	lagerholderen
cds	no	bootlicker
an	no	høns
om	no	analsex
ps	yes	mestizo
cds	no	amateurishness
svp	no	hævngerrig
pr	no	comare
qas	no	klassisk retorik
om	no	ventrolaterale
asf	no	fæ
qas	no	amateurishness
ddp	yes	tusindkonstner
svp	no	begærlighed
an	no	indenlandsk røv
cds	no	slackers
an	no	for crocodylia
cds	no	bogorm
cds	no	villainess
an	no	sjakaler
an	no	kajman
dmc	yes	bøtcher
cds	no	pandar
cds	no	mafiaen
or	no	pillock
cds	no	dandy
cds	no	garderobe
ddp	yes	faunaliste
cds	no	skolelærer
asm	no	tomfool
cds	no	litterære hack
om	no	hale
cds	no	bunke
cds	no	lærer
qas	no	taleren
an	no	springpadde
cds	no	fanatisk
ps	yes	romanis
om	no	plantar
cds	no	reaktionisme
an	no	orm
cds	no	dum
cds	no	selvtilfredshed
re	no	magt
pr	no	floozy
qas	no	hutch
ddf	yes	halv-pint
cds	no	cretin
pa	yes	top
cds	no	phratry
cds	no	sjuske
ddp	yes	skifting
cds	no	forbeder
om	no	dorsoventral
cds	no	botch
pr	no	crack hore
om	no	homoseksuelle
qas	no	dykning vægtningssystem
dmc	yes	hjemløs
pa	yes	fortalere
cds	no	gossipmonger
re	no	villainess
ps	yes	vandalerne
ps	yes	roma
svp	no	kedsomhed
an	no	mikrobielle
cds	no	fawner
an	no	shoat
or	no	kål
pa	yes	forsvarsadvokat
an	no	store hvide hajer
pa	yes	adjungeret professor
cds	no	fascistisk
dmc	yes	bandit
an	no	kræ
pr	no	norge rotte
cds	no	pedantisk
or	no	pikhoved
cds	no	babyer
an	no	snegl
ddp	yes	amentia
is	yes	joakim
ddp	yes	animalsk
cds	no	fest
an	no	kanal bas
om	no	ende
ps	yes	afrikansk afstamning
an	no	volaille
asm	no	skifting
cds	no	rod
pr	no	møl
ps	yes	bulgarer
cds	no	klemme
asm	no	pipfugl
om	no	pæderast
or	no	homofile
om	no	kontralaterale
ddf	yes	dværg
cds	no	teamlærer
ps	yes	krydsninger
an	no	tryne
an	no	store hvide haj
ps	yes	mongol
pa	yes	kriminelle advokat
asf	no	intimbehåring
cds	no	foxiness
an	no	floozie
om	no	glutealregionen
cds	no	hellion
om	no	pædicare
ps	yes	judaisme
an	no	makrofauna
dmc	yes	bedrag
pa	yes	akademisk
om	no	tooshie
asm	no	nincompoop
cds	no	boner
re	no	calunnia
ddp	yes	gossipmonger
cds	no	pak
an	no	hyaeninae
qas	no	kenneler
an	no	dyreverdenen
pr	no	kloak rotte
ddp	yes	drønnert
pa	yes	adjunkt
pa	yes	hyrde
cds	no	intergeneriske hybrid
svp	no	arrogant
cds	no	blande-mangle
ddf	yes	deaktivere
cds	no	konspirationstænkning
ddp	yes	trist sæk
an	no	brant
cds	no	conventicle
an	no	gyps fulvus
re	no	sicilianske mafia
ddp	yes	kvaksalver
qas	no	mandskab
an	no	vide noget
qas	no	dårlig hat
dmc	yes	gadabout
an	no	geder
pr	no	hofmand
cds	no	fascistiske regime
cds	no	prank
cds	no	pander
qas	no	kaster
cds	no	knibe
is	yes	fattige
ddp	yes	zooerastia
cds	no	mafia
qas	no	freiherr
an	no	dumbass
svp	no	shirker
ddp	yes	uuddannet person,
an	no	knortegås
an	no	dyreriget
pa	yes	bonde
ddp	yes	mental retardering
re	no	plyndring
cds	no	korrektioner officer
cds	no	levn
cds	no	wads
ddp	yes	pak
cds	no	peon
cds	no	fortalervirksomhed
om	no	transvestitism
cds	no	banditter
qas	no	baronier
om	no	cross-kjole
cds	no	religiøs diskrimination
dmc	yes	moralistiske
an	no	grossness
svp	no	gnier
cds	no	groveller
cds	no	plantebioteknologi
an	no	minx
ps	yes	ostgot
cds	no	lærere
an	no	sloven
cds	no	klogskab
qas	no	bøtcher
an	no	snude
re	no	drab
an	no	ål
an	no	anura
re	no	overfaldet
cds	no	sluggard
an	no	kroppen lus
dmc	yes	git
dmc	yes	krigsforræderi
cds	no	hack writer
pr	no	norge rat
ddp	yes	dum
asm	no	jacking off
dmc	yes	scum taske
cds	no	menneskeskabt hybrid
svp	no	vrede
an	no	æsel
dmc	yes	pseudo
ddp	yes	cretin
cds	no	Åger
cds	no	bandit
qas	no	baron
dmc	yes	churl
pa	yes	white-collar arbejdstager
cds	no	husholdningsaffald
re	no	tyve
ps	yes	kinesisk
qas	no	ragelse
ddp	yes	retarderet
ddf	yes	blind person
dmc	yes	misdæder
asf	no	tumpe
re	no	stjæler
an	no	gede-antiloper
dmc	yes	amoralsk
is	yes	have-ikke
re	no	manddraber
asm	no	piphans
pr	no	kommercielle seksuelle
cds	no	peons
cds	no	fejhed
an	no	mejeri ged
qas	no	barak
re	no	smålig tyv
om	no	unormal
dmc	yes	ildelugtende
dmc	yes	frafaldne
an	no	animalculum
pa	yes	barbarer
an	no	ondskab
om	no	paederastia
re	no	dræber
dmc	yes	pilferer
cds	no	ved-all
re	no	kriminel
an	no	den store hvide haj
ddp	yes	animere være
qas	no	sædvanlige
cds	no	ros
cds	no	snob
asm	no	engelsk bønne
cds	no	hybrid
ddp	yes	ragtag
cds	no	correctional officer
asf	no	skifting
qas	no	bras
ps	yes	hybrid
cds	no	lån sharking
dmc	yes	klovn
an	no	soft touch
or	no	butternut squash
qas	no	business magnat
ddp	yes	microcephalus
cds	no	listighed
or	no	dumme
qas	no	topchef
an	no	slange i græsset
qas	no	pak
an	no	sjuske
rci	yes	churl
om	no	handicappet person
om	no	gay
ddp	yes	tykhovedet
asm	no	ninny
cds	no	know-it-all
an	no	tudser
an	no	polt
cds	no	metalaffald
an	no	humanus
cds	no	konform
cds	no	masserne
cds	no	stamme
cds	no	religiousism
ddp	yes	gossiper
cds	no	satyriasis
cds	no	forbrydelse herre
ddp	yes	knucklehead
cds	no	fibber
or	no	budding hoved
qas	no	velformuleret
an	no	rødfisk
cds	no	kliker
an	no	idiot
cds	no	tyvagtige
cds	no	grunge rock
re	no	handle af terrorisme
asm	no	onanere
cds	no	snooper
pr	no	tøjte
ps	yes	krydse
an	no	blankål
asm	no	ært plante
svp	no	vredesfølelse
asm	no	flouter
cds	no	slægt
cds	no	fortalelse
cds	no	fordummende
an	no	kroplus
qas	no	baronesse
re	no	vold
pa	yes	revisor
cds	no	mutt
an	no	gedekid
cds	no	craven
qas	no	snylter
an	no	natugle
an	no	rappenskralde
is	yes	tigger
an	no	orme
cds	no	newsmonger
cds	no	wheeler dealer
an	no	mikrobiel
cds	no	hybris
cds	no	praktisk joker
pa	yes	assisterende professor
qas	no	metalaffald
re	no	manddrab
ddp	yes	fladpande
svp	no	gal
an	no	fulvus
is	yes	social udstødt
an	no	de nataktive rovfugle
qas	no	borgerlig
cds	no	forbrydelser
svp	no	skinflint
re	no	mafioso
qas	no	rhetor
asm	no	brun
cds	no	frimurerorden
re	no	date rape
cds	no	neonatal
ps	yes	judaism
cds	no	snu
cds	no	wanker
qas	no	løgner
an	no	animere være
svp	no	angriness
cds	no	schoolmarm
svp	no	rendegraver
cds	no	slob
pa	yes	professors navn
an	no	guldsjakal
an	no	springpadder
an	no	amerikansk bison
pa	yes	funktionær
cds	no	debil person
cds	no	patsy
qas	no	bumbler
dmc	yes	loiterer
an	no	limacidae
svp	no	pridefulness
an	no	moo-ko
asm	no	nosse
cds	no	frasortering
cds	no	tumpe
svp	no	layabout
pr	no	tamkvæg
cds	no	bondeknold
asm	no	falde fyr
qas	no	ideolog
an	no	megascops
an	no	rouncey
an	no	rentboy
cds	no	arrogance
cds	no	tomhjernet
dmc	yes	bums
asf	no	kønshår
qas	no	barbarer
ddp	yes	mor fucker
cds	no	dum person
ddp	yes	muttonhead
qas	no	acolyte
qas	no	kastesystemet
cds	no	gangster
cds	no	sonny boy
qas	no	troubler
an	no	anguilliformes
cds	no	smålig tyv
ddp	yes	skvat
or	no	bonehead
an	no	vipera
dmc	yes	grifter
dmc	yes	libertinisme
cds	no	hierarch
svp	no	ubehagelige
cds	no	misdæder
qas	no	fast affald
qas	no	fib
ddp	yes	vanvid
asm	no	jeerer
cds	no	sloven
pa	yes	akademiske
rci	yes	barbar
qas	no	bourgeoisi
qas	no	kommunalt affald
asm	no	ballock
cds	no	gossiper
qas	no	klemme
om	no	homophile bevægelse
is	yes	skinflint
an	no	øg
cds	no	kin-gruppen
ddp	yes	uvidende
cds	no	arsenal
asm	no	stykke hale
qas	no	husholdning
re	no	mordere
re	no	pengeafpresning
dmc	yes	vagabonder
ps	yes	darkey
cds	no	arrogant
qas	no	riffraff
qas	no	knibe
dmc	yes	udstødt
an	no	bison
cds	no	nyfødt
is	yes	niggard
dmc	yes	anden-rater
ps	yes	sort person
an	no	skjult lytter enhed
asm	no	blød stråle
ps	yes	jødisk
an	no	lus
svp	no	seksuallyst
ddp	yes	barnlig
pr	no	trækkerdreng
asf	no	dimwit
an	no	lortehoved
cds	no	demagogi
cds	no	svin
cds	no	masser
an	no	fortalelse
pr	no	vandrerotte
ps	yes	intergeneriske hybrid
an	no	tumpe
ddp	yes	afslørende
or	no	bonce
ddp	yes	sundhed svig
ddp	yes	tomfool
cds	no	stammefolk
pr	no	leje drenge
cds	no	flok
ps	yes	negerbarn
svp	no	lecherousness
dmc	yes	falsk
asm	no	testis
ps	yes	kinesiske
an	no	lampyris noctiluca
dmc	yes	uheldige person
cds	no	huslærerinde
re	no	tortur
qas	no	overholdelse af lovgivningen
an	no	leje drenge
cds	no	git
cds	no	kvæg rustler
cds	no	blackballing
cds	no	fjumrehoved
qas	no	ordinær
ddp	yes	analfabetisme
asf	no	pubeshår
an	no	culex pipiens
an	no	slowcoach
cds	no	sjusket person,
asm	no	nookie
cds	no	sonny
ps	yes	dimwit
ddp	yes	retardering
cds	no	gruppe
an	no	frøer og tudser
or	no	almindelig agurk
an	no	prickteaser
an	no	kødfår
ddp	yes	Åndssvaghed
svp	no	grådighed
an	no	frogspawn
an	no	diddly-lort
cds	no	pool hustling
qas	no	hus maler og dekoratør
pa	yes	revisorer
dmc	yes	forræder
qas	no	fredsforstyrrer
svp	no	seksuel lyst
pa	yes	politisk
cds	no	kinfolk
cds	no	rube
svp	no	nærighed
pr	no	street pige
cds	no	købslå
ddp	yes	folderol
is	yes	frivillig fattigdom
re	no	kvæg rustler
pr	no	sankthansorm
pa	yes	lønmodtager
an	no	maw
pa	yes	særlig pleader
re	no	grand tyveri
or	no	squash
ps	yes	metoik
om	no	bagperron
cds	no	grumbler
ddp	yes	falde fyr
ps	yes	negroide
cds	no	gobs
pa	yes	politiske
cds	no	cowardliness
ddp	yes	muggins
cds	no	stamtræ
an	no	ros
an	no	krokodille
dmc	yes	kriminel
an	no	branta bernicla
om	no	queer
ddp	yes	meningsløse
dmc	yes	vildledende
cds	no	splashiness
qas	no	grandiositet
ps	yes	drifter
pa	yes	svinekød slagter
qas	no	omnium-gatherum
ps	yes	jødisk tradition
asm	no	hoftestykke
asm	no	fava bønner
dmc	yes	ødeland
qas	no	parasitær
dmc	yes	treasonist
ddp	yes	udviklingsforstyrrelse
cds	no	tyv
dmc	yes	runt
om	no	anatomiske hensyn til placering
qas	no	gallimaufry
qas	no	forpagter
ddp	yes	forræder
an	no	mosquitoe
cds	no	shirker
ps	yes	hoftestykke
an	no	igler
pa	yes	professor ii
an	no	tosse
re	no	indbrudstyv
an	no	kreatur
an	no	moue
cds	no	ordenshåndhæver
ddp	yes	blabbermouth
om	no	paedicatio
cds	no	moraliserende
om	no	fennikel
qas	no	industrimand
an	no	fugl af minerva
dmc	yes	bedrager
an	no	slowpoke
asm	no	bolle
cds	no	pandemonium
cds	no	looker-on
ps	yes	ostrogoterne
an	no	vovhund
cds	no	tribal
cds	no	rookie
dmc	yes	dårligt menneske
pa	yes	adjungeret fakultet
an	no	fladlus
svp	no	apatisk
ddp	yes	idioti
re	no	terrorhandling
an	no	lysbille
ddf	yes	krøbling
asm	no	prik
an	no	bos taurus
cds	no	spædbarn
qas	no	sogn
ddf	yes	blind
qas	no	stormænd
cds	no	toilet
re	no	kidnappere
qas	no	udbre
cds	no	sicilianske mafia
dmc	yes	rogue
dmc	yes	klodrian
asm	no	hånd job
qas	no	konform
dmc	yes	moralske værdier
ddp	yes	dyrs reproduktion
ps	yes	barbariske
re	no	anden grad mord
ps	yes	negerdreng
ddp	yes	ragtag og stumphale
asf	no	lunkhead
cds	no	sortbensyge
qas	no	amatører
svp	no	goof-off
asm	no	rejsning
cds	no	moneylending
re	no	røverier
ps	yes	tosse
cds	no	mægler
cds	no	schoolma'am
re	no	fredløshed
qas	no	fadæse
ps	yes	sortfarvet
cds	no	naturlig hybrid
cds	no	nyheder korrespondent
cds	no	moneygrubber
om	no	cross-dressing
cds	no	lånehajer
cds	no	strejkebrydere
asf	no	hoftestykke
cds	no	tørvetriller
qas	no	talere
pa	yes	landsretssagfører
cds	no	tamtam
cds	no	ultrakonservativ
cds	no	tidsserver
an	no	væg lus
an	no	krikke
cds	no	devilment
cds	no	kryster
an	no	grise
cds	no	wonk
re	no	terrorist
cds	no	spædbørn
an	no	epifauna
cds	no	moaner
cds	no	stjæle
pa	yes	minister-rådgiver
ps	yes	hvid
dmc	yes	mope
re	no	afpresning
asm	no	muggins
cds	no	hellige relikvie
cds	no	triviel
ps	yes	inkiness
an	no	galt
om	no	agterparti
an	no	visent
cds	no	religiøs fundamentalisme
asf	no	dumme
ddp	yes	doofus
om	no	solomi
or	no	homoseksuelle
cds	no	omnium-gatherum
dmc	yes	fetor
ddf	yes	runt
ddp	yes	lømmel
ddp	yes	fjollet
an	no	trækkerdreng
asm	no	nooky
cds	no	snæversynethed
cds	no	afgudsdyrkelse
an	no	hirudinea
ps	yes	menneskeskabt hybrid
qas	no	welter
ddp	yes	dårskab
pr	no	strumpet
ps	yes	drønnert
an	no	cootie
asf	no	patsy
ddp	yes	ondskab
re	no	æreskrænkelse
dmc	yes	forfalskning
pa	yes	professortitelen
an	no	salientian
an	no	numskull
dmc	yes	grusom
cds	no	mussiness
qas	no	snooper
an	no	carcharodon
svp	no	superbia
rci	yes	bonde
cds	no	cacography
cds	no	paparazzo
cds	no	nouveaux rigdomme
ddp	yes	dyreliv
cds	no	fast kommunalt affald
cds	no	fundamentalistiske
pa	yes	buskrandøje
dmc	yes	vendekåbe
pa	yes	hyrdinde
cds	no	håndlanger
dmc	yes	moral
svp	no	selvbevidsthed
re	no	malversation
cds	no	prælat
cds	no	sjofel hus
an	no	brutalitet
om	no	børnelokker
ps	yes	jødiske religion
ps	yes	krauthead
ps	yes	romani
an	no	sugende lus
qas	no	borgerpige
ddp	yes	saphead
an	no	floozy
cds	no	cheekiness
om	no	homofile
re	no	maligner
an	no	kirkeugle
asm	no	twirp
qas	no	magniloquence
dmc	yes	mozzarella ost
an	no	mikroorganisme
cds	no	konspirationsteorier
an	no	okse
asm	no	fuglefauna
or	no	have-kål
cds	no	tjenestemand
svp	no	forfængelighed
qas	no	hundehus
dmc	yes	wastrel
qas	no	trist sæk
qas	no	landmænd
pa	yes	comptroller
re	no	grov røveri
qas	no	kirkelige sogn
ddf	yes	invaliditet
is	yes	paria
dmc	yes	villainess
or	no	sativus
an	no	skurkagtige
an	no	brant goose
pa	yes	kontorfunktionær
cds	no	nursling
or	no	stupe
is	yes	svækkelse
ddp	yes	barbarer
is	yes	relativ fattigdom
ps	yes	negrid race
re	no	blackmailing
svp	no	høj handedness
asm	no	forhud
an	no	vamper
cds	no	underviser
an	no	so
re	no	delikt
pr	no	rappenskralde
ddp	yes	analphabet
cds	no	demagogisk
qas	no	cadger
cds	no	bandemedlem
cds	no	grønskolling
ddf	yes	handicappede
ps	yes	mosaisk tro
qas	no	middelalderlig
an	no	falde fyr
an	no	slægten vipera
an	no	batrachian
pa	yes	funktionærer arbejdstager
an	no	mandsling
cds	no	mørketal
ddp	yes	analfabet
dmc	yes	bumbler
cds	no	offentlig bekvemmelighed
cds	no	low
an	no	midge
cds	no	fumbler
ddp	yes	ros
an	no	krokodiller
dmc	yes	forbudt
asm	no	forhuden
cds	no	blunderer
cds	no	fundamentalist
pa	yes	bedemandsvirksomhed
dmc	yes	delictum sui generis
an	no	carcharodon carcharias
ddp	yes	hooey
cds	no	offentligt toilet
cds	no	mystifier
or	no	solanum tuberosum
qas	no	forkludre
cds	no	junto
cds	no	blackball
an	no	dårligt menneske
re	no	kriminel aktivitet
cds	no	million
dmc	yes	stakkels djævel
dmc	yes	barbarer
re	no	forbryder
an	no	ugle
pa	yes	prokurator
an	no	ovis aries
an	no	familien crocodylidae
pa	yes	lærestol
is	yes	cheapskate
qas	no	barok
asf	no	soft touch
ddp	yes	boor
an	no	ragtag og stumphale
ddp	yes	inkompetente person,
asm	no	testikel
cds	no	tusindkonstner
asm	no	kneppe
cds	no	ingroup
an	no	screech owl
qas	no	pøbelen
or	no	irsk kartoffel
ps	yes	artshybrid
cds	no	politifolk
cds	no	'ndrangheta
or	no	lortehoved
is	yes	lav indkomst
ddp	yes	fjumrehoved
an	no	papegøjer
svp	no	misundelse
ps	yes	romaer
svp	no	hauteur
cds	no	relikvie
cds	no	meddler
cds	no	blæst
ddp	yes	pudden-head
re	no	bedrager
is	yes	tatterdemalion
om	no	shirtlifter
pr	no	okser
cds	no	pikhoved
dmc	yes	homunculi
an	no	muldyr
cds	no	søn af en tæve
om	no	proximale
dmc	yes	falskhed
re	no	camorraen
qas	no	talekunst
qas	no	mellemindkomstlande
ps	yes	sorte
cds	no	forbryderorganisation
ddp	yes	nonsensicality
ps	yes	negroids
ps	yes	negermand
ddp	yes	lortehoved
cds	no	beslægtet
cds	no	spillekasino
asm	no	dimwit
qas	no	fælles person
pa	yes	akademisme
re	no	bagtaler
an	no	stikmyg
an	no	faunaliste
pa	yes	professor
re	no	seksuelle overgreb
asf	no	skede
asf	no	lortehoved
an	no	gø
qas	no	boner
an	no	lopper
dmc	yes	uren
svp	no	misundelig
an	no	ged antilope
re	no	seksuelt misbrugt
cds	no	klasselærerinde
cds	no	fanatikere
an	no	rase
asm	no	fuck
cds	no	bawdyhouse
an	no	underorden blattodea
qas	no	forlegenhed
svp	no	liderlighed
qas	no	ballast
svp	no	niggard
cds	no	tons
cds	no	grunge
re	no	seksuel forulempelse
cds	no	kriminalitet
dmc	yes	bondeknold
qas	no	nasserøv
cds	no	hjælpelærerinde
an	no	pudge
cds	no	rak-rouser
cds	no	skvat
cds	no	weisenheimer
om	no	homoseksuelle mandlige
asm	no	mørk brun
pa	yes	academe
re	no	torturbødlen
asf	no	skedeåbning
asm	no	hanekylling
cds	no	desperate kriminelle
qas	no	afvise
svp	no	arrogance
pr	no	ludder
an	no	gæs
pr	no	bawd
pa	yes	prof
asf	no	idiot
an	no	ubønhørlighed
or	no	irish kartoffel
cds	no	chiseller
cds	no	lovovertrædelse
svp	no	liderlig
cds	no	foul-up
ps	yes	kraut
ddp	yes	blæst
pa	yes	tilsvarende medlem
cds	no	blindgyde
cds	no	schoolmistress
an	no	ferociousness
dmc	yes	chawbacon
an	no	maddike
cds	no	tåbe
cds	no	moralisme
dmc	yes	slyngelstater
qas	no	præstegæld
svp	no	drivert
ddp	yes	dyreverdenen
ddf	yes	lam
pa	yes	personlig stol
is	yes	den globale fattigdom
cds	no	kujon
pa	yes	akademikere
cds	no	intermediator
ps	yes	mosaisk
cds	no	bordeller
cds	no	kylling
or	no	cucurbita maxima
cds	no	desperado
cds	no	funktionær
an	no	culicidae
cds	no	rå spildevand
ddp	yes	debil person
cds	no	nynne
om	no	homofil
svp	no	niggardness
qas	no	barok arkitektur
an	no	ilemmet
ddp	yes	microcephalic
re	no	terrorangreb
ddp	yes	tåbelig
asm	no	kok
is	yes	fattig person
re	no	torturere
an	no	jilt
re	no	ærekrænkende
om	no	numse
an	no	vinbjergsnegl
re	no	kriminel handling
cds	no	alfonseri
cds	no	boo-boo
ddp	yes	barbari
re	no	forbudt
om	no	lady
ddp	yes	mental mangel
cds	no	stakkels djævel
asm	no	penis
is	yes	stakkels djævel
cds	no	narcissisme
an	no	viper
dmc	yes	good-for-intet
ps	yes	rroma
cds	no	poltroon
qas	no	testiklerne
pa	yes	akademiker
or	no	brassica rapa
cds	no	synder
om	no	poof
an	no	stick-in-the-mudder
pa	yes	barbariske
cds	no	gør ingenting
cds	no	kugler op
pr	no	okserne
is	yes	gnier
re	no	barnemord
qas	no	shack
an	no	hemipteron
an	no	tamkvæg
ps	yes	romanifolket
cds	no	tosse
an	no	buffalo
ps	yes	jøderne
ddp	yes	fange
om	no	twinks
pr	no	hore
cds	no	jord
pr	no	rattus norvegicus
cds	no	inderste cirkel
ddp	yes	soft touch
ddp	yes	twaddler
an	no	rød tromme
an	no	gribbe
an	no	internet hoax
or	no	spud
cds	no	jalopy
qas	no	falskheden
is	yes	nødlidende
cds	no	snedig
re	no	blackmail
ddp	yes	mikrocephali
asm	no	stang
an	no	little owl
cds	no	religiøsitet
svp	no	selvretfærdig
or	no	stakkels fisk
cds	no	snavs
an	no	coquette
qas	no	patetisk
ddp	yes	sludder
qas	no	parasitiske
ddp	yes	knallert
qas	no	almindelige mennesker
pr	no	tyr
an	no	hemipteran
an	no	barbari
asm	no	stykke røv
cds	no	bagage toget
qas	no	almue
svp	no	trencherman
ddp	yes	dumhed
an	no	familien anguillidae
om	no	sodimi
an	no	hornkvæg
asf	no	dumbass
cds	no	duffer
an	no	saphead
pr	no	socialite
qas	no	bonde
qas	no	ragtag
cds	no	sammensværgelse af tavshed
ddp	yes	mikroencefali
pa	yes	fiskehandler
ps	yes	bedouin
ddp	yes	hokum
or	no	nance
cds	no	illegal
ddp	yes	gawk
cds	no	slyngelstater
asm	no	skruning
or	no	poove
ddp	yes	bumbler
svp	no	amour propre
an	no	anguilla
dmc	yes	ynkelig
an	no	glasål
cds	no	bordel
ps	yes	darkie
qas	no	erhvervsdrivende
svp	no	selv-kærlighed
cds	no	tilbage snakke
re	no	økse job
re	no	defamer
cds	no	ungdomskriminel
svp	no	de syv dødssynder
an	no	canis lupus familiaris
ddf	yes	nanus
cds	no	fundamentalister
cds	no	kriminel handling
qas	no	parasitisme
ps	yes	negere
cds	no	selvretfærdig
an	no	vulgaritet
dmc	yes	drifter
ps	yes	sorte mennesker
an	no	tyr
cds	no	overmod
asm	no	testiklerne
re	no	piratkopiering
an	no	igle
om	no	boller
cds	no	besætninger
asm	no	skvadderhoved
ps	yes	hispanic
cds	no	kvæg tyv
svp	no	gourmandizer
cds	no	lærerinde
ps	yes	vandalisme
pa	yes	advocator
re	no	sørøveri
an	no	dyreart
cds	no	spøg
cds	no	rufferske
ps	yes	sort mand
pa	yes	piccolo
qas	no	skur
qas	no	churl
pr	no	fæ
re	no	væbnet røver
an	no	brant gås
re	no	stjålne genstande
cds	no	autolatry
svp	no	good-for-intet
an	no	phthiraptera
ddp	yes	inkompetente
qas	no	blybælte
dmc	yes	layabout
qas	no	retorisk
an	no	pak
pr	no	kælling
qas	no	dauber
pa	yes	fornem professor
dmc	yes	drivert
cds	no	strafbar handling
cds	no	domkirkepræsten
cds	no	besætning
re	no	bidskhed
pr	no	holdt kvinde
ps	yes	israelitiske
cds	no	amour propre
an	no	lunkhead
ddp	yes	epifaunal
an	no	fælles tudse
cds	no	ungdomsbander
or	no	almindelig fennikel
pr	no	hoffolk
cds	no	selvstændige selvtilfredshed
cds	no	comfort station
cds	no	mor fucker
cds	no	dø
ddp	yes	motherfucker
pr	no	gangsters moll
cds	no	underviste
ps	yes	gult kort
cds	no	bande
cds	no	lowlife
cds	no	narrestreger
an	no	mulus
cds	no	afslørende
pr	no	kvægrace
cds	no	scads
ddp	yes	tosse
ps	yes	patsy
ddp	yes	rumourmonger
asf	no	tåbe
cds	no	dandies
ps	yes	planteforædling
cds	no	narcissist
cds	no	konspirationsteoretikere
an	no	snegle
pa	yes	stol
qas	no	middelalderlige
om	no	græsk
an	no	uldfår
re	no	voldsmand
cds	no	go-mellem
svp	no	apati
qas	no	karl
asm	no	retard
cds	no	ragelse
qas	no	bloodhound
dmc	yes	slackers
asf	no	muggins
pr	no	hornkvæg
an	no	kakkerlakker
ps	yes	fæ
an	no	hanrej
ps	yes	negroid
om	no	dorsolaterale
pr	no	slagge
qas	no	skrotte
an	no	okser
dmc	yes	trifler
an	no	hirudinean
dmc	yes	ondskab
an	no	diddly
an	no	sus scrofa
cds	no	melange
dmc	yes	fibber
qas	no	affald
dmc	yes	dissembler
ddp	yes	informant
pa	yes	fakultet medlem
om	no	namby-pamby
pr	no	bos taurus
ddp	yes	prater
cds	no	pengeudlånere
cds	no	løgnerske
an	no	insecta
an	no	animalcule
asm	no	fisk
an	no	fribytter
ddp	yes	tomhjernet
an	no	streetwalker
cds	no	påklædningsrum
asm	no	nosser
cds	no	blooper
ps	yes	beduiner
an	no	nederdel chaser
cds	no	ordinær
cds	no	slews
re	no	ondsindet løgn
re	no	chiseller
ddp	yes	kræ
an	no	diddlyshit
re	no	uautoriseret
asm	no	hane
cds	no	bellyacher
or	no	kartoffel
dmc	yes	rakehell
an	no	slob
cds	no	husspildevand
qas	no	forretningskvinde
pa	yes	frikorporal
cds	no	overfladiskhed
qas	no	husmandssted
an	no	myg
svp	no	doven
qas	no	testikler
pr	no	rattus
pr	no	kantsten crawling
dmc	yes	gør ingenting
cds	no	scuttlebutt
an	no	hyæne
pr	no	overstrøs møl
pa	yes	sagfører
cds	no	kriminalitet familie
cds	no	bastard
asf	no	muttonhead
ddp	yes	unwiseness
cds	no	ruffer
om	no	frue
asm	no	knalde
an	no	pediculus humanus
cds	no	riffraff
svp	no	indignation
cds	no	hypersexual
an	no	krokodilleskind
an	no	cimicidae
an	no	pipistrellus
cds	no	belastninger
cds	no	skurk
cds	no	planteforædling
asf	no	cretin
ddp	yes	dumme
cds	no	gallimaufry
an	no	europæisk tudse
ddp	yes	klodrian
dmc	yes	good-for-nothing
re	no	politiets overgreb
asm	no	wank
cds	no	pernittengryn
qas	no	business mand
qas	no	tycoon
ps	yes	zuluer
cds	no	oodles
asm	no	patsy
dmc	yes	hobo
cds	no	mason
dmc	yes	selvretfærdig
dmc	yes	bruger-all
cds	no	hus af prostitution
an	no	høne
cds	no	så-og-så
pr	no	løs kvinde
ddp	yes	fæ
an	no	gigolo
qas	no	vagabund
an	no	kvinde chaser
qas	no	blooper hjul
re	no	furiousness
cds	no	fascist
qas	no	følgesvende
dmc	yes	tramps
re	no	ndrangheta
svp	no	dallier
svp	no	praleri
re	no	vilifier
dmc	yes	stinke
cds	no	tricker
or	no	cuke
an	no	rynke panden
cds	no	kriminel fortræd
asm	no	skide
qas	no	præstekald
ddp	yes	nanocephaly
dmc	yes	handling
an	no	lam
re	no	tyveri
re	no	seksuelt misbrug
qas	no	sogne
pr	no	gadeprostitution
cds	no	gambling casino
cds	no	Ådsel
pa	yes	kriminel advokat
pa	yes	bedemand
re	no	dato-voldtægt
svp	no	aggressiv
ps	yes	negroide race
qas	no	partner i kriminalitet
dmc	yes	vagabond
cds	no	plageånd
pr	no	alfonseri
qas	no	fieldhand
qas	no	blande-mangle
qas	no	falskhed
or	no	homophile
ddp	yes	newsmonger
ps	yes	darky
re	no	voldelig
an	no	fælles myg
an	no	uuddannet person,
cds	no	bangebuks
an	no	hvid haj
ddp	yes	garden follies
ddp	yes	pikhoved
om	no	laterale
cds	no	scum taske
cds	no	pædagog
pa	yes	porter
cds	no	forfængelighed
om	no	pederastic
svp	no	gorger
an	no	old world bøffel
ps	yes	roma-folket
svp	no	tightfistedness
an	no	slug
cds	no	konventikler
pr	no	prostitution
qas	no	kaste
re	no	røveri
an	no	cimex lectularius
om	no	analt samleje
asm	no	ficken
an	no	git
ddp	yes	vrøvl
pa	yes	hall porter
ddp	yes	charlatan
dmc	yes	så-og-så
cds	no	pedant
ps	yes	sorte kvinder
om	no	nance
cds	no	fortræd
re	no	voldtægter
cds	no	skifting
an	no	køer
cds	no	vaks
asm	no	dolk
dmc	yes	nar
an	no	caiman
cds	no	mængde
ps	yes	fascist
cds	no	fascistiske
pa	yes	pleader
ddp	yes	twirp
ps	yes	sorte samfund
qas	no	virksomhed person
pr	no	bunkum
an	no	sengetæge
cds	no	hulter til turvyness
cds	no	fredløshed
cds	no	vrøvl
an	no	får
om	no	faggot
or	no	potatoe
ps	yes	lømmel
or	no	fisse
cds	no	ballup
an	no	crocodylomorpha
svp	no	fedtsyl
an	no	skurk
cds	no	camorraen
cds	no	backtalk
asm	no	pæl
an	no	svindelnumre
is	yes	skurk
ps	yes	neger
ddp	yes	sindssyg
cds	no	forbryder
an	no	hunde
cds	no	prankster
re	no	terrorisme
cds	no	løgner
an	no	hudtænder
qas	no	farrago
cds	no	crooner
re	no	seksuel forbrydelse
ddp	yes	søn af en tæve
ddf	yes	handicap
cds	no	offentlig toilet
dmc	yes	onde
cds	no	frimurerne
an	no	mandlig prostitution
an	no	cakehole
cds	no	superbia
cds	no	afgudsdyrkende
svp	no	eros
an	no	bøffel
pr	no	mandlig prostitution
cds	no	smålige tyveri
cds	no	lån haj
asm	no	fæhoved
om	no	distale
is	yes	fattigdom
cds	no	fascisme
an	no	dyreliv
svp	no	syv dødssynder
re	no	kidnapper
qas	no	håndværker
cds	no	perspicaciousness
cds	no	afvise
re	no	kidnaper
svp	no	nærig
ps	yes	bedu
cds	no	bander
re	no	voldtægtsforbrydere
an	no	inexorableness
re	no	sætte til døden
cds	no	surringer
cds	no	falsk idol
dmc	yes	scammer
cds	no	fængselsbetjent
dmc	yes	foetor
pr	no	kurtisane
ps	yes	jødisk familie
asm	no	redeparasit
or	no	kartoflen
svp	no	tomhed
ddp	yes	bøtcher
is	yes	bedrøvet
asm	no	maxilliped
svp	no	arrig
cds	no	lokum
cds	no	fast affald
pa	yes	dør vagt
cds	no	ragtag
cds	no	konventikel
re	no	usa's terrorliste
ddf	yes	grim
an	no	kakerlak
dmc	yes	chiseler
an	no	bufo bufo
an	no	pikhoved
an	no	fælles lus
cds	no	storlogen
cds	no	bras
or	no	knucklehead
cds	no	dermagog
cds	no	prankishness
om	no	midclavicular linje
pa	yes	advokater
cds	no	krydsning
pr	no	pistol moll
an	no	pelsfår
asf	no	debil person
re	no	traducement
cds	no	latriner
pr	no	prostitutionen
re	no	stickup
dmc	yes	moralske kompas
pr	no	hetære
cds	no	junk mail
dmc	yes	omflakkende
or	no	kusse
ddp	yes	regnum animale
dmc	yes	duffer
ddp	yes	fjols
om	no	sodomit
cds	no	anmassende
qas	no	skrammel
ps	yes	sigøjnerske
re	no	kvæg rustling
ps	yes	nigger
pr	no	lysbille
re	no	plagieret
cds	no	æble poleremaskine
qas	no	blanding
cds	no	runt
re	no	mishandling
pr	no	rivejern
an	no	morpioner
an	no	plyndrer
or	no	kræsenhed
dmc	yes	rotter
or	no	noggin
qas	no	ektoparasitter
