cds	no	blowhard
dmc	yes	kibeti
an	no	canis aureus
an	no	mkunga
svp	no	chuki
pa	yes	doorman
cds	no	nyumba bawdy
ddp	yes	cretinism
dmc	yes	jangili
ddp	yes	metazoans
ddp	yes	idiot
pa	yes	academism
ddf	yes	disable
cds	no	umma choo
cds	no	lashings
cds	no	wapagani bure
dmc	yes	shenzi
cds	no	haramu mtoto
an	no	torgos
dmc	yes	jinai
svp	no	vilema vikuu
an	no	nyoka
ddp	yes	tattletale
cds	no	maamuma
asm	no	changeling
dmc	yes	uwongo
qas	no	bloopers
qas	no	wenyeji
om	no	mashoga
cds	no	kukata-up
cds	no	hauteur
an	no	gypaetus
qas	no	safihi
ps	yes	hebraism
asf	no	tomfool
re	no	silaha wizi
cds	no	madalali
an	no	bitch
om	no	paederast
cds	no	layabout
cds	no	najisi kubwa
qas	no	granger
qas	no	kiongozi wa biashara
an	no	ushenzi
svp	no	acedia
dmc	yes	merry andrew
qas	no	shamba mkono
re	no	villain
asm	no	korodani
re	no	mafia
cds	no	smart
ddp	yes	kuanguka guy
asf	no	folderol
cds	no	mseto manmade
or	no	murphy
dmc	yes	villain kutisha
cds	no	mwana
cds	no	ndrangheta
cds	no	burglar
an	no	unyama
ddp	yes	dumbass
pa	yes	mwenyekiti binafsi
an	no	jenasi pipistrellus
om	no	aboral
an	no	profiteer
re	no	mauaji upelelezi
cds	no	dude
cds	no	`anyi
re	no	usaliti
cds	no	jokester
cds	no	mardadi
cds	no	ruba
qas	no	kizimba
an	no	rouncey
cds	no	hoaxer
an	no	punda
cds	no	rumourmonger
cds	no	mtu mvivu
pa	yes	ushamba
ps	yes	punguani
an	no	humanus
dmc	yes	lingerer
an	no	eurasian griffon
cds	no	pili-rater
an	no	rentboy
qas	no	mtu wa biashara
qas	no	uzushi
ddf	yes	kilema
dmc	yes	cheater
an	no	animalcules
an	no	crocodilia
ps	yes	kadi nyekundu
pr	no	ukahaba kiume
cds	no	charlatan
rci	yes	msomi
cds	no	papparazzi
ddp	yes	utalaleshi
ps	yes	watu romani
is	yes	umaskini wa hiari
qas	no	mchoraji nyumba
cds	no	cur
an	no	funza
an	no	suborder blattodea
re	no	uhalifu
dmc	yes	homunculus
om	no	bugger
cds	no	ufashisti
ddp	yes	kichwamaji
qas	no	kukataa
an	no	athene noctua
qas	no	ballock
ps	yes	jigaboo
re	no	murderess
qas	no	parishi
asf	no	shithead
is	yes	umaskini
an	no	strigiformes
or	no	dunderhead
an	no	maamuma
an	no	fathead
re	no	waibao
ps	yes	changelings
om	no	ushoga
qas	no	acolyte
cds	no	fujo
an	no	ndani kondoo
cds	no	gangster
cds	no	utamaduni genge
or	no	kulima kabichi
asm	no	mkono kazi
om	no	mtoto molester
dmc	yes	rube
qas	no	taka ngumu
pa	yes	mazishi mzishi
an	no	eel kweli
cds	no	jinai
pa	yes	kitaaluma
om	no	posterior
pa	yes	bellman
om	no	gay mtu
qas	no	kawaida mtu
an	no	ammotragus
cds	no	slyboots
cds	no	tendo la jinai
cds	no	mkata
svp	no	cupidity
pa	yes	mazishi mkurugenzi
re	no	felon hatia
asm	no	mshiriki
an	no	pooch
re	no	gangster
qas	no	snoop
pa	yes	kitivo mwanachama
qas	no	mtenzi
or	no	kiazi ulaya
qas	no	bollocks
cds	no	weakling
svp	no	luxuria
ddf	yes	crookback
cds	no	nerdy
qas	no	mooch
an	no	ili crocodylia
an	no	mnyakuzi mwili
re	no	matumizi mabaya ya ofisi
cds	no	mwandishi
an	no	anurans
cds	no	buzi
re	no	ujambazi wa kutumia silaha
qas	no	kuchanganyika-guruta
cds	no	grifter
an	no	hasira
asm	no	fava
an	no	microorganism
an	no	agapornis
ddp	yes	blunderer
or	no	queer
cds	no	mlaghai
qas	no	oddments
dmc	yes	dissimulator
an	no	villain
an	no	bonehead
ps	yes	kraut
qas	no	conformist
an	no	chafu mbwa
qas	no	za kipato cha kati
cds	no	finagler
an	no	kasuku
an	no	ng%e2%80%99ombe
cds	no	wagon barabara
asf	no	wench
cds	no	truckler
cds	no	fabricator
pa	yes	mortician
an	no	nondo peppered
re	no	thievery
cds	no	moron
qas	no	baronial
an	no	wuss
pr	no	norway panya
dmc	yes	yokel
an	no	dunderhead
qas	no	darasa kati
re	no	ukiukwaji wa polisi
qas	no	mchorachora
qas	no	fib
an	no	eurypterid
or	no	fastidiousness
ddp	yes	mjinja
pr	no	gangster ya moll
ddp	yes	nincompoop
cds	no	karatasi-pusher
dmc	yes	uzushi
cds	no	rustler
an	no	chula
an	no	lupus familiaris
svp	no	invidia
re	no	felonies
an	no	diddlysquat
an	no	pediculus corporis
cds	no	fib
pr	no	streetwalker
cds	no	tabia ya uhalifu
cds	no	koo
cds	no	pudding kichwa
cds	no	masaibu bosi
cds	no	topsy-turvydom
cds	no	lofa
cds	no	mafioso
cds	no	mjivuni
ps	yes	latino
pr	no	ng'ombe
cds	no	kujiabudu
svp	no	kijicho
an	no	slob
svp	no	boredom
an	no	mtekaji
om	no	ujinsia wa kiume
cds	no	larceny
an	no	mbaya mtu
asm	no	twerp
re	no	villainous
cds	no	walimu
an	no	nguruwe
om	no	bibie
cds	no	fuja
cds	no	ofisiboi
or	no	punctiliousness
cds	no	dweeb
asm	no	mpumbavu
ddp	yes	uharibifu wa ubongo
dmc	yes	mzushi
re	no	kubakwa
cds	no	mbwa mchanganyiko-kuzaliana
cds	no	penman
pa	yes	uundaji wa viatu
cds	no	apple polisher
cds	no	gerezani walinzi
an	no	ignoramus
qas	no	msomi
cds	no	antic
cds	no	wank
is	yes	bahili
ddp	yes	zugezuge
om	no	kanda gluteal
ddp	yes	analphabetic
an	no	goose
asm	no	pumbu
cds	no	bure mwashi
is	yes	villain
re	no	kuuwa
cds	no	intermediator
ps	yes	mayahudi
dmc	yes	nusu-pint
ddp	yes	quack
cds	no	crossbred
qas	no	amateur
an	no	hoaxes
an	no	mjinja
pr	no	uasherati ufa
cds	no	tamaa ya jinai
svp	no	conceitedness
ps	yes	lummox
an	no	mbu
svp	no	tamaa
or	no	cucurbita maxima
cds	no	madanguro
cds	no	laddie
an	no	mbwa-kaya
cds	no	snoop
svp	no	senti-kuchapwa
an	no	inexorability
dmc	yes	chiseller
cds	no	kununua
cds	no	reel blooper
re	no	mafia italia
pa	yes	fishmongers
cds	no	venality
re	no	scammer
ddp	yes	fala
qas	no	mmiliki wa biashara
an	no	epifaunal
re	no	ng'ombe mwizi
pa	yes	waziri
ddp	yes	ipasavyo mtu
cds	no	sonny mvulana
pa	yes	mwanasheria
cds	no	villain kutisha
ps	yes	mwisraeli
dmc	yes	mchorachora
cds	no	utoaji
cds	no	pilferer
svp	no	lofa
an	no	crocodylidae
ps	yes	wenyeji
cds	no	mobster
svp	no	cheapskate
an	no	brent
cds	no	uhalifu bosi
dmc	yes	propriety
qas	no	commoner
ddp	yes	taleteller
cds	no	ndogo ukoo
cds	no	kiburi
asf	no	kuma
an	no	mbogo
an	no	despoiler
om	no	apical
cds	no	jester mahakama
an	no	mkaidi
cds	no	retard
ps	yes	barbaric
ddf	yes	ulemavu wa kimwili
asf	no	saphead
cds	no	kufanya chochote-
om	no	kufira
cds	no	majambazi
cds	no	misingi ya dini
pr	no	buncombe
ddp	yes	microcephalic
re	no	rogue
cds	no	mjuaji
qas	no	mchafu-up
re	no	outlaw
an	no	fala
cds	no	njama za kimya
qas	no	usanifu baroque
re	no	kashfa ya biashara
cds	no	maskini samaki
ddp	yes	retard
an	no	sciaenops ocellatus
or	no	dumbass
an	no	familiaris
cds	no	ujamaa kundi
qas	no	doghouse
dmc	yes	bigot
asm	no	wanker
om	no	posteriorly
re	no	felony
an	no	wakakuzuieni bundi
dmc	yes	maluuni kijamii
is	yes	maluuni kijamii
an	no	bufo
re	no	makosa ya kujamiiana
an	no	mollusca
ddp	yes	upungufu wa akili
or	no	kiazi
cds	no	afisa
ddp	yes	blockhead
an	no	kidudu
qas	no	sodbuster
re	no	holdup
cds	no	dhana ya maneno
dmc	yes	uvundo
an	no	infauna
re	no	chiseler
re	no	stealer
qas	no	wakulima
cds	no	mischievous
ddp	yes	fumbler
an	no	konokono
ddp	yes	zooerasty
cds	no	mwalimu
cds	no	egghead
an	no	matule
cds	no	taka ngumu
dmc	yes	shirker
is	yes	maluuni
cds	no	kusikitisha gunia
an	no	mbwa ndani
ddp	yes	hayawani
an	no	jenasi capra
re	no	ghulamu
or	no	numskull
an	no	nyekundu ngoma
om	no	upembeni
or	no	brassica oleracea
an	no	mwili mnyakuzi
an	no	ili crocodilia
asm	no	shtup
om	no	shamari
an	no	anguillidae
ps	yes	watu weusi
an	no	eles
asm	no	samaki
svp	no	kujipendekeza
or	no	finocchio
ddp	yes	mstaki
asm	no	vicia faba
cds	no	conspiracism
cds	no	newswriter
an	no	caprinae
ps	yes	zulu
qas	no	kufuata kanuni
an	no	diddlyshit
cds	no	bellyacher
asf	no	twat
an	no	canis familiaris
qas	no	uwongo
an	no	folderol
cds	no	chuma chakavu
cds	no	parvenu
svp	no	mnyimaji
cds	no	tattletale
an	no	poulet
asm	no	kitambi
pr	no	floozie
cds	no	broker
cds	no	wahalifu
or	no	tater
an	no	shithead
cds	no	narcissistic
qas	no	conformism
ps	yes	rroma
an	no	mwili snatchers
dmc	yes	foetor
asm	no	jerk-off
cds	no	poltroonery
cds	no	prankishness
is	yes	ufukara
ddp	yes	pudding kichwa
svp	no	angriness
cds	no	mgomo-kuvunja
cds	no	zugezuge
asm	no	changelings
pa	yes	samaki monger
cds	no	idiot
cds	no	mpelelezaji
svp	no	acquisitiveness
asm	no	credulousness
an	no	bukini
dmc	yes	lowlife
an	no	chafu hila
pa	yes	mchungaji
qas	no	mpangaji mkulima
qas	no	testis
dmc	yes	prevaricator
an	no	sucking chawa
an	no	looter
pa	yes	karani
cds	no	chama
om	no	transvestite
dmc	yes	dillydallier
an	no	ndani punda
om	no	matako
re	no	racketeer
ps	yes	wayahudi dini
re	no	wauaji
ps	yes	ruiner
dmc	yes	madhambi
re	no	mbadhirifu
re	no	ubakaji kisheria
cds	no	mizigo treni
cds	no	bendi
cds	no	freemason
re	no	kusumbuliwa
dmc	yes	mungu ulaghai
cds	no	protagonism
re	no	kosa la jinai
cds	no	ghulamu
dmc	yes	fasiki
pa	yes	mhasibu
an	no	anuran
om	no	transvestites
asm	no	kutomba
cds	no	mchanganyiko kuzaliana mbwa
qas	no	tagalong
an	no	pediculus humanus
cds	no	kitwana
dmc	yes	brigadia mwovu
svp	no	overeating
cds	no	whiner
pr	no	slag
dmc	yes	clowns
ps	yes	oaf
is	yes	villainess
re	no	homicides
is	yes	nadhiri ya umaskini
pa	yes	mkurugenzi wa mazishi
dmc	yes	unafiki
cds	no	blackleg
cds	no	umma lavatory
qas	no	mchanganyiko
cds	no	chiseler
cds	no	choo umma
re	no	shughuli haramu
cds	no	mtalaleshi
an	no	kukusa mtu
cds	no	kenge
cds	no	nosy-parker
om	no	derriere
an	no	hoax
dmc	yes	kugushi
qas	no	chotara
cds	no	laini kugusa
cds	no	kamari casino
cds	no	barbaric
cds	no	afisa wa polisi
om	no	tush
ps	yes	black
re	no	mgonjwa-matumizi
an	no	channel bass
asf	no	changelings
qas	no	mkulima mpangaji
qas	no	kutaabisha
rci	yes	shenzi
pa	yes	hamali
re	no	larceny grand
cds	no	mwangalizi
an	no	zooerasty
or	no	malenge
dmc	yes	scattergood
cds	no	kesheshe
or	no	tango
an	no	gaidi
om	no	prat
pa	yes	proponent
svp	no	unpleasant
ps	yes	intergeneric hybrid
cds	no	camarilla
re	no	vijana delinquent
cds	no	go-kati ya
re	no	neonaticide
dmc	yes	blunderer
ps	yes	nigga
ddp	yes	patsy
ddp	yes	fathead
qas	no	testicular
svp	no	mizizi ya dhambi
cds	no	haramu
ps	yes	myahudi
qas	no	uzito ukanda
svp	no	mbaya
cds	no	pillock
pa	yes	barbaric
cds	no	demagogic
pa	yes	wachungaji
an	no	brant goose
an	no	coracopsis
dmc	yes	mozzarella
cds	no	blunder
qas	no	katikati ya daraja
cds	no	flub
an	no	nguruwe-kaya
cds	no	purukushani
re	no	kifaa mateso
cds	no	sassing
an	no	nanus
cds	no	vijana delinquent
cds	no	kuanguka guy
cds	no	clann
an	no	muttonhead
dmc	yes	malodor
re	no	utekaji nyara
pa	yes	chuo profesa
cds	no	chawbacon
pa	yes	waziri-msaidizi
cds	no	mchorachora
ps	yes	beduin
svp	no	mtembezi
pa	yes	wagoner
om	no	fagot
om	no	mfiraji
dmc	yes	pseud
ps	yes	interfertility
asf	no	nitwit
ddp	yes	ignoramus
is	yes	kiwango cha umaskini
is	yes	ragamuffin
or	no	twat
an	no	na mbuzi mume
cds	no	mwizi ndogo
qas	no	meli magnate
pa	yes	kitaalamu
cds	no	kosa la jinai
ps	yes	eusi
cds	no	delinquent
pr	no	hellcat
qas	no	viwanda
cds	no	mbadhirifu
ps	yes	mtanga
cds	no	kupanda breeder
cds	no	mwandishi wa habari
cds	no	matchmaker
cds	no	nyumba ya sifa mgonjwa
re	no	chafu fedha
dmc	yes	dallier
is	yes	paupers
cds	no	beguine
an	no	dhahabu mbweha
ddp	yes	kusikitisha gunia
pr	no	moll
an	no	betise
pa	yes	mwenyekiti
om	no	poove
cds	no	ujanja
an	no	wadudu
dmc	yes	majinuni
asm	no	mbaazi shamba
cds	no	ragtag na bobtail
ps	yes	hafukasti
an	no	anserinae
asm	no	jerking off
re	no	rustler
pa	yes	profesa
om	no	caudal
cds	no	freemasons
or	no	lunkhead
svp	no	bigoted
an	no	codswallop
re	no	booty
om	no	kuvuka dressing
qas	no	wafanyakazi
re	no	molested
ps	yes	dini ya kiyahudi
an	no	bakari
an	no	anguillidae familia
qas	no	reel blooper
an	no	ragtag
qas	no	mchoraji na decorator
an	no	hyaenidae
re	no	wahalifu
cds	no	prelate
re	no	plagiarisation
dmc	yes	outlaw
cds	no	njama za kimya kimya
an	no	wavulana kodi
cds	no	kufundishwa
svp	no	fujo
an	no	microorganisms
cds	no	looker-juu ya
cds	no	vaunter
dmc	yes	bigotry
re	no	raper
an	no	macrofauna
cds	no	mhalifu
ddp	yes	kijinga
ddp	yes	fuckhead
cds	no	kanusho
om	no	homophile
pa	yes	white-collar mfanyakazi
dmc	yes	wanaafiki
pa	yes	shauri
dmc	yes	turncoat
re	no	grifter
an	no	knucklehead
om	no	gayness
an	no	gypohierax
cds	no	alama
pa	yes	mwanachama sambamba
re	no	ukiukwaji wa kampuni
dmc	yes	slacker
an	no	blattodea
is	yes	maskini
cds	no	mama mpumbavu
pr	no	bos primigenius
cds	no	papa mkopo
ddp	yes	telltale
om	no	msalaba-mavazi
ddp	yes	wenyeji
or	no	boga
cds	no	cathouse
re	no	wizi grand
qas	no	fumbler
pa	yes	bellboy
cds	no	msimamo mkali
cds	no	maskini shetani
dmc	yes	chiseler
cds	no	ukinaifu
cds	no	kaya taka
asf	no	knucklehead
cds	no	ibada ya sanamu
pr	no	changudoa
an	no	shote
an	no	bison bonasus
cds	no	balladeer
cds	no	jamii za makabila
cds	no	venal
an	no	mpumbavu
an	no	proteles
dmc	yes	faker
pr	no	bunduki moll
pr	no	floozy
qas	no	biashara ya mtu
qas	no	parishioner
an	no	strix varia
ps	yes	jerry
an	no	necropsittacus
dmc	yes	mbwa
an	no	kawaida chawa
an	no	necrosyrtes
an	no	mwili-snatching
an	no	baisani
ddp	yes	stupe
ps	yes	kiyahudi
dmc	yes	reek
ps	yes	mweusi
re	no	libeler
or	no	batata
an	no	nyama ng'ombe
qas	no	nyumba ya uchoraji
qas	no	ideologist
or	no	pudding kichwa
cds	no	nyamafu
ps	yes	kadi adhabu
asm	no	brownness
om	no	harakati homophile
ddp	yes	dunce
cds	no	msomi
cds	no	tatizo
qas	no	uongo
dmc	yes	kimaadili kuendesha
cds	no	wheeler muuzaji
svp	no	majivuno
svp	no	misalaba
cds	no	slob
dmc	yes	msikwao
asm	no	roll katika nyasi
cds	no	bofya
cds	no	uongo
ddp	yes	mchongezi
qas	no	barbaric
ddp	yes	animalia
re	no	matusi
an	no	mbuzi
ddp	yes	kuzidi
ddp	yes	mpumbavu
an	no	scum mfuko
an	no	maziwa ya mbuzi
cds	no	swaggerer
ddp	yes	shithead
an	no	pillager
an	no	chinch
qas	no	taka ya manisipaa
om	no	peeress
ddp	yes	ulemavu wa akili
cds	no	mkosaji
asf	no	kichwamaji
re	no	plagiarize
qas	no	biashara magnate
cds	no	fancier
dmc	yes	bumpkin
re	no	kashfa
re	no	mobster
an	no	wakakuzuieni owl
dmc	yes	wenyeji
re	no	felons
asf	no	codswallop
ddp	yes	dolt
cds	no	mnyang'anyi baron
an	no	chakula konokono
re	no	mwizi ndogo ndogo
cds	no	kasino
pr	no	rentboy
qas	no	makende
or	no	matango
svp	no	tanha
an	no	moluska
cds	no	motley mpumbavu
re	no	mnawaua
re	no	larceny
an	no	diddly-squat
qas	no	mpangaji kilimo
ddp	yes	asshole
cds	no	shark mkopo
re	no	mateso
an	no	sucker
cds	no	kujua-wote
an	no	bunny
qas	no	flub
cds	no	culchie
dmc	yes	git
asm	no	kupumzika
an	no	riffraff
cds	no	shenzi
cds	no	ng'ombe mwizi
qas	no	masaibu
pa	yes	shenzi
cds	no	pudden-kichwa
ddp	yes	twerp
cds	no	taleteller
or	no	mjinga
an	no	mbuzi-kaya
or	no	cucumis sativus
dmc	yes	scum mfuko
an	no	papa
an	no	poicephalus
ddp	yes	dupe
re	no	torturer
pr	no	usuria
dmc	yes	mabaya
an	no	rogue
cds	no	rotter
an	no	kawaida fira
an	no	phthiraptera
ps	yes	rommany
an	no	bundi screech
re	no	kitendo cha ugaidi
svp	no	boastfulness
om	no	mfanyakazi msalaba
dmc	yes	sneak mwizi
an	no	jenasi vipera
qas	no	endoparasites
cds	no	utajiri nouveaux
an	no	ndita
ps	yes	crossbreed
qas	no	kazi dawati
cds	no	stupe
ddp	yes	hawajui kusoma na kuandika
an	no	pua
ddp	yes	shenzi
ps	yes	jumuiya ya watu weusi
ddp	yes	mwendawazimu
ddp	yes	ushenzi
re	no	jinai
pa	yes	wanasheria
cds	no	busara guy
cds	no	bumpkin
cds	no	namby-pamby
qas	no	castes
ddp	yes	mountebank
an	no	billy mbuzi
an	no	otus asio
qas	no	muuza duka
asf	no	blockhead
cds	no	kasheshe
ddf	yes	ulemavu
ddp	yes	idiocy
cds	no	uchafu
qas	no	grandiloquence
cds	no	taka ndani
qas	no	farmhand
re	no	kitwana
pr	no	bitch
qas	no	mshirika katika uhalifu
ddp	yes	mchorachora
qas	no	ectoparasites
cds	no	barabara wagon
qas	no	baroque
om	no	keister
ps	yes	churl
cds	no	msalaba-kuzaliana
cds	no	hayseed
ddp	yes	wasiosoma mtu
cds	no	line-shooter
cds	no	crooners
cds	no	takataka
qas	no	fuddle
cds	no	mchafu-up
ddp	yes	curmudgeon
cds	no	manispaa taka ngumu
ddp	yes	kiakili walemavu
cds	no	ushabiki
an	no	aureus
pr	no	kukusa mwanamke
asm	no	fucking
ddp	yes	bonehead
dmc	yes	dilly-dallier
dmc	yes	banditti
cds	no	conventicles
asm	no	kipande cha mkia
cds	no	ubatili
cds	no	mkopeshi
re	no	kuibiwa mali
dmc	yes	motley mpumbavu
an	no	escargots
ddp	yes	juha
cds	no	blackguard
cds	no	wizi
dmc	yes	uongo
cds	no	fanatism
om	no	paederasty
ps	yes	mjinga
dmc	yes	anyi
ddp	yes	pillock
cds	no	bookworm
re	no	kenge
svp	no	ravenousness
qas	no	blunderer
re	no	ukali
asf	no	doofus
or	no	poove
an	no	goose brant
cds	no	camorra
cds	no	rafts
cds	no	kukusa mtu
asm	no	pterygiophore
om	no	drag malkia
qas	no	juu mtendaji
cds	no	arriviste
or	no	maamuma
cds	no	kijinga
asm	no	kahawia
cds	no	masalio takatifu
cds	no	mafia kisicilia
dmc	yes	mbadhirifu
cds	no	daha
re	no	mlaghai
an	no	animalia
cds	no	vyoo
svp	no	high-handedness
re	no	cosa nostra
cds	no	complainer
cds	no	kuiba
qas	no	dilettante
cds	no	dastardliness
dmc	yes	fabricator
cds	no	masonic
an	no	kunguni
asm	no	teste
cds	no	effrontery
svp	no	nzuri-kwa-chochote
om	no	homoeroticism
cds	no	dunzi
re	no	kushambuliwa kingono
cds	no	boastfulness
om	no	mstari midclavicular
qas	no	grandiosity
pr	no	panya
cds	no	clotheshorse
qas	no	darasa katikati ya
om	no	mkunduni
ddp	yes	unyama
om	no	crossdress
ddf	yes	cripple
cds	no	rogue
an	no	vamp
cds	no	pimping
ddp	yes	daktari matapeli
cds	no	blackballed
dmc	yes	fala
an	no	moo-ng'ombe
cds	no	jacking mbali
qas	no	takataka
asm	no	erection
re	no	zimeshafuta
ddp	yes	dimwit
svp	no	minginess
om	no	sodomist
svp	no	trencher
dmc	yes	pili-rater
is	yes	ombaomba
an	no	selachimorpha
cds	no	fundamentalism
ddp	yes	fauna
dmc	yes	delinquent
ddp	yes	ipasavyo
svp	no	avaritia
svp	no	dillydallier
ddp	yes	prattler
cds	no	hick
cds	no	omertà
asm	no	saphead
cds	no	conformist
pa	yes	profesa extraordinarius
svp	no	ulafi
an	no	piggy
qas	no	mishmash
ps	yes	mshamba
cds	no	wananadharia njama
an	no	mitaani msichana
re	no	sheria ya kuvunja
an	no	cuckold
is	yes	mhuni
dmc	yes	safihi
svp	no	mope
cds	no	scammer
dmc	yes	kusikitisha gunia
cds	no	grunge mwamba
qas	no	pumbo
qas	no	necrotrophic
re	no	mbakaji
cds	no	farrago
dmc	yes	libertine
cds	no	bloopers
asm	no	fala
cds	no	newspaperwoman
ddp	yes	mpayukaji
or	no	poof
asm	no	zugezuge
qas	no	rhetor
dmc	yes	abjection
cds	no	mkopo shark
re	no	ukiukwaji
qas	no	moocher
re	no	calumniation
qas	no	kusikitisha gunia
cds	no	aaaa ya samaki
cds	no	jamaa kundi
cds	no	uchinjaji
dmc	yes	hobos
dmc	yes	hick
cds	no	ubaguzi wa dini
cds	no	uvumi
pa	yes	mjumbe maalum
re	no	shughuli za uhalifu
an	no	muggins
re	no	mzushi
om	no	kulawitiwa
om	no	msalaba-dressers
an	no	wisent
ps	yes	wazulu
dmc	yes	kufilisika kimaadili
ps	yes	changeling
pa	yes	wanataaluma
dmc	yes	hayseed
dmc	yes	debauchee
or	no	kiazi mviringo
pa	yes	mzishi
dmc	yes	msaliti
cds	no	freemasonry
ps	yes	uprooter
an	no	gosling
dmc	yes	roue
re	no	safihi
dmc	yes	blackguard
cds	no	fascists
qas	no	rhetorically
pr	no	wavulana kodi
qas	no	watu burgher
svp	no	abulia
or	no	meticulousness
an	no	rotter
qas	no	melange
asm	no	kahawa
re	no	shahada ya kwanza mauaji
or	no	tango mzabibu
or	no	kuteketezwa machungwa
qas	no	msengenyi
om	no	drag show
pr	no	lampyris noctiluca
ps	yes	watu zulu
an	no	chump
pr	no	mwanamke wa radhi
asm	no	maharage pana
pa	yes	fundi-viatu
is	yes	kipato cha chini
asm	no	testicular
cds	no	dinda
om	no	homoerotic
cds	no	rumormonger
qas	no	dinda
asm	no	aves
cds	no	manza
cds	no	moralism
dmc	yes	manza
ddp	yes	betise
svp	no	gourmand
an	no	jenasi anguilla
an	no	ukahaba kiume
dmc	yes	gangster
re	no	mauaji mateso
pr	no	nondo peppered
cds	no	masaibu
is	yes	villain kutisha
an	no	crocodylian
om	no	impersonator kike
re	no	traducer
cds	no	lowlife
cds	no	pompousness
pa	yes	cordwainer
ddp	yes	codswallop
an	no	hyaena
qas	no	boo-boo
cds	no	mlezi
asm	no	shamba maharage
qas	no	viongozi wakuu wa masuala
om	no	msalaba dressing
cds	no	nymphomania
dmc	yes	wazinzi
ddp	yes	mama mpumbavu
an	no	bweha dhahabu
ddp	yes	moronity
an	no	ngʼombe
qas	no	parasitize
ps	yes	metics
an	no	raunch
re	no	ngumu
cds	no	gereza
re	no	villain kutisha
ps	yes	ostrogoth
cds	no	matcher
an	no	wasiosoma mtu
an	no	lowlife
dmc	yes	vagrants
qas	no	divulgence
cds	no	juha
cds	no	binafsi likgiltighet
cds	no	saphead
cds	no	michezo nyumba
cds	no	gaoler
cds	no	bordello
an	no	cayman
om	no	mshamari
cds	no	ukoo
or	no	kiazi cha kizungu
om	no	show drag
dmc	yes	maskini shetani
re	no	shutuma za uongo
an	no	bison bison
qas	no	ugongwa
cds	no	ostentatiousness
an	no	kubwa nyeupe shark
om	no	ulawiti
or	no	cunt
cds	no	wisenheimer
qas	no	kennel
svp	no	boring
om	no	dorsoventral
om	no	punda
re	no	uonevu
ps	yes	pikey
om	no	msalaba-dressing
an	no	doggy
cds	no	mnyang'anyi
om	no	wanaume mashoga
cds	no	codswallop
re	no	exact
an	no	jambazi
an	no	pip-squeak
cds	no	boner
cds	no	sass
cds	no	religiosity
cds	no	puzzler
om	no	dame
pr	no	bos
re	no	uwongo malicious
cds	no	zealotry
cds	no	blabbermouth
cds	no	cockup
an	no	relentlessness
is	yes	cheapskate
an	no	villainess
cds	no	banditti
an	no	kidogo bundi
cds	no	mjinja
is	yes	umaskini jamaa
qas	no	casteism
ddp	yes	maamuma
an	no	fauna
cds	no	mwizi ndogo ndogo
is	yes	bahati mbaya
ps	yes	hybrid
ps	yes	cretin
ddp	yes	mnyama
pa	yes	maprofesa
cds	no	homunculi
an	no	mbweha dhahabu
an	no	mbuzi maziwa
dmc	yes	sakata
pr	no	mwanamke naendelea
cds	no	uerevu
ddp	yes	infauna
ddp	yes	rumourmonger
cds	no	pomposity
asm	no	betise
om	no	finocchio
asf	no	bonehead
svp	no	mtu mvivu
re	no	tendo la jinai
dmc	yes	goof-off
is	yes	huzuni
ddp	yes	lummox
cds	no	stealer
re	no	vurugu
cds	no	tani
or	no	fagot
ddp	yes	mshamba
ddp	yes	safihi
cds	no	afisa wa usalama
re	no	wizi wa kutumia silaha
cds	no	sharking mkopo
ddp	yes	ninny
dmc	yes	jester mahakama
qas	no	rhetorics
qas	no	kutelekezwa meli
ddp	yes	hawajui lolote
cds	no	cosa nostra
an	no	metazoans
cds	no	kutisha senti
cds	no	urongo
ddp	yes	folderol
dmc	yes	ghulamu
dmc	yes	mobster
cds	no	groveler
pr	no	mzinzi
cds	no	raia
pa	yes	sheepherders
cds	no	navvy
re	no	wabakaji
cds	no	familia mstari
an	no	slowpoke
qas	no	kaya taka
qas	no	parokia
ps	yes	jamii nyingine
asm	no	pea
pa	yes	fishmonger
dmc	yes	kughushi
svp	no	tightwad
cds	no	bluestocking
svp	no	lecherousness
cds	no	chakavu
cds	no	kuhani mkuu
re	no	tabia ya uhalifu
dmc	yes	maadili
cds	no	kiasi
om	no	suala anatomical ya mahali
cds	no	bigotry
pa	yes	mdhibiti
cds	no	propagandist
qas	no	taka ndani
cds	no	caitiff
pa	yes	churl
an	no	namby-pamby
qas	no	bourgeoise
an	no	doodly-squat
an	no	laini kugusa
re	no	kukashifu
qas	no	teste
ddp	yes	changelings
cds	no	bumbler
pa	yes	profesa wa chuo kikuu
svp	no	ujeuri
cds	no	mlariba
re	no	outlawry
asf	no	uvuzi
ps	yes	laini kugusa
qas	no	blooper
dmc	yes	hivyo-na-ili
qas	no	housekeeping
pa	yes	kitivo
asf	no	numskull
ps	yes	gawk
or	no	pudden-kichwa
cds	no	trasformismo
cds	no	faraja kituo cha
ddf	yes	midget
re	no	thieving
cds	no	nyuma kuzungumza
cds	no	likgiltighet
cds	no	mtesaji
dmc	yes	treasonist
pr	no	moo-ng'ombe
an	no	pudge
ps	yes	mchina
ddp	yes	amentia
asf	no	betise
cds	no	vyoo vya umma
an	no	kombamwiko
pr	no	hetaira
an	no	yap
qas	no	darasa katikati
an	no	eurypterids
qas	no	blunder
an	no	diddly
an	no	little owl
an	no	coquette
dmc	yes	mnafiki
an	no	helix pomatia
ddp	yes	dickhead
an	no	bos primigenius
cds	no	demagog
dmc	yes	fibber
dmc	yes	kabwela
ps	yes	familia wayahudi
pa	yes	profesa kamili
pr	no	mzinifu
cds	no	windbag
ddp	yes	bobokwa
cds	no	nymphomaniac
cds	no	egotistical
dmc	yes	nzuri-kwa-chochote
pr	no	kiberenge
qas	no	fuja
dmc	yes	dissembler
om	no	dorsolateral
ps	yes	mpumbavu
cds	no	strikebreakers
asm	no	kichwamaji
re	no	adui
cds	no	conceitedness
ps	yes	negro
ddp	yes	churl
om	no	crossdressing
svp	no	uroho
an	no	ghulamu
dmc	yes	kufanya chochote-
asm	no	ishara phallic
an	no	kuku
is	yes	kuwa-si
re	no	matumizi mabaya ya madaraka
re	no	mbakaji serial
ddp	yes	ferociousness
qas	no	vimelea
an	no	vipera berus
cds	no	mjumbe mvulana
qas	no	kufuata
an	no	coward
pa	yes	mfanyakazi wa ofisi
cds	no	ujambazi
ps	yes	white
cds	no	churl
pa	yes	umma uhasibu
re	no	kujipatia
an	no	nondo
cds	no	muss
re	no	mugging
is	yes	umaskini mijini
re	no	anyi
asm	no	doofus
cds	no	chafu mbwa
cds	no	masizi
ddp	yes	rumormonger
ps	yes	mestizaje
dmc	yes	mhalifu
svp	no	goof-off
qas	no	ragtag
dmc	yes	fumbler
ddp	yes	epifauna
qas	no	kipodozi
asm	no	pana-maharage
dmc	yes	mcheshi
an	no	mende kitanda
cds	no	hack mwandishi
an	no	utalaleshi
cds	no	kiongozi
pa	yes	academician
cds	no	sanamu za uongo
or	no	viazi ireland
an	no	minx
cds	no	wanker
cds	no	kujipendekeza
ps	yes	zugezuge
dmc	yes	-chafu
pr	no	doxy
asm	no	mchafu wa kitaalamu
ps	yes	boche
cds	no	sababu
dmc	yes	libertinism
pr	no	hussy
cds	no	gigolo
an	no	phylum mollusca
pa	yes	mwajiriwa
cds	no	slacker
cds	no	jangili
om	no	twink
cds	no	restrooms
cds	no	kuchanganyika-guruta
cds	no	wangler
cds	no	mason bure
an	no	floozie
ps	yes	doofus
ddp	yes	kiakili
or	no	mjinja
cds	no	pedagog
an	no	microbial
is	yes	maskini mtu
dmc	yes	jambazi
cds	no	nyumba ya ukahaba
cds	no	muggins
ddp	yes	mikrosefali
dmc	yes	mhuni
ddp	yes	arsehole
an	no	hoax internet
ps	yes	chump
svp	no	dilly-dallier
dmc	yes	bigoted
cds	no	chungu
rci	yes	wenyeji
cds	no	hoi polloi
an	no	eel
svp	no	slacker
cds	no	watoto
ddp	yes	upumbavu
re	no	kisicilia mafia
cds	no	nouveau riche-
cds	no	folderol
asm	no	bollocks
an	no	mvulana kodi
re	no	kutesa
om	no	tofauti
qas	no	baronies
re	no	mafia kisicilia
an	no	mwili chawa
re	no	ulafi
an	no	trigonoceps
an	no	patsy
re	no	mauaji ya kwanza shahada
or	no	mbatata
cds	no	nurseling
svp	no	utamanifu
pr	no	huduma ya ngono
om	no	kivutio jinsia moja
cds	no	afisa wa magereza
re	no	burglar
dmc	yes	hakuna akaunti
ddp	yes	riffraff
an	no	crocodylia
dmc	yes	defrauder
cds	no	jambazi
asf	no	dunderhead
om	no	kitako
asm	no	idiot
svp	no	spiritlessness
ps	yes	kupanda breeder
cds	no	mpumbavu
pr	no	guff
an	no	kondoo
dmc	yes	kutumia-wote
asm	no	cretin
dmc	yes	vijana delinquent
cds	no	motherfucker
an	no	kifaa kusikiliza
asm	no	ngumu-juu ya
svp	no	faineance
an	no	dunce
cds	no	changelings
pr	no	mwanamke wa mitaani
qas	no	kanusho
ddp	yes	ujinga
an	no	brent goose
om	no	nates
an	no	nge samaki
qas	no	freeloader
ps	yes	kichina
qas	no	kibanda
asm	no	kuanguka guy
cds	no	paparazzi
ps	yes	asia
om	no	drag queens
ps	yes	metic
cds	no	jerk-off
ddp	yes	moron
cds	no	coward
an	no	finya uso
pa	yes	booking karani
qas	no	mbao baron
ps	yes	mongoloid
cds	no	mshikano
an	no	vyura
qas	no	chuma chakavu
cds	no	barring
ps	yes	retard
an	no	pipistrelle
re	no	mnyang'anyi silaha
cds	no	educator
or	no	viazi
cds	no	turnkey
or	no	muttonhead
an	no	chura
cds	no	nusu-pint
om	no	anal ngono
ps	yes	idiot
asf	no	cunt
re	no	tarehe ubakaji
qas	no	kawaida
qas	no	mtu wa kawaida
cds	no	watoto wachanga
re	no	plagiarization
cds	no	clique
cds	no	scrawler
cds	no	bootlicker
pr	no	hogwash
cds	no	hivyo-na-ili
cds	no	amateurishness
pr	no	comare
an	no	kupe
is	yes	umaskini duniani
cds	no	slackers
cds	no	mizigo
asf	no	fuckhead
cds	no	choo
cds	no	moaner
cds	no	pandar
or	no	pillock
cds	no	dandy
cds	no	omerta
asm	no	tomfool
dmc	yes	maluuni
cds	no	fundamentalists
qas	no	amateurs
cds	no	stickler
dmc	yes	mjinga
om	no	plantar
qas	no	korodani
re	no	msingiziaji
cds	no	wapagani bure na zilizokubaliwa
dmc	yes	bandia
cds	no	cretin
cds	no	phratry
cds	no	sniveller
cds	no	croon
om	no	wanawake
pr	no	panya norway
cds	no	gossipmonger
cds	no	fujo-up
qas	no	magnates
re	no	villainess
re	no	mafiosi
pr	no	ofisa
om	no	msalaba mfanyakazi
cds	no	interfertility
cds	no	fawner
an	no	shoat
ddp	yes	changeling
an	no	gyps fulvus
an	no	nyama
pr	no	ng%e2%80%99ombe
ps	yes	patsy
ps	yes	safihi
qas	no	mwendawazimu
asm	no	jogoo
cds	no	mchongezi
pa	yes	wenyeji
cds	no	homunculus
asm	no	nitwit
ddp	yes	m'kundu
qas	no	fieldhand
re	no	kudhalilishwa kingono
cds	no	thieving
cds	no	aki-rouser
pr	no	naendelea mwanamke
ddf	yes	mbaya
an	no	volaille
pr	no	mvulana kodi
asm	no	mjinga
cds	no	mapambano genge
pr	no	bunkum
an	no	weakling
an	no	neophron
dmc	yes	falsity
ps	yes	mongol
svp	no	enviousness
cds	no	foxiness
an	no	mbuzi-antelope
is	yes	scrooge
an	no	sus
asm	no	mpira
cds	no	hellion
svp	no	nzuri dude
cds	no	mpayukaji
qas	no	mbaya kofia
asf	no	cretin
an	no	chawa
om	no	tooshie
cds	no	buffoonery
asm	no	nincompoop
re	no	calunnia
ddp	yes	gossipmonger
an	no	zooerastia
cds	no	throng
cds	no	riwaya dime
an	no	midges
om	no	basal
om	no	walemavu mtu
cds	no	zimeshafuta
ddp	yes	wanyama
asm	no	maharage fava
an	no	mascarinus
an	no	brant
cds	no	conventicle
cds	no	presumptuousness
ps	yes	nitwit
cds	no	wezi
cds	no	kadhaa
cds	no	majivuno
an	no	mollusc
re	no	ujambazi
asf	no	mjinga
cds	no	afisa gerezani
ps	yes	mapokeo ya kiyahudi
cds	no	prank
cds	no	coterie
an	no	nanny-mbuzi
ddp	yes	zooerastia
cds	no	mafia
an	no	grossness
svp	no	shirker
dmc	yes	ne'er-do-vizuri
cds	no	mtembezi
an	no	old dunia nyati
om	no	msalaba dressers
cds	no	mbweha
ps	yes	romanis
cds	no	wads
qas	no	watu common
asf	no	zugezuge
cds	no	senti kutisha
cds	no	peon
an	no	bundi
om	no	transvestitism
ddp	yes	lunkhead
cds	no	religiousism
an	no	dumbass
cds	no	groveller
cds	no	bagnio
cds	no	wenyeji
ddp	yes	quackery
an	no	sloven
cds	no	haraka moja
an	no	juha
qas	no	mfitini
qas	no	shamba mpangaji
cds	no	mwanagazeti
an	no	anura
an	no	mwitu ng'ombe
cds	no	smart aleck
cds	no	bigoted
om	no	mashoga wa kiume
re	no	defrauder
cds	no	changeling
an	no	mtu mvivu
cds	no	thievery
an	no	escargot
cds	no	culling
pa	yes	kisiasa
an	no	ipasavyo mtu
re	no	muhuni
dmc	yes	pseudo
ddp	yes	cretin
or	no	mashoga
asm	no	appendages
an	no	slowcoach
qas	no	baroque usanifu
ddp	yes	mfungwa
asf	no	juha
asm	no	mbaazi za kijani
re	no	jinai kosa
an	no	wry uso
cds	no	pimp
qas	no	omnium-gatherum
cds	no	fanatic
ddp	yes	oaf
om	no	kupakana
an	no	villain kutisha
cds	no	uhalifu familia
cds	no	grunge
cds	no	dime riwaya
re	no	ng'ombe rustler
ddp	yes	ragtag na bobtail
re	no	grand wizi
dmc	yes	kitwana
svp	no	bigotry
re	no	watoto wachanga
re	no	kosa indictable-tu
re	no	kidnap
cds	no	wagon treni
cds	no	peons
an	no	animalculum
cds	no	pimps
cds	no	falsity
cds	no	prig
dmc	yes	pilferer
re	no	furiousness
or	no	blockhead
pa	yes	wahasibu
cds	no	nursling
cds	no	hybrid
ddp	yes	ragtag
an	no	blockhead
qas	no	ragtag na bobtail
pa	yes	ukumbi bawabu
re	no	ananyanyaswa
re	no	banditti
asm	no	govi
dmc	yes	clown
an	no	griffon tai
ddp	yes	microcephalus
cds	no	ultraconservative
cds	no	kichwamaji
re	no	ubakaji tarehe
rci	yes	churl
asm	no	ninny
dmc	yes	mlaghai
om	no	transvestism
qas	no	parokia kikanisa
cds	no	familia
dmc	yes	`anyi
cds	no	mbwa
asf	no	dumbass
cds	no	satyriasis
ddp	yes	knucklehead
cds	no	fibber
cds	no	uhalifu
dmc	yes	maadili dira
cds	no	nympho
pr	no	ukahaba
svp	no	dallier
cds	no	ndoa broker
cds	no	snooper
is	yes	maskini shetani
asm	no	pumbo
re	no	unyang'anyi
cds	no	mjinga
asm	no	flouter
asm	no	koko
an	no	ulaya chura
re	no	unyanyasaji
cds	no	high-handedness
pr	no	courtiers
pr	no	bakari
cds	no	mtetaji
cds	no	kikabila
qas	no	mfanyabiashara wa marekani
cds	no	craven
pr	no	john
qas	no	mpira
pa	yes	watetezi
pa	yes	mwombezi
re	no	mwizi ndogo
cds	no	newsmonger
qas	no	mbepari jamii
dmc	yes	mbaya mtu
an	no	american nyati
or	no	homophile
pr	no	courtesans
an	no	antelope mbuzi
an	no	fulvus
dmc	yes	rude
pa	yes	academicism
re	no	wizi ndogo ndogo
an	no	bos
pa	yes	tiketi wakala
pa	yes	prof
pr	no	mitaani msichana
re	no	mafioso
cds	no	marekebisho afisa
cds	no	ng'ombe
cds	no	neonatal
an	no	bison ulaya
re	no	grand larceny
cds	no	mpatanishi
cds	no	njama za kimya kimya watuhumiwa
cds	no	schoolmarm
cds	no	genge
pa	yes	fishwife
cds	no	wauaji
cds	no	lav
cds	no	taka ya manisipaa
cds	no	patsy
qas	no	bumbler
an	no	psittacus
an	no	diddley
cds	no	yokel
re	no	kusalitiwa
svp	no	pridefulness
svp	no	bahili
qas	no	kubwa ya mfanyabiashara
cds	no	chump
pa	yes	wanasheria kesi
an	no	tumbusi
ddp	yes	kielimu walemavu
svp	no	uchovu
an	no	anser
svp	no	hakuna akaunti
dmc	yes	udanganyifu
svp	no	layabout
cds	no	loanshark
an	no	megascops
dmc	yes	majambazi
cds	no	jinai kosa
an	no	mbweha
an	no	vamper
an	no	ngwena
cds	no	grunge muziki
cds	no	shughuli haramu
an	no	fimbo-i-tope
ddf	yes	ulemavu uhamaji
ddp	yes	muttonhead
re	no	libelous
cds	no	dickhead
ps	yes	mongoloids
an	no	yeye-mbuzi
an	no	ovis mapacha
qas	no	kennels
or	no	bonehead
an	no	vipera
dmc	yes	grifter
cds	no	hierarch
an	no	ovis
ps	yes	mweusi mtu
pr	no	suria
pa	yes	shepherdess
asm	no	jeerer
re	no	captor
an	no	gyps
cds	no	sloven
cds	no	kabila
cds	no	mipira-up
asm	no	ballock
or	no	harakati homophile
ps	yes	judeo
ps	yes	kibulgaria
re	no	unyanyasaji wa kijinsia
cds	no	bragger
dmc	yes	lofa
asf	no	chump
ps	yes	darkey
ddp	yes	saphead
qas	no	riffraff
an	no	bison
ps	yes	mestizos
ddp	yes	hooey
is	yes	niggard
dmc	yes	maadili mema
ps	yes	nigra
cds	no	pedantry
ps	yes	msomi
an	no	koa
pr	no	hetaera
an	no	tomfool
qas	no	mfanya kazi kwa shamba
ddp	yes	newsmonger
re	no	ngono unyanyasaji
cds	no	woga
an	no	lophopsittacus
ps	yes	msalaba-kuzaliana
an	no	viroboto
cds	no	tricker
or	no	bonce
ps	yes	darky
ddp	yes	tomfool
asf	no	vinyuzi
svp	no	lazybones
cds	no	kufundisha
cds	no	vitengo kijapani ya kipimo
an	no	ragtag na bobtail
pa	yes	jamii ya wasomi
an	no	bunnies
pa	yes	kitivo adjunct
asm	no	testis
qas	no	uchinjaji
ddp	yes	nitwit
an	no	lampyris noctiluca
an	no	kuku ndani
ddp	yes	wajinga
pa	yes	wakili
cds	no	cliques
or	no	butternut boga
cds	no	tomfool
an	no	bahari nge
cds	no	ujeuri
cds	no	git
om	no	kulawiti
re	no	tendo la kigaidi
cds	no	misaada kufundisha
cds	no	blackballing
cds	no	wafu-mwisho wa mitaani
svp	no	kutojali
cds	no	kuingizwa ya ulimi
ddp	yes	wafungwa
cds	no	gharadi
asm	no	laini kugusa
asm	no	screwing
an	no	culex pipiens
qas	no	baron
an	no	mamba
cds	no	polisi
asm	no	nookie
cds	no	boronga
cds	no	sonny
ps	yes	dimwit
dmc	yes	churl
is	yes	kibapara
cds	no	cop
an	no	prickteaser
cds	no	barabara wakala
cds	no	ufisadi jinai
re	no	manza
an	no	frogspawn
cds	no	sanduku
ps	yes	asili afrika
cds	no	pool hustling
ps	yes	black mtu
ps	yes	nyeusi
cds	no	mwanachama wa kundi
ddp	yes	maskini samaki
cds	no	kinfolk
cds	no	rube
pa	yes	sheepherder
ddp	yes	kiumbe
an	no	gushu
svp	no	kimwili kivutio
cds	no	watoto wanaozaliwa
asm	no	kipande cha punda
cds	no	order masonic
or	no	dolt
cds	no	uhalifu bwana
an	no	maw
cds	no	mtoto
ddp	yes	mabusu
om	no	lateral
an	no	puto swallower
cds	no	magenge ya vijana
ps	yes	moron
cds	no	riba
ddf	yes	nusu-pint
cds	no	gobs
qas	no	pumbu
ps	yes	wavandali
an	no	nyoka katika majani
cds	no	cowardliness
an	no	blackguard
pa	yes	wafanyakazi nyeupe-collar
cds	no	choo kituo
an	no	bahili
om	no	kupenya anal
an	no	bata bukini
om	no	queer
cds	no	splashiness
or	no	dunce
ps	yes	drifter
an	no	ndani mbwa
qas	no	kazi za nyumbani
cds	no	machafuko
dmc	yes	mwongo
asm	no	maroon
pa	yes	wooer
qas	no	gallimaufry
dmc	yes	mdanganyifu
an	no	mosquitoe
cds	no	shirker
or	no	mshamari
dmc	yes	ghashi
cds	no	narcism
an	no	sus domestica
re	no	tarehe-ubakaji
pa	yes	profesa wanajulikana
pa	yes	bawabu
cds	no	umma urahisi
an	no	moue
cds	no	hubris
ddp	yes	blabbermouth
an	no	mbuzi wa maziwa
an	no	ndege ya minerva
ddp	yes	mwana wa bitch
an	no	gastropoda
cds	no	ballup
re	no	mauaji shahada ya pili
cds	no	pandemonium
ddp	yes	stuff na nonsense
re	no	delinquent
an	no	git
cds	no	rookie
om	no	ipsilateral
an	no	fisi
an	no	hivyo-na-ili
cds	no	umati
an	no	ipasavyo
an	no	frown
re	no	kuiba
an	no	bos taurus
an	no	tai mzoga
ps	yes	wayahudi
svp	no	daha
dmc	yes	phoney
pr	no	michezo mwanamke
pa	yes	professorships
ps	yes	crossbred
an	no	skirt chaser
dmc	yes	rogue
qas	no	rhetorical
dmc	yes	phony
ps	yes	mabedui
an	no	shark
asf	no	lunkhead
asm	no	mboo
an	no	crocodilians
an	no	wanyama
re	no	plagiarizing
asm	no	avafauna
cds	no	moneylending
ddp	yes	dawa quack
an	no	nguruwe ndani
is	yes	masikini
dmc	yes	chafu
an	no	suborder blattaria
cds	no	schoolma'am
pa	yes	profesa wa kawaida
cds	no	moneygrubber
qas	no	mpingaji
svp	no	uzinifu
dmc	yes	mtanga
re	no	uhalifu wa ngono
qas	no	boronga
cds	no	ufisadi
ps	yes	rico
cds	no	wamasoni
cds	no	osha chumba
cds	no	devilment
ps	yes	kichwamaji
rci	yes	safihi
svp	no	hamu ya ngono
cds	no	wonk
pr	no	socialites
pr	no	slut
cds	no	pakacha
an	no	epifauna
an	no	chawa mwili wa binadamu
ddp	yes	hawajui kusoma na kuandika mtu
pa	yes	ushauri wa kisheria
an	no	midget
or	no	stupe
om	no	mkoa gluteal
qas	no	wafanyabiashara
pr	no	hawara
asm	no	muggins
ps	yes	inkiness
an	no	nyeupe shark
cds	no	ng'ombe rustler
cds	no	kulevya
an	no	diddly-shit
an	no	ndege wa usiku
an	no	kiroboto
ddp	yes	doofus
re	no	majambazi
asm	no	ulaya maharage
an	no	doggie
cds	no	omnium-gatherum
dmc	yes	fetor
cds	no	udongo
an	no	chondrichthyes
asm	no	nooky
cds	no	kosa
an	no	fuckhead
an	no	hirudinea
qas	no	mfalme
ps	yes	uyahudi
qas	no	soko mlinzi
cds	no	jeshi
asm	no	erection uume
qas	no	welter
pr	no	strumpet
re	no	ngono uhalifu
cds	no	topsy-turvyness
an	no	cootie
asf	no	patsy
an	no	hemitragus
an	no	nyati
an	no	hemipterous wadudu
om	no	buns
cds	no	brigadia mwovu
cds	no	mountebank
cds	no	quidnunc
qas	no	falsity
asf	no	retard
an	no	numskull
qas	no	nyumba mchoraji
dmc	yes	uasherati
cds	no	mussiness
cds	no	miscreant
ddp	yes	twirp
an	no	carcharodon
svp	no	superbia
cds	no	swot
dmc	yes	malodour
cds	no	cacography
cds	no	paparazzo
pa	yes	profesa wa muda
an	no	ruba
pa	yes	bellhop
pa	yes	kinadharia
asm	no	juha
an	no	suinae
cds	no	jerking off
re	no	kishoka kazi
svp	no	ne'er-do-vizuri
pr	no	nondo
an	no	caprine mnyama
re	no	malversation
is	yes	mlaghai
om	no	masharti kwa anatomical mahali
cds	no	utetezi
ps	yes	krauthead
an	no	fira
ps	yes	romani
qas	no	culling
an	no	piglet
an	no	floozy
cds	no	cheekiness
re	no	maligner
asm	no	twirp
pr	no	mfereji wa maji machafu panya
qas	no	magniloquence
pa	yes	koplo
qas	no	gharadi
an	no	freebooter
cds	no	defrauder
an	no	mbwa
re	no	kosa ngono
qas	no	koko
cds	no	whorehouse
qas	no	biashara mtu
re	no	kosa
cds	no	snob
dmc	yes	villainess
or	no	sativus
an	no	american bison
ps	yes	shenzi
pa	yes	mlango ulinzi
pr	no	bibi
ddp	yes	barbaric
dmc	yes	mope
an	no	caimans
cds	no	demagogue
re	no	blackmailing
cds	no	crossbreed
an	no	sungura
ddp	yes	analphabet
qas	no	cadger
svp	no	ubwete
dmc	yes	laghai
cds	no	shughuli za uhalifu
an	no	psittacidae
dmc	yes	soiled
pa	yes	mfanyakazi
an	no	mnyonywaji
pr	no	kahawia panya
svp	no	kiburi
an	no	batrachian
ddp	yes	nonsense
re	no	kigaidi kitendo
cds	no	dolt
dmc	yes	bumbler
svp	no	hasira
asm	no	phallus
qas	no	sciolist
an	no	midge
cds	no	fumbler
qas	no	caste
cds	no	kibeti
an	no	familia crocodylidae
cds	no	blunderer
cds	no	fundamentalist
an	no	micro-viumbe
an	no	carcharodon carcharias
an	no	potamochoerus
cds	no	mystifier
cds	no	brokers
cds	no	scum mfuko
cds	no	junto
cds	no	blackball
cds	no	mwombezi
qas	no	tabaka ya kati
ddf	yes	walemavu mtu
ps	yes	mhuni
cds	no	brothel
pa	yes	safihi
asm	no	ubaradhuli
cds	no	archpriest
pa	yes	monger samaki
cds	no	waandishi wa habari
cds	no	ingroup
pa	yes	mwalimu
qas	no	medieval
cds	no	kisicilia mafia
re	no	kigaidi
is	yes	tightwad
rci	yes	barbaric
an	no	mende
svp	no	kufanya chochote-
cds	no	nerd
qas	no	mare wa kiota
svp	no	hauteur
an	no	kuingizwa ya ulimi
asm	no	mbaazi
an	no	kiumbe
qas	no	mbwa nyumba
asm	no	wank
asm	no	mchafu
cds	no	kukataa
asf	no	maamuma
re	no	ndrangheta
dmc	yes	homunculi
cds	no	strikebreaker
an	no	fisionomia
cds	no	shida
cds	no	uliokithiri haki-winga
ddp	yes	epifaunal
an	no	animate kuwa
cds	no	loansharking
ddp	yes	nonsensicality
dmc	yes	barbaric
is	yes	watu maskini
ps	yes	negroids
an	no	caiman
cds	no	fasihi hack
cds	no	intergeneric hybrid
asm	no	dimwit
pa	yes	mshauri-at-sheria
qas	no	farrago
dmc	yes	ulaghai
re	no	kidnaps
re	no	haramia
cds	no	gangsterism
dmc	yes	kenge
cds	no	cowardice
om	no	nyuma ya
asf	no	uke
qas	no	boner
an	no	mwanamke chaser
qas	no	magnate
cds	no	mzuzu
svp	no	wivu
cds	no	telltale
dmc	yes	stench
an	no	bison marekani
dmc	yes	nzuri dude
asf	no	fala
cds	no	nouveau riche
cds	no	bawdyhouse
cds	no	mwana wa bitch
cds	no	know-it-all
svp	no	niggard
cds	no	kuwepesisha
cds	no	fascista
ddp	yes	akili upungufu
an	no	covert kusikiliza kifaa
cds	no	weisenheimer
pr	no	biashara ya ngono
dmc	yes	outlawry
pa	yes	academe
pa	yes	mahamali
pr	no	bawd
cds	no	wiliness
asf	no	nywele pubic
asf	no	idiot
cds	no	chiseller
qas	no	aaaa ya samaki
an	no	kitanda mdudu
svp	no	ya uasherati
cds	no	schoolmistress
an	no	ferociousness
dmc	yes	chawbacon
cds	no	chorochoro
pr	no	kahaba
re	no	mhalifu
dmc	yes	uhuni
ddp	yes	mjinga
dmc	yes	ulioasi
svp	no	kutokuchukua hatua
re	no	plagiarise
qas	no	ideologue
cds	no	desperado
cds	no	racketeer
an	no	culicidae
om	no	ma'am
an	no	mollusk
cds	no	villain
qas	no	hovel
svp	no	niggardness
dmc	yes	lazybones
re	no	capturer
re	no	kuibiwa
re	no	mwuaji
asm	no	laini ray
an	no	psittacula
cds	no	treni wagon
an	no	jilt
cds	no	idiolatry
asm	no	jacking mbali
dmc	yes	bahati mbaya
an	no	bweha-dhahabu
cds	no	boo-boo
om	no	lady
asm	no	uume
or	no	viazi mpya
ddp	yes	numskull
asf	no	mpumbavu
ddf	yes	kipofu
or	no	shithead
om	no	crossdresser
cds	no	poltroon
or	no	brassica rapa
pa	yes	cheo kidiplomasia
om	no	poof
cds	no	na-pigo
or	no	boga mzabibu
qas	no	monger
re	no	muuaji
om	no	jinsia moja
pa	yes	mposa
an	no	hemipteron
cds	no	maafisa wa polisi
re	no	plagiarized
is	yes	villainous
ddp	yes	animate kuwa
cds	no	kufa
om	no	ya jinsia moja
re	no	wezi
an	no	ng'ombe
ddf	yes	nanus
pr	no	rattus norvegicus
ddp	yes	twaddler
asf	no	laini kugusa
or	no	spud
cds	no	jalopy
asf	no	moron
ddp	yes	dunderhead
an	no	villainous
cds	no	mtazamaji
cds	no	amour propre
pa	yes	mwombezi maalum
cds	no	wamekataliwa
pr	no	huru mwanamke
an	no	hemipteran
qas	no	manispaa taka ngumu
re	no	ubakaji
an	no	kwao
svp	no	trencherman
asm	no	chump
cds	no	kawadia
svp	no	avariciousness
re	no	mauaji ya pili shahada
cds	no	lazybones
pr	no	socialite
cds	no	mwizi
om	no	ventrolateral
re	no	ngono kosa
cds	no	ushupavu
an	no	chua chura
ddf	yes	watu wenye ulemavu
cds	no	wuss
ddp	yes	hokum
or	no	nance
ddp	yes	gawk
re	no	kuteswa
asm	no	faba maharage
re	no	ugaidi
ddp	yes	bumbler
svp	no	sloth
svp	no	amour propre
an	no	anguilla
cds	no	maji taka ndani
ps	yes	kuanguka guy
dmc	yes	scammer
ps	yes	darkie
an	no	kondoo-kaya
dmc	yes	mozzarella jibini
cds	no	kawaida
cds	no	mvumi
or	no	fuckhead
re	no	defamer
an	no	mdudu
pa	yes	nyama ya nguruwe butcher
an	no	canis lupus familiaris
om	no	jinsia moja kivutio
an	no	gallus
qas	no	mtaalamu darasa
an	no	kawaida mbu
dmc	yes	drifter
asf	no	mjinja
an	no	familia anguillidae
qas	no	urongo
re	no	magaidi
an	no	kasuku mdogo
pr	no	masuria
svp	no	gourmandizer
cds	no	mutt
cds	no	waziri
pa	yes	advocator
re	no	jangili
cds	no	zealots
re	no	plagiarism
an	no	chuki
om	no	shirtlifter
qas	no	churl
dmc	yes	chafu mbwa
an	no	kondoo ndani
qas	no	commoners
cds	no	autolatry
qas	no	umelea
qas	no	acolytes
dmc	yes	layabout
pa	yes	msomi
qas	no	dauber
re	no	uhalifu wa kijinsia
asm	no	mjinja
re	no	teka nyara
pr	no	kusindikiza kiume
cds	no	fala
an	no	mnyama
an	no	lunkhead
an	no	screech-bundi
ddf	yes	kibeti
an	no	minyoo
an	no	hylochoerus
ddp	yes	motherfucker
cds	no	duffer
an	no	chawa mwili
svp	no	upinzani
asm	no	maxilliped
pa	yes	viboko
re	no	kunyanyaswa kifedha
re	no	mugger
qas	no	chubwi
pr	no	courtesan
cds	no	scads
re	no	kumbaka
re	no	uharamia
pr	no	kukabiliana kutambaa
cds	no	dandies
an	no	kungsfisk
cds	no	narcissist
cds	no	mishmash
re	no	ukiukwaji wa mamlaka
or	no	meticulosity
asm	no	retard
svp	no	ubakhili
qas	no	bloodhound
dmc	yes	slackers
cds	no	villainous
cds	no	ndani ya mduara
cds	no	timeserver
asf	no	muggins
ps	yes	mjinja
re	no	wizi
an	no	aegypius
ps	yes	negroid
qas	no	chakavu
dmc	yes	makazi
an	no	mbuzi antelope
dmc	yes	trifler
an	no	hirudinean
asf	no	technicality
om	no	homosexualism
cds	no	melange
pr	no	makahaba
cds	no	pedantic
cds	no	sneak mwizi
an	no	nyumbu
om	no	namby-pamby
is	yes	mwombaji
pr	no	bos taurus
ddp	yes	prater
an	no	insecta
an	no	animalcule
svp	no	uvivu
asm	no	makende
asm	no	ndege
an	no	streetwalker
is	yes	mnyimaji
cds	no	washirikina
an	no	hawajui lolote
ps	yes	bedouin
or	no	ireland viazi
cds	no	blooper
dmc	yes	jester
om	no	msalaba-mfanyakazi
dmc	yes	villain
re	no	kosa indictable
re	no	chiseller
cds	no	sheria ya kuvunja
qas	no	baroqueness
cds	no	kukopesha fedha
qas	no	amateurishness
qas	no	kiongozi wa kiroho
asm	no	avifauna
re	no	nyara
om	no	caudally
dmc	yes	rakehell
pa	yes	jinai wakili
qas	no	bwanyenye
cds	no	outlaw
cds	no	know-it-wote
an	no	kuanguka guy
asf	no	kuanguka guy
cds	no	mkono kazi
dmc	yes	bahati mbaya mtu
cds	no	majisifu
cds	no	villainess
cds	no	scuttlebutt
re	no	ubakaji kwa nguvu
an	no	suidae
re	no	mauaji
asf	no	muttonhead
ddp	yes	unwiseness
pr	no	uzinzi
an	no	mtu-kula shark
cds	no	riffraff
cds	no	hypersexual
an	no	cimicidae
an	no	pipistrellus
om	no	gentlewoman
re	no	wizi wa kutumia nguvu
cds	no	narcissism
dmc	yes	villainous
qas	no	tycoon
asm	no	mpana mkunde
cds	no	oodles
asm	no	patsy
qas	no	rhetorician
dmc	yes	hobo
ps	yes	blackamoor
asm	no	phallic
an	no	capra
is	yes	tatterdemalion
asf	no	pussy
qas	no	jamii ya mbepari
qas	no	mkulima
cds	no	vitendo joker
pa	yes	wasomi
ddp	yes	poppycock
ddp	yes	msomi
cds	no	nguruwe
ps	yes	jamii ya wayahudi
dmc	yes	kimaadili bankrupt
ddp	yes	nonsensical
cds	no	hypersexuality
ddp	yes	muggins
cds	no	fascist
svp	no	unyimivu
ddf	yes	kimwili changamoto
dmc	yes	mtembezi
ddp	yes	chump
dmc	yes	tramps
om	no	tako
svp	no	ubatilifu
cds	no	bigot
re	no	vilifier
or	no	cuke
cds	no	anasa
cds	no	jester
is	yes	furaha
cds	no	uzushi
ddp	yes	nanocephaly
asm	no	ithyphallic
dmc	yes	urongo
ddp	yes	akili taahira
re	no	maharamia
om	no	nyuma mwisho
cds	no	unyang'anyi
re	no	mwizi
dmc	yes	nguruwe
asm	no	kiingereza maharage
qas	no	rhetoric
om	no	distal
an	no	scorpionfish
om	no	hind mwisho
cds	no	casino
pa	yes	jesuit
asm	no	moron
re	no	jambazi
asf	no	dimwit
re	no	mashambulizi ya kingono
cds	no	outlawry
om	no	pederasty
qas	no	wakulima mpangaji
re	no	raptio
cds	no	oddments
ps	yes	kadi ya njano
qas	no	kidalali
re	no	ubadhirifu
is	yes	fukara
or	no	kabichi
cds	no	anyi
qas	no	industrialist
om	no	pederastic
an	no	beberu
an	no	cimex lectularius
ps	yes	nusu-breed
ddp	yes	silly
ps	yes	mtu mweusi
asf	no	changeling
an	no	kusindikiza kiume
an	no	chua
cds	no	slews
ddp	yes	charlatan
cds	no	maji taka
re	no	kisheria ubakaji
ps	yes	wanawake black
cds	no	jamaa
an	no	blattaria
qas	no	scrounger
an	no	papa kubwa nyeupe
cds	no	pedant
qas	no	muuza
re	no	`anyi
om	no	nance
an	no	leeches
cds	no	scientism
cds	no	askari wa gereza
cds	no	kura
ps	yes	fascist
an	no	tai
cds	no	upendo mtoto
dmc	yes	buffoonery
qas	no	kiongozi kiroho
dmc	yes	loiterers
an	no	jibu
qas	no	mbepari
cds	no	mawahhabi
or	no	potatoe
re	no	uzushi
svp	no	scrooge
cds	no	moneylenders
ps	yes	chotara
ps	yes	mseto manmade
ddp	yes	udanganyifu afya
cds	no	mafia italia
cds	no	backtalk
svp	no	ubatili
om	no	noblewoman
cds	no	junk pepe
dmc	yes	msomi
cds	no	kuzungukwa kichwa
ddp	yes	macrofauna
svp	no	aboulia
an	no	parrot
qas	no	rhetoric classical
om	no	mtu mashoga
cds	no	prankster
cds	no	hustling
an	no	salientian
cds	no	crooner
an	no	crocuta
pa	yes	waziri-mshauri
cds	no	mafiosi
or	no	maskini samaki
an	no	mashambulizi shark
or	no	kijinga
asm	no	ujinga
an	no	mjinga
an	no	cakehole
cds	no	superbia
cds	no	uwongo
ddp	yes	pudden-kichwa
re	no	kidnapper
qas	no	shida maker
cds	no	perspicaciousness
pa	yes	mtawala
re	no	kidnaper
ps	yes	bedu
svp	no	apathetic
re	no	camorra
an	no	inexorableness
svp	no	slackers
ddf	yes	walemavu
cds	no	bas bleu
an	no	limacidae familia
cds	no	wizi ndogo ndogo
cds	no	mwenye dhambi
an	no	familia cimicidae
cds	no	sanamu
cds	no	kibaraka
cds	no	ragtag
an	no	saphead
an	no	bweha
qas	no	kulingana
or	no	shamari
asf	no	dunce
an	no	siphonaptera
an	no	crocodilian
an	no	bufo bufo
qas	no	mchoraji nyumba na decorator
pa	yes	profesa msaidizi
cds	no	gallimaufry
or	no	knucklehead
dmc	yes	zimeshafuta
asm	no	pea kupanda
ddp	yes	laini kugusa
ps	yes	msikwao
qas	no	shenzi
an	no	mlaghai
re	no	traducement
cds	no	nadharia njama
svp	no	gorger
svp	no	tightfistedness
re	no	stickup
re	no	kashfa za tabia
an	no	microbes
dmc	yes	duffer
re	no	kingono
cds	no	safihi
asf	no	crotch nywele
cds	no	afisa kusahihisha
svp	no	eros
ps	yes	nigger
cds	no	masalio
or	no	noggin
an	no	bugging
pr	no	malaya
qas	no	snooper
an	no	malaya
svp	no	uchoyo
dmc	yes	rotter
svp	no	bigot
qas	no	mfanyabiashara
qas	no	divulgement
