ps	yes	idiota
an	no	tosquedad
ddp	yes	simple
cds	no	préstamo de dinero
ddp	yes	embrutecerse
asm	no	pedazo de culo
pr	no	prostituta
dmc	yes	atroz
asm	no	bendito
pr	no	puta
cds	no	fanfarronada
an	no	broma de internet
cds	no	gamberro
an	no	furcia
cds	no	basura
an	no	brutal
cds	no	hauteur
cds	no	piscina presionante
asf	no	tomfool
cds	no	enclenque
an	no	sanguijuela
dmc	yes	caballero de industria
ddp	yes	embrutecer
asf	no	almeja
cds	no	usurario
cds	no	astucia
an	no	vampiro
an	no	bestialismo
an	no	granuja
cds	no	embustero
re	no	acto terrorista
cds	no	réprobo
re	no	mafia
an	no	corto
svp	no	comilón
pr	no	jinetera
asf	no	folderol
ddp	yes	bárbara
an	no	tacaneria
cds	no	proscrito
cds	no	pajero
cds	no	estafadora
ddp	yes	dumbass
asf	no	zoquete
cds	no	residuo metálico
dmc	yes	hedionda
svp	no	celoso
ddp	yes	sin sentido
ps	yes	despilfarrador
asf	no	ababol
cds	no	fanfarrón
cds	no	suficiencia
cds	no	astuta
an	no	villano trágico
dmc	yes	tarado
an	no	escoria bolsa
asm	no	gilipolleces
ddp	yes	inocente
an	no	calle chica
cds	no	furor erótico
dmc	yes	cheater
cds	no	mentir
cds	no	blandengue
qas	no	desecho
asm	no	alcornoque
cds	no	repipi
cds	no	explotación sexual
asm	no	clavo
ddp	yes	culo
cds	no	charlatan
an	no	zorra
re	no	violador en serie
re	no	definicion de terrorismo
an	no	coqueta
cds	no	satiriasis
qas	no	patán
cds	no	gandul
svp	no	tacañería
an	no	serpiente en la hierba
asm	no	soso
dmc	yes	traficante
pa	yes	barbaros
dmc	yes	no por cuenta
cds	no	diablura
dmc	yes	fétida
ps	yes	jigaboo
re	no	bribón
cds	no	simplón
ps	yes	gitano
pr	no	vaca
dmc	yes	perro sucio
cds	no	tarado
cds	no	mastuerzo
dmc	yes	desaliñado
an	no	gallina
asf	no	gilipollas
asm	no	follarse
dmc	yes	fabricante
cds	no	presunción
om	no	1069bf
cds	no	shylock
dmc	yes	pelotudo
ps	yes	imbécil
asm	no	pichar
svp	no	colérico
an	no	esponja
qas	no	persona torpe
re	no	difamación
asm	no	pichi
dmc	yes	bajo
dmc	yes	pestilente
an	no	avara
asm	no	lerda
cds	no	escoria bolsa
pa	yes	montañero
asm	no	macana
asm	no	pico
asm	no	hacer el amor
svp	no	vanagloria
dmc	yes	vil
ddp	yes	desgraciado
re	no	sinvergüenza
dmc	yes	fetidez
or	no	zoquete
an	no	puto
ddp	yes	matasanos
asf	no	burro
cds	no	usurera
asm	no	imbecilidad
asf	no	bomba
ddp	yes	blunderer
ddp	yes	corto
or	no	queer
pa	yes	bestia
svp	no	orgullo
qas	no	aprovechador
ddp	yes	memo
ddp	yes	charlatan de feria
cds	no	finagler
cds	no	embuste
ps	yes	pueblo bárbaro
asf	no	disparate
is	yes	parsimonia
asm	no	pasmarote
asm	no	polvo
cds	no	sabe-lo-todo
cds	no	travesura
cds	no	mara 18
an	no	cornudo
ddp	yes	baratija
an	no	pendón
an	no	wuss
an	no	enano
cds	no	residuos domésticos
an	no	pelandusca
qas	no	zoquete
an	no	indigente
cds	no	policías
svp	no	furor
pr	no	guarra qualifier
svp	no	agresiva
is	yes	sinvergüenza
asf	no	patata
cds	no	cultura de las pandillas
an	no	pusilánime
dmc	yes	desertor
cds	no	hipersexual
cds	no	mafioso
cds	no	cabrón
cds	no	lagartona
an	no	tacañeria
pr	no	servicios sexuales
is	yes	tacano
qas	no	boludo
om	no	homófilo
ddp	yes	testarudo
cds	no	dweeb
om	no	movimiento homófilo
ddp	yes	pueblos bárbaros
svp	no	avariciar
cds	no	friki
an	no	persona desaliñada
asf	no	retardar
an	no	haragán
is	yes	avara
dmc	yes	negado
cds	no	fascismo rojo
pr	no	furcia
svp	no	plato trinchero
asm	no	pinga
cds	no	adicto
an	no	gigoló
cds	no	gilipollas
cds	no	satiariasis
cds	no	agitador
is	yes	avariciosamente
dmc	yes	incompetente
cds	no	fabulista
cds	no	curioso
dmc	yes	melancólico
svp	no	conceitedness
cds	no	conformista
cds	no	cuentista
ddp	yes	tacaño
an	no	tacanería
pr	no	chicos de alquiler
pr	no	mesalina
pr	no	prostituto
dmc	yes	nauseabundo
svp	no	parsimonia
cds	no	demagógica
dmc	yes	mierda
dmc	yes	manta
is	yes	tacañería
an	no	codez
cds	no	corruptible
ddp	yes	que coño haces?
ps	yes	palurdo
an	no	tonto
ddp	yes	ferocidad
an	no	golfa
an	no	patsy
dmc	yes	boludo
svp	no	tragaldaba
dmc	yes	buena-para-nada
ddp	yes	infantil
qas	no	bárbara
cds	no	pecador
dmc	yes	imitativo
ddp	yes	pelotudo
svp	no	lascivo
cds	no	tomfool
ps	yes	tonto
ddp	yes	taleteller
cds	no	fanatismo
is	yes	villano trágico
an	no	baratija
cds	no	régimen fascista
cds	no	ladrón de carretera
qas	no	pueblo bárbaro
pr	no	buncombe
an	no	bellaco
qas	no	inepto
cds	no	pendejo
dmc	yes	embustero
an	no	zoquete
svp	no	arrogante
pr	no	puto
svp	no	áspera
qas	no	buitre
or	no	dumbass
asm	no	pirulo
or	no	punta
svp	no	rancio
cds	no	ninfomania
asm	no	wanker
asf	no	chorradas
ddp	yes	imbecil
re	no	villano trágico
cds	no	usureros
an	no	guatoncito
asm	no	pajas
pr	no	golfa
asf	no	niño cambiado
cds	no	adiccion sexual
asm	no	disparate
cds	no	vagabunda
cds	no	aguachirle
pr	no	disparate
ddp	yes	fumbler
cds	no	pulidor de manzana
or	no	extraño
ddp	yes	tonta del culo
qas	no	rechazar
ddp	yes	zooerasty
an	no	enclenque
dmc	yes	avaro
asm	no	zopenco
asf	no	chica
cds	no	golfo
cds	no	pelotudo
cds	no	mentiroso
ddp	yes	tontorrón
an	no	mesalina
an	no	no saben nada
or	no	conejo
asm	no	shtup
cds	no	contra revolucion
ps	yes	bestia
ddp	yes	ignorar
rci	yes	patán
qas	no	erudito a la violeta
qas	no	tarado
cds	no	egotismo
cds	no	nerdo
an	no	diddlyshit
cds	no	demagogos
cds	no	mentirilla
an	no	maricadas
cds	no	proxenético
cds	no	intolerante
asf	no	bobadas
an	no	folderol
an	no	basura
svp	no	slackers
svp	no	venenoso
re	no	hampa
ddp	yes	napias
re	no	bregante
cds	no	hack de escritor
an	no	chorradas
re	no	bellaco
cds	no	soplón
svp	no	iracundo
an	no	parado
cds	no	astuto
ddp	yes	mierda
cds	no	patoso
cds	no	mentira de emergencia
cds	no	chivato
dmc	yes	foetor
svp	no	ocioso
cds	no	saltabancos
cds	no	manta
svp	no	inutilidad
pr	no	gigoló
an	no	bagatela
asf	no	estúpido
dmc	yes	apestosa
cds	no	maestra
re	no	violento
dmc	yes	engañosa
qas	no	desatinado
an	no	diddly sentadilla
cds	no	capullo
re	no	debaucher
asf	no	vaginal
cds	no	sabidillo
an	no	coima
dmc	yes	lowlife
asm	no	tonto como un niño
ddp	yes	chismero
cds	no	infundio
an	no	idiota
is	yes	roñoso
dmc	yes	pícaro
qas	no	bárbaro
ps	yes	ruiner
pr	no	acompañante masculino
an	no	prostituto
dmc	yes	montañero
dmc	yes	inescrupuloso
cds	no	ratero
cds	no	reaccionarismo
an	no	rácano
dmc	yes	bárbaro
qas	no	tagalong
asm	no	pito
asf	no	imbecilidad
ddp	yes	soso
pr	no	puta drogadicta
cds	no	whiner
cds	no	pícaro
or	no	cabeza de martillo
cds	no	barbaros
dmc	yes	barbarie
cds	no	mistificador
dmc	yes	sinvergüenza
ddp	yes	pero se puede saber qué coño estas haciendo?
qas	no	vagabunda
re	no	grupo terrorista
pr	no	putas
cds	no	agente
asm	no	multar
svp	no	vacío
ddp	yes	deja de hacer el idiota
asm	no	pichula
qas	no	gamberro
cds	no	ideologia fascista
an	no	rata
dmc	yes	negro
an	no	hoax
cds	no	presuntuosidad
dmc	yes	perdulario
an	no	chusma
ddp	yes	crueldad
cds	no	sinvergüenza
an	no	mierda
dmc	yes	grupiento
qas	no	tapagujeros
ddp	yes	no saben nada
ddp	yes	niñito
dmc	yes	contrahecho t+
cds	no	charlatan de feria
ddp	yes	ababol
an	no	persona sin educación
re	no	delito de terrorismo
an	no	zooerasty
dmc	yes	trolero
ddp	yes	engañar
asm	no	reata
an	no	grosería
ddp	yes	oreja
cds	no	muchedumbre
dmc	yes	blunderer
qas	no	historia
asm	no	bobo
cds	no	regímenes fascistas
asm	no	paloma
ddp	yes	menso
dmc	yes	palurdo
asf	no	melón
cds	no	guardia
asm	no	qué cono haces?
or	no	chichi
cds	no	pillock
asf	no	borra
ddp	yes	brutalidad
an	no	mala persona
cds	no	atormentador
svp	no	codicioso
qas	no	sacrificio
asf	no	tonto como un niño
cds	no	delincuente juvenil
cds	no	usurero
an	no	alfeñique
svp	no	presuntuoso
an	no	mujercita
cds	no	cobarde
an	no	mequetrefe
cds	no	prepotencia
an	no	nanus
re	no	corruptor
qas	no	desconcertar
an	no	muttonhead
cds	no	chawbacon
qas	no	pintor malo
cds	no	matado
dmc	yes	picaro divino
re	no	sinverguenza
ddp	yes	patsy
cds	no	tunante
ddp	yes	pero se puede saber que coño estás haciendo?
cds	no	holgazán
ddp	yes	panoli
cds	no	demagogo
cds	no	adicción al sexo
asm	no	huevo
ddp	yes	pero se puede saber qué coño estás haciendo?
re	no	chismorreo
cds	no	baratija
cds	no	mano trabajo
pr	no	hellcat
pr	no	prostitucion masculina
or	no	chocha
asf	no	tonto
cds	no	bribón
dmc	yes	desgraciada
dmc	yes	dallier
svp	no	niggardliness
cds	no	echarse una mano
qas	no	falsedad
ddp	yes	gilí
qas	no	parásito
om	no	poove
dmc	yes	vagabundo
dmc	yes	cruel
dmc	yes	bárbaros
cds	no	fuera de la ley
or	no	homofilia
cds	no	correveidile
svp	no	no por cuenta
re	no	traducer
cds	no	defraudador
ps	yes	niño cambiado
asm	no	jalar
dmc	yes	tacaña
cds	no	tosco
an	no	codswallop
an	no	chicos de alquiler
ps	yes	mestizaje
ddp	yes	johan elias feliz perez
asm	no	tonto
or	no	exigente
qas	no	gorrón
an	no	ragtag
asm	no	estúpido
ddp	yes	ignorante
ddf	yes	media pinta
pa	yes	barbarie
svp	no	tacañeria
cds	no	pajearse
asm	no	tontorron
pr	no	perra
an	no	bestial
cds	no	tonto como un niño
cds	no	vaunter
an	no	bobadas
cds	no	facho
cds	no	enigma
an	no	guatón
re	no	raper
asm	no	masturbación
cds	no	panoli
cds	no	pandillas
an	no	morralla
cds	no	soberbia
an	no	variopinto y globitos
ddp	yes	tonteria
dmc	yes	traidor
asf	no	concha
ddp	yes	zoquete
or	no	bobo
dmc	yes	impostor
qas	no	sanguijuela
pr	no	taxi boy
ddp	yes	animal
dmc	yes	fraude
an	no	lentorro
an	no	ferocidad
cds	no	prestamista
ddp	yes	idiotas
an	no	pícaro
cds	no	morralla
an	no	hetaira
qas	no	fumbler
cds	no	mentirijilla
ddp	yes	fisgón
cds	no	sabelotodo
pr	no	pendona
asm	no	simplón
cds	no	tonterías
dmc	yes	inepto
qas	no	variopinto y globitos
cds	no	demagógico
ddp	yes	estúpida
cds	no	criminal
dmc	yes	trasto
asf	no	necio
svp	no	codez
an	no	hojarasca
is	yes	andrajosa
ddp	yes	bendito
cds	no	chapucero
ps	yes	jerry
cds	no	travesuras
an	no	tonterías
pr	no	querida
dmc	yes	vagabunda
an	no	burro
cds	no	las maras
an	no	villano
dmc	yes	holgazán
asm	no	atontada
ddp	yes	bastardo
svp	no	roñoso
dmc	yes	bribón
cds	no	pelele
ps	yes	simplón
an	no	embestir
pr	no	john
an	no	ramera
an	no	brutalidad
ps	yes	tacto suave
asm	no	pero se puede saber que coño estás haciendo?
cds	no	venalidad
ddp	yes	simplón
asf	no	chochete
asm	no	tirarse
ddp	yes	pero se puede saber que cono estás haciendo?
ddp	yes	alcornoque
asm	no	mentecato
pr	no	despropósito
cds	no	un rápido
is	yes	pobre diablo
cds	no	swaggerer
an	no	zafiedad
qas	no	desgraciado
ddp	yes	juvenil
cds	no	defector
ddp	yes	capullo
cds	no	altanería
asm	no	pieza de la cola
an	no	tacañería
asf	no	codswallop
qas	no	provocador
re	no	malandrín
dmc	yes	tunante
cds	no	vagabundo
cds	no	marginada
asf	no	chucha
ps	yes	primo
cds	no	zoquete
ddp	yes	bobadas
or	no	mariquita
cds	no	diablo
ddp	yes	cotilla
cds	no	exigente
ps	yes	darkie
svp	no	presunción
cds	no	fascistas
svp	no	avaricia
an	no	vagabundo
dmc	yes	bárbara
cds	no	taleteller
an	no	falda chaser
ddp	yes	parlanchín
cds	no	bobadas
an	no	prostitución masculina
ps	yes	idiotas
qas	no	conformista
ddp	yes	tropezador
svp	no	perezoso
an	no	perro sucio
dmc	yes	dios embaucador
an	no	cobarde
asf	no	hammerhead
cds	no	incapaz
cds	no	idiota
ps	yes	pendejo
cds	no	fascismo de izquierdas
cds	no	torpe
pr	no	dama del placer
ddp	yes	cicatero
cds	no	majareta
cds	no	cotilla
cds	no	boludo
pr	no	buscona
ps	yes	estúpido
cds	no	imbécil
svp	no	pereza
an	no	engaño
svp	no	malhumorado
pr	no	prostitutas
ps	yes	bárbaros
asm	no	bolsa
cds	no	estúpido
an	no	majadería
cds	no	chismero
cds	no	reaccionarios
cds	no	gang
svp	no	malévolo
qas	no	indigente
asf	no	tontería
asm	no	ñefle
cds	no	mara
is	yes	patético
an	no	melón
cds	no	bagatela
cds	no	bandolerismo
cds	no	media pinta
cds	no	mafia siciliana
an	no	acompañante masculino
asf	no	cambiantes
ddp	yes	brutal
cds	no	line-shooter
asm	no	atontado
is	yes	avaricioso
dmc	yes	nauseabunda
ps	yes	retrasada
dmc	yes	falso
ddp	yes	osicón
cds	no	facismo
asm	no	lelo
dmc	yes	dilly-dallier
asm	no	pero se puede saber que cono estás haciendo?
asf	no	imbécil
cds	no	wise guy
svp	no	miserable
cds	no	mafiosi
ddf	yes	bajo
ddp	yes	idiocia
cds	no	engreimiento
asm	no	tirar
cds	no	botcher
asm	no	poste
cds	no	amateurismo
cds	no	proxenetismo
is	yes	pobre
ddp	yes	pillock
ps	yes	patán
svp	no	enfadado
cds	no	charlatanería
cds	no	viento
svp	no	ravenousness
qas	no	blunderer
asf	no	doofus
cds	no	pueblo llano
dmc	yes	segundo evaluador
cds	no	picardía
or	no	hammerhead
or	no	maricón
cds	no	caballero de industria
asm	no	culo
ddp	yes	pero se puede saber qué cono estás haciendo?
an	no	persona incompetente
asm	no	deja de hacer el idiota
cds	no	contrarrevolucion
cds	no	populacho
dmc	yes	libertinismo
dmc	yes	decepción
re	no	cosa nostra
or	no	cabrón
cds	no	hacerse una paja
cds	no	dastardliness
cds	no	gente común
asm	no	victimizar
or	no	idiota
svp	no	avaro
pr	no	sexoservidora
cds	no	pusilanimidad
ps	yes	mongoloides
ddp	yes	cándido
cds	no	problema
dmc	yes	chiseller
cds	no	mafiosos
asm	no	tarado
cds	no	adicción sexual
qas	no	película
asf	no	idiotez
dmc	yes	fétido
an	no	acaparador
ddp	yes	lila
re	no	terrorismo
asm	no	embaucar
cds	no	secuaces
an	no	alcornoque
ddp	yes	lelo
svp	no	tragón
or	no	panoli
an	no	parsimonia
svp	no	altivo
cds	no	proxenetas
cds	no	jactancioso
an	no	jerigonza
svp	no	minginess
cds	no	bastardo
cds	no	bestia
ddp	yes	curandero
re	no	fecha de la violación
cds	no	violencia de pandillas
pr	no	trabajadoras sexuales
qas	no	bestia
cds	no	amor propio
dmc	yes	abjuración
cds	no	gangsterismo
asm	no	puñetero
dmc	yes	villano trágico
re	no	violación
svp	no	dillydallier
ddp	yes	que cono haces?
re	no	violenta
or	no	cocho
qas	no	trola
re	no	pícara
dmc	yes	fariseo
cds	no	pedantería
asf	no	basura
an	no	chump
qas	no	alborotador
ddp	yes	inepto
ddp	yes	charlatanismo
cds	no	romano
pr	no	alcahueta
ddp	yes	murmurador
svp	no	engreída
dmc	yes	chapucero
ddp	yes	hammerhead
dmc	yes	disimulador
an	no	torpe
an	no	gilipollas
cds	no	soberbio
qas	no	chusma
qas	no	moocher
cds	no	bromista
svp	no	fanática
ddp	yes	tontopolla
is	yes	tacaneria
dmc	yes	mentiroso
an	no	merodeador
cds	no	perezoso
ddp	yes	locura
ddp	yes	tragapollas
cds	no	extremista irracional
cds	no	protestón
cds	no	demagogico
asm	no	pero se puede saber qué coño estas haciendo?
cds	no	adicciones sexuales
or	no	burro
ddp	yes	torpe
ps	yes	changeling
ddp	yes	bárbaro
asm	no	tonta
ddp	yes	bobalicón
asf	no	simple
dmc	yes	deshonroso
ps	yes	uprooter
or	no	gays
asm	no	gilipollas
ddp	yes	atontados
cds	no	multitud
ddp	yes	cabeza de martillo
re	no	atracador
pa	yes	salvaje
ddp	yes	codswallop
an	no	panoli
ddp	yes	traidor
qas	no	tropezador
dmc	yes	sucio
an	no	lagartona
svp	no	trasto
asm	no	papanatas
asf	no	nino cambiado
cds	no	villano
pa	yes	pueblos bárbaros
is	yes	avaro
qas	no	embuste
ddp	yes	bagatela
pa	yes	bárbaros
ddp	yes	charlatán
cds	no	despreciable
cds	no	bobo
svp	no	gourmand
cds	no	cerdo
cds	no	mateo
cds	no	rudo
ddp	yes	prima
dmc	yes	taimado
cds	no	fascismo
cds	no	wisenheimer
cds	no	maton
ddp	yes	tacto suave
dmc	yes	idiota
cds	no	demagoga
ddf	yes	despreciable
svp	no	tajadero
or	no	pobre pez
cds	no	lowlife
cds	no	fisgón
cds	no	truckler
asm	no	imbécil
qas	no	frustrar
dmc	yes	prevaricador
svp	no	perdulario
an	no	atacar
an	no	cerdo
svp	no	altanería
cds	no	saltimbanqui
asm	no	pendejo
qas	no	cuento
an	no	raunch
ddp	yes	mentecato
dmc	yes	renegado
asm	no	culear
an	no	mala jugada
an	no	lowlife
ddp	yes	badulaque
ddp	yes	curandería
om	no	pederasta
ddp	yes	pasmarote
ddp	yes	tontería
dmc	yes	tapagujeros
re	no	villano
asm	no	vergar
qas	no	pobre
asf	no	vagina
ddp	yes	barbaro
an	no	disparate
svp	no	engreído
cds	no	sinverguenza
svp	no	suficiencia
dmc	yes	perro
cds	no	detallista
or	no	animal
an	no	meretriz
pr	no	pelanduscas
cds	no	atracador
ps	yes	idiocia
asf	no	idiocia
dmc	yes	elches
cds	no	patrullero
qas	no	miserable
an	no	tacaña
cds	no	dictadura fascista
dmc	yes	intolerante
pr	no	calle chica
rci	yes	barbaro
asm	no	tonto del culo
cds	no	codswallop
re	no	chantajeado
pa	yes	tosquedad
or	no	ababol
an	no	pip-squeak
ddp	yes	víctima
cds	no	altivo
re	no	villana
an	no	mujer chaser
cds	no	grifter
asf	no	bobo
cds	no	blabbermouth
ps	yes	nino cambiado
cds	no	pudden de cabeza
svp	no	malhumorada
dmc	yes	git
cds	no	inepto
dmc	yes	maloliente
an	no	ababol
an	no	diddley
cds	no	interés usurario
om	no	gay
pr	no	prostitucion tesis
re	no	banda terrorista
ddp	yes	basura
ddp	yes	cascarrabias
cds	no	chatarrero
an	no	tacaño
asm	no	atontar
qas	no	amateurismo
pr	no	barragana
an	no	calzonazos
an	no	arpía
an	no	cabrón
cds	no	regimenes fascistas
is	yes	mendigo
qas	no	barbarie
an	no	prostituta
ps	yes	destructor
cds	no	bisoño
cds	no	pomposidad
an	no	callejera
dmc	yes	disimulo
dmc	yes	rebelde
cds	no	cosa nostra
asf	no	pendejo
asf	no	sexo vaginal
cds	no	residuos sólidos
asf	no	punta
ddp	yes	folderol
ddp	yes	gilipolleces
cds	no	groveler
re	no	terrorista
an	no	tonto como un niño
cds	no	ideología fascista
dmc	yes	hipocresia
ddp	yes	zopenco
pr	no	meretriz
an	no	golfante
asf	no	cuca
asf	no	morralla
cds	no	cerebro
svp	no	orgulloso
an	no	engaños
dmc	yes	dios embustero
qas	no	patoso
dmc	yes	traidora
dmc	yes	defraudador
dmc	yes	desastroso
ddp	yes	cambiantes
pr	no	desvergonzada
asm	no	estupido
cds	no	blanco
dmc	yes	bestia
cds	no	segundo evaluador
ddp	yes	necio
ddp	yes	estupidez
an	no	doodly-squat
asm	no	jodienda
cds	no	contra revolución
cds	no	cabeza hinchada
svp	no	ansioso
asm	no	simple
ddp	yes	bobochorra
dmc	yes	vago
rci	yes	bárbaros
cds	no	bumbler
an	no	vago
ddp	yes	charlatanería
cds	no	trola
cds	no	policía femenino
svp	no	hosco
an	no	mujer publica
dmc	yes	trickster
ddp	yes	crédula
ddp	yes	imbécil
ddp	yes	montañero
dmc	yes	treasonist
cds	no	mentira blanca
asm	no	imbecil
is	yes	cuadrado
ps	yes	bárbaro
dmc	yes	haragán
pr	no	hetaira
dmc	yes	los libertinos
dmc	yes	malo
dmc	yes	libertinos
asf	no	chocho
an	no	diddly
cds	no	orgullo
asf	no	choro
ps	yes	raza amarilla
an	no	tacto suave
asm	no	dormir
asm	no	acostarse
cds	no	bocazas
dmc	yes	hombre perezoso
an	no	necio
cds	no	coño
dmc	yes	tramposo
or	no	alcornoque
cds	no	conceitedness
ps	yes	negro
svp	no	desabrido
ps	yes	memo
svp	no	flojo
svp	no	vengativo
cds	no	norio
asm	no	tontorrón
pa	yes	patán
dmc	yes	falsificada
dmc	yes	tropezador
is	yes	rancio
pr	no	putilla
an	no	avariento
is	yes	tacaña
dmc	yes	disoluto
cds	no	gallina
asm	no	garchar
or	no	cuca
asm	no	bobalicón
asf	no	chocha
asf	no	panocha
dmc	yes	botcher
re	no	delincuente juvenil
om	no	minusválido
cds	no	cafiche
dmc	yes	intelectualoide
an	no	cabeza de chorlito
dmc	yes	desgraciado
dmc	yes	despilfarrador
svp	no	soberbio
ddp	yes	patoso
ddp	yes	negado
dmc	yes	escoria bolsa
qas	no	ragtag
ddp	yes	parida
dmc	yes	fumbler
qas	no	embrollón
qas	no	mezclar
an	no	implacabilidad
ddp	yes	inprudente
cds	no	gente de a pie
re	no	violación forzada
dmc	yes	rancio
cds	no	desgraciado
asm	no	johan elias feliz perez
cds	no	pajas
an	no	agredir
dmc	yes	disipado
dmc	yes	cuadrado
ps	yes	boche
cds	no	grosero
or	no	gay
rci	yes	pueblo bárbaro
cds	no	traficante
asm	no	tarada
svp	no	presuntuosa
cds	no	empollon
om	no	twink
ddp	yes	persona sin educación
asf	no	tía
cds	no	deshecho
cds	no	wangler
ddp	yes	atontar
re	no	chantaje
is	yes	scrooge
an	no	diddlysquat
re	no	violacion
dmc	yes	falseado
ddp	yes	hacerse el tonto
an	no	paja
cds	no	sabihondo
dmc	yes	indigente
dmc	yes	fanático
svp	no	avara
cds	no	conducta criminal
dmc	yes	vagabundos
qas	no	estrujador
dmc	yes	vagabundo urbano
pr	no	guarra
an	no	buitre
ps	yes	chump
pr	no	mujercita
cds	no	ponzoña
svp	no	dilly-dallier
cds	no	malhechora
qas	no	pueblos bárbaros
or	no	chucha
cds	no	impertinencia
or	no	homosexual
an	no	estúpido
cds	no	folderol
ps	yes	cabeza de turco
svp	no	vindicativo
svp	no	vacuidad
ddp	yes	chusma
cds	no	chatarrería
cds	no	delincuente
dmc	yes	patoso
or	no	panocha
an	no	trastada
asm	no	conocer
dmc	yes	dillydallier
svp	no	fanfarronada
cds	no	transgresor
svp	no	belicoso
or	no	patata
pr	no	guff
cds	no	salvaje
ps	yes	nigga
cds	no	mandria
om	no	joto
ddp	yes	atontarse
cds	no	empollón
om	no	gays
ddp	yes	retrasado
an	no	mujer fatal
cds	no	fanático
cds	no	residuos municipales
cds	no	adiccion al sexo
cds	no	canalla
asm	no	pija
ps	yes	mestiza
cds	no	contemplador
cds	no	liante
ddp	yes	borra
qas	no	freeloader
cds	no	perro
asm	no	tontolaba
an	no	arremeter
is	yes	granuja
cds	no	paleto
an	no	avaricia
re	no	ladrón
ddp	yes	bolsa
asm	no	timar
asf	no	coño
or	no	estúpido
or	no	muttonhead
cds	no	patán
an	no	fulana
asf	no	cabeza de chorlito
svp	no	codiciosa
cds	no	scrawler
dmc	yes	mal
pr	no	pendón
pr	no	hogwash
asm	no	cepillarse
dmc	yes	ladrón
ps	yes	mestizo
cds	no	persona desaliñada
pr	no	comare
cds	no	palurdo
asm	no	tranca
ddp	yes	chivato
cds	no	demagogica
cds	no	slackers
re	no	terroristas
an	no	cabeza hueca
an	no	sinvergüenza
svp	no	avariento
dmc	yes	pueblos bárbaros
dmc	yes	perverso
cds	no	pandar
dmc	yes	ladronzuelo
or	no	pillock
cds	no	vanidad
asm	no	tragapollas
cds	no	cuentero
dmc	yes	zoquete
asm	no	tomfool
re	no	canalla
cds	no	fascismos
an	no	gordito
asm	no	mano trabajo
ddp	yes	engañado
cds	no	pueblos bárbaros
cds	no	proxenetico
re	no	comadreo
qas	no	incapaz
svp	no	rata
ddp	yes	zoofilia
cds	no	movimiento fascista
cds	no	variopinto y globitos
an	no	puta callejera
an	no	marta
asm	no	echar un polvo
cds	no	arrastrante
re	no	mafiosi
re	no	organizacion terrorista
ddp	yes	gilipollez
cds	no	fawner
pr	no	mujer de la calle
ddp	yes	changeling
cds	no	dogmatismo
cds	no	chismoso
is	yes	avariento
ps	yes	patsy
or	no	concha
an	no	bribón
asf	no	bêtise
dmc	yes	tratante
an	no	villana
dmc	yes	grosero
ps	yes	cretina
or	no	1069bf
an	no	bulo electrónico
re	no	calumniador
ddp	yes	descerebrado
qas	no	gentuza
cds	no	mequetrefe
dmc	yes	hedor
pr	no	callejera
cds	no	sneak thief
cds	no	osicón
pr	no	barbaridad
an	no	stick-in-the-mud
an	no	bregante
ddp	yes	tontorrona
svp	no	intolerante
cds	no	película
dmc	yes	atracador
dmc	yes	miserable
asm	no	mofarse
is	yes	villana
cds	no	jerigonza
ddp	yes	sencillo
an	no	cabeza de martillo
cds	no	ruin
an	no	zooerastia
rci	yes	salvaje
cds	no	los maras
qas	no	patético
cds	no	ostentación
cds	no	vil
cds	no	banda
cds	no	discriminación
asm	no	polla
cds	no	presuntuoso
ddp	yes	jerigonza
ddf	yes	decepcionante
asm	no	pilila
dmc	yes	pueblo bárbaro
dmc	yes	barbaros
dmc	yes	libertinaje
asm	no	atontadas
an	no	crueldad
dmc	yes	fanática
pr	no	chapero
cds	no	ababol
is	yes	avaricia
asf	no	tacto suave
ddp	yes	zooerastia
cds	no	mafia
cds	no	negado
an	no	dumbass
svp	no	zanjadora
ddp	yes	primo
or	no	mastuerzo
svp	no	refunfuñón
asf	no	aguachirle
ddp	yes	ingenua
re	no	libeler
ps	yes	cretino
ps	yes	retardar
ddp	yes	cabeza hueca
ddp	yes	lerda
dmc	yes	pícara
cds	no	reaccionaria
pr	no	amiga
ddp	yes	incapaz
cds	no	blunderer
an	no	sloven
ddp	yes	bestial
cds	no	truhán
an	no	canalla
asf	no	cabeza de martillo
cds	no	hipersexualidad
cds	no	vanagloria
cds	no	montañero
dmc	yes	pobre diablo
cds	no	salteador de caminos
asm	no	bêtise
or	no	coño
an	no	ñoño
dmc	yes	pseudo
svp	no	holgazán
rci	yes	bárbara
cds	no	novato
re	no	murmurador
cds	no	historia
dmc	yes	inicuo
pr	no	fornicadora
ddp	yes	paja
asm	no	tontas
ddf	yes	feo
asm	no	tonta del culo
dmc	yes	impostura
cds	no	ocioso
ddp	yes	chapucero
dmc	yes	apóstata
ddp	yes	palurdo
qas	no	mentiras
dmc	yes	petardista
asm	no	coger
dmc	yes	engañador
ddp	yes	delator
asf	no	retrasado
cds	no	atosigador
cds	no	escritor a sueldo
ddp	yes	cretina
cds	no	pecadora
cds	no	tacto suave
cds	no	snob
cds	no	ninfómana
asf	no	cabeza de turco
ddp	yes	ragtag
asm	no	zoquete
ddp	yes	medicastro
ddp	yes	pobre pez
an	no	imbécil
svp	no	lujurioso
cds	no	chatarreria
cds	no	petardista
ddp	yes	majareta
cds	no	embaucador
asm	no	chinga
dmc	yes	cuentista
asm	no	pero se puede saber qué coño estás haciendo?
ddp	yes	atontado
qas	no	negado
ddp	yes	engrupido
asf	no	cretina
ddp	yes	gilipollas
ps	yes	montañero
rci	yes	polentone
ddp	yes	pero se puede saber que coño estas haciendo?
asm	no	pero se puede saber qué cono estas haciendo?
ddp	yes	cotorra
asm	no	picha
asf	no	chichi
asf	no	dumbass
ps	yes	filipino mestizo
qas	no	mentira de emergencia
cds	no	primo
cds	no	la plebe
om	no	homosexual
ddp	yes	soplón
dmc	yes	hipocrita
asm	no	flouter
cds	no	chusma
cds	no	villana
dmc	yes	truhán
or	no	vagina
svp	no	pretenciosa
qas	no	mentir
ddp	yes	adolescente
dmc	yes	despreciable
svp	no	furia
asm	no	tacto suave
cds	no	hybris
an	no	conque
dmc	yes	villano
pa	yes	pueblo bárbaro
qas	no	triste
svp	no	pretensión
ddp	yes	idiota
re	no	grupos terroristas
ps	yes	amarillo
cds	no	policía
pr	no	tontería poco escondida
asm	no	tener sexo
ddp	yes	chorradas
rci	yes	bárbaro
pr	no	descarada
re	no	granuja
dmc	yes	abjuracion
re	no	mafioso
cds	no	pobre pez
asm	no	tontopolla
cds	no	plebe
cds	no	contrarrevolución
qas	no	montañero
an	no	cabeza de turco
cds	no	incompetente
cds	no	wanker
cds	no	bárbaros
svp	no	superbia
dmc	yes	desatinado
dmc	yes	flojo
re	no	calumnia
dmc	yes	brutal
dmc	yes	bregante
dmc	yes	peste
cds	no	patsy
ddp	yes	tapagujeros
asm	no	defraudar
cds	no	intolerancia
asf	no	conejo
cds	no	demagogas
cds	no	chump
cds	no	espectador
ddp	yes	tonterias
qas	no	esponja
qas	no	incompetente
ddp	yes	disparate
cds	no	pedante
dmc	yes	sinverguenza
dmc	yes	imitado
asm	no	hacerse una paja
ps	yes	salvaje
an	no	vamper
ddp	yes	muttonhead
ddp	yes	cerdo
an	no	sinverguenza
cds	no	demagogia
cds	no	arrogancia
ddp	yes	salvaje
dmc	yes	goof-off
dmc	yes	falsa
cds	no	taimado
dmc	yes	ratero
asm	no	credulidad
qas	no	pelotudo
re	no	mafiosos
dmc	yes	grifter
ps	yes	alcornoque
svp	no	áspero
cds	no	cabeza de pene
asm	no	jeerer
an	no	avaricioso
cds	no	sloven
cds	no	indigente
asm	no	gili
svp	no	mañoso qualifier
cds	no	travieso
cds	no	ultraconservadora
cds	no	necio
ddp	yes	bárbaros
asf	no	chump
ddp	yes	tontería poco escondida
asm	no	casquete
svp	no	libidinoso
ps	yes	darkey
dmc	yes	malvado
cds	no	hijo de puta
qas	no	infundio
cds	no	bicho
pr	no	prostituta callejera
ps	yes	mestizos
asf	no	cocho
ddp	yes	tonto como un niño
ddp	yes	cuentero
ps	yes	nigra
asm	no	que coño haces?
an	no	tomfool
asm	no	necio
cds	no	hombre perezoso
svp	no	amarrete
asm	no	maldito
or	no	choro
an	no	animal
cds	no	tricker
ddp	yes	hacer el idiota
qas	no	loco
dmc	yes	apestoso
cds	no	barbarie
dmc	yes	tránsfuga
dmc	yes	hediondo
ddp	yes	tomfool
svp	no	manta
asm	no	bobochorra
cds	no	fisgonear
asm	no	insensatez
dmc	yes	libertino
or	no	homofilo
asf	no	tonterías
asm	no	gilipollez
asf	no	idiotas
an	no	dejar plantado
qas	no	ponzoña
asm	no	menso
or	no	puto
cds	no	git
qas	no	confundir
om	no	maricón
cds	no	desecho
an	no	imbecilidad
cds	no	flojo
asf	no	idiota
dmc	yes	fabulista
asm	no	pirula
cds	no	alfeñique
dmc	yes	barbaro
ddp	yes	tontolaba
asm	no	nookie
asf	no	cabeza hueca
dmc	yes	salvaje
dmc	yes	ocioso
an	no	prickteaser
cds	no	cachorro
an	no	avariciar
is	yes	villano
cds	no	taimada
an	no	ignorante
cds	no	pandilla
ddp	yes	ignorancia
ddp	yes	charlador
re	no	mafia italiana
an	no	estupidez
dmc	yes	tufo
an	no	lagarta
cds	no	pusilánime
cds	no	egoísta
re	no	violación sexual
ddp	yes	cándida
asf	no	cretino
cds	no	rezongante
an	no	debilucha
cds	no	presionante
asm	no	twirp
ddp	yes	hijo de puta
svp	no	colérica
cds	no	enano
an	no	avaro
is	yes	tacañeria
cds	no	fanatismos
cds	no	paco
pr	no	pelandusca
cds	no	turba
om	no	queer
cds	no	splashiness
dmc	yes	rácano
svp	no	tacaña
cds	no	débil
cds	no	trolero
ddp	yes	correveidile
an	no	vagabunda
asm	no	pavitonto
asm	no	primo
asf	no	insensatez
cds	no	pueblo bárbaro
qas	no	basura
asm	no	joder
asm	no	masturbándose
cds	no	tratante
asf	no	panoli
dmc	yes	rezagado
cds	no	bárbara
ddp	yes	bêtise
svp	no	tacaneria
ddp	yes	blabbermouth
ddp	yes	barbarie
an	no	puta
svp	no	gruñón
ddp	yes	hablador
dmc	yes	bandido
ddp	yes	majadería
an	no	insensatez
ps	yes	zoquete
ddp	yes	tonterías
qas	no	camorrista
ps	yes	simple
ddp	yes	charlataneria
pr	no	mujer fácil
cds	no	bárbaro
cds	no	rookie
asf	no	majadería
dmc	yes	hedentina
pr	no	deportivo dama
ddp	yes	bocazas
ddp	yes	desatinado
is	yes	avariciar
dmc	yes	avara
svp	no	glotón
ddp	yes	retardar
cds	no	pájaro
asf	no	estupidez
cds	no	zorro
dmc	yes	renegar
cds	no	enredador
ps	yes	bobo
dmc	yes	desertora
om	no	pluma
qas	no	marginado
svp	no	tacanería
is	yes	tacaño
svp	no	vanidad
cds	no	marginado
asm	no	hacerse el tonto
om	no	mariposa
an	no	bulo
ps	yes	barbaro
ddp	yes	pavitonto
ddp	yes	burro
qas	no	bola
ddp	yes	chismoso
dmc	yes	estafadora
pr	no	prostitucion
an	no	debilucho
cds	no	contra-revolucion
ddp	yes	tonta
svp	no	goof-off
qas	no	pintamonas
qas	no	marginada
or	no	almeja
cds	no	chulo
cds	no	proscripción
ddp	yes	cretino
om	no	ñoño
cds	no	expectador
ddp	yes	tontas
asm	no	cabeza de turco
cds	no	hojarasca
ps	yes	bárbara
cds	no	jactancia
ps	yes	rojo
or	no	raja
or	no	cabeza de chorlito
cds	no	perseguidor
qas	no	mentira
dmc	yes	paleto
asf	no	bagatela
dmc	yes	media pinta
svp	no	engreimiento
re	no	terrorist
dmc	yes	persona torpe
svp	no	amor propio
an	no	débil
cds	no	charlatán
svp	no	buena-para-nada
an	no	malandrín
cds	no	orgulloso
ddp	yes	pudden de cabeza
asm	no	memo
asm	no	estafar
ddp	yes	doofus
ps	yes	lívido
is	yes	rata
dmc	yes	enano
cds	no	miedoso
asm	no	copular
dmc	yes	fetor
qas	no	vagabundo
asm	no	badulaque
cds	no	nerds
re	no	mafia siciliana
pr	no	ramera
om	no	puto
asm	no	nooky
re	no	golfante
ps	yes	bruto
ddp	yes	gentuza
cds	no	timador
ddp	yes	crédulo
ps	yes	retrasado
asf	no	patsy
an	no	primo
ddp	yes	sinsentido
dmc	yes	enredador
cds	no	gato
cds	no	nympho
cds	no	bandido
qas	no	bárbaros
cds	no	borra
re	no	borrascoso
cds	no	gente
cds	no	mussiness
ddp	yes	retrasada
ddp	yes	majadero
asm	no	tonterías
cds	no	torturador
ps	yes	barbarie
an	no	chapero
an	no	estrujador
cds	no	matrero
ddp	yes	pueblo bárbaro
ps	yes	krauthead
asf	no	paja
svp	no	altivez
qas	no	barbaros
an	no	buscona
asm	no	atornillar
re	no	violador
re	no	maligner
is	yes	codez
asm	no	pajero
svp	no	avariciosa
ddp	yes	coño
asf	no	hojarasca
cds	no	hubris
qas	no	perturbador
ddf	yes	vil
cds	no	chorradas
dmc	yes	falsificado
re	no	violada
dmc	yes	bueno-para-nada
re	no	difamador
cds	no	golfante
asf	no	raja
qas	no	botcher
dmc	yes	estafador
cds	no	renegado
ddp	yes	lento
an	no	bruja
dmc	yes	patán
asm	no	verga
re	no	furioso
svp	no	melancólico
ddp	yes	qué cono haces?
cds	no	altivez
asf	no	simplón
ddp	yes	embaucador
re	no	delincuente
dmc	yes	abjurar
ddp	yes	nonsense
an	no	vampiresa
dmc	yes	incapaz
svp	no	vago
cds	no	fasismo
an	no	perra
dmc	yes	bumbler
pr	no	escoria
pr	no	zorra
asm	no	echarse una mano
asm	no	tontos
asm	no	atontados
or	no	pluma
re	no	definición de terrorismo
cds	no	tombo
asf	no	memo
rci	yes	barbarie
asf	no	muñeca
cds	no	ninfomaníaca
cds	no	regimen fascista
dmc	yes	villana
dmc	yes	cerrado
cds	no	masturbándose
pr	no	mujer desaliñada
ddp	yes	saltabancos
dmc	yes	pecaminoso
asm	no	pero se puede saber que coño estas haciendo?
pr	no	prostituir
an	no	avariciosamente
ddp	yes	juan lanas
cds	no	impudencia
ddp	yes	charlatana
ddp	yes	atontadas
cds	no	contra-revolución
svp	no	rencoroso
asf	no	animal
or	no	cabeza hueca
cds	no	pueblo de a pie
cds	no	barbaro
an	no	tontería
ddp	yes	aguachirle
cds	no	pícara
ddp	yes	bestialismo
dmc	yes	canalla
pr	no	prostitución
svp	no	hauteur
ddp	yes	bestia
pr	no	fulana
cds	no	charlatana
ddp	yes	persona incompetente
cds	no	charlatanismo
cds	no	charlataneria
cds	no	napias
asm	no	pajearse
dmc	yes	conque
rci	yes	pueblos bárbaros
cds	no	fumbler
cds	no	miedosa
svp	no	scrooge
or	no	simplón
an	no	pelele
dmc	yes	golfante
asm	no	panoli
rci	yes	bestia
ps	yes	necio
an	no	estúpidamente
pr	no	arpía
asm	no	sosaina
an	no	diddly-mierda
dmc	yes	bellaco
cds	no	bellaco
dmc	yes	desastrosa
cds	no	fantasma
cds	no	know-it-all
cds	no	gentuza
an	no	vulgaridad
cds	no	fascista
asm	no	paja
asm	no	turca
cds	no	perro sucio
pr	no	amante
cds	no	weisenheimer
pr	no	sexuales comerciales
ddp	yes	indicador
ddp	yes	confidente
asf	no	baratija
ddp	yes	cabeza de chorlito
an	no	bêtise
svp	no	haragán
ps	yes	doofus
or	no	majareta
ddp	yes	tarado
cds	no	chiseller
ddp	yes	pero se puede saber qué cono estas haciendo?
cds	no	chatarra
asf	no	moza
cds	no	furor uterino
ps	yes	kraut
an	no	gentuza
an	no	aguachirle
cds	no	egoísmo
cds	no	detective
dmc	yes	chawbacon
pr	no	puta callejera
ddp	yes	barbaros
an	no	mujerzuela
cds	no	alcahuete
cds	no	paja
dmc	yes	mendigo
ddf	yes	desagradable
ddp	yes	pendejo
qas	no	revoltoso
ddp	yes	idiotez
svp	no	irascible
pr	no	prostitución callejera
svp	no	niggardness
cds	no	bola
or	no	tonto
ddp	yes	estúpido
ps	yes	pueblos bárbaros
ddp	yes	tontos
dmc	yes	descortés
is	yes	amarrete
cds	no	debilucho
qas	no	mentirilla
cds	no	mierda
cds	no	pandillero
ddp	yes	botcher
ddp	yes	persona torpe
dmc	yes	timador
cds	no	ninfomanía
svp	no	insignificancia
ddp	yes	boludo
asm	no	juan lanas
or	no	pudden de cabeza
ddp	yes	hojarasca
dmc	yes	mentira
dmc	yes	delincuente
cds	no	indicador
ddf	yes	nanus
an	no	putada
ddp	yes	twaddler
cds	no	majadería
cds	no	bandidos
cds	no	bufón
svp	no	jactancia
pa	yes	bárbara
ddp	yes	gili
an	no	prostitucion masculina
an	no	guarra
svp	no	indolencia
svp	no	futilidad
cds	no	especialista que se ocupa sólo de su campo
cds	no	amour propre
ddp	yes	pero se puede saber que cono estas haciendo?
cds	no	usura
ddp	yes	curanderismo
cds	no	contemporizador
asm	no	candidez
dmc	yes	delincuente juvenil
asm	no	chump
ddp	yes	fraude en la atención
asm	no	cardar
svp	no	bueno-para-nada
dmc	yes	hipocresía
cds	no	venal
dmc	yes	mala persona
cds	no	wuss
cds	no	artero
or	no	nance
cds	no	vago
or	no	poove
pr	no	mujerzuela
svp	no	amour propre
ddp	yes	cabrón
cds	no	cuento
ddp	yes	papanatas
qas	no	enredar
cds	no	estafador
om	no	mariquita
cds	no	granuja
ddp	yes	cabeza de pene
cds	no	persona torpe
cds	no	tonto
ddp	yes	bestialidad
cds	no	alcahueta
cds	no	forajido
cds	no	hampa
asm	no	tontorrona
or	no	movimiento homófilo
dmc	yes	mal olor
cds	no	residuos sólidos urbanos
dmc	yes	embaucador
pa	yes	bárbaro
ps	yes	cambiantes
svp	no	gourmandizer
cds	no	calzonazos
pr	no	lagartona
cds	no	interés de usura
cds	no	bregante
ddp	yes	bobo
an	no	vaca
cds	no	malandrín
cds	no	capomafia
cds	no	mísero
re	no	violadores
ddp	yes	tontorron
dmc	yes	sneak thief
cds	no	hibris
re	no	organización terrorista
ddp	yes	estupido
asm	no	tontería
cds	no	gorila
ddp	yes	bumbler
cds	no	desorden
cds	no	bandidaje
dmc	yes	tacaño
cds	no	ninfomana
ddp	yes	saltimbanqui
ddp	yes	morralla
an	no	bulos
qas	no	barbaro
asm	no	engañar
pr	no	mujer mantenida
cds	no	adulador
an	no	taxi boy
cds	no	wheeler dealer
pr	no	bruja
asm	no	cipote
qas	no	embarullar
cds	no	presuntuosa
dmc	yes	gandul
cds	no	gente del pueblo
cds	no	lagarto
dmc	yes	slackers
cds	no	pueblo
dmc	yes	inmoral
om	no	homofilia
cds	no	nerd
pr	no	adúltera
asf	no	alcornoque
dmc	yes	trifler
ddp	yes	ingenuo
ddp	yes	mastuerzo
qas	no	torpe
ddp	yes	subnormal
cds	no	reaccionario
dmc	yes	hipócrita
ddp	yes	tarada
cds	no	fabricante
an	no	bestia
asm	no	pero se puede saber que cono estas haciendo?
cds	no	arrogante
ddp	yes	atontada
dmc	yes	intolerancia
asm	no	que cono haces?
re	no	capomafia
ddp	yes	tonto del culo
svp	no	fanático
ddp	yes	incauto
svp	no	refunfuñona
svp	no	viento
cds	no	el oficial de policía
cds	no	descaro
ddp	yes	incompetente
ddp	yes	variopinto y globitos
asm	no	gilí
cds	no	murmurador
svp	no	agresivo
cds	no	prestamistas
an	no	perro
cds	no	proxeneta
an	no	gordinflón
cds	no	bellyacher
svp	no	prepotencia
qas	no	mentira blanca
re	no	pícaro
asm	no	estupidez
cds	no	desatinado
cds	no	rajado
ps	yes	barbaros
cds	no	tapagujeros
dmc	yes	derrochador
cds	no	cobardia
cds	no	cafisho
asf	no	muttonhead
om	no	homofilo
ddp	yes	hijo de burro
ddp	yes	melón
asf	no	jerigonza
asm	no	lila
cds	no	masa
an	no	tacano
cds	no	ladronzuelo
qas	no	chapucero
cds	no	cabeza de turco
an	no	inexorabilidad
re	no	estupro
asf	no	muchacha
svp	no	arrogancia
asm	no	fornicar
asm	no	patsy
dmc	yes	hobo
or	no	gilipollas
ddp	yes	insensatez
asm	no	pipe
cds	no	guerra de pandillas
an	no	borra
svp	no	avarienta
ddp	yes	imbecilidad
ddp	yes	nino cambiado
ddp	yes	sosaina
cds	no	brutal
qas	no	idiota
asm	no	rodar en el heno
ddp	yes	tonto
asm	no	hijo de burro
cds	no	cut-up
ddp	yes	chump
an	no	hammerhead
cds	no	pobre diablo
qas	no	mentirijilla
cds	no	vulgo
svp	no	dallier
qas	no	problemas maker
re	no	vilifier
or	no	chocho
cds	no	conque
cds	no	rigorista
re	no	violaciones
rci	yes	montañero
or	no	melón
cds	no	traviesa
svp	no	rabia
an	no	amarrete
cds	no	schoolma'am
an	no	prostitución callejera
svp	no	avaricioso
svp	no	intolerancia
cds	no	pretensión
cds	no	haragán
is	yes	triste
cds	no	mentiras
asm	no	carajo
dmc	yes	liante
cds	no	ratón de biblioteca
svp	no	goloso
cds	no	préstamos de dinero
ps	yes	darky
svp	no	soberbia
cds	no	fachista
cds	no	fachismo
pr	no	coima
an	no	bestialidad
cds	no	estudiosa
cds	no	oficial
cds	no	sacrificio
ps	yes	idiotez
cds	no	entrometido
cds	no	pandillas juveniles
qas	no	arruinar
dmc	yes	maleducado
an	no	git
asf	no	changeling
cds	no	rechazar
cds	no	malhechor
ddp	yes	charlatan
cds	no	villano trágico
or	no	joto
pa	yes	barbaro
ddp	yes	empirismo
om	no	nance
cds	no	bandoleros
an	no	rancio
qas	no	diletante
dmc	yes	torpe
is	yes	miserable
ps	yes	vandalo
svp	no	gandul
cds	no	ninfomaníaco
cds	no	bandolero
ddp	yes	bruto
ddp	yes	erizo
ddp	yes	twirp
pr	no	mujer publica
cds	no	escritor
an	no	bulo electronico
dmc	yes	perezoso
asm	no	follar
asm	no	burlarse
or	no	homófilo
cds	no	lagarta
qas	no	sombrero malo
an	no	prostituta callejera
an	no	perezoso
cds	no	lagartón
cds	no	ñoño
asf	no	primo
svp	no	tacaño
is	yes	tacanería
cds	no	debilucha
an	no	simplón
ps	yes	vándalo
cds	no	fanática
ddp	yes	idiotizarse
cds	no	superbia
cds	no	masturbación
or	no	mariposa
asf	no	cabrón
an	no	pendona
cds	no	truco literario
qas	no	recibir
asm	no	idiota
dmc	yes	de miras estrechas
cds	no	falsedad
asm	no	pero se puede saber qué cono estás haciendo?
om	no	extraño
svp	no	tajador
dmc	yes	granuja
asm	no	doofus
ddf	yes	enano
dmc	yes	farsante
cds	no	extrema derecha
cds	no	quejica
svp	no	abúlico
svp	no	altiva
rci	yes	barbaros
asm	no	tonteria
an	no	pícara
cds	no	ragtag
cds	no	ladrón
an	no	zoofilia
asf	no	retrasada
rci	yes	terrone
ddp	yes	cabeza de turco
svp	no	tacano
svp	no	avariciosamente
cds	no	mafia italiana
cds	no	masas
ddp	yes	patán
svp	no	hombre perezoso
an	no	bobo
cds	no	cobardía
pr	no	lagarta
ps	yes	mongoloide
cds	no	mentira
an	no	parásito
qas	no	bumbler
svp	no	pretencioso
svp	no	gorger
svp	no	tightfistedness
asm	no	tonterias
dmc	yes	engaño
pr	no	concubina
cds	no	desertor
pr	no	prostitución masculina
qas	no	salvaje
ps	yes	nigger
an	no	incompetente
asm	no	cachar
cds	no	policial
dmc	yes	malandrín
cds	no	tropezador
asm	no	majadero
re	no	acto de terrorismo
ddp	yes	niño cambiado
