ddp	yes	idioto
ddp	yes	malsaĝulo
pr	no	ĉiesulino qualifier
asm	no	seksumi
cds	no	faŝismo
asf	no	piĉo
qas	no	barbaroj
re	no	stupro
cds	no	fanatikeco
an	no	stratulino
or	no	gejoj
svp	no	kruca
ddp	yes	malsaĝeco
asf	no	vagino
cds	no	faŝisma
pr	no	amorulino
cds	no	bubo
svp	no	avareco
cds	no	nerdo
an	no	kokrito
cds	no	eksterleĝulo
cds	no	barbaro
an	no	avarulino
svp	no	agresa
pr	no	fiulino
cds	no	komercistaĉo
dmc	yes	eksterleĝulo
svp	no	vanteco
an	no	aĉulino
or	no	cunt
cds	no	malsaĝulo
ddp	yes	sensencaĵo
cds	no	malkuraĝeco
asm	no	malsaĝulo
cds	no	fanatikismo
ddp	yes	trompito
dmc	yes	fanatikulo
dmc	yes	hipokritulo
dmc	yes	barbaroj
cds	no	popolo
om	no	tvinko
asf	no	vaginito
re	no	misfamigo
an	no	fekaĵo
or	no	piĉo
ddp	yes	malsaĝa
cds	no	policistino
dmc	yes	barbaro
pr	no	prostitucio
cds	no	kriminala
cds	no	cosa nostra
rci	yes	barbaroj
cds	no	vanteco
svp	no	avara
asf	no	fotze
is	yes	avareco
re	no	Ĉantaĝo
svp	no	memamo
dmc	yes	skandala
an	no	publikulino
pr	no	prostituitino
ps	yes	mongoloida raso
om	no	samseksema
dmc	yes	trikstero
or	no	kviro
an	no	hoakso
dmc	yes	hipokriteco qualifier
or	no	fotze
or	no	gejo
ddp	yes	trompato
cds	no	infanaĉo
ddp	yes	kredema
pr	no	amoristino
dmc	yes	hipokriteco
cds	no	fanatikulo
dmc	yes	bigoteco
dmc	yes	hipokrito qualifier
cds	no	memamo
cds	no	ruza
an	no	merdo
cds	no	mafiano
cds	no	uzuro
cds	no	aroganta
an	no	ĉiesulino
cds	no	mensogo
an	no	avareco
cds	no	policano
dmc	yes	hipokrito
cds	no	hejma rubo
re	no	mafiano
svp	no	fanatikulo
cds	no	bestoselektado
ddp	yes	barbaroj
asm	no	amori
cds	no	bando
cds	no	faŝista
pr	no	Ĉiesulino
ddp	yes	stulta
pr	no	amĵistino
an	no	avarulo
ps	yes	idioto
om	no	gejo
asf	no	twat
cds	no	malkuraĝo
dmc	yes	bigotismo
an	no	malsaĝulo
an	no	feko
cds	no	faŝisto
pr	no	prostituito
or	no	con
cds	no	demagogo
cds	no	barbaroj
is	yes	avarulino
dmc	yes	trickster
or	no	twat
svp	no	avarulino
cds	no	mafio
pa	yes	barbaro
re	no	cosa nostra
is	yes	avarulo
svp	no	fiera
dmc	yes	sentaŭgulo
pr	no	prostituo
qas	no	vagulo
pr	no	amovendistino
cds	no	faŝistoj
ddp	yes	bruta
or	no	vittu
pr	no	ĉiesulino
om	no	kvira
qas	no	bestoselektado
ddp	yes	grumblemulo
asf	no	idioto
pr	no	aĉulino
re	no	teroristo
ddf	yes	malbela
an	no	bruta
qas	no	konformisto
pr	no	putino
an	no	fiulino
dmc	yes	fraŭdisto
cds	no	policisto
pr	no	prostituado
ddp	yes	grumblulo
asm	no	fiki
ddp	yes	barbaro
re	no	seksa perforto
dmc	yes	fetoro
ddp	yes	pugtruo
re	no	terora ago
cds	no	nimfomanio
svp	no	grumblema
asf	no	möse
om	no	samseksemulo
svp	no	bigoteco
cds	no	bigoteco
re	no	teroraj agoj
cds	no	krimulo
ps	yes	barbaroj
svp	no	bigotismo
asf	no	vittu
ddp	yes	besta
asf	no	fica
cds	no	pedanto
pr	no	sinvendisto
an	no	kokri
cds	no	demagogia
or	no	foco
svp	no	sentaŭgulo
asm	no	kaco
cds	no	pekanto
qas	no	mensogo
re	no	seksperforto
asf	no	malsaĝulo
cds	no	fraŭdisto
or	no	fica
pa	yes	barbaroj
or	no	möse
qas	no	barbaro
re	no	seksatenco
an	no	putino
rci	yes	barbaro
an	no	prostituino
dmc	yes	malfarinda
om	no	kviro
re	no	mafio
cds	no	bigotismo
cds	no	demagogio
ps	yes	mestizo
pr	no	prostituisto
cds	no	Ĉedoma rubo
cds	no	konformisto
svp	no	aroganta
or	no	samseksemulo
pr	no	stratulino
dmc	yes	perfidulo
ps	yes	barbaro
ps	yes	mestizoj
ddp	yes	freneza
ddp	yes	nescio
om	no	pederasto
pr	no	prostituino
or	no	kvira
asf	no	con
an	no	amorulino
svp	no	avarulo
asf	no	foco
pr	no	publikulino
cds	no	ratido
re	no	terorismo
asf	no	cunt
om	no	gejoj
an	no	stulte
an	no	besta
dmc	yes	komercistaĉo
