cds	no	blowhard
cds	no	banditentum
cds	no	parvenue
pa	yes	undertaker
qas	no	ausschuß
re	no	machtmissbrauch
qas	no	parasitieren
qas	no	chaos
pr	no	personen mit häufig wechselndem geschlechtsverkehr
ddf	yes	krüppel
cds	no	f1-hybriden
ddp	yes	idiot
an	no	steinkauz
ddp	yes	proletin
cds	no	reaktion
cds	no	desperado %28buffalo bill%e2%80%99s resort %26 casino%29
ddp	yes	tattletale
qas	no	pachthof
an	no	moskitos
dmc	yes	bigotterie
qas	no	bloopers
ddp	yes	quacksalber
an	no	gänslein
an	no	leichendieb
ps	yes	hebraism
asf	no	honk
asm	no	blödmann
cds	no	barbar
ps	yes	lummox
an	no	bitch
pr	no	melkvieh
dmc	yes	lausbub
cds	no	juvenile delinquent
ps	yes	verzögern
cds	no	depp
ddp	yes	ignoranz
svp	no	acedia
dmc	yes	stinkend
ddp	yes	dämlack
cds	no	mischling
cds	no	hybrid-zucht
re	no	mafia
svp	no	knauserin
dmc	yes	pausenclown
asm	no	schwanz
pa	yes	schäfer
cds	no	pedantin
or	no	murphy
cds	no	trivialroman
ps	yes	mohr
cds	no	ndrangheta
svp	no	pfennigfuchser
cds	no	ballhornisieren
ddp	yes	schafskopf
cds	no	satyriasis
an	no	harpagon
cds	no	abwassernetz
an	no	laus
cds	no	rohabwasser
ddp	yes	geistige behinderung
asm	no	vicia faba
cds	no	rumourmonger
an	no	eurasian griffon
ddf	yes	wicht
an	no	unterordnung blattaria
an	no	schiefes gesicht
qas	no	liebhaberei
asm	no	lümmel
pa	yes	extraordinariat
or	no	stiesel
om	no	arschfick
dmc	yes	frömmelei
dmc	yes	cheater
svp	no	faulpelz
an	no	käuzchen
cds	no	partie
svp	no	leidenschaftslosigkeit
asm	no	teerbraun
re	no	gewalt
qas	no	landsmännin
pa	yes	schustereisen
dmc	yes	böser zwilling
re	no	sexualstraftat
cds	no	papparazzi
an	no	pöbel
an	no	packesel
pa	yes	mitglied der fakultät
cds	no	cur
cds	no	f1-hybrid
cds	no	mätzchen
svp	no	konkupiszenz
an	no	nacktschnecke
ps	yes	banausin
asm	no	in die kissen steigen
dmc	yes	moralisch
dmc	yes	unecht
dmc	yes	pfuscher
qas	no	industriebaron
cds	no	selbstbefriedigung
cds	no	anzetteln
svp	no	ekelig
qas	no	ballock
ddp	yes	petze
pr	no	straßenprostituierte
cds	no	ängstlich
re	no	hatchet job
ddp	yes	idiotie
an	no	strigiformes
ddp	yes	barbarei
ddf	yes	einäugig
is	yes	besitzlosigkeit
ps	yes	vagabund
an	no	fathead
an	no	alter gaul
is	yes	trübselig
cds	no	selbstverliebtheit
or	no	irische kartoffel
re	no	sexueller missbrauch unter ausnutzung eines beratungs-, behandlungs- oder betreuungsverhältnisses
re	no	plünderung
or	no	honk
an	no	hasen
svp	no	teilnahmslosigkeit
pa	yes	prolet
pa	yes	professoren
dmc	yes	schwein
cds	no	auge des gesetzes
re	no	schurke
an	no	schnecke als lebensmittel
cds	no	weichei
om	no	homosexueller
cds	no	häscher
qas	no	dilettantismus
or	no	anspruchsvoll
cds	no	ragtag und bobtail
dmc	yes	simulation
an	no	schweinerüssel
re	no	gangster
om	no	gluteus
rci	yes	barbarischen
om	no	medius
ps	yes	afrikanischer abstammung
an	no	leichenhandel
svp	no	begierde
ps	yes	kerl
pa	yes	einzelanwalt
svp	no	frömmler
qas	no	dilettant
cds	no	neureichen
re	no	tötung
asm	no	latte
qas	no	barbar
qas	no	compliance
ddp	yes	gefangener
or	no	queer
dmc	yes	dissimulator
ddp	yes	einfältig
is	yes	knauserig
an	no	geizhals
an	no	kerbtiere
dmc	yes	landstreicher
an	no	grobheit
om	no	transvestit
dmc	yes	libertinage
cds	no	klugscheißerei
cds	no	beginen und begarden
ddp	yes	nichts wissen
cds	no	lehrkörper
cds	no	hybridsaatgut
om	no	sodomie
an	no	mollusken
an	no	hyänen
asm	no	geschlechtsverkehr haben
asm	no	stürmerfoul
cds	no	verbrecher
qas	no	amateursport
ddf	yes	verachtenswert
ddp	yes	pfuscher
re	no	piratenakt
dmc	yes	ganove
re	no	slayer
qas	no	konformistischen
is	yes	bedrückt
svp	no	zorn
an	no	tragischen bösewicht
asf	no	tussi
cds	no	grandes compagnies
cds	no	rustler
svp	no	tunichtgut
pr	no	kurtisanen
qas	no	gemeinen mann
cds	no	das zeitliche segnen
cds	no	schwachsinniger
ps	yes	schwachsinniger
an	no	aalfische
cds	no	schnitzer
an	no	pediculus corporis
cds	no	dieberei
an	no	blödmann
pr	no	streetwalker
cds	no	memme
asm	no	tor
dmc	yes	räuber
cds	no	hornochse
cds	no	grunge musik
ddp	yes	dumpfbacke
dmc	yes	betrüger
asf	no	spatzengehirn
qas	no	ministrant
cds	no	fanatiker
cds	no	sünder
ddp	yes	flachwichser
cds	no	mafioso
re	no	betrüger
cds	no	den geist aufgeben
cds	no	bücherwurm
cds	no	kleiner
cds	no	gerissenheit
re	no	vergewaltigt
asm	no	corpus penis
an	no	ovis aries aries
dmc	yes	stümper
cds	no	herdentier
qas	no	gemeinde
ddp	yes	nichtskönner
an	no	endstufeneber
pr	no	prostituierte
or	no	punctiliousness
asm	no	sex haben
dmc	yes	abtrünnige
an	no	spaten
ddp	yes	sad sack
ps	yes	metoike
re	no	§ 174c stgb
an	no	blankaal
re	no	diffamierung
ddp	yes	analphabeten
qas	no	dorfbewohner
qas	no	magnat
dmc	yes	fälschung
dmc	yes	merry andrew
qas	no	wasserballast
dmc	yes	libertinismus
cds	no	faschistoid
cds	no	befürwortung
qas	no	untertänigkeit
ddp	yes	mikrozephalie
an	no	huhn
an	no	european toad
om	no	foeniculum vulgare
cds	no	drangheta
cds	no	bordellen
ddp	yes	quack
cds	no	polizeivollzugsbeamtin
cds	no	verleumder
an	no	stiesel
om	no	transvestiten
qas	no	amateur
ps	yes	flitschbirne
an	no	hoaxes
cds	no	bummelant
svp	no	sozialneid
ddp	yes	stümper
an	no	hausschafen
qas	no	landwirtschaftsmeister
cds	no	scientismus
re	no	brutale vergewaltigung
qas	no	dörfler
asf	no	scheißkopf
om	no	homophile bewegung
pa	yes	fakultät
ps	yes	mongoloids
re	no	säumig
dmc	yes	scheinheiligkeit
asf	no	armleuchter
an	no	epifaunal
qas	no	händler
or	no	schwul
is	yes	unglückselig
cds	no	gewöhnliche
cds	no	schnapphahn
asm	no	cazzi
cds	no	polizistin
ddp	yes	unsinnig
an	no	low-level-epifauna
om	no	tunte
cds	no	stealer
cds	no	armen fische
an	no	crocodylidae
an	no	höllenotter
cds	no	sonderkorrespondent
pa	yes	corporal
pa	yes	minister-counselor
or	no	spätkartoffel
cds	no	gendarm
an	no	plünderer
an	no	despoiler
cds	no	auslesezüchtung
pa	yes	wooer
an	no	echte kröten
qas	no	landsmann
pr	no	straßenhure
ps	yes	plebejer
qas	no	proletin
asm	no	konglutination
dmc	yes	banausin
re	no	vergewaltiger
an	no	kleiderlaus
or	no	knallkopf
re	no	outlaw
asm	no	männchen
cds	no	wonk
cds	no	stuss
cds	no	mischlingshündin
cds	no	klugheit
cds	no	betrügerin
re	no	böswillige lüge
om	no	non-westlichen vorstellungen von männlicher sexualität
ps	yes	hirni
an	no	hundezucht
re	no	internationaler terrorismus
cds	no	schlau
cds	no	schlampe
asm	no	cojones
cds	no	kerl
cds	no	unfug
re	no	austricksen
pr	no	strichmädchen
ps	yes	pflanzenzüchterin
cds	no	sekunden-rater
dmc	yes	moralischen bankrott
om	no	aboral
an	no	kreuzotter
om	no	homosexuellen männern
an	no	dummerchen
svp	no	faulenzerin
an	no	vamp
qas	no	sodbuster
dmc	yes	handlung
qas	no	trouble maker
qas	no	barbarischen
an	no	bock
om	no	päderasten
an	no	weißkopfgeier
om	no	schwuler
asf	no	schwachsinniger
ps	yes	schwachmat
svp	no	hochmütig
cds	no	reliquienverehrung
ps	yes	fascho
ddp	yes	fumbler
qas	no	haushalt
cds	no	widerrede
ps	yes	gattungshybrid
an	no	würmer
an	no	bisons
re	no	folterprozess
an	no	depp
svp	no	angriffslustig
cds	no	stümper
re	no	morde
qas	no	stümper
pa	yes	fischverkäuferin
re	no	gewaltbereit
cds	no	albernheit
or	no	brassica oleracea
cds	no	verwandten
qas	no	schnulzig
asm	no	shtup
an	no	anguillidae
asm	no	hoden
om	no	buccal
ps	yes	narr
an	no	hundekrankheit
ddp	yes	bestialität
ps	yes	fall guy
qas	no	grandiosität
svp	no	geizkragen
qas	no	querulant
qas	no	klöten
dmc	yes	hypokrit
om	no	pedikation
an	no	diddlyshit
cds	no	diebin
or	no	dumm
is	yes	pfennigfuchser
ddp	yes	intellektuelle retardierung
ps	yes	blödmann
cds	no	durcheinander
ps	yes	landstreicher
an	no	tierchen
om	no	kinderschänder
or	no	härdöpfel
cds	no	pflanzenzucht
an	no	ziegenmilch
cds	no	alte maße und gewichte japans
pa	yes	angestellte
cds	no	faschismus in europa bis 1945
qas	no	züchter
an	no	bordsteinschwalbe
cds	no	begarden
cds	no	broker
cds	no	halsabschneider
cds	no	über den jordan gehen
pr	no	kanalratte
pa	yes	bestattungsunternehmen
qas	no	brinksitzer
ps	yes	proletin
ps	yes	roher mensch
svp	no	minginess
pa	yes	außerplanmäßige professur
qas	no	haus maler und dekorateur
pr	no	färsefresser
re	no	camorra
cds	no	bas bleu
an	no	mikroorganismen
re	no	raubüberfall
ddp	yes	regnum animale
re	no	backbiter
cds	no	tropf
asf	no	weiberrock
cds	no	selbstzufriedenheit
om	no	kaudal
pr	no	maîtresse-en-titre
an	no	plattwanzen
is	yes	knauserigkeit
an	no	mikrobe
an	no	echtes hausrind
is	yes	bösewichte
cds	no	käuflichkeit
cds	no	neugeborene
is	yes	freiwillige armut
svp	no	streitlustig
cds	no	hinterwäldler
cds	no	pflanzenzüchterin
dmc	yes	prevaricator
qas	no	malerin und anstreicherin
an	no	flohfarben
or	no	irish kartoffel
dmc	yes	lügenmaul
an	no	tierreich
svp	no	geizhals
cds	no	menge
an	no	duckmäuser
dmc	yes	schmutzigen
pr	no	furie
pr	no	moo-cow
dmc	yes	unmoralisch
cds	no	überessen
pa	yes	persönlichen stuhl
ddp	yes	strohkopf
ddp	yes	analphabetenrate
asm	no	spotten
ddf	yes	deaktivieren
dmc	yes	clowns
an	no	nichtskönner
cds	no	spielcasino
an	no	tieren
qas	no	hütte
re	no	schwerstverbrechen
cds	no	kriminalität
an	no	sterke
om	no	schwulenverfolgung
re	no	emotionale erpressung
is	yes	bekümmert
cds	no	böser t+
qas	no	bauernbub
ddp	yes	tier
cds	no	stammlande
an	no	ungebildete person
om	no	derriere
dmc	yes	streuner
cds	no	demagogen
an	no	pfennigfuchserei
pa	yes	außerordentliche professur
pr	no	metresse
qas	no	ausschuss
an	no	gemeine stechmücke
an	no	kreuzungsfresser
an	no	hausschaf
an	no	wanzen
an	no	lampyris noctiluca
dmc	yes	üblem geruch
ps	yes	holzkopf
svp	no	do-nothing
asm	no	schlafen
re	no	tragischen bösewicht
an	no	crocodilia
pa	yes	hirten
cds	no	soziale lüge
dmc	yes	lebemann
pa	yes	apl. professor
asf	no	soft-touch-
dmc	yes	scattergood
cds	no	schwächling
cds	no	simpel
om	no	prat
ps	yes	intergeneric hybrid
an	no	jungvieh
qas	no	vertragsamateur
dmc	yes	gesetzesbrecher
or	no	erdäpfel
cds	no	camarilla
ps	yes	spatzenhirn
ddf	yes	menschen mit beeinträchtigung
re	no	neonaticide
ddp	yes	fathead
cds	no	groschenromane
an	no	pfennigfuchserin
asm	no	zipfel
cds	no	charlatan
ps	yes	plebejerin
an	no	hornträger
is	yes	geizkragen
ddp	yes	roher mensch
qas	no	banausin
ddp	yes	mikrocephalus
om	no	prävertebral
re	no	filmschurke
cds	no	pillock
ddp	yes	dumme person
cds	no	dreckspatz
ddp	yes	wilder
asm	no	es tun
re	no	diebstahl
ps	yes	flegel
ddp	yes	bestie
svp	no	pfennigklauber
an	no	rage
cds	no	prahlerei
asm	no	auswuchs
an	no	staunse
pa	yes	wissenschaft
om	no	okklusalfläche
qas	no	sammelsurium
dmc	yes	stadtstreicher
pa	yes	professor h.c.
ps	yes	bulgare
cds	no	angstpeter
re	no	manslayer
dmc	yes	narr
cds	no	clann
cds	no	hybridzüchtung
cds	no	provinzialität
pr	no	schwulenstrich
asm	no	dummheit
an	no	hund
cds	no	chawbacon
ps	yes	beduin
an	no	schlampe
pa	yes	schafhirte
an	no	bos primigenius taurus
om	no	parietal
re	no	falsche anschuldigung
svp	no	pfennigfuchserei
ps	yes	interfertility
cds	no	clever
qas	no	konformismus
or	no	kürbis
or	no	twat
cds	no	konspirationismus
re	no	missbrauch
asm	no	pterygiophore
pr	no	nutte
om	no	occipital
pa	yes	bonze
pa	yes	anwaltschaft
asm	no	fische
is	yes	traurig
om	no	gleichgeschlechtliche
re	no	terroranschlag
cds	no	stiesel
is	yes	mendizität
cds	no	volumen
om	no	apikalen
svp	no	hybrid
an	no	tierwelt
ddp	yes	folly
cds	no	schrottplatz
cds	no	schurke
om	no	kranial
cds	no	doofi
qas	no	vagabund
an	no	soundso
ddp	yes	mondkalb
svp	no	überheblich
cds	no	do-nothing
om	no	cranial
om	no	pöter
cds	no	bauernlümmel
ps	yes	chinesinnen
cds	no	mein junge
cds	no	selbstliebe
or	no	lunkhead
cds	no	nerd-brille
ps	yes	mestizaje
or	no	armleuchter
qas	no	hutch
cds	no	korrektur offizier
dmc	yes	fior di latte
an	no	zwerg
qas	no	sciolist
cds	no	bloopers
an	no	kröten
re	no	sexuelle gewalt
ddp	yes	bauer
dmc	yes	gesetzlose
an	no	hyaenidae
ps	yes	vandilier
or	no	scheißkopf
cds	no	merzvieh
re	no	terrorzelle
pa	yes	adjunct faculty
asm	no	steifer
dmc	yes	outlaw
cds	no	schwollen kopf
cds	no	opportunist
an	no	weinbergschnecken
an	no	bestial
ddp	yes	stuss
re	no	verschärftes verhör
an	no	arionidae
cds	no	bösewichte
asf	no	depp
pr	no	prostituieren
ddp	yes	adult literacy rate
pa	yes	angesehener professor
om	no	mesiobukkal
ddp	yes	fuckhead
qas	no	autoinfektion
cds	no	schläue
om	no	po
svp	no	todsünden
qas	no	legal compliance
an	no	strandwolf
cds	no	versterben
or	no	kindskopf
or	no	gurke
cds	no	köter
an	no	prostituierter
an	no	leichtgläubiges opfer
cds	no	francs maçons
cds	no	bubi
or	no	dummbratze
cds	no	dummerjan
asm	no	onanieren
cds	no	bullette
cds	no	ausgelutscht
qas	no	mediastinum testis
ddp	yes	leichtgläubiges opfer
cds	no	verachtenswert
an	no	rote trommel
re	no	straftat
pr	no	schlamper
om	no	fenchelkraut
re	no	reinlegen
an	no	froschlurch
re	no	kidnapping
cds	no	Örtchen
qas	no	ektoparasit
cds	no	neureich
or	no	rübsaat
asm	no	depp
pa	yes	hoteldiener
svp	no	lasziv
asf	no	knucklehead
ddf	yes	missgebildet
an	no	papagei
cds	no	gesteigertes sexuelles verlangen
re	no	kriminelle handlung
ddp	yes	dummkopf
pr	no	konkubinat
asm	no	vollhonk
ddp	yes	niete
ddp	yes	tierwelt
qas	no	rhetoriker
or	no	krumenbeere
qas	no	us-amerikanischer geschäftsmann
dmc	yes	bigoterie
pr	no	färsenfresser
cds	no	müll
ps	yes	jerry
svp	no	knauserig
is	yes	trist
is	yes	trübe
cds	no	eierkopf
an	no	wisente
ddp	yes	stupe
qas	no	landfrau
re	no	anschmieren
cds	no	polizisten
svp	no	sexuelles verlangen
an	no	männliche prostitution
cds	no	arthybride
pa	yes	flegelei
an	no	freibeuter
pa	yes	hirte
or	no	grundbirn
cds	no	schlauberger
cds	no	autowrack
pa	yes	schafhirtin
cds	no	märzschaf
an	no	plattwanze
re	no	plagiieren
cds	no	stilles Örtchen
asm	no	betrügen
cds	no	schlappschwanz
svp	no	langweilig
pr	no	crack hure
pr	no	john
dmc	yes	flunkerer
pr	no	straßenstrich
cds	no	reste
cds	no	eingebildet
an	no	schnauze
dmc	yes	katastrophal
an	no	saugen laus
an	no	straßenprostituierte
cds	no	hybride
qas	no	tüncher
ps	yes	f1-hybriden
re	no	kindsmörder
re	no	diffamieren
cds	no	pfuscher
an	no	ragtag und bobtail
asm	no	klöten
cds	no	gangsterboss
an	no	knauserigkeit
re	no	vergewaltigung in der ehe
svp	no	schlemmer
ddp	yes	blöd t+
cds	no	casino-glücksspiel
pr	no	schickse
om	no	intrakorporal
re	no	folter mord
pr	no	puffmutter
asm	no	penes
asm	no	rindvieh
an	no	frischling
asm	no	dummerjan
ddp	yes	scheißkopf
svp	no	tṛṣṇā
cds	no	croon
an	no	gänsegeier
is	yes	ausgestoßenen
ddp	yes	sinnlos
re	no	stuprum
cds	no	kleinkind
ps	yes	hybridzucht
cds	no	justizvollzugsbeamter
dmc	yes	bigott
cds	no	toilettengebäude
an	no	weichei
an	no	weichtier
cds	no	verzweifelte verbrecher
ddp	yes	analphabetin
ddp	yes	schwachkopf
cds	no	taleteller
an	no	straßenmädchen
re	no	bösewichte
cds	no	demagogisch
cds	no	hohlkopf
qas	no	keulung
asf	no	dummerjan
or	no	mairübe
is	yes	knickstiebel
cds	no	abwassersystem
dmc	yes	libertin
cds	no	arschloch
cds	no	latrinen
an	no	mückenstich
qas	no	bluthund
or	no	akribie
cds	no	bagno
cds	no	loansharking
cds	no	scharlatanerie
cds	no	pfusch
cds	no	paparazze
rci	yes	plebejer
pa	yes	kontorist
cds	no	stupe
ps	yes	mestizen
pr	no	slovenly frau
dmc	yes	wüstling
ddp	yes	unkenntnis
cds	no	pflanzenzüchtung
an	no	barred owl
an	no	mollusk
om	no	posterior
asm	no	spatzengehirn
pa	yes	bellman
asf	no	dose
cds	no	raub
cds	no	geck
dmc	yes	bauernlümmel
cds	no	einbrecher
cds	no	kanalisation
asf	no	narren
qas	no	amateuren
ddf	yes	körperlichen behinderungen
asf	no	schamhaar
an	no	wüten
om	no	frau
ddp	yes	lümmel
pr	no	bitch
asm	no	schafskopf
rci	yes	prolet
cds	no	klug
om	no	keister
ps	yes	churl
an	no	schnegel
cds	no	kriminelle
qas	no	amateurin
cds	no	polizeibeamtin
cds	no	hinscheiden
rci	yes	grobian
svp	no	eingebildet
an	no	aureus
cds	no	alfonserei
cds	no	afterrede
an	no	biston betularia
an	no	flussaal
dmc	yes	verräter
dmc	yes	dilly-dallier
ps	yes	gitanos
cds	no	conventicles
svp	no	prahlerei
is	yes	knauserin
cds	no	wise guy
cds	no	masonica
cds	no	handlanger
asf	no	stuss
asm	no	stoßen
qas	no	landarbeiter
svp	no	begehren
an	no	schuft
cds	no	wucherin
pr	no	straßenprostitution
dmc	yes	stinken
cds	no	arthybrid
ps	yes	jude
re	no	stehlen
ddf	yes	schlecht
asf	no	doofus
ddp	yes	blödsinn
an	no	krokodile
cds	no	camorra
is	yes	pfennigklauberin
cds	no	rafts
om	no	queer
asf	no	analhaare
pr	no	autostrich
cds	no	haus von schlechtem ruf
qas	no	konformist
pr	no	höflinge
qas	no	schmarotzer
asm	no	armleuchter
cds	no	arriviste
ddf	yes	wertlos
re	no	tötungskriminalität
an	no	systematik der insekten
qas	no	altmaterial
cds	no	verballhornen
dmc	yes	paria
pr	no	frau von der straße
pr	no	rinder
cds	no	reaktionär
ddp	yes	barbarischen
is	yes	bengel
an	no	animalia
ps	yes	dumpfbacke
asm	no	puffbohne
cds	no	sänger
cds	no	federfuchserei
qas	no	grobian
cds	no	latrine
qas	no	dorfbewohnerin
asm	no	teste
ps	yes	negroid
cds	no	offizier
pa	yes	rechtsberater
cds	no	verschwörung des schweigens
qas	no	testikel
om	no	gebäck
dmc	yes	ausgestoßener
cds	no	ächtung
cds	no	vergötterung
an	no	fauna
cds	no	fundamentalisten
asf	no	saphead
qas	no	altmetall
cds	no	käuflichen
an	no	sciaenops ocellatus
an	no	rotter
cds	no	stehlen
an	no	schnake
cds	no	unfug-herstellung
is	yes	korintenkacker
dmc	yes	narr in christo
ps	yes	disziplinarkarte
cds	no	reaktionären
re	no	diebisch
dmc	yes	falsch
cds	no	spaß
cds	no	schluffi
svp	no	grimmig
an	no	caprinae
dmc	yes	bedauerlich
ddp	yes	arschloch
cds	no	tattletale
dmc	yes	grassamen
qas	no	geschäft person
cds	no	räuberei
svp	no	trencher
re	no	freibeuterei
cds	no	bigotterie
qas	no	permanenter parasitismus
an	no	birkenspanner
ddp	yes	fauna
an	no	blutegel
svp	no	abneigung
svp	no	avaritia
an	no	aalartige
svp	no	dillydallier
ps	yes	mongolin
is	yes	bösewichter
cds	no	omertà
asm	no	saphead
cds	no	selbstherrlichkeit
ps	yes	hybride
qas	no	chien de saint-hubert
asf	no	tropf
pa	yes	universitätsprofessor
an	no	wilden ochsen
asm	no	fall guy
re	no	eventualvorsätzliche tötung
cds	no	abkratzen
re	no	entführer
pa	yes	professor e. h.
cds	no	freimaurer
pa	yes	braungerändertes ochsenauge
cds	no	farrago
is	yes	geizhals
ddf	yes	buckliger
or	no	depp
pr	no	callboy
ddp	yes	bastard
re	no	superschurke
pr	no	schlampe
om	no	kraniodorsal
cds	no	ausmerzen
ps	yes	metik
qas	no	moocher
re	no	sexuelle nötigung
dmc	yes	brigant
ddp	yes	einfaltspinsel
qas	no	burgher menschen
an	no	schisserin
an	no	kanal bass
is	yes	gelübde der armut
an	no	knickerigkeit
pa	yes	assistenzprofessor
cds	no	sexsucht
asm	no	nuss
an	no	narr
svp	no	geilheit
cds	no	schwindler
an	no	kine
an	no	läuferschwein
cds	no	natürliche kreuzung
an	no	schlachtrind
pa	yes	rohrspatz
an	no	moue
re	no	'ndrangheta
cds	no	pflegling
ddf	yes	behindert
cds	no	klosett
ddf	yes	behinderter
an	no	arielulus
dmc	yes	steinmetz
cds	no	pool hektische
qas	no	melange
dmc	yes	gemein
asf	no	kamel
cds	no	kriminelle handlung
an	no	geißbock
or	no	foeniculum vulgare
an	no	gallus gallus domesticus
an	no	great white shark
asm	no	preputium
asm	no	hereinlegen
om	no	okklusal
cds	no	vermittler
ps	yes	interspezifische hybride
an	no	stirnrunzeln
an	no	aue
qas	no	bauer
dmc	yes	engstirnig
asf	no	simpel
ps	yes	romni
re	no	dieberei
cds	no	faschistisch
an	no	ixodida
dmc	yes	täuschung
cds	no	fascismo
qas	no	ladenhüter
svp	no	heißhunger
cds	no	korrespondent
qas	no	rhetorische
ps	yes	armleuchter
an	no	maultiere
svp	no	gourmand
qas	no	boo-boo
cds	no	blackball
svp	no	rappenspalter
re	no	üble nachrede und verleumdung
asm	no	kaffeebraun
an	no	schwein
ddp	yes	moronity
cds	no	heilige reliquie
dmc	yes	rechtsverletzer
ddp	yes	dummerchen
cds	no	plünderung
is	yes	trübsinnig
an	no	tierlaus
pr	no	färse
an	no	raunch
an	no	gehäuseschnecke
dmc	yes	faulenzerin
svp	no	anzügliche
cds	no	frömmelei
cds	no	matcher
om	no	transvestitentum
pa	yes	barbarisch
an	no	trottel
an	no	hirni
asm	no	präputium
cds	no	leichtgläubiges opfer
cds	no	kombinationszüchtung
asf	no	scheide
cds	no	unehelich
re	no	ehrenkränkung
cds	no	barbarisch
an	no	schafe
asf	no	strohkopf
qas	no	homoxen
cds	no	slacker
asf	no	esel
cds	no	ausbilder
asm	no	knäggern
cds	no	schuft
asf	no	möse
an	no	bison bison
pr	no	sexuelle dienstleistungen
cds	no	sporting house
ps	yes	metöken
pr	no	kine
qas	no	pfuscherin
dmc	yes	verschwender
ddp	yes	bösartigkeit
pr	no	mätresse
qas	no	obligate parasiten
an	no	gemeinsame laus
om	no	perikoronal
cds	no	neureiche
cds	no	chronis
ps	yes	chinesen
ddp	yes	kretin
asf	no	dämlack
cds	no	sexaholiker
cds	no	bangbüxe
an	no	q33ny
om	no	dorsolateralen
cds	no	dumm
svp	no	kardinalsünde
qas	no	industriellen
or	no	angebaut kohl
is	yes	absolute armut
asf	no	doofi
an	no	mastochse
an	no	pip-squeak
qas	no	zwinger
ddp	yes	ignorant
cds	no	straßengangs
cds	no	literat
cds	no	rindvieh
pa	yes	adjunct professor
cds	no	grifter
cds	no	freudenhaus
pr	no	gun moll
svp	no	Überernährung
cds	no	narr
pa	yes	lastenträger
cds	no	groschenroman
dmc	yes	fake
rci	yes	proletin
ps	yes	hybrid
asf	no	schafskopf
svp	no	ekel
an	no	bestialisch
re	no	flibustier
re	no	handlung
qas	no	blei
pa	yes	selbständiger buchhalter
an	no	scum bag
an	no	strinrunzeln
an	no	schwachkopf
asm	no	frenulum preputii
an	no	angstpeter
cds	no	mischmasch
pa	yes	auditor
ddp	yes	infauna
or	no	rübse
om	no	gesäß
om	no	finocchio
pa	yes	akademisch
dmc	yes	goof-off
dmc	yes	lügner
svp	no	gier
svp	no	geizig
qas	no	abfall
or	no	flachwichser
pa	yes	barbaren
ddp	yes	schussel
asm	no	foulen
asm	no	doofi
cds	no	cosa nostra
pr	no	konkubine
cds	no	narzisst
an	no	läuslinge
an	no	schmutzfink
asm	no	erbsenpflanze
cds	no	verwandtschaft
cds	no	bulle
cds	no	lehrerin
pr	no	hetäre
an	no	selachii
pa	yes	bestattungsinstitut
qas	no	gemeinde-
ps	yes	schwarze person
cds	no	brackvieh
svp	no	eitelkeit
cds	no	maligner narzissmus
or	no	schwachmat
ddp	yes	analphabetentum
cds	no	propagandist
ps	yes	barbaren
om	no	sodomized
an	no	doodly-squat
om	no	füdli
ps	yes	jüdisches volk
cds	no	wechselbalg
cds	no	angeber
cds	no	makler
asm	no	che cazzo
cds	no	trasformismo
cds	no	hurensohn
ddp	yes	barbar
dmc	yes	trickster
cds	no	Übeltäter
qas	no	endoparasitismus
ps	yes	soft-touch-
an	no	pfennigklauber
an	no	pudge
cds	no	herden
an	no	zosse
an	no	mikroorganismus
pa	yes	angestellter
re	no	verbrechen
cds	no	döskopp
an	no	bettwanzen
pa	yes	prof.
om	no	krestal
ddp	yes	vollpfosten
ps	yes	bulgarisch
asm	no	fuck you
asm	no	miteinander schlafen
cds	no	demagog
an	no	klappe
re	no	einbrecherin
qas	no	fakultative parasiten
an	no	kläffen
dmc	yes	renegado
an	no	flachwichser
ddp	yes	ignorantin
an	no	echte krokodile
asm	no	phallussymbol
an	no	hai
an	no	bettwanze
ddp	yes	imbezil
re	no	diebin
om	no	lingual
cds	no	schlawiner
ddp	yes	funktionaler analphabetismus
qas	no	bäuerin
ddp	yes	churl
cds	no	einfaltspinsel
or	no	atlantic giant
om	no	vollmond
an	no	maden
ddp	yes	arschloch-kind
an	no	zecken
pr	no	blödsinn
cds	no	trockengestell
asf	no	arschloch
cds	no	stamm
cds	no	bumbler
cds	no	churl
ps	yes	vergeuder
qas	no	häusler
qas	no	pächter
cds	no	kriecher
qas	no	stoffgemenge
ps	yes	hybridsorte
asf	no	dumpfbacke
ps	yes	arthybrid
cds	no	übeltäter
an	no	knauser
ddp	yes	flitschbirne
asf	no	vaginal
cds	no	fundamentalistisch
pa	yes	bauer
svp	no	goof-off
qas	no	ragtag
dmc	yes	regiefehler
dmc	yes	fumbler
pa	yes	akademischen gemeinschaft
svp	no	sieben hauptsünden
ps	yes	wandalen
om	no	sodomiterey
dmc	yes	fahrende
cds	no	bastard
pa	yes	dienstnehmer
ps	yes	tölpel
qas	no	ballasttank
re	no	räuber
asf	no	wechselbalg
pr	no	doxy
an	no	hühner
asf	no	vagina
cds	no	anfänger
cds	no	blödmann
qas	no	mogul
ps	yes	boche
re	no	filizid
cds	no	gekreuzt
re	no	plagiiert
asm	no	erektion
pr	no	ratze
re	no	viehdiebstahl
qas	no	gemeindemitglied
cds	no	laufbursche
ps	yes	depp
asm	no	offensivfoul
an	no	body packing
ps	yes	doofus
om	no	proximalen
asm	no	cazzo
cds	no	pedagog
asm	no	favabohne
ps	yes	döskopp
cds	no	kupplerin
re	no	mord
is	yes	sozialer außenseiter
cds	no	fanatismus
ddp	yes	isegrim
asm	no	rammeln
an	no	moskito
an	no	angstmeier
ddf	yes	schlimm
cds	no	polizeivollzugsbeamter
pa	yes	fischhändler
ddp	yes	tieren
an	no	rouncey
qas	no	redekunst
qas	no	sad sack
asf	no	holzkopf
cds	no	egoismus
cds	no	gewühl
cds	no	reliquie
cds	no	moneygrubber
ddp	yes	blockhead
qas	no	gemeinsame person
ddf	yes	schädlich
rci	yes	plebejerin
cds	no	japanische längenmaße
an	no	krämerseele
ddp	yes	wildheit
asm	no	narr
dmc	yes	faulpelz
qas	no	wirrwarr
cds	no	schisserin
re	no	seeräuberei
pa	yes	ausserordentliche professur
asm	no	breiten bohnen
re	no	sittlichkeitsverbrecher
cds	no	zinswucher
an	no	queene
svp	no	hochnäsig
an	no	leichenräuber
cds	no	geschmier
or	no	fencheltee
an	no	crocodylia
dmc	yes	tramp
cds	no	diebisch
qas	no	untertanenschaft
an	no	erdkröten
is	yes	betrübt
pr	no	guff
cds	no	japanischen maßeinheiten
or	no	fute
re	no	plündern
ps	yes	gascognisch
rci	yes	bauernlümmel
cds	no	ultrakonservativ
re	no	klauen qualifier
om	no	homoerotisch
cds	no	versprecher
pa	yes	festangestellter
cds	no	wc-anlage
an	no	dummheit
ps	yes	vandalenreich
asm	no	penis der säugetiere
qas	no	kastensystem
ps	yes	vanduli
cds	no	paparazzi
or	no	mondkalb
dmc	yes	verarbeiter
an	no	rappenspalterin
an	no	strichjunge
om	no	drag queens
an	no	hyäne
svp	no	sieben todsünden
cds	no	blooper rolle
qas	no	jämmerlich
cds	no	lehrende
dmc	yes	schmutzig
svp	no	schlecht gelaunt
asm	no	glatte schleimhaut
an	no	pipistrelle
asf	no	schwachkopf
re	no	terrorangriff
an	no	blödian
an	no	meer skorpion
an	no	animiert ist
an	no	wassertiere
dmc	yes	unmoral
ps	yes	mischling
qas	no	schnorrer
svp	no	ennui
an	no	gattung capra
pa	yes	nichtbeamteter außerordentlicher professor
asm	no	eizelle
ps	yes	vandal
cds	no	gefängnisaufseher
cds	no	müßiggänger
om	no	analsex
cds	no	schlauheit
pr	no	comare
pr	no	hausrind
is	yes	flehen
cds	no	mother fucker
an	no	breitflosser
cds	no	slackers
qas	no	kirchlichen gemeinde
pr	no	birkenspanner
cds	no	güterzug
an	no	dummerjan
cds	no	den arsch zukneifen
cds	no	von abwasser
asm	no	dicke bohne
qas	no	handlanger
qas	no	fakultativer parasit
an	no	helminthologe
ps	yes	cigány
or	no	pillock
ps	yes	bastardisierung
cds	no	hundemischling
cds	no	dandy
cds	no	omerta
ps	yes	vandale
dmc	yes	überläufer
asf	no	votze
cds	no	esel
re	no	neppen
cds	no	dutzende
cds	no	scherz
pa	yes	türsteher
dmc	yes	roher mensch
qas	no	kastenwesen
re	no	sittlichkeitsverbrechen
an	no	kröte
om	no	ventralen
cds	no	pflanzenzüchter
asf	no	muschi
asf	no	scheideneingang
asf	no	flachwichser
ps	yes	juden
om	no	dorsoventral
dmc	yes	hanswurst
asm	no	flitschbirne
asf	no	hohlkopf
an	no	rollmops
cds	no	gossipmonger
cds	no	religiöse diskriminierung
re	no	villainess
pa	yes	advokat
an	no	mikrobielle
svp	no	hyperalimentation
ps	yes	jüdischen
qas	no	unternehmer
pa	yes	angestelltenversicherung
asm	no	speiseerbse
asf	no	bêtise
svp	no	arroganz
cds	no	heiratsvermittler
an	no	eulen
an	no	verweichlicht
cds	no	homunculus
dmc	yes	penner
dmc	yes	bummelant
an	no	weisshai
qas	no	fieldhand
an	no	abhöranlage
an	no	pillager
cds	no	sneak thief
qas	no	sentimental
dmc	yes	bösen
asm	no	ständer
or	no	kürbchen
cds	no	tragischen bösewicht
qas	no	nuss
an	no	stick-in-the-mud
svp	no	die nase hoch tragen
an	no	fleischmade
cds	no	abgedroschen
cds	no	foxiness
an	no	sus
cds	no	hellion
cds	no	kamarilla
an	no	männliche prostituierte
or	no	riesen-kürbis
pr	no	bos primigenius taurus
an	no	makrofauna
an	no	läuse
svp	no	fuchtig
qas	no	ballast
an	no	vollhonk
pr	no	gangster moll
cds	no	bauer
ddp	yes	unwissen
cds	no	family line
ddp	yes	schwachsinn
an	no	hühnerfleisch
cds	no	vielzahl
cds	no	inneren kreis
dmc	yes	kontinuitätsfehler
cds	no	unordnung
cds	no	ruchlosigkeit
cds	no	sünderin
om	no	kontralateralen
ps	yes	vandalen
asm	no	corpus highmori
dmc	yes	grobheit
cds	no	hierarchen
dmc	yes	barbarischen
cds	no	puzzler
om	no	käcker
an	no	gyps fulvus
an	no	otter
re	no	entführung
om	no	dame
or	no	möse
cds	no	freimaurer-orden
qas	no	soziale lüge
asm	no	ackerbohnen
cds	no	krimineller
om	no	ventral
asm	no	ei
ddp	yes	dummes zeug
qas	no	testes
cds	no	mischlinge
or	no	kartoffel
ps	yes	ostgoten
or	no	homosexuelle
ps	yes	underground economy
cds	no	toiletten
dmc	yes	trübsal blasen
or	no	brassica rapa
om	no	esel
dmc	yes	unhöflich
pa	yes	emeritierter professor
cds	no	trupp
cds	no	hirni
cds	no	dumpfbacke
cds	no	übermut
cds	no	lügen
cds	no	wads
dmc	yes	schussel
cds	no	peon
ddp	yes	kerl
cds	no	bandenkriege
ps	yes	dummerchen
ps	yes	mongolen
svp	no	abscheu
ddp	yes	blödmann
asm	no	anhängsel
an	no	zibbe
an	no	hure
or	no	grumbiere
cds	no	viehdieb
an	no	motten
is	yes	armutsbekämpfung
an	no	anura
an	no	rouncy
ddp	yes	rindvieh
dmc	yes	git
ddp	yes	simpel
cds	no	hack writer
an	no	rappenspalter
cds	no	drückeberger
asm	no	kindskopf
asm	no	bêtise
qas	no	bürgerliche
dmc	yes	sad sack
pr	no	färsenrind
cds	no	heimgehen
om	no	pobacke
ps	yes	mestizin
dmc	yes	pseudo
dmc	yes	banditen
cds	no	bandit
or	no	schwachkopf
dmc	yes	churl
asm	no	erektil
cds	no	trampel
an	no	bos taurus taurus
ddp	yes	barbarisch
pa	yes	beerdigungsunternehmer
svp	no	grimm
dmc	yes	do-nothing
an	no	hohlkopf
an	no	fall guy
cds	no	fanatikerin
pr	no	quatsch
ps	yes	jüdischen gemeinde
cds	no	schmeichler
re	no	raserei
cds	no	narrenfreiheit
qas	no	lüge
re	no	kleiner dieb
cds	no	verräterisch
asf	no	scheidengewölbe
cds	no	hohepriester
ps	yes	kombinationszüchtung
cds	no	bandenkriminalität
cds	no	prälat
asm	no	poppen
dmc	yes	ethische motiv
qas	no	landwirtin
om	no	anomal
cds	no	snob
is	yes	bettler
cds	no	vagabund
ddp	yes	ragtag
cds	no	dogmatik
rci	yes	banausin
cds	no	gesetzesbrecher
ddf	yes	lahm
cds	no	klugscheißer
qas	no	kompradorenbourgeoisie
or	no	solanum tuberosum
or	no	butternut squash
ddp	yes	microcephalus
re	no	sittlichkeitsdelikt
pr	no	braune ratte
om	no	zooerastie
rci	yes	churl
cds	no	proletin
ddp	yes	mentale retardierung
cds	no	know-it-all
cds	no	nymphomanin
cds	no	banause
cds	no	rechtsbrecher
ddp	yes	kamel
ddp	yes	gossiper
or	no	homo
ddp	yes	knucklehead
cds	no	nympho
ddp	yes	mikrocephalie
ddp	yes	kretinismus
is	yes	krämerseele
qas	no	klassischen rhetorik
om	no	pedicatio
an	no	gänse
cds	no	mutt
an	no	ochse
om	no	mesial
cds	no	wheeler dealer
or	no	homophile
qas	no	anstreichermeister
re	no	ganove
re	no	raub
cds	no	spielbank
or	no	votze
re	no	beute
re	no	mörder
asm	no	dämlack
svp	no	rappenspalterin
cds	no	religiöser fundamentalismus
re	no	mafioso
an	no	doofi
re	no	date rape
qas	no	amateurspieler
cds	no	mannschaft
qas	no	großunternehmer
cds	no	frömmler
cds	no	memmenhaftigkeit
cds	no	heftroman
qas	no	baronin
cds	no	die augen für immer schließen
asm	no	einen wegstecken
pa	yes	pyronia tithonus
cds	no	gekritzel
cds	no	schurkischen
qas	no	höhla
cds	no	verachtenswürdig
svp	no	wollust
svp	no	gierig
an	no	insektoid
an	no	bodypacking
re	no	gruppenvergewaltigung
ddp	yes	knallkopf
an	no	geizknochen
qas	no	wahnsinnigen
svp	no	pridefulness
or	no	tüften
re	no	bösewicht
qas	no	schrottplatz
asm	no	schalerbse
pa	yes	portier
asm	no	hahn
cds	no	flegelei
cds	no	dummerchen
an	no	dummbratze
re	no	vergewaltigungen
cds	no	shakkanho
ddp	yes	dummbratze
an	no	megascops
or	no	herdapfel
ps	yes	tropf
an	no	rentboy
ps	yes	vandali
ddf	yes	behinderte menschen
an	no	honk
cds	no	bauarbeiter
cds	no	anspruchsvoll
qas	no	bauernlümmel
an	no	lauskerfe
qas	no	troubler
re	no	dieb
svp	no	pfennigfuchserin
asm	no	vogelpenis
an	no	schakale
dmc	yes	berüchtigt
dmc	yes	banause
qas	no	falschheit
om	no	transvestitismus
dmc	yes	verbrecherin
pa	yes	fischgeschäft
asm	no	ballock
an	no	färsefresser
ps	yes	rindvieh
qas	no	pfusch
dmc	yes	geruchsbeseitigungseinrichtung
dmc	yes	gaunerin
pr	no	bos taurus taurus
cds	no	pedanterie
qas	no	penner
om	no	anale penetration
or	no	fenchelkraut
pr	no	liebesmädchen
ps	yes	darkey
cds	no	barbaren
an	no	geiz
svp	no	hochmut
ps	yes	nigra
qas	no	schrott
cds	no	scharsinnigkeit
cds	no	spatzenhirn
an	no	echte aale
cds	no	hund
is	yes	geiziger
ddp	yes	pudden-kopf
asm	no	anschmieren
pr	no	großes johannisglühwürmchen
pa	yes	extraordinarius
asm	no	englisch bean
is	yes	böser zwilling
svp	no	wollüstig
an	no	bösewichte
an	no	großes johannisglühwürmchen
ddp	yes	ignorieren
asf	no	mädchen
or	no	pingeligkeit
an	no	gattung vipera
ddp	yes	minderbegabung
cds	no	sizilianischen mafia
an	no	gössel
pa	yes	univ.%e2%80%93prof.
an	no	rotbarsch
cds	no	schlaukopf
svp	no	lüstern
dmc	yes	ruchlos
re	no	falschverdächtigung
cds	no	beginen
cds	no	git
cds	no	blackballing
an	no	korintenkacker
pa	yes	schweinemetzger
asm	no	vogelähnlich
cds	no	götze
an	no	Öffentliche prostitution
dmc	yes	trampel
an	no	schweine
re	no	kriminelle aktivitäten
re	no	piratin
re	no	plagiarisation
qas	no	mare nest
qas	no	klöte
cds	no	japanischer faschismus
om	no	fencheltee
re	no	agonie
dmc	yes	verschmutzte
cds	no	wechselbälger
ps	yes	mutationszüchtung
cds	no	kernkriminell
re	no	räuberin
pa	yes	professur
asm	no	ackererbse
an	no	mähre
ddf	yes	körperlich behinderte
ddp	yes	e00
an	no	gattung anguilla
asf	no	magd
ddp	yes	armleuchter
cds	no	viele
pa	yes	sheepherder
cds	no	klatschmaul
dmc	yes	dreckig
cds	no	zelot
svp	no	knickerigkeit
pr	no	rentboy
cds	no	tonnen
qas	no	platine
qas	no	eier
cds	no	streikbrecher
is	yes	marginalisieren
ddp	yes	verwirrtheit
om	no	x-dressing
qas	no	verwirren
cds	no	mischkanalisation
qas	no	hoden
cds	no	groveler
qas	no	ei
ps	yes	negroide
cds	no	gobs
svp	no	stolz
pa	yes	freier
qas	no	business leader
qas	no	konformität
re	no	petit larceny
ddf	yes	blinde
svp	no	raffsucht
re	no	entführungsopfer
ps	yes	negride
an	no	branta bernicla
dmc	yes	krimineller
om	no	männliche sexualität
cds	no	splashiness
ps	yes	drifter
an	no	bellen
cds	no	dünkel
an	no	eurypterida
re	no	mordkommission
ps	yes	mestize
dmc	yes	goof
an	no	mosquitoe
pa	yes	wanderschäfer
cds	no	dirty dog
cds	no	narcism
svp	no	geiz
an	no	mutterschaf
cds	no	roher mensch
an	no	kreatur
ddp	yes	bêtise
qas	no	taikun
dmc	yes	nachgemacht
om	no	gesäss
svp	no	dünkel
qas	no	parasitär
an	no	haifische
qas	no	schwülstigkeit
ddp	yes	narr
cds	no	newsmonger
cds	no	nymphoman
cds	no	looker-on
cds	no	komfort-station
asf	no	kindskopf
re	no	delinquent
pa	yes	professor h. c.
cds	no	rookie
re	no	sexuell missbrauchen
qas	no	positionstrading
ddp	yes	unsinnige
ps	yes	beduinen
cds	no	eroscenter
an	no	strohkopf
an	no	körper reißt
an	no	furor
ps	yes	faschist
an	no	kakerlake
pr	no	buncombe
ddf	yes	blind
pa	yes	berufstitel professor
asm	no	wichsen
cds	no	taschenheft
svp	no	pfennigklauberin
ps	yes	teufelswild
cds	no	musterknabe
cds	no	sexabhängigkeit
an	no	callboy
qas	no	konform
qas	no	wortgewalt
an	no	gattung pipistrellus
asf	no	lunkhead
pa	yes	schafhirt
dmc	yes	parias
asm	no	avafauna
dmc	yes	pseudo-
re	no	beraubt
pr	no	jungvieh
an	no	hausrind
an	no	rottgans
om	no	ipsilateralen
cds	no	egoistisch
ddp	yes	plebejerin
cds	no	strohkopf
ddf	yes	verächtlich
qas	no	unternehmerin
qas	no	merzvieh
svp	no	gefräßig
rci	yes	banause
cds	no	banausin
ps	yes	bulgarisches volk
om	no	volar
asf	no	schambehaarung
ddp	yes	verleumder
an	no	superschurke
re	no	terrorist
pa	yes	anwalt
qas	no	mittelklasse
ps	yes	hybridzüchtung
or	no	schwuchtel
re	no	langfinger
an	no	schlechter mensch
cds	no	sammelsurium
cds	no	mystifikator
ddp	yes	döskopp
asm	no	verzögern
ddp	yes	wechselbälger
cds	no	narzissmus
dmc	yes	kriminelle
ddp	yes	zierbau
an	no	schlappschwanz
asm	no	schwachkopf
ddp	yes	honk
an	no	doggie
dmc	yes	fetor
ddp	yes	spatzenhirn
asm	no	cazzone
cds	no	über die klinge springen
re	no	schwindlerin
asm	no	nooky
cds	no	pädagoge
ps	yes	hebraismus
cds	no	routiers
om	no	homosexuell männer
qas	no	patzer
cds	no	meckerfritze
om	no	sex mit tieren
dmc	yes	clown
ps	yes	menggu
re	no	Übersetzungsplagiat
ps	yes	vollhonk
an	no	salientian
asf	no	tölpel
cds	no	außerehelich
cds	no	feigling
an	no	carcharodon
svp	no	superbia
cds	no	paparazzo
cds	no	langfinger
cds	no	dandys
is	yes	geizige
an	no	bangbüxe
or	no	krumbiir
qas	no	schnitzer
dmc	yes	moral
re	no	malversation
cds	no	armleuchter
pr	no	echtes hausrind
ps	yes	krauthead
qas	no	schnüffeln
ps	yes	romani
cds	no	hektische
cds	no	ausschuß
cds	no	diebstahl
re	no	juvenile delinquent
cds	no	bauerntölpel
an	no	ovis armeniana
pa	yes	professuren
pr	no	courtisan
ddp	yes	analphabetisch
cds	no	wichtigtuerei
svp	no	harpagon
svp	no	neidfaktor
ddp	yes	schwachsinniger
dmc	yes	verstellung
pr	no	straßenmädchen
an	no	hundekrankheiten
pa	yes	comptroller
cds	no	bastardisierung
ddp	yes	pfuscherin
cds	no	moralistisch
an	no	langweiler
an	no	knauserei
cds	no	hosenscheißer
cds	no	drunter turvyness
dmc	yes	sittenlehre
or	no	stupe
cds	no	religiösen fundamentalismus
cds	no	zurrgurte
cds	no	täter
cds	no	scharfsinn
qas	no	prolet
or	no	rübe
cds	no	schafskopf
an	no	papageien
ddp	yes	analphabet
cds	no	interspezifische hybride
asm	no	hodenverletzung
cds	no	grobian
an	no	tierleben
asm	no	dummbratze
ddp	yes	animiert ist
an	no	batrachian
an	no	weiße hai
cds	no	apple polierer
pa	yes	strafverteidiger
cds	no	szientismus
cds	no	führer
asf	no	verzögern
dmc	yes	bumbler
cds	no	Übermut
asm	no	penisschaft
ddp	yes	doofkopf
dmc	yes	narrenfreiheit
cds	no	fundamentalist
re	no	sexuelle übergriffe
or	no	rübsen
an	no	hausrinder
cds	no	illegalen aktivitäten
pa	yes	vertretungsprofessur
an	no	schickse
ddp	yes	wassertiere
an	no	geizig
cds	no	soft-touch-
om	no	lady
ddp	yes	narrheit
qas	no	ladenbesitzer
an	no	holzkopf
dmc	yes	hund
qas	no	blooper
cds	no	scum bag
an	no	ovis aries
pa	yes	fahrkartenverkäufer
cds	no	schlingen
om	no	kontralateral
rci	yes	barbarisch
svp	no	habsucht
qas	no	ideologen
asm	no	testikel
or	no	fott
cds	no	ingroup
pr	no	dirne
qas	no	kasten
pr	no	stricherin
cds	no	abort
dmc	yes	juvenile delinquent
dmc	yes	schlecht
cds	no	'ndrangheta
cds	no	kleiner dieb
an	no	großschnegel
ddp	yes	narren
an	no	amerikanischer bison
an	no	ovine
ps	yes	rasse
ps	yes	asiatische rasse
is	yes	tatterdemalion
om	no	shirtlifter
an	no	hausesel
svp	no	tanhā
re	no	hereinlegen
cds	no	angstmeier
svp	no	gehässig
asm	no	braun
dmc	yes	schuft
om	no	antegrad
or	no	hirni
dmc	yes	angeber
an	no	dummkopf
om	no	kaudoventral
om	no	approximal
qas	no	agrarier
pr	no	callgirl
re	no	verurteilter schwerverbrecher
qas	no	schnüffler
or	no	tropf
or	no	hornochse
an	no	angsthase
qas	no	markt keeper
pa	yes	banausin
cds	no	puff
dmc	yes	boshaftigkeit
re	no	raubmörder
re	no	belästigt
qas	no	granger
pr	no	männliche prostitution
cds	no	grunge
asm	no	wichser
cds	no	conspiracism
qas	no	mob
cds	no	weisenheimer
or	no	homosexueller
dmc	yes	outlawry
dmc	yes	prolet
om	no	weiblichen imitator
an	no	bêtise
qas	no	gemein
pa	yes	prof
cds	no	filmschurke
an	no	cimex lectularius
cds	no	hybridsorte
cds	no	szientizismus
re	no	mißhandlungen
cds	no	alte maße und gewichte in japan
an	no	hosenscheißer
cds	no	schmierer
pr	no	sexuelle dienstleistung
cds	no	unheil
svp	no	todsünde
cds	no	transformismo
cds	no	kleinkriminalität
svp	no	unzucht
cds	no	wichser
ps	yes	tor
cds	no	egghead
svp	no	zachheit
an	no	blutsauger
or	no	cucurbita maxima
an	no	gemeinheit
qas	no	blooper rolle
pr	no	höfling
om	no	anterograd
cds	no	armreliquiar
cds	no	racketeer
cds	no	korrupt
an	no	junge gans
asm	no	leichtgläubigkeit
svp	no	kampfbegierig
re	no	capturer
ddp	yes	microcephalic
ddp	yes	urinprophet
ddp	yes	analphabetenquote
an	no	rounsey
dmc	yes	fälschungen
dmc	yes	verächtlich
cds	no	pedantisch
dmc	yes	Überläufer
an	no	klepper
re	no	kapitalverbrechen
dmc	yes	barbarisch
svp	no	knauser
qas	no	barón
pa	yes	akademiker
an	no	freudenmädchen
dmc	yes	schwindlerin
pa	yes	banause
cds	no	petze
cds	no	schussel
an	no	hemipteron
svp	no	verdrießlich
cds	no	rechtswidrig
cds	no	immoralismus
pa	yes	fischhändlerin
an	no	unerbittlichkeit
or	no	spud
cds	no	jalopy
dmc	yes	verboten
qas	no	feudal
asm	no	foul
cds	no	schwerstkriminalität
an	no	weichtiere
qas	no	akoluth
cds	no	verschlingen
ddp	yes	dussel
asm	no	penis der vögel
asm	no	leimen
an	no	ignorant
dmc	yes	fakeaccount
cds	no	arroganz
ddp	yes	quatsch
svp	no	wut
svp	no	völlerei
re	no	verbrecher
om	no	allerwertester
or	no	kartoffeln
an	no	schweinerei
cds	no	motley fool
om	no	eonismus
or	no	armen fische
cds	no	selbstüberschätzung
or	no	tor
ddp	yes	geistig behindert
an	no	insekten
re	no	viehdieb
ps	yes	afrikanisches haar
cds	no	wuss
ddp	yes	hokum
svp	no	scheinheiligkeit
cds	no	den löffel abgeben
asf	no	einfaltspinsel
an	no	kleinstlebewesen
dmc	yes	scum bag
an	no	um crocodylia
cds	no	beguinen
asf	no	kretin
om	no	meine dame
an	no	ziegenweibchen
an	no	raserei
cds	no	hybridart
om	no	glutealregion
an	no	phtiraptera
cds	no	waschraum
qas	no	landwirt
dmc	yes	drifter
an	no	hahnenschrei
asf	no	schwachmat
or	no	gemüse-kohl
om	no	sitzfleisch
asf	no	tor
svp	no	gourmandizer
re	no	leimen
dmc	yes	vielfraß
svp	no	boshaft
re	no	entführen
is	yes	geizig
an	no	leichendiebstahl
cds	no	haufen
an	no	prostituierte
svp	no	peccatum mortiferum
re	no	folterer
re	no	erpresst
or	no	dummerchen
an	no	riesenskorpione
qas	no	anstreicher
qas	no	larmoyant
om	no	cervikal
an	no	familie crocodylidae
an	no	lunkhead
cds	no	faschistische symbole
an	no	hausziege
cds	no	einbildung
an	no	miete jungen
pr	no	sterke
cds	no	selbst-liebe
cds	no	steinmetz
an	no	motte
cds	no	brigant
ddp	yes	motherfucker
an	no	sittiche
svp	no	sinnlosigkeit
asm	no	austricksen
cds	no	instruktor
is	yes	bedürftigkeit
dmc	yes	frömmeln
cds	no	schule
an	no	faulpelz
cds	no	dandysmus
is	yes	bitten
svp	no	knickstiebel
om	no	gnädige frau
ps	yes	jüdische religion
cds	no	scads
an	no	straßendirne
cds	no	paparazza
ddp	yes	pille-palle
qas	no	bauern
cds	no	sexbesessenheit
ddp	yes	brutalität
asm	no	ithyphallischen
dmc	yes	slackers
ddf	yes	ruchlos
cds	no	groschenheft
cds	no	gesetzlose
dmc	yes	filmschurke
qas	no	geschäftsleute
dmc	yes	trifler
an	no	hirudinean
cds	no	melange
ddp	yes	sündenbock
re	no	stealer
re	no	ermordung
svp	no	sehnsucht
cds	no	popanz
ddp	yes	fall guy
asf	no	dummkopf
dmc	yes	ächten
cds	no	verbrechen herr
an	no	hausschwein
or	no	schwuler
cds	no	blooper
re	no	folter
ddf	yes	bucklige
cds	no	gerissen
asm	no	kretin
cds	no	säuglinge
ddp	yes	analphabetismus
ddp	yes	gesindel
cds	no	ranzig
svp	no	rage
rci	yes	barbaren
an	no	eurypteriden
re	no	ecclesia vivit lege romana
cds	no	outlaw
om	no	hinterende
asm	no	bräune
qas	no	deliriös
re	no	piraterie
ddp	yes	geistige retardierung
asm	no	markerbse
asm	no	teil
dmc	yes	sau
cds	no	prolet
dmc	yes	clownerie
or	no	kohlgemüse
qas	no	dörflerin
dmc	yes	unglückliche person
an	no	frösche
om	no	homosexualität
re	no	sexueller missbrauch von jugendlichen
an	no	abhörwanze
ps	yes	jüdischen religion
asf	no	blödmann
dmc	yes	heuchlerisch
re	no	entführungen
cds	no	hypersexuelle
qas	no	tycoon
om	no	homotrop
cds	no	mason
ps	yes	lakringen
ps	yes	sündenbock
asf	no	pussy
cds	no	zeloten
ddp	yes	scharlatanerie
dmc	yes	scheinheilig
asf	no	fott
dmc	yes	bandit
ps	yes	mobile ethnische minderheit
cds	no	schiefe bahn
an	no	folderol
re	no	ungestüm
ddp	yes	närrisch
an	no	ziegen
dmc	yes	filmfehler
svp	no	dallier
pa	yes	gepäckträger
an	no	schwachmat
svp	no	7 hauptsünden
cds	no	beschaffung
ddp	yes	nanocephaly
qas	no	pointler
dmc	yes	superschurke
an	no	vipera berus
pa	yes	kontoristin
an	no	großer leuchtkäfer
cds	no	jede menge
ddp	yes	unsinnigkeit
svp	no	aggressiv
pa	yes	fischweib
cds	no	casino
pa	yes	jesuit
qas	no	bürgertum
re	no	ächten
ddp	yes	trottel
or	no	blödian
an	no	niete
qas	no	stahlschrott
ps	yes	darky
re	no	raptio
ddp	yes	epifaunal
an	no	kuh
re	no	unzucht mit minderjährigen
an	no	bestialität
an	no	tierfortpflanzung
an	no	mücken
re	no	marter
om	no	pederastic
cds	no	pöbel
pa	yes	pikkolo
an	no	poulet
cds	no	kaffer
om	no	mesiooral
ps	yes	hybridart
an	no	aale
re	no	böser zwilling
is	yes	parias
an	no	hauswanze
ddp	yes	charlatan
an	no	hauswolf
re	no	ausgeraubt
qas	no	besitzbürgertum
asm	no	rollen im heu
om	no	nance
an	no	haushuhn
om	no	knabenliebe
ps	yes	viktofalen
or	no	dumpfbacke
cds	no	banditen
asm	no	erbse
pa	yes	pleader
asm	no	in die kiste springen
cds	no	klugschnacker
an	no	fettsack
cds	no	götzendiener
cds	no	hasenherz
cds	no	'o sistema
asf	no	rock
an	no	rosinante
qas	no	barone
ps	yes	fuchsteufelswild
om	no	podex
ps	yes	neger
cds	no	gauner
dmc	yes	nachzügler
cds	no	pandar
cds	no	hypersexualität
cds	no	gangstertum
cds	no	räuberin
svp	no	nichtsnutz
cds	no	straßengang
svp	no	fresssucht
om	no	okzipital
an	no	madenteppich
pa	yes	nichtselbständige arbeit
or	no	klippenkohl
re	no	sexuell missbraucht
an	no	white shark
qas	no	schussel
cds	no	streikbruch
or	no	weißkraut
pa	yes	hotelpage
cds	no	frömmeln
ddp	yes	dumm
dmc	yes	yetzer hara
cds	no	perspicaciousness
cds	no	moralismus
svp	no	apathisch
asm	no	pfahl
re	no	kidnaper
cds	no	freimaurersymbole
is	yes	rappenspalterin
ddp	yes	gaffen
pr	no	lampyris noctiluca
om	no	dorsal
ps	yes	schwarz
cds	no	schwein
ddp	yes	microcephalie
asm	no	Ömmes
cds	no	tennō-faschismus
asm	no	honk
asm	no	vogelwelt
qas	no	baracke
qas	no	pate
is	yes	geiz
svp	no	selbstüberschätzung
an	no	frau chaser
asm	no	hochnehmen
an	no	hundeschnauze
an	no	saphead
ps	yes	faschistin
an	no	echte gänse
qas	no	altardiener
om	no	schwulenszene
an	no	bufo bufo
re	no	neonatizid
ddp	yes	verräterisch
an	no	sündenbock
or	no	knucklehead
svp	no	gut-für-umsonst
an	no	süßwasseraale
an	no	runtzid
cds	no	stricher
svp	no	tightfistedness
cds	no	nörgler
asf	no	pflaume
om	no	hinterbacke
ddp	yes	hohlkopf
cds	no	papier-drücker
svp	no	angriness
om	no	sodomit
pa	yes	erfolgshonorar
asm	no	mondkalb
svp	no	eros
cds	no	entschlafen
an	no	bullenfresser
qas	no	maler und anstreicher
svp	no	lust
asm	no	nageln
dmc	yes	säumig
ps	yes	schwarze frauen
om	no	schwul
an	no	haushund
an	no	canis aureus
dmc	yes	affenführer
an	no	döskopp
or	no	einfaltspinsel
pa	yes	hoteljunge
pa	yes	mitarbeiter
ddf	yes	mobilität
an	no	gans
an	no	bufo bufo-komplex
or	no	nick jr.
cds	no	polizist
asf	no	mondkalb
pr	no	großbordell
cds	no	gesetzwidrigkeit
dmc	yes	engherzig
cds	no	jammerer
re	no	diebe
cds	no	säugling
an	no	vogel der nacht
asm	no	leichtgläubiges opfer
re	no	erpressung
svp	no	luxuria
asm	no	schwachmat
cds	no	hauteur
an	no	armleuchter
an	no	made
or	no	spatzenhirn
om	no	homosexuell männlichen
pr	no	wanderratte
pr	no	strichjunge
om	no	paederast
asm	no	selbstbefriedigung
dmc	yes	halbe portion
om	no	päderastie
cds	no	faschismus
cds	no	larceny
an	no	abendstrich
re	no	falschanzeige
asf	no	hornochse
cds	no	hinterlist
cds	no	posse
qas	no	industrieller
qas	no	preisgabe
asf	no	folderol
cds	no	sippschaft
re	no	folterkammer
pr	no	rind
asm	no	doofkopf
ps	yes	kretin
ddf	yes	abscheulich
asm	no	bügeln
is	yes	knorzer
dmc	yes	prasser
om	no	gegengeschlechtliche bekleidung
an	no	mollusca
cds	no	dude
qas	no	cojones
cds	no	jokester
cds	no	clans
ps	yes	untergrundwirtschaft
ddp	yes	nonsens
cds	no	hoaxer
ddp	yes	hurensohn
cds	no	abnippeln
an	no	humanus
dmc	yes	lingerer
pr	no	prostituierter
re	no	terrorakt
dmc	yes	lowlife
asf	no	fornix vaginae
dmc	yes	proletin
dmc	yes	verachtenswürdig
re	no	'o sistema
cds	no	begharden
cds	no	romanheft
re	no	sexueller missbrauch unter ausnutzung einer amtsstellung
ddp	yes	holzkopf
pa	yes	grobian
om	no	hinten
asm	no	es treiben
an	no	gewöhnliche weinbergschnecke
cds	no	draufgehen
asf	no	vollhonk
pa	yes	arbeitskräfte
or	no	salatgurke
ddf	yes	behinderte
an	no	zwergin
qas	no	pacht
an	no	schwächling
cds	no	flachwichser
ddp	yes	grobian
svp	no	bigoterie
cds	no	konspirationstheorie
asf	no	niete
cds	no	abtritt
dmc	yes	homunculus
cds	no	verfolger
an	no	sea scorpion
an	no	geschäftemacher
cds	no	patzer
pa	yes	pompfüneberer
an	no	dirne
cds	no	sackgasse
svp	no	geizknochen
an	no	athene noctua
an	no	leichtes mädchen
an	no	muschel
ps	yes	jigaboo
qas	no	lumber baron
asm	no	spötteln
an	no	american buffalo
dmc	yes	verbrecher
cds	no	gesetzwidrig
pa	yes	mitarbeitender
ps	yes	mongolide
asm	no	sich der schönsten nebensache der welt widmen
or	no	narr
pa	yes	rotbraunes ochsenauge
ps	yes	mongolische rasse
cds	no	narzisstische
cds	no	oberflächlichkeit
cds	no	lude
svp	no	klassenneid
re	no	bewaffneten räuber
asm	no	simpel
re	no	sexueller mißbrauch von jugendlichen
qas	no	knecht
dmc	yes	landstreicherin
pr	no	Ökoschlampe
an	no	sau
cds	no	ächten
ps	yes	judentums
svp	no	gelddurstig
svp	no	frömmeln
cds	no	götzenbild
pa	yes	vertretungsprofessor
an	no	kerf
ddp	yes	doofus
qas	no	eigenkätner
svp	no	knauserei
asm	no	sündenbock
ddf	yes	crookback
cds	no	nerdy
qas	no	banause
asm	no	schwachsinniger
re	no	bescheißen
re	no	säuglingstötung
ps	yes	mongolid
cds	no	gigolo
asf	no	vollpfosten
cds	no	masonicum
pa	yes	korporal
re	no	verbrecherin
dmc	yes	schwerverbrecher
qas	no	rhetor
cds	no	fressen
an	no	mutterziege
ddp	yes	scharlatan
ps	yes	stiesel
cds	no	idolatrie
cds	no	finagler
re	no	rechts-breaking
re	no	banditen
ddp	yes	unsinn
om	no	transvestismus
cds	no	neugeborenen
cds	no	truckler
cds	no	idiotin
asm	no	eier
ddp	yes	wechselbalg
cds	no	beängstigter
an	no	abhörgerät
asm	no	wechselbälger
qas	no	dog house
dmc	yes	vortäuschung
ps	yes	nazi
re	no	schmutziges geld
an	no	wuss
dmc	yes	schnittfester mozzarella
is	yes	unfroh
pr	no	gunstgewerbe
cds	no	unwahrheit
asm	no	vollpfosten
ddp	yes	tierleben
ps	yes	schattenökonomie
qas	no	baronat
an	no	eurypterid
or	no	niete
svp	no	furor
cds	no	phratrie
cds	no	völklein
svp	no	groll
ddp	yes	verräter
ddp	yes	verrückt
cds	no	parvenü
qas	no	ideologe
asm	no	spatzenhirn
svp	no	invidia
is	yes	mittellos
or	no	gemüsekohl
ps	yes	judaismus
an	no	roncin
cds	no	mafia-boss
cds	no	faulenzer
cds	no	intrigant
qas	no	rhetorik
svp	no	überernährung
an	no	grautier
cds	no	streber
an	no	schurke
cds	no	reliquien
svp	no	drückeberger
ps	yes	latino
qas	no	züchterin
dmc	yes	trickster gott
or	no	bramburi
cds	no	belastungen
re	no	sexueller missbrauch
ddp	yes	schwachmat
cds	no	stammes-leute
qas	no	bödner
asm	no	fabaciae virides
ps	yes	schafskopf
asm	no	düpieren
asm	no	rotbraun
cds	no	dweeb
dmc	yes	sekunden-rater
ddp	yes	oligophren
ps	yes	zerstörer
cds	no	lehrmittel
cds	no	penman
pa	yes	plebejerin
ps	yes	bauernlümmel
asm	no	klöte
asm	no	faberbohne
cds	no	abfall
pr	no	großes glühwürmchen
cds	no	engstirnigkeit
cds	no	dösig
cds	no	masse
cds	no	fürsprecher
asm	no	vögeln
qas	no	reste
ddp	yes	saphead
or	no	speisekartoffel
cds	no	iason chronis
cds	no	fop
qas	no	epiorchium
cds	no	diebe
cds	no	vollkaufmann
om	no	edelfrau
ddp	yes	lunkhead
cds	no	italienischen mafia
asm	no	bescheißen
qas	no	schlotbaron
qas	no	gewohnt
pr	no	fugenjunge
ps	yes	schwarzen mann
an	no	knorzer
cds	no	religiös
an	no	inexorability
re	no	entführt
pr	no	konkubinen
an	no	bangbüx
cds	no	toilette
re	no	falsche anschuldigungen
an	no	schnecken
an	no	geiziger
re	no	betrügen
an	no	geizkragen
an	no	ziegenmännchen
pa	yes	ordentlicher professor
re	no	hochnehmen
cds	no	listig
an	no	nordamerikanischer bison
re	no	drangheta
is	yes	bettelknabe
qas	no	haus maler
cds	no	sonny boy
an	no	brutalität
pa	yes	dozent
or	no	rindvieh
ps	yes	ioudaismos
asm	no	hohlkopf
re	no	italienischen mafia
re	no	übervorteilen
cds	no	verscheiden
pr	no	schlacke
an	no	färsenrind
om	no	warmer bruder
svp	no	cheapskate
re	no	sexuelle vergehen
cds	no	spaten
ddp	yes	taleteller
cds	no	blaustrumpf
asm	no	kamel
an	no	regnum animale
an	no	erdkröte
qas	no	unruhestifter
cds	no	scharfsinning
an	no	gelse
or	no	erdapfel
re	no	düpieren
cds	no	klönen
an	no	roter trommler
om	no	vestibulär
cds	no	handeln
is	yes	arme menschen
ddp	yes	verzögern
om	no	homosexuelle
cds	no	straßenkriminalität
ps	yes	israelitischen
pa	yes	kollegium
ps	yes	ethnie
cds	no	massenkriminalität
re	no	sexgangster
an	no	familiaris
cds	no	quengler
ps	yes	lümmel
cds	no	menschengewühl
cds	no	gouvernante
an	no	waldbison
svp	no	maßlosigkeit
dmc	yes	wilder
cds	no	verarbeiter
an	no	bufo
is	yes	paria
ddp	yes	kokolores
om	no	adelige
re	no	bandit
ps	yes	mongolischen
an	no	schweinchen
cds	no	weichling
cds	no	öffentliche toilette
an	no	infauna
cds	no	problem
qas	no	mittelalterlich
cds	no	zuschauerin
pa	yes	proletin
re	no	straffälliger
ps	yes	mondkalb
qas	no	hundehütte
ddp	yes	zooerasty
asm	no	erbsen
cds	no	familie
om	no	transvestitin
cds	no	in die ewigen jagdgründe eingehen
svp	no	unbehagen
or	no	blödmann
om	no	gayness
ps	yes	jüdischen tradition
cds	no	fuchs
asm	no	hellbraun
ps	yes	hybridsaatgut
an	no	memme
svp	no	hauteur
an	no	kindskopf
svp	no	apathie
re	no	totschlag
om	no	contralateral
pr	no	liebesdienerin
or	no	finocchio
pa	yes	lehrstuhl
cds	no	rotter
cds	no	newswriter
an	no	menschenfresser
an	no	familie cimicidae
an	no	stechmücke
pa	yes	minister
ps	yes	zulu
dmc	yes	lügen
qas	no	baroqueness
an	no	spatzenhirn
pa	yes	akademikerin
asf	no	twat
pa	yes	außerplanmäßiger professor
qas	no	maler und lackierer
an	no	canis familiaris
ddp	yes	kreatur
qas	no	parasit
an	no	weichling
re	no	diffamation
dmc	yes	barbar
cds	no	parvenu
svp	no	rachsüchtig
ddp	yes	imbezillität
ps	yes	schwarzer mann
is	yes	pauper
cds	no	bangbüx
is	yes	knickerigkeit
or	no	tater
qas	no	mittelschicht
om	no	crossdresser
ps	yes	gaskognisch
dmc	yes	foetor
qas	no	märzvieh
cds	no	postwurfsendungen
ps	yes	doofkopf
cds	no	poltroonery
an	no	gaul
cds	no	fundamentalistische bewegung
svp	no	abulie
cds	no	schergen
an	no	metazoen
cds	no	tribesman
qas	no	jati
an	no	bestie
qas	no	feldhand
re	no	verleumdung
cds	no	plebejerin
qas	no	landstreicherin
cds	no	idiot
re	no	debaucher
om	no	cross-dresser
cds	no	fundamentalistischen
pr	no	abendstrich
re	no	bombenattentat
ddp	yes	bauernlümmel
an	no	kokette
pa	yes	schuster
re	no	falsche verdächtigung
qas	no	testis
ps	yes	pflanzenzucht
cds	no	alteisen
pr	no	hurer
asm	no	gimpel
dmc	yes	dillydallier
cds	no	kuppler
asm	no	dumm
re	no	racketeer
qas	no	monger
ps	yes	ruiner
asm	no	kastanienbraun
cds	no	japanische volumenmaße
asm	no	fava
cds	no	maklerverkauf
ddp	yes	griesgram
cds	no	protagonism
re	no	stark
ps	yes	dummbratze
cds	no	kreditwucher
an	no	anuran
qas	no	innenschmarotzer
cds	no	wichsen
dmc	yes	böses
qas	no	tagalong
pr	no	luder
asm	no	mediastinum testis
an	no	pediculus humanus
dmc	yes	drückeberger
ddf	yes	beeinträchtigung
svp	no	taugenichts
cds	no	säumig
svp	no	sauer
an	no	gelbaal
pa	yes	controller
is	yes	villainess
pa	yes	ausserordentlicher professor
an	no	hasenherz
is	yes	habenichts
cds	no	faulenzerin
pr	no	geliebte
or	no	hohlkopf
an	no	kupferotter
an	no	tor
pa	yes	assistant professor
pr	no	ochsen
an	no	hoax
qas	no	ausmerzung
svp	no	geizige
om	no	analfick
cds	no	wilder
re	no	verleumdung des charakters
qas	no	gesindel
an	no	wegschnecken
an	no	luder
an	no	doofkopf
ps	yes	ethischer monotheismus
om	no	tush
qas	no	eizelle
or	no	tartuffel
cds	no	Öffentliche toilette
qas	no	farmerin
ps	yes	artbastard
dmc	yes	plebejer
cds	no	schwachkopf
om	no	anal sex
an	no	körperschmuggel
an	no	schurkischen
asf	no	trottel
an	no	zooerasty
svp	no	schwere sünde
svp	no	stillstand
cds	no	überheblich
re	no	misshandlungen
an	no	schluffi
qas	no	barbarisch
ps	yes	idiotin
cds	no	schaulustiger
pr	no	call-girl
re	no	piratenangriff
qas	no	durcheinander
ps	yes	simpel
cds	no	teufel
qas	no	bürgerlichen gesellschaft
om	no	fenchel
pa	yes	pförtner
or	no	fotze
cds	no	faschist
cds	no	freimaurerei
cds	no	eskapade
an	no	sitzen lassen
cds	no	mondkalb
cds	no	schwierigkeit
re	no	sexuelle ausbeutung
ddp	yes	dösig
dmc	yes	mozzarella
dmc	yes	das böse
asm	no	trottel
qas	no	geschäftsfrau
re	no	delikt
ps	yes	blödian
cds	no	schelm
cds	no	flunkerer
cds	no	flub
is	yes	schurkischen
pr	no	straßendirne
cds	no	justizvollzugsanstalt offizier
pa	yes	schäferei
pa	yes	forschungs-professor
re	no	folterinstrument
or	no	gemüsefenchel
cds	no	sassing
ddp	yes	esel
re	no	plagiat
re	no	kindesmord
pr	no	rattus norwegicus
re	no	larceny
asm	no	verdammt
ddp	yes	tiere
an	no	froschlurche
qas	no	kerl
cds	no	merzung
cds	no	gesetzloser
cds	no	ablehnen
asm	no	hode
re	no	terroristin
pr	no	flittchens
re	no	sexualstraftat führen
ps	yes	f1-hybrid
an	no	wurm
ps	yes	judentum
re	no	schwerverbrechen
qas	no	starlet
an	no	schlange im gras
cds	no	stammesgesellschaften
ps	yes	race
ps	yes	schwarze
re	no	sexualdelikt
cds	no	delinquent
svp	no	ärgert
cds	no	amour propre
svp	no	unangenehm
ps	yes	turkomongolen
an	no	liebesdienerin
an	no	helminthen
ps	yes	krauts
qas	no	dispositio
cds	no	kessel der fische
cds	no	intrigieren
cds	no	krepieren
cds	no	verstoß
dmc	yes	dallier
cds	no	beguine
qas	no	bleigewicht
cds	no	ausschuss
an	no	wisent
rci	yes	bauer
om	no	not-homosexualität
cds	no	prankishness
an	no	weißer esel
qas	no	mischung
cds	no	scharfmacher
pa	yes	college-professor
cds	no	journalist
cds	no	furchtsam
ddf	yes	menschen mit behinderungen
svp	no	untätigkeit
cds	no	marotte
re	no	sexualstraftaten
asm	no	pimmel
an	no	moo-cow
dmc	yes	unanständig
svp	no	geldgier
cds	no	bandenkrieg
ps	yes	künstlichen hybrid
om	no	paramedian
cds	no	cockup
an	no	diddley
an	no	ragtag
asm	no	saubohne
cds	no	kriminalitätsbekämpfung
qas	no	ackerbauer
re	no	zu erpressen
cds	no	promenadenmischung
ddp	yes	bestialisch
asm	no	saubohnen
ddp	yes	doof
svp	no	faulenzer
cds	no	zuhälterei
ps	yes	barbarischen
an	no	verdeckte abhörgerät
pa	yes	hirt
cds	no	vaunter
om	no	mond
qas	no	roher mensch
cds	no	baby
cds	no	partei
ddp	yes	low-level-epifauna
is	yes	außenseiter
cds	no	altmetall
om	no	homolateral
svp	no	wütend
dmc	yes	verbringen-all
om	no	homophile
asf	no	lustgrotte
ps	yes	zigeunerhauptmann
an	no	sus domesticus
svp	no	aufgebracht
re	no	grifter
asm	no	futtererbse
qas	no	cull
svp	no	begierig
asm	no	flachwichser
re	no	tötungsdelikte
qas	no	ragtag und bobtail
ps	yes	mongɣul
dmc	yes	slacker
dmc	yes	falschheit
an	no	blattodea
an	no	slovenly person
cds	no	nurseling
asf	no	schamhaare
dmc	yes	faultier
cds	no	eigenliebe
qas	no	fumbler
cds	no	fascho
om	no	homosexualistinnen
cds	no	verboten
cds	no	cliquen
qas	no	hausmüll
cds	no	zuschauer
om	no	ventrolateral
cds	no	parvenüs
re	no	gesetzeswidrigkeit
an	no	bison bonasus
qas	no	reeder
cds	no	balladeer
dmc	yes	bösewicht
pa	yes	buchhalter
ddp	yes	makrofauna
cds	no	entwässerungsanlage
dmc	yes	soziale lüge
pa	yes	schreiber
an	no	strix varia
cds	no	road agent
an	no	körper laus
an	no	wegschnecke
cds	no	dämlack
pr	no	zicke
qas	no	haushaltung
cds	no	faultier
cds	no	bagnio
pr	no	norwegen ratte
an	no	escargot
an	no	straßenstrich
ddf	yes	menschen mit behinderung
asm	no	handjob
svp	no	aufbrausend
cds	no	gangmitglied
cds	no	dummkopf
qas	no	bollocks
cds	no	faulpelz
or	no	weisskohl
re	no	grand larceny
cds	no	gangkultur
an	no	tierläuse
an	no	body snatchers
re	no	terror von links
ddf	yes	hässlich
pa	yes	diplomatischen rang
svp	no	Ärger
ddp	yes	animalia
qas	no	plebejerin
cds	no	kamel
re	no	vergewaltigung im krieg
an	no	falsistrellus
cds	no	feigherzigkeit
asm	no	breitspektrum-bohne
or	no	spaten
svp	no	selbstverliebtheit
qas	no	bauernjunge
om	no	peeress
ddp	yes	gimpel
svp	no	gelüst
om	no	homosexualisten
asm	no	pipimann
an	no	internet-hoax
an	no	schaf
an	no	kaninchen
qas	no	maler
an	no	nanus
cds	no	kasino
om	no	gesäßmuskel
om	no	drag-queen
cds	no	verschwörungstheoretiker
cds	no	raubritter
om	no	analverkehr
svp	no	tanha
svp	no	bigotterie
an	no	maultier
cds	no	öffentliche toiletten
re	no	kriminellen aktivitäten
an	no	diddly-squat
pa	yes	hilfsprofessor
asm	no	hähnchen
dmc	yes	dirty dog
an	no	nachtschmetterling
qas	no	pflücken
qas	no	flub
cds	no	culchie
qas	no	unordnung
qas	no	bürgerlichen
qas	no	hausarbeit
qas	no	maler und dekorateur
cds	no	kritzeln
om	no	anterior
cds	no	narren
or	no	dumme person
ps	yes	arthybride
or	no	cucumis sativus
an	no	fettwanst
cds	no	ganove
cds	no	märzvieh
an	no	gänschen
om	no	homosexuell mann
cds	no	sinnlos
an	no	beistellziege
is	yes	marginalisierung
om	no	travestie
ps	yes	rommany
an	no	pfennigfuchser
ddp	yes	gerüchtemacher
an	no	zecke
cds	no	gesindel
cds	no	faschistischen
qas	no	ovum
an	no	psittaciformes
svp	no	hauptsünde
cds	no	narzisstisch
an	no	färsenfresser
an	no	helminthologie
cds	no	wicht
asm	no	motherfucker
re	no	überfallen
an	no	galtvieh
re	no	gesetzwidrigkeit
cds	no	aasgeruch
dmc	yes	schändlich
an	no	otus asio
asm	no	phallos
om	no	anatomische lage- und richtungsbezeichnungen
pa	yes	außerordentlicher professor
pa	yes	schuhmacher
svp	no	empört
cds	no	ins gras beißen
re	no	mord ersten grades
cds	no	fall guy
cds	no	babys
or	no	doofkopf
cds	no	delikt
an	no	gänseküken
pa	yes	ticket-agent
ddp	yes	depp
asm	no	foulspiel
cds	no	Überheblichkeit
cds	no	shakkanhō
re	no	menschenraub
an	no	hinds cave-fragment
pa	yes	barbar
dmc	yes	fahnenflüchtiger
qas	no	hubertushund
cds	no	moralisieren
svp	no	ungehalten
ddp	yes	naiv
ps	yes	grobian
cds	no	grand larceny
pa	yes	fischverkäufer
cds	no	superschurke
or	no	trottel
asm	no	pimpern
an	no	inländischen ass
ps	yes	bulgaren
asf	no	fotze
pr	no	hurerei
an	no	barbarei
an	no	mikroben
an	no	ziegenartige
is	yes	unglücklich
asf	no	doofkopf
cds	no	kleinmut
an	no	sus scrofa domestica
an	no	färse
re	no	gang rape
qas	no	top-manager
ddp	yes	tor
re	no	gesetzloser
an	no	drachenköpfe
or	no	schwule
asm	no	kaffeefarben
re	no	lausbub
qas	no	stationärer parasitismus
dmc	yes	moralischen
an	no	nutte
an	no	kaiman
or	no	riesenkürbis
an	no	schabe
an	no	schäkerin
svp	no	Überflüssigkeit
pr	no	rindvieh
rci	yes	wilder
pr	no	prominenten
ddp	yes	kognitive behinderung
cds	no	lausbub
cds	no	inlandskorrespondent
ps	yes	trottel
cds	no	sub-clan
pa	yes	beerdigungsinstitut
cds	no	leiter
re	no	polizeiübergriffen
cds	no	lehrer
ddf	yes	schwerbeschädigung
svp	no	ekelfernsehen
an	no	diddlysquat
svp	no	körperliche anziehung
cds	no	vollhonk
or	no	dummkopf
asm	no	pisum sativum
is	yes	geizknochen
ps	yes	zigány
asm	no	übervorteilen
pa	yes	schäferin
an	no	egel
an	no	kerbtier
qas	no	trader
re	no	cosa nostra
ps	yes	zornentbrannt
an	no	mikroskopisch kleines tierchen
cds	no	shaku
cds	no	volk
cds	no	haus der prostitution
om	no	ventrolateralen
asf	no	mieze
ps	yes	spaten
om	no	medioklavikularlinie
om	no	schwuchtel
is	yes	filmschurke
cds	no	handlung
svp	no	jähzorn
qas	no	verlassenes schiff
dmc	yes	fahrender
pa	yes	verehrer
re	no	betrügerin
om	no	crossdress
qas	no	wilder
ps	yes	negrid
om	no	aboralen
cds	no	reliquienbüste
cds	no	blackballed
pa	yes	rechtsanwältin
svp	no	geldhungrig
an	no	bed bug
ddp	yes	spaten
cds	no	sündenbock
ps	yes	schwarze menschen
ps	yes	ostgote
cds	no	scherge
an	no	zeck
om	no	pedizieren
ddp	yes	überlisten
ps	yes	wilder
om	no	sodomist
an	no	rindvieh
cds	no	keulung
asf	no	fuckhead
cds	no	anführer
ps	yes	barbar
ddp	yes	kurpfuscher
is	yes	arme person
cds	no	begine
dmc	yes	delinquent
cds	no	völkchen
ps	yes	hohlkopf
is	yes	harpagon
or	no	simpel
ps	yes	vandili
qas	no	geschäftsmann
an	no	abhöreinrichtung
cds	no	fachidiot
an	no	drachenkopf
an	no	gelsen
om	no	kontralateralität
om	no	drag queen
cds	no	banden
cds	no	autolatry
cds	no	chef
an	no	cuckold
asm	no	tiefbraun
pa	yes	theoretischen
dmc	yes	sneak thief
dmc	yes	verabscheuungswürdig
cds	no	sperrung
asm	no	liebe machen
om	no	fudi
ddp	yes	hafenkäse
dmc	yes	abjection
pr	no	sportliche dame
dmc	yes	schurke
an	no	menschenhai
cds	no	verschmitzt
qas	no	ideologin
qas	no	mittelalterlichen
cds	no	gesetzeswidrigkeit
svp	no	korintenkacker
dmc	yes	sozialer außenseiter
dmc	yes	hobos
qas	no	endoparasitose
cds	no	demagogische
om	no	hinter
qas	no	störenfried
an	no	mücke
dmc	yes	gefälscht
re	no	foltern
pr	no	freudenmädchen
asf	no	braut
dmc	yes	verpisser
re	no	kriminelle
svp	no	verärgert
om	no	poove
re	no	mordopfer
pr	no	kuh
ps	yes	uprooter
cds	no	freie und angenommene maurer
cds	no	chefkorrespondent
cds	no	konformist
an	no	kühe
cds	no	pandämonium
ddp	yes	wahnsinnigen
or	no	kamel
dmc	yes	müßiggänger
cds	no	troß
asm	no	incazzarsi
re	no	seeraub
asf	no	afterhaar
cds	no	fast ein
ps	yes	kreuzung
svp	no	abulia
dmc	yes	kleinkariert
asm	no	bohnen
qas	no	besatzung
cds	no	tierherde
an	no	arschloch
ddp	yes	verdummen
svp	no	ingrimm
an	no	dumpfbacke
an	no	nichts wissen
cds	no	nerdine
asm	no	stück des esels
cds	no	kriminellen unfug
cds	no	bigoterie
cds	no	sonderling
or	no	grundbirne
cds	no	erzieherin
cds	no	hurenhaus
ps	yes	pflanzenzüchtung
asf	no	leichtgläubiges opfer
ps	yes	metöke
qas	no	ablehnen
an	no	inkompetent
qas	no	stilhöhe
cds	no	schmutzfink
cds	no	ausmerze
ddp	yes	dummerjan
cds	no	eitelkeit
re	no	misshandlung
ddp	yes	tölpel
cds	no	verkommen
cds	no	wegelagerer
re	no	schwerverbrecher
cds	no	faktor
dmc	yes	gangster
pr	no	drachen
cds	no	wucher
ps	yes	wechselbälger
ps	yes	jüdischen familie
re	no	sexualverbrecher
cds	no	selbstgefälligkeit
cds	no	wisenheimer
dmc	yes	bosheit
asm	no	epiorchium
an	no	crocodylian
re	no	corporate missbräuche
cds	no	suchender
re	no	quälen
re	no	traducer
cds	no	lowlife
cds	no	schwachmat
dmc	yes	rechtsbrecher
pa	yes	cordwainer
cds	no	mafia-familie
ddp	yes	mother fucker
ps	yes	nigguh
re	no	verleumder
cds	no	sad sack
asm	no	verschrauben
cds	no	straffälliger
asf	no	introitus vaginae
ddp	yes	sauertopf
re	no	plagiator
an	no	nachtfalter
ps	yes	bauer
an	no	Östliche kreischeule
ps	yes	ostrogoth
ddp	yes	illettrismus
an	no	lowlife
asm	no	gefurchte schleimhaut
asm	no	glied
re	no	handel verleumdung
cds	no	vollpfosten
pa	yes	afkat
cds	no	kind der liebe
pa	yes	quota litis
an	no	stuss
cds	no	klan
om	no	buserant
cds	no	saphead
an	no	schaben
cds	no	erzpriester
an	no	cayman
cds	no	pudden-kopf
cds	no	tenno-faschismus
cds	no	schnüffeln
ps	yes	jüdisch
an	no	perimyotis
svp	no	neid-faktor
an	no	rinder
cds	no	ostentatiousness
re	no	gauner
cds	no	viehdiebstahl
svp	no	ne'er-do-well
cds	no	hochmut
re	no	verboten
qas	no	endoparasiten
pr	no	ratten
om	no	dragqueen
asf	no	fall guy
qas	no	bad hut
or	no	frühkartoffel
ps	yes	gimpel
cds	no	krimskrams
ps	yes	pikey
om	no	unnormal
re	no	rechtsverletzer
dmc	yes	delikt
an	no	narren
ps	yes	romanis
an	no	vollpfosten
svp	no	selbstliebe
ps	yes	roma
an	no	wanze
pr	no	sexworker
cds	no	feigheit
ddp	yes	töricht
dmc	yes	stinkig
pr	no	maitresse
cds	no	lehrkraft
asm	no	eros opfern
cds	no	verbrecherin
re	no	geschlechtliche nötigung
pa	yes	leichenbestatterin
pa	yes	plebejer
dmc	yes	pfuscherin
qas	no	alltäglich
dmc	yes	verräterin
qas	no	gemenge
cds	no	schnüffler
cds	no	böser zwilling
is	yes	cheapskate
cds	no	scharlatan
an	no	villainess
pa	yes	associate professor
qas	no	unwahrheit
cds	no	Öffentliche bedürfnisanstalt
an	no	old world buffalo
dmc	yes	landstreicherei
an	no	apodes
asm	no	koitieren
cds	no	kindskopf
an	no	fliegenmade
re	no	tortur
svp	no	scheinheilig
pr	no	männliche prostituierte
re	no	gesetzesbrecher
ddf	yes	blinder
om	no	gay
cds	no	homunculi
asm	no	holzkopf
asm	no	neppen
dmc	yes	gestank
an	no	goldvieh
cds	no	schrottkiste
svp	no	eigenliebe
an	no	knausrig
om	no	gesässmuskel
cds	no	gefängniswärter
an	no	hartnäckige
an	no	scheißkopf
asm	no	taktisches foul
cds	no	mingle-mangle
an	no	hornochse
ddp	yes	lummox
ps	yes	wandale
an	no	haifisch
asm	no	dunkelbraun
asf	no	perle
svp	no	trägheit
pr	no	hielt frau
ps	yes	vollpfosten
dmc	yes	abscheulich
cds	no	gruppe
ddp	yes	folderol
cds	no	demagoge
cds	no	hand job
an	no	krokodil
ddp	yes	barbaren
dmc	yes	vergammelt
an	no	kaimane
ps	yes	spatzengehirn
pa	yes	berater-at-law
pr	no	biatch
cds	no	prahler
an	no	lauschangriff
re	no	chantage
re	no	selbstplagiat
re	no	serienvergewaltiger
qas	no	bloodhound
pr	no	hausrinder
qas	no	bleigurt
or	no	vollhonk
asf	no	spaten
cds	no	fundamentalistische
qas	no	temporärer parasit
ps	yes	wechselbalg
an	no	flöhe
an	no	floh
qas	no	foul-up
re	no	vehemenz
ps	yes	negerin
cds	no	götzendienst
pa	yes	churl
re	no	unbändig
dmc	yes	apostat
cds	no	bürschchen
qas	no	teste
an	no	feldkröte
an	no	bösewicht
cds	no	korrespondentin
ddp	yes	ragtag und bobtail
an	no	geizige
ddf	yes	gemein
qas	no	bauersfrau
re	no	outlawry
svp	no	faultier
qas	no	dusel
an	no	ostkreischeule
dmc	yes	obdachloser
cds	no	herde
qas	no	bourgeoise
re	no	amtsmissbrauch
qas	no	notlüge
qas	no	församling
om	no	periapikal
qas	no	common people
pa	yes	kerl
cds	no	wichtigtuer
pa	yes	rostbraunes ochsenauge
dmc	yes	treasonist
cds	no	verächtlich
cds	no	artbastard
om	no	buggery
re	no	raper
an	no	ovis orientalis aries
svp	no	widerwillen
cds	no	kriminelle aktivitäten
cds	no	polizeibeamter
cds	no	kadaver
cds	no	wiseacre
is	yes	superschurke
an	no	eurypterids
cds	no	fürsprache
cds	no	kriminellen aktivitäten
an	no	ochsen
cds	no	knallkopf
re	no	gefoltert
an	no	kreischeulen
an	no	helix pomatia
dmc	yes	betrügerin
dmc	yes	wertlos
svp	no	erbost
re	no	heftig
cds	no	beginentum
or	no	doofi
an	no	seeskorpione
ddp	yes	schwätzer
ddf	yes	behinderung
cds	no	handelsmakler
cds	no	feige
om	no	cross-kleid
svp	no	habgier
an	no	ringelgans
cds	no	gaunerin
svp	no	gleichgültigkeit
ps	yes	negro
an	no	volaille
qas	no	endoparasit
om	no	crossdressing
ddp	yes	tierfortpflanzung
cds	no	strafvollzugsbeamte
qas	no	rhetoren
dmc	yes	übelriechend
ps	yes	chinesisch
an	no	finsterer blick
an	no	simpel
dmc	yes	dissimulation
svp	no	knorzer
dmc	yes	frömmler
dmc	yes	tunichtgut
is	yes	armer
or	no	gurken reben
an	no	ferkeln
dmc	yes	heuchelei
an	no	echte ottern
om	no	rostral
re	no	raubmord
qas	no	gemisch
qas	no	schmarotzertum
re	no	kindsmord
cds	no	clownerie
or	no	homosexuell
cds	no	schmieren
cds	no	onanieren
asm	no	doofus
cds	no	cull
dmc	yes	vagabund
dmc	yes	notlüge
ps	yes	flachwichser
cds	no	stahlschrott
cds	no	slovenly person
re	no	terroristisch
ddp	yes	epifauna
cds	no	kreuzung
qas	no	temporäre parasiten
dmc	yes	außenseiter
ddf	yes	enttäuschend
cds	no	blutreliquie
an	no	streetwalker
an	no	menschlichen körper laus
an	no	insekt
cds	no	sein leben aushauchen
pr	no	bos taurus
pa	yes	bonzen
asm	no	narren
dmc	yes	goofs
cds	no	%e2%80%99ndrangheta
an	no	soft-touch-
an	no	knucklehead
cds	no	korrekturen offizier
ddp	yes	intelligenzstörung
cds	no	warmduscher
cds	no	verschwörungstheorie
svp	no	lüsternheit
pa	yes	sternsozietät
asf	no	idiotin
cds	no	verbrechen
cds	no	petit larceny
or	no	gay
re	no	sexuellen verbrechen
svp	no	unmäßigkeit
qas	no	lackierer
ps	yes	kindskopf
svp	no	Überheblichkeit
om	no	twink
dmc	yes	ne'er-do-well
svp	no	vermessen
ps	yes	prolet
cds	no	gimpel
re	no	einbrecher
an	no	schnecke
an	no	frosch
cds	no	militärfaschismus
cds	no	francs macons
qas	no	bude
an	no	kreischeule
qas	no	hodenverletzung
cds	no	feig
an	no	mondkalb
qas	no	innere bourgeoisie
re	no	missbraucht
svp	no	habsüchtig
cds	no	vermessenheit
svp	no	selbst-liebe
asf	no	schrittgurt haar
svp	no	dilly-dallier
ddp	yes	pöbel
ddp	yes	alphabetisierungskampagne
cds	no	unermüdlichkeit
svp	no	slacker
ddp	yes	metazoen
qas	no	untertan
cds	no	folderol
qas	no	abgedroschen
an	no	ballon swallower
asm	no	bollocks
pr	no	friedelfrau
ps	yes	schwarzer
ddp	yes	hirni
om	no	päderast
ps	yes	chinesin
cds	no	den weg alles irdischen gehen
ddp	yes	prolet
asm	no	cazzata
pr	no	modellwohnung
ddp	yes	ungebildete person
qas	no	burgher
is	yes	bösewicht
an	no	zicke
qas	no	mischmasch
an	no	stechmücken
asm	no	tropf
an	no	gehörnter
pr	no	kühe
ps	yes	nigga
re	no	calunnia
pa	yes	akademismus
asm	no	idiot
cds	no	jauche
cds	no	volksverführung
an	no	abferkeln
an	no	zooerastia
cds	no	massen
cds	no	rechtsverletzer
ddp	yes	doofi
re	no	kindstötung
qas	no	bruchbude
cds	no	motherfucker
an	no	dirty dog
dmc	yes	gauner
cds	no	holzkopf
is	yes	knauser
dmc	yes	fahrendes volk
pa	yes	arbeitnehmerschaft
pa	yes	botschaftsrat
re	no	schweren diebstahls
an	no	brent goose
om	no	nates
asm	no	esel
re	no	strafrechtlich nur straftat
cds	no	rechts-breaking
an	no	mikrobiell
cds	no	flitschbirne
an	no	rüssel
cds	no	witz
cds	no	polizeibeamte
ps	yes	metic
cds	no	abwasserkanal
cds	no	naseweis
cds	no	armer teufel
ddf	yes	deformiert
re	no	vergewaltigung
ps	yes	mongoloid
an	no	weinbergschnecke
om	no	gesäßbacke
asm	no	idiotin
qas	no	pfarr-
cds	no	stammesgruppe
qas	no	schmalzig
an	no	rindfleisch
ps	yes	auslesezüchtung
is	yes	armut
cds	no	feilschen
is	yes	arm
is	yes	rappenspalter
cds	no	politischer fundamentalismus
an	no	phthiraptera
om	no	scheißkerl
ps	yes	idiot
pr	no	ehebrecherin
asf	no	intimbehaarung
ps	yes	chinesischen
an	no	maulpferd
re	no	plagiarization
cds	no	clique
cds	no	line-shooter
an	no	shote
ddp	yes	albern
svp	no	arrogant
om	no	distobukkal
cds	no	hybridsamen
pr	no	dame des vergnügens
dmc	yes	deserteur
dmc	yes	amoral
cds	no	faschistin
ps	yes	wutentbrannt
ps	yes	wütend
qas	no	regeltreue
cds	no	wucherer
cds	no	villainess
ddp	yes	geschmacklos
qas	no	malermeister
is	yes	niedergeschlagen
qas	no	corpus highmori
pr	no	prominente
pa	yes	white-collar worker
ddp	yes	unfähig
re	no	straßenräuber
asm	no	schlange
om	no	homoerotischen
qas	no	pfarreien
cds	no	narzisstische störung
qas	no	flachmaler
ddp	yes	miesepeter
om	no	arsch
om	no	plantar
qas	no	meisterlandwirt
svp	no	trübsal blasen
an	no	böser zwilling
cds	no	halbe portion
dmc	yes	böse
is	yes	jämmerlich
asf	no	blödian
svp	no	geistlosigkeit
an	no	vulgarität
re	no	tötungsdelikt
pr	no	liebhaberin
an	no	pediculus humanus corporis
cds	no	frechheit
ddp	yes	unwiseness
svp	no	raffgier
om	no	regio glutealis
re	no	mafiosi
dmc	yes	schwindler
asm	no	vorhaut
cds	no	Ängstlichkeit
ps	yes	zieh-gauner
om	no	homosexualismus
ddp	yes	quacksalberei
asm	no	dumpfbacke
ddf	yes	missgestaltet
pr	no	hure
asm	no	schnackseln
qas	no	barbaren
ddf	yes	halbe portion
qas	no	gefühlsduselig
asm	no	spaten
ddp	yes	tropf
an	no	rind
ddp	yes	hirnschäden
an	no	hündchen
cds	no	japanische maßeinheit
re	no	bösewichter
svp	no	mürrisch
pr	no	bordsteinschwalbe
cds	no	kretin
or	no	dummerjan
svp	no	gewinnsucht
cds	no	verschrottung
om	no	tooshie
ps	yes	zulus
ddp	yes	gesundheit betrug
is	yes	geizhammel
ddp	yes	gossipmonger
re	no	homegrown terrorism
asm	no	willy
pa	yes	wissenschaftlichen
ddf	yes	zwergin
cds	no	gaunerei
om	no	poliebe
om	no	basal
ps	yes	honk
cds	no	ulk
cds	no	mischlingshund
is	yes	geknickt
ddp	yes	saublöd
cds	no	narzisstin
svp	no	geldgierig
an	no	brant
cds	no	conventicle
ddp	yes	blödian
pr	no	prostituierten
om	no	homoerotik
qas	no	erbärmlich
asm	no	dummerchen
dmc	yes	gadabout
an	no	crocodiliern
asm	no	hirni
svp	no	krämerseele
an	no	ziege
ddp	yes	debilität
dmc	yes	ausgestoßenen
ddp	yes	kindskopf
qas	no	rührselig
an	no	foramen panizzae
cds	no	verballhornung
cds	no	honk
re	no	verleumderin
svp	no	fuchsig
cds	no	blödian
qas	no	baracken-effekt
cds	no	mafia
cds	no	privatdetektiv
cds	no	dieb
ddp	yes	dünnschiß
pa	yes	discount-bestatter
pa	yes	professor universitatis
qas	no	merzung
ps	yes	mameluco
an	no	büffel
cds	no	religiousism
an	no	limacidae
asm	no	bumsen
pr	no	queene
an	no	molluske
ddp	yes	bestial
cds	no	narziss
an	no	knickstiebel
svp	no	nichtstun
asm	no	phallische
ps	yes	wutschäumend
cds	no	schisser
pa	yes	bestatter
svp	no	langeweile
or	no	tunte
asf	no	sündenbock
an	no	hühnchen
svp	no	langweile
or	no	döskopp
or	no	strohkopf
dmc	yes	verachtenswert
svp	no	kämpferisch
rci	yes	kerl
or	no	fut
cds	no	verzögern
cds	no	by-blow
qas	no	baron
cds	no	scheinheilig
ps	yes	kamel
asm	no	european bean
an	no	anserini
cds	no	verrecken
svp	no	7 todsünden
pr	no	kalbin
svp	no	verlangen
pa	yes	niedersachsen-professur 65+
cds	no	tor
pr	no	kreuzungsfresser
cds	no	paparazzas
pa	yes	kriminellen anwalt
svp	no	jähzornig
re	no	plagiarismus
is	yes	mittellosigkeit
ddp	yes	soft-touch-
cds	no	japanische maße und gewichte
svp	no	habgierig
an	no	fugenjunge
an	no	animalculum
cds	no	sippe
cds	no	merzschaf
pa	yes	Üt
re	no	sexualverbrechen
or	no	blockhead
om	no	arschbacke
cds	no	besserwisserei
rci	yes	roher mensch
cds	no	hybrid
is	yes	mager
ps	yes	faschistischen
cds	no	börsenmakler
qas	no	jāti
cds	no	barbarischen
cds	no	sterben
dmc	yes	unwahrheit
cds	no	faschismus in europa
an	no	canis domesticus
pr	no	straßennutte
dmc	yes	nichtsnutz
cds	no	bigott
re	no	terroristischer anschlag
dmc	yes	kerl
cds	no	nazi
asm	no	hand job
re	no	freibeutertum
dmc	yes	dieb
dmc	yes	übeltäter
dmc	yes	chawbacon
cds	no	spaßvogel
qas	no	privatdetektiv
an	no	idiot
cds	no	grunge rock
ddp	yes	stiesel
qas	no	plebejer
ps	yes	dummkopf
om	no	lage- und richtungsbezeichnungen an den zähnen
re	no	terrorismus
ps	yes	verschwender
an	no	tier
asm	no	flouter
dmc	yes	knauserig
cds	no	kuddelmuddel
cds	no	gattungshybrid
re	no	linker terror
om	no	homosexuell
cds	no	schmutz
asf	no	genitalbehaarung
cds	no	altmaterial
cds	no	schwenks
or	no	foeniculum
qas	no	gemischtypen
qas	no	lügen
qas	no	heteroxen
re	no	kinderraub
om	no	verweichlicht
cds	no	hybris
an	no	nördliche hausmücke
re	no	folterung
asm	no	praeputium
an	no	gesindel
an	no	fulvus
om	no	lage- und richtungsbezeichnungen
an	no	knauserin
svp	no	neid
cds	no	fundamentalismus
re	no	peiratés
om	no	palatinalfläche
pr	no	nachtschmetterling
dmc	yes	hinterwäldler
svp	no	einbildung
an	no	ziegen-antilopen
re	no	akt des terrorismus
an	no	kalbin
re	no	rendezvous-vergewaltigung
cds	no	bösewichter
an	no	biatch
cds	no	mob
qas	no	ausmerzen
dmc	yes	taugenichts
cds	no	erzieher
svp	no	laszivität
qas	no	parasitäre
pa	yes	rechtsanwalt
ps	yes	esel
ps	yes	doofi
dmc	yes	imitiert
pa	yes	buchhalterin
pr	no	goldvieh
pa	yes	theoretisch
dmc	yes	obdachlose
asm	no	sich dem liebesspiel hingeben
re	no	zweiten grades mord
cds	no	falschheit
pa	yes	arbeitnehmer
pr	no	lampyris noctula
svp	no	frömmelei
pr	no	stricher
cds	no	börsenmaklerin
is	yes	schurke
cds	no	loanshark
qas	no	elocutio
an	no	caimaninae
an	no	vamper
dmc	yes	anstand
ddp	yes	vollhonk
ddp	yes	unwissenheit
cds	no	bursche
an	no	ziege antilopen
an	no	bösartigkeit
an	no	weisskopfgeier
is	yes	verarmung
an	no	wahren aal
cds	no	gangster
cds	no	rechtsextremen flügelspieler
asf	no	steiler zahn
an	no	anguilliformes
re	no	date-rape
asm	no	vogel
qas	no	schiffsballast
dmc	yes	plebejerin
qas	no	magnaten
cds	no	demagogie
ps	yes	rote karte
an	no	vipera
svp	no	unersättlich
dmc	yes	grifter
qas	no	monoxen
cds	no	schwätzer
cds	no	dummbratze
cds	no	idiolatry
re	no	neugeborenentötung
an	no	equus asinus asinus
is	yes	armer teufel
asm	no	jeerer
svp	no	neider
an	no	wildheit
rci	yes	barbar
cds	no	gossiper
dmc	yes	landfahrer
ddp	yes	illetrismus
cds	no	klatsch
an	no	strichmädchen
or	no	squash reben
ps	yes	wutschnaubend
pr	no	motten
an	no	stigiformes
an	no	hai-angriff
cds	no	arrogant
pa	yes	politische
an	no	bison
ddp	yes	oligophrenie
dmc	yes	geizig
an	no	europäischer bison
cds	no	volksverführer
an	no	culiciden
an	no	unterordnung blattodea
or	no	muschi
re	no	peirates
an	no	panzerechsen
qas	no	nekrotrophe
dmc	yes	knausrig
an	no	weißhai
cds	no	tricker
ddp	yes	inkompetent
or	no	bonce
asm	no	blödian
pa	yes	bilanzbuchhalter
or	no	grumbeere
om	no	naten
dmc	yes	gut-für-umsonst
an	no	vogel der minerva
an	no	gauner
cds	no	mutlos
cds	no	grassamen
asm	no	testis
an	no	haie
ps	yes	jehudim
asm	no	gerät
an	no	fliegenlarve
cds	no	verbalhornung
an	no	brent
cds	no	dümmlich
dmc	yes	abtrünniger
re	no	mißbrauch
svp	no	gefräßigkeit
qas	no	mingle-mangle
an	no	flussaale
svp	no	corporate gier
an	no	culex pipiens
or	no	arschloch
dmc	yes	lügenbold
pr	no	flitscherl
asm	no	nookie
cds	no	sonny
an	no	anuren
an	no	prickteaser
or	no	spatzengehirn
om	no	homosexuelle männer
an	no	feigling
an	no	frogspawn
om	no	palatinal
cds	no	hybridzucht
re	no	gaunerin
or	no	schafskopf
cds	no	freimaurerbund
re	no	kindesentführung
pa	yes	kontrolleur
om	no	abnorm
is	yes	tragischen bösewicht
an	no	sciaenops
qas	no	malerwerkzeug
dmc	yes	renegatentum
re	no	schurkischen
asf	no	fute
pa	yes	schafhirten
asm	no	einfaltspinsel
cds	no	scheinheiligkeit
dmc	yes	faulenzer
an	no	toben
cds	no	einbrecherin
asf	no	intravaginal
cds	no	alte maße und gewichte
ps	yes	zigeuner
om	no	ipsilateral
dmc	yes	vagabundentum
qas	no	höla
asm	no	tölpel
cds	no	fundamentalistin
qas	no	baumaler
an	no	biotch
an	no	esel
cds	no	schrott
dmc	yes	bösewichte
svp	no	knauserigkeit
qas	no	landstreicher
svp	no	verschlinger
cds	no	verpfuschen
cds	no	völkerschaft
qas	no	gallimaufry
svp	no	die sieben todsünden
re	no	linksterrorismus
dmc	yes	soundso
cds	no	balls-up
asm	no	große bohne
cds	no	ausmerzung
ps	yes	hybrid-zucht
cds	no	trennkanalisation
an	no	pediculus humanus humanus
cds	no	lüge
asf	no	flitschbirne
ps	yes	parallelökonomie
svp	no	ärgerlich
cds	no	kerkermeister
cds	no	ballup
om	no	proximal
an	no	brant gans
cds	no	bordell
asm	no	schniedelwutz
is	yes	erbärmlich
an	no	stricher
ddp	yes	klatschmaul
ddp	yes	tierreich
ps	yes	strohkopf
svp	no	bummelant
re	no	pein
an	no	geizhammel
dmc	yes	grobian
cds	no	vermessen
dmc	yes	moralischen kompass
an	no	zorn
dmc	yes	tragischen bösewicht
an	no	bos taurus
cds	no	schwerverbrecher
ps	yes	hornochse
qas	no	märzschaf
an	no	hähnchenfleisch
re	no	übeltäter
an	no	geiß
an	no	wut
cds	no	trottel
cds	no	verpisser
pa	yes	univ.-prof.
an	no	blattaria
cds	no	narr in christo
re	no	ehrenwerte gesellschaft
asm	no	schniedel
cds	no	gedränge
asm	no	ackerbohne
om	no	homo
cds	no	wissenschaftsgläubigkeit
cds	no	wucherei
re	no	überfall
cds	no	schoolma'am
pa	yes	fuhrmann
dmc	yes	borniert
qas	no	bourgeoisie
asf	no	schnecke
asf	no	pubes
om	no	cross-dressing
pa	yes	türwächter
an	no	breitkopfaal
cds	no	drunter turvydom
re	no	verschleppung
qas	no	gewöhnliche
or	no	kohl
svp	no	missgunst
an	no	krötenwanderung
om	no	inzisal
re	no	sizilianischen mafia
cds	no	tratsch
cds	no	kin-gruppe
cds	no	lehrperson
asf	no	rindvieh
an	no	epifauna
cds	no	faszismus
dmc	yes	muffig
pa	yes	korrespondierendes mitglied
re	no	mordversuch
asm	no	döskopp
cds	no	illegitim
an	no	flüchtigkeitsfehler
dmc	yes	schurkischen
ps	yes	inkiness
an	no	stricherin
an	no	schakal
an	no	diddly-shit
ps	yes	jahadut
cds	no	angsthase
an	no	megascops asio
dmc	yes	barbaren
re	no	schändung
dmc	yes	hofnarr
cds	no	soundso
ps	yes	bulgarin
pa	yes	professorin
om	no	foeniculum
asf	no	dummbratze
an	no	scotozous
ps	yes	schwachkopf
qas	no	besitzbourgeoisie
an	no	fuckhead
an	no	hirudinea
an	no	geier
cds	no	peons
an	no	blockhead
om	no	kaudalen
dmc	yes	wandermusikant
ddp	yes	rückständigkeit
re	no	%e2%80%99ndrangheta
is	yes	knauserei
or	no	fenchel
is	yes	armut in der schweiz
cds	no	quidnunc
pa	yes	prof. univ.
dmc	yes	rebell
asf	no	weibsbild
svp	no	müßiggänger
qas	no	verwirrung
cds	no	mussiness
an	no	lampyris noctula
cds	no	räuber
an	no	um crocodilia
an	no	schisser
asm	no	vorhautbändchen
re	no	piraten
asm	no	erektion des penis
cds	no	cacography
ddf	yes	verabscheuungswürdig
cds	no	fascismus
an	no	capra aegagrus hircus
pa	yes	professor
cds	no	gerüchtemacher
qas	no	ausmerze
cds	no	doofkopf
dmc	yes	fahrende leute
cds	no	hofnarr
an	no	vagabund
asf	no	futz
qas	no	akolyth
cds	no	peiniger
ps	yes	barbarisch
pr	no	nachtfalter
dmc	yes	gesetzloser
asm	no	twirp
or	no	saatkartoffel
or	no	irish potato
an	no	schafskopf
dmc	yes	motley fool
an	no	kamel
svp	no	böse
re	no	sexualstrafrecht
or	no	esel
dmc	yes	gleisnerei
qas	no	parasiten
cds	no	uneheliches kind
cds	no	egosexuell
dmc	yes	villainess
or	no	sativus
cds	no	schwemmkanalisation
an	no	brant goose
ps	yes	halbblut
svp	no	verpisser
is	yes	ausgestoßener
cds	no	rechthaber
re	no	§ 174b stgb
ddp	yes	armen fische
cds	no	journalistin
re	no	fänger
cds	no	klugscheisser
svp	no	vielfraß
cds	no	grünschnabel
cds	no	speichellecker
is	yes	unglückliche
qas	no	kastengesellschaft
cds	no	sex-abhängigkeit
asm	no	erektionsreflex
cds	no	bedürfnisanstalt
an	no	hahnrei
ps	yes	dämlack
an	no	dämlack
ddp	yes	afterarzt
an	no	aalartige fische
ddf	yes	zwerg
cds	no	der pöbel
asm	no	phallus
qas	no	jasager
cds	no	fumbler
cds	no	intergeneric hybrid
cds	no	pauschalclub
or	no	dämlack
re	no	misshandlungen durch die polizei
an	no	carcharodon carcharias
asf	no	fut
cds	no	geldverleiher
qas	no	partner in crime
cds	no	emporkömmling
cds	no	kiste
pa	yes	akademiemitglied
qas	no	pfarrei
cds	no	abwasser
dmc	yes	bauerntölpel
cds	no	teufelin
cds	no	junto
pr	no	flittchen
cds	no	dilettantismus
pr	no	Öffentliche prostitution
re	no	bewaffnete raubüberfälle
pr	no	galtvieh
ddp	yes	banausin
cds	no	zuhälter
an	no	schlund
qas	no	homogenes gemisch
ddp	yes	leichtgläubig
re	no	qual
ddp	yes	cretin
is	yes	knausrig
qas	no	landwirte
cds	no	chaos
asm	no	stiesel
an	no	gimpel
cds	no	jugendbanden
or	no	herdöpfel
an	no	verlaust
ddp	yes	geistig behinderte
cds	no	unverschämtheit
qas	no	höhere landbauschule
an	no	hündin
cds	no	stimmen gegen
re	no	sexualstraftäter
dmc	yes	bauer
dmc	yes	wicht
cds	no	pflücken
is	yes	pfennigfuchserin
an	no	ost-kreischeule
an	no	straßenhure
an	no	zwergfledermäuse
cds	no	kriminell
cds	no	meddler
an	no	spatzengehirn
asf	no	gimpel
re	no	illegalen aktivitäten
cds	no	religiosität
cds	no	besserwisser
an	no	hasenfuß
re	no	diebesgut
re	no	ndrangheta
cds	no	wissenschaftsglaube
an	no	eule
dmc	yes	homunculi
cds	no	reliquiar
qas	no	flunkerei
asm	no	revanchefoul
ddp	yes	plappermaul
cds	no	schließer
an	no	einfaltspinsel
an	no	caiman
asf	no	dummerchen
cds	no	plebejer
qas	no	farrago
re	no	verleumderische
cds	no	bewegung
ps	yes	beduine
pa	yes	ausserordentlicher universitätsprofessor
an	no	dreckspatz
pr	no	biston betularia
asm	no	wechselbalg
pr	no	miete jungen
cds	no	entwässerungsverfahren
rci	yes	polentone
or	no	bulwe
an	no	fliegenmaden
cds	no	partituren
asf	no	spatzenhirn
asm	no	fuck
an	no	physiognomie
cds	no	bawdyhouse
cds	no	notlüge
cds	no	liebhaber
qas	no	ackerer
or	no	weisskabis
cds	no	fascista
asm	no	rödeln
qas	no	stoffgemisch
cds	no	memmenhaft
re	no	rechtsbrecher
ddp	yes	spatzengehirn
an	no	rasen
re	no	schwerer diebstahl
pa	yes	academe
an	no	karnickel
om	no	behinderte
an	no	ziegenbock
qas	no	alteisen
cds	no	auslandskorrespondent
asf	no	idiot
cds	no	foul-up
ps	yes	kraut
om	no	körperebene
cds	no	superbia
or	no	weißkohl
cds	no	flunkerei
qas	no	parasitismus
om	no	basalen
cds	no	geldverleih
svp	no	zornig
re	no	textplagiat
re	no	grand theft
svp	no	eklig
cds	no	nymphomanie
pa	yes	verteidiger
svp	no	herumtreiber
qas	no	üblichen
ps	yes	banause
re	no	sexueller mißbrauch
ddp	yes	dümmlich
svp	no	faulheit
ps	yes	israelitische religionsgemeinschaft
cds	no	desperado
an	no	culicidae
cds	no	interfertility
re	no	gegengewalt
cds	no	wc
ddp	yes	missachtung
svp	no	niggardness
an	no	weißer hai
svp	no	raserei
qas	no	landmann
an	no	warmduscher
an	no	großes glühwürmchen
pa	yes	wilder
cds	no	gesetzeswidrig
cds	no	boo-boo
an	no	weisser hai
cds	no	kredithai
an	no	hühnerhaltung
an	no	bodypacker
pa	yes	beerdigungsunternehmerin
pa	yes	politisch
ps	yes	leichtgläubiges opfer
an	no	tropf
an	no	viper
om	no	clunium
an	no	melkvieh
ps	yes	rroma
cds	no	neureicher
qas	no	vermengen
cds	no	wäscheständer
re	no	abusus
an	no	autostrich
qas	no	krimskrams
pa	yes	wirtschaftsanwalt
cds	no	aas
om	no	ungewöhnlich
svp	no	bigott
svp	no	knausrig
asm	no	dummkopf
cds	no	tennofaschismus
ddf	yes	nanus
an	no	tiere
pr	no	rattus norvegicus
cds	no	als
ddp	yes	twaddler
an	no	physiognomisch
om	no	erastes
or	no	gurken
re	no	steinmetz
ddp	yes	wahnwitz
cds	no	klo
an	no	lastesel
ddp	yes	flegel
asm	no	vögel
cds	no	korrespondenten
cds	no	abgenutzt
om	no	drag-show
cds	no	volksstamm
asm	no	stechen
om	no	hinterteil
cds	no	shakkanhô
cds	no	ehrenwerte gesellschaft
cds	no	computernerd
asm	no	penis
ddp	yes	blöd
svp	no	trencherman
dmc	yes	fahnenflüchtige
ps	yes	strafkarte
cds	no	puffmutter
om	no	distooral
pr	no	leichtes mädchen
ddp	yes	zooerastia
pa	yes	seniorprofessur
or	no	nance
cds	no	illegal
cds	no	hausmüll
an	no	flittchens
ps	yes	chinese
re	no	rustler
dmc	yes	lüstling
or	no	poove
ps	yes	landstreicherin
ddp	yes	bumbler
svp	no	amour propre
or	no	homophile bewegung
an	no	hemipterous insekten
an	no	anguilla
cds	no	verstoss
ps	yes	darkie
pa	yes	leichenbestatter
asf	no	döskopp
an	no	streifenkauz
asf	no	blockhead
an	no	echte kaimane
or	no	fuckhead
ddp	yes	idiotin
cds	no	straftat
cds	no	schwindlerin
an	no	canis lupus familiaris
qas	no	kessel der fische
ddp	yes	kleinköpfigkeit
pa	yes	seniorprofessor
an	no	ovis gmelini aries
qas	no	spiritueller führer
cds	no	clan
ps	yes	hispanic
or	no	gimpel
svp	no	sparsamkeit
cds	no	chô
pa	yes	advocator
ps	yes	natürliche kreuzung
ps	yes	krautland
svp	no	trsna
or	no	brassica oleracea var. capitata f. alba
cds	no	narretei
or	no	holzkopf
pr	no	metze
qas	no	churl
ps	yes	gaffen
pr	no	großer leuchtkäfer
cds	no	bösewicht
dmc	yes	armer teufel
dmc	yes	libertiner
an	no	schürzenjäger
ps	yes	schattenwirtschaft
cds	no	söhnchen
qas	no	verschrottung
ps	yes	mongole
cds	no	provinzialismus
cds	no	banal
pa	yes	roher mensch
an	no	fähe
re	no	zweite welle
re	no	mörderin
asm	no	maxilliped
cds	no	bande
ddp	yes	unvertraut
pr	no	sexuellen dienstleistungen
om	no	distalen
re	no	kinderdiebstahl
ps	yes	gelbe karte
dmc	yes	möchtegern
ddp	yes	rumourmonger
pr	no	ratte
asm	no	hornochse
cds	no	narzißmus
svp	no	kampfesfreudig
re	no	komplettplagiat
an	no	filmschurke
dmc	yes	lüge
cds	no	egotismus
qas	no	tigern
cds	no	nerd
qas	no	brackvieh
qas	no	pöbel
pa	yes	barbarischen
an	no	diddly
an	no	brosodda
ddp	yes	informant
re	no	verleumderisch
ddp	yes	prater
dmc	yes	heuchler
an	no	insecta
dmc	yes	schlechter mensch
qas	no	aufgegeben-ein verlassenes schiff
qas	no	pfuscher
ps	yes	weißen
asm	no	testes
is	yes	trüb
qas	no	rhetorisch
re	no	sexuellen missbrauch
cds	no	faschisten
svp	no	ekelschwelle
pr	no	gunstgewerblerin
re	no	heftigkeit
cds	no	lokus
ddp	yes	gefangene
pa	yes	rechtsanwälte
ddp	yes	spielverderber
dmc	yes	bösewichter
an	no	papageienvögel
pr	no	salonlöwe
dmc	yes	rakehell
ddp	yes	verblöden
cds	no	duckmäuser
an	no	vielfraß
an	no	ferkel
cds	no	verweichlicht
cds	no	spielkasino
pr	no	rattus
cds	no	beghinen
qas	no	ektoparasiten
cds	no	scuttlebutt
an	no	natter
ddp	yes	banause
cds	no	falschen götzen
cds	no	verschwörung des schweigens entlassen
cds	no	jux
an	no	cimicidae
an	no	pipistrellus
pa	yes	schafzucht
an	no	stamm mollusca
or	no	kabis
dmc	yes	straffälliger
an	no	goldschakal
asm	no	knallen
cds	no	handjob
ddp	yes	dummheit
re	no	kindestötung
or	no	burnt orange
qas	no	hode
an	no	toad frog
an	no	hase
dmc	yes	hobo
cds	no	pfuscherin
an	no	capra
re	no	schweren raubes
re	no	grauer krieg
dmc	yes	moralisch bankrott
re	no	sexuellen belästigung
pr	no	gewerbsunzucht
or	no	vollpfosten
is	yes	armen
an	no	aal
dmc	yes	irreführung
cds	no	betrüger
cds	no	cut-up
pa	yes	bestatterin
ps	yes	dummerjan
an	no	escargots
an	no	kerfe
re	no	vilifier
cds	no	dumme person
asf	no	wechselbälger
or	no	cuke
asm	no	ovum
om	no	gemüsefenchel
cds	no	parlamentarischer assistent
an	no	straßenprostitution
ddp	yes	plebejer
om	no	distal
qas	no	baronien
cds	no	hops gehen
cds	no	kanalnetz
qas	no	gewöhnlich
asm	no	gartenerbse
asm	no	piepmatz
ddp	yes	newsmonger
qas	no	merzschaf
asf	no	analbehaarung
cds	no	outlawry
re	no	folterverbot
dmc	yes	kaffer
qas	no	ministranten
an	no	schindmähre
om	no	popo
qas	no	schmierer
is	yes	pfennigklauber
re	no	wildheit
pa	yes	gelbes ochsenauge
qas	no	periodischer parasitismus
pr	no	prostitution
qas	no	kaste
asm	no	frenulum praeputii
asm	no	ficken
an	no	git
om	no	pöker
dmc	yes	bösartigkeit
cds	no	selbst-verehrung
re	no	entwenden
ps	yes	jüdin
cds	no	pedant
qas	no	müll
ddf	yes	behinderungen
re	no	terroristen
or	no	birne
or	no	futz
re	no	homegrown-terrorismus
an	no	kokette frau
asm	no	dussel
ddp	yes	twirp
asf	no	stiesel
is	yes	pfennigfuchserei
an	no	familie anguillidae
an	no	versprecher
cds	no	dahinscheiden
cds	no	hasenherzig
svp	no	fadesse
asm	no	strohkopf
re	no	verunglimpfung
om	no	arschficken
cds	no	feigheit vor dem feind
asm	no	soft-touch-
asm	no	stück des schwanzes
qas	no	amateurspielerin
an	no	hunde
om	no	hintern
cds	no	hasenfuß
pr	no	biotch
pr	no	motte
cds	no	crooner
cds	no	mafiosi
asf	no	narr
pr	no	bordsteinkante crawling
cds	no	spatzengehirn
om	no	analkoitus
svp	no	geiziger
ps	yes	anderen ethnischen gruppen
cds	no	streich
svp	no	geizhammel
an	no	cakehole
dmc	yes	heucheln
asf	no	perianale behaarung
asf	no	analhaar
cds	no	künstlichen hybrid
ps	yes	hybridsamen
an	no	scheiß
cds	no	konformistischen
an	no	knauserig
is	yes	marginalität
re	no	eigenplagiat
re	no	kidnapper
ddp	yes	hornochse
ddp	yes	torheit
pa	yes	bauernlümmel
an	no	hemipteran
om	no	bedingungen für anatomische lage
an	no	pfennigklauberin
pr	no	gangsterbraut
or	no	idiot
cds	no	crooning
svp	no	slackers
cds	no	verschwörungstheorien
pr	no	kurtisane
re	no	statutory rape
ps	yes	einfaltspinsel
cds	no	verleihen von geld
or	no	pudden-kopf
or	no	neuen kartoffeln
dmc	yes	herumtreiber
re	no	finanziellen missbrauch
cds	no	flüchtigkeitsfehler
cds	no	ragtag
cds	no	konventikel
pr	no	flietscherl
pa	yes	befürworter
an	no	schwulenstrich
asf	no	dummheit
cds	no	widerworte
asm	no	reinlegen
an	no	siphonaptera
rci	yes	terrone
asf	no	formalität
dmc	yes	renegat
ps	yes	niggah
cds	no	gallimaufry
an	no	physiognomik
ps	yes	gekreuzt
qas	no	verpfuschen
asm	no	kaffeefarbig
qas	no	bumbler
re	no	gesetzlose
re	no	krimineller
re	no	traducement
om	no	damen
asf	no	hirni
om	no	schwule
cds	no	eros-center
svp	no	selbstherrlichkeit
re	no	schwindler
svp	no	kampfeslustig
ps	yes	pflanzenzüchter
ps	yes	nigger
ddp	yes	pillock
cds	no	mutationszüchtung
om	no	madam
pr	no	bullenfresser
pa	yes	hochschulprofessor
om	no	gleichgeschlechtliche anziehung
an	no	bösewichter
dmc	yes	rotter
an	no	straßennutte
qas	no	obligater parasit
ps	yes	mischlinge
