asf	no	human vagina
ps	yes	বেক্কল
cds	no	মূর্খ
asf	no	মূর্খ
asf	no	va jay jay
re	no	coersive sex
asf	no	vaginal disease
re	no	rape and native americans
asf	no	vadge
re	no	rape
asf	no	vaginal sphincter
re	no	ধর্ষণ
re	no	rape of males
asf	no	vaginal opening
asm	no	ধন
an	no	মূর্খ
asf	no	punani
re	no	rape on college campuses
asf	no	মূর্খতা
re	no	serial rape
re	no	rapists
re	no	violent sexuality
asf	no	female's sex organ
re	no	forcible rape
re	no	rapes
asf	no	birth canal
asf	no	quim
re	no	non-consensual sex
pr	no	বেশ্যা
asf	no	vaginas
re	no	raped
asf	no	vaginal cavity
or	no	বোকা
an	no	মূর্খতা
re	no	rapist
re	no	sexual victimization of native american women
asf	no	va-jay-jay
re	no	সন্ত্রাসবাদ
asf	no	vagina
svp	no	কামাসক্ত
re	no	ravishment
asf	no	neden
ddp	yes	বেক্কল
ddp	yes	বোকা
dmc	yes	নকল
asf	no	vaginal
qas	no	মিথ্যা
re	no	serial rapist
asf	no	যোনি
cds	no	বোকা
asf	no	vaginal diseases
re	no	rapere
re	no	raep
asf	no	vajayjay
ddp	yes	মূর্খ
svp	no	কামুক
asf	no	vaginal mucosa
re	no	to rape and in pregnate
cds	no	মিথ্যা
asm	no	সংগম
an	no	বোকা
asf	no	paracolpium
asm	no	মূর্খ
asm	no	চোদা
asf	no	vaginal canal
asm	no	মূর্খতা
asf	no	كس
asm	no	সহবাস
cds	no	ফ্যাসিবাদ
re	no	the sexual victimization of native american women
cds	no	অব্যবস্থা
asf	no	vayjayjay
re	no	attempted rape
ps	yes	মূর্খ
asm	no	বোকা
re	no	sex without consent
cds	no	কোটনা
re	no	attempt to commit rape
asf	no	বেক্কল
re	no	raping
ddp	yes	মূর্খতা
re	no	forced sex
asf	no	vaginal cuff
ps	yes	বোকা
asf	no	বোকা
re	no	anal rape
asf	no	vegina
ddf	yes	বিশ্রী
