qas	no	คนชั้นต่ำ
dmc	yes	เรื่องไม่จริง
ps	yes	ชาวมองโกลเลีย
qas	no	สติฟั่นเฟือน
qas	no	ชนชั้น
an	no	แมง
cds	no	มาเฟียอิตาลี
cds	no	คนชอบแกล้ง
an	no	เดียรัจฉาน
ps	yes	ศาสนายิว
cds	no	สมาชิกสมาคมลับ
qas	no	คนเถื่อน
cds	no	แมงดา
ps	yes	คนเร่รอน
an	no	ควาย
an	no	คนแคระ
an	no	จุลชีวิน
cds	no	ปัญหา
an	no	ผู้ค้ากำไรเกินควร
an	no	ฉลามขาว
qas	no	เรือร้าง
cds	no	นักการศึกษา
cds	no	โจรจี้ชิงทรัพย์
an	no	อีเวร
qas	no	ชาวนาชาวไร่
dmc	yes	ผู้เยาว์ผู้กระทำผิด
re	no	ลูกลิง
re	no	การฆาตกรรมทารก
asm	no	ปักษา
cds	no	ตัวตลก
qas	no	ทำมักง่าย
an	no	สิ่งมีชีวิต
an	no	คนโกง
asf	no	คนไม่มีสติปัญญา
asm	no	ก๊อก
asm	no	พระอัณฑะ
cds	no	คนโง่เขลา
cds	no	พฤติกรรมฉ้อโกง
an	no	ห่าน
an	no	หมูเลี้ยง
cds	no	ความมีเล่ห์เหลี่ยม
cds	no	เด็กแดงๆ
svp	no	การไม่ยอมรับความคิดเห็นของผู้อื่น
an	no	คนไร้สติปัญญา
cds	no	นักเลงหัวไม้
cds	no	เด็กเนิร์ด
qas	no	นักกีฬาสมัครเล่น
re	no	การพูดให้ร้าย
an	no	หมัด
svp	no	ขี้โมโห
cds	no	การแซว
cds	no	อาชญากรรม
asm	no	ดอ
asm	no	กระเจี๊ยว
cds	no	เทศนา
asf	no	ช่องคลอด
an	no	อันธพาล
qas	no	บ้านหมา
ddp	yes	คนโหดร้าย
cds	no	คนนอกกฎหมาย
ddp	yes	ตัวตลก
ddp	yes	คนโง่เซ่อ
ddf	yes	แย่
asf	no	คนสมองทึบ
qas	no	เกษตรกรผู้เช่าไร่นา
cds	no	เรื่องซุบซิบ
pr	no	หนูท่อระบายน้ำ
cds	no	ผู้ให้ความรู้
or	no	ชาวรักร่วมเพศ
cds	no	จับกัง
dmc	yes	คนชั่ว
asm	no	การทำฟาวล์
qas	no	แบลลัสต์
an	no	แพะตัวผู้
cds	no	ภาพวาดที่ขาดทักษะ
cds	no	ลูกผสม
rci	yes	คนไร้การศึกษา
ddf	yes	ความขี้เหร่
asm	no	คนโง่เขลา
svp	no	ความละโมบ
dmc	yes	ผู้ร้าย
cds	no	ซากขึ้นอืด
cds	no	นินทา
ddp	yes	ซึ่งวิกลจริต
om	no	คุณผู้หญิง
an	no	สกุลแองกิลลา
dmc	yes	คนพูดปด
cds	no	สิ่งปฏิกูล
an	no	คนไล่จับผู้หญิง
dmc	yes	คนมีกรรม
dmc	yes	ลูกลิง
re	no	การใช้ในทางที่ผิด
dmc	yes	คนที่ใช้จ่ายสุรุ่ยสุร่าย
cds	no	สมาชิกแก๊ง
re	no	การก่ออาชญากรรม
cds	no	รถเก่า
re	no	โจรลักพาตัว
ddp	yes	คนหลอกง่าย
re	no	ผู้ข่มขืน
an	no	ผู้หญิงน่ารังเกียจ
cds	no	กลุ่ม
cds	no	กลุ่มผลประโยชน์ร่วม
cds	no	คนขี้เกียจ
cds	no	ความวิกลจริต
ddp	yes	คนงุ่มง่าม
qas	no	ตะกั่ว
asf	no	คนปล่อยไก่
cds	no	เข้าโลง
om	no	ความต้องการมีเพศสัมพันธ์กับเพศเดียวกัน
asm	no	องคชาต
an	no	สัตว์
asm	no	คนไม่เอาไหน
cds	no	คนปากพล่อย
is	yes	ขอทาน
cds	no	ลูกนอกสมรส
cds	no	ลายมืออ่านไม่ออก
cds	no	คนบังคับทาส
re	no	การข่มขืน
om	no	เกย์
qas	no	เคราะห์ร้าย
ddp	yes	คนเชื่อคนง่าย
svp	no	ที่กินมากเกิน
cds	no	การเป็นมือสมัครเล่น
cds	no	หนุ่มสำรวย
cds	no	เทศน์
cds	no	ผู้ประสาทวิชา
asm	no	น้องชาย
cds	no	ไปรษณีย์ขยะ
dmc	yes	คนทำผิดกฎหมาย
qas	no	คนขี้เบื่อ
dmc	yes	คำโป้ปด
dmc	yes	โจรย่องเบา
cds	no	บอส
asm	no	เย๊ด
an	no	แกะ
cds	no	คนทำความผิด
an	no	ส่วนน้อยนิด
dmc	yes	คนเลี่ยงงาน
cds	no	ผู้นิยมลัทธิฟาสซิสต์
an	no	ม้าแก่
is	yes	ผู้เคราะห์ร้าย
cds	no	พวกอันธพาล
qas	no	ดาวรุ่ง
cds	no	เนื้อเหม็นเน่า
cds	no	คนขี้โอ่
dmc	yes	คนไร้บ้าน
an	no	กระต่าย
cds	no	เอเยนต์
cds	no	ส้วมสาธารณะ
cds	no	ตร.
pa	yes	สิบโท
dmc	yes	คนโง่เง่า
dmc	yes	คนบ้านนอก
cds	no	หมาวัด
an	no	สัตว์ป่า
cds	no	ดับ
dmc	yes	คนโง่
cds	no	พวกฟาสซิสต์
ps	yes	ลูกผสม
qas	no	แต่งหน้าทาปาก
re	no	การฆ่าสัตว์ตัดชีวิต
dmc	yes	ศีลธรรม
qas	no	ผู้ติดตาม
an	no	แม่โค
re	no	เชิด
cds	no	คนสมองทึบ
ps	yes	ชาวยิปซี
asm	no	แอส
dmc	yes	คนหน้าไหว้หลังหลอก
re	no	คนโกง
re	no	ผู้กระทำความผิด
an	no	คนเฉื่อย
cds	no	ตุ่น
cds	no	คนสามัญ
ps	yes	ชาวจีน
an	no	วงศ์แองกวิลลิแด
dmc	yes	คนไม่ทำงานทำการ
dmc	yes	ไร้รสนิยม
re	no	ฆาตกรรม
dmc	yes	ผู้เคราะห์ร้าย
cds	no	วงศ์วานว่านเครือ
an	no	ผู้ชายที่ถูกสวมเขา
an	no	นกแร้งกริฟเฟิล
dmc	yes	คนพูดโกหก
re	no	โจรกรรม
an	no	ปลาเรดดรัม
cds	no	คำโป้ปด
ps	yes	คนซื่อ
asm	no	ร่วมประเวณี
asm	no	ประเวณี
an	no	คนสมองทึบ
svp	no	ความรู้สึกโกรธ
an	no	คนไร้ค่า
cds	no	ความบังอาจ
qas	no	เรื่องไม่จริง
cds	no	การบูชาตัวเอง
cds	no	เผ่า
re	no	คนขี้ขโมย
svp	no	เต็มไปด้วยราคะ
cds	no	กลุ่มก้อน
cds	no	ฝูงแกะ
cds	no	น้ำเสีย
cds	no	พูดเรื่อยเปื่อย
ddf	yes	ความบกพร่อง
an	no	คนซื่อ
qas	no	เตรียมเงินลงทุน
ddp	yes	ที่ไม่รู้หนังสือ
cds	no	โจรย่องเบา
dmc	yes	โกหก
an	no	คนพาล
ps	yes	นิโกร
re	no	ทรัพย์สินที่ถูกโจรกรรม
svp	no	ความโกรธแค้น
re	no	โจรยกเค้า
asf	no	ขนหัวหน่าว
asm	no	เสพกาม
qas	no	คนซุ่มซ่าม
cds	no	วรรณกรรมไร้คุณค่า
dmc	yes	คนตกอับ
svp	no	ก้าวร้าว
is	yes	ที่ไม่มีความสุข
cds	no	ลูกเด็กเล็กแดง
ps	yes	ผิวดำ
re	no	การก่อการร้าย
an	no	เนื้อปลาไหล
is	yes	โชคร้าย
pa	yes	นักวิชาการ
cds	no	แก๊งค์
cds	no	โจรยกเค้า
cds	no	แก็งค์อาชญากร
ddp	yes	คนไร้การศึกษา
dmc	yes	เหม็น
ddp	yes	ไอ้สารเลว
cds	no	คนเลวทราม
cds	no	การให้กู้เงินโดยคิดดอกเบี้ยสูง
qas	no	ช่างทาสีบ้าน
ps	yes	คนนิโกร
re	no	ลักขโมย
dmc	yes	คนดวงตก
ps	yes	เด็กดาวน์
ps	yes	คนยิว
an	no	หมู
ddp	yes	คนปากโป้ง
re	no	การลักขโมย
svp	no	ความเกียจคร้าน
re	no	การจี้
svp	no	คนตะกละตะกลาม
dmc	yes	ผู้กระทำความผิด
asm	no	พระคุยหฐาน
is	yes	คนชั่ว
pr	no	แม่วัว
cds	no	นักเขียนรับจ้าง
dmc	yes	คนไร้สกุลรุนชาติ
an	no	แม่แพะ
an	no	สุนัข
is	yes	ความยากจนข้นแค้น
an	no	หัวขี้เลื่อย
or	no	กะหล่ำปลี
cds	no	สมคบคิด
cds	no	คนน่าเบื่อ
svp	no	ความเบื่อหน่าย
svp	no	คนกินจุ
pa	yes	คนชั้นต่ำ
cds	no	กลุ่มญาติพี่น้อง
qas	no	คนวาดรูปที่ขาดทักษะ
qas	no	ความเท็จ
cds	no	คนซุ่มซ่าม
dmc	yes	ชั่ว
dmc	yes	คนทรยศชาติ
pr	no	กะหรี่
qas	no	การทำผิดพลาด
om	no	บั้นท้าย
or	no	คนโง่
cds	no	พฤติกรรมหยาบคาย
cds	no	พูดกรอกหู
ddf	yes	น่าเกลียด
ps	yes	คนไม่เต็มบาท
re	no	โจรจี้ปล้น
ps	yes	คนมองโกลเลีย
ps	yes	ดำ
an	no	ไฮยีน่า
an	no	งวง
an	no	ปลาสกอร์เปียนฟิช
an	no	เรื่องไร้สาระ
an	no	ความโหดเหี้ยม
dmc	yes	คนนอกกฎหมาย
cds	no	ตำรวจ
om	no	เลดี้
or	no	ต้นหัวผักกาด
pr	no	หญิงสกปรกเกียจคร้าน
qas	no	เมกอัพ
dmc	yes	คนขี้จุ๊
dmc	yes	กุ
an	no	กุ๊กไก่
re	no	ทำให้ทนทุกข์ทรมาน
is	yes	กระยาจก
an	no	ลา
cds	no	ความยโสโอหัง
dmc	yes	โจรร่วมขบวนการ
asm	no	ลูกอัณฑะ
cds	no	คนหลอกลวง
or	no	หัวขี้เลื่อย
re	no	ขี้ขโมย
re	no	คนพาล
cds	no	คนบาป
cds	no	คนอ่อนแอ
qas	no	คนไร้ค่า
qas	no	ลูกนา
qas	no	โกหก
an	no	ริ้น
an	no	ไอ้ควาย
cds	no	คาราวาน
svp	no	คนเลี่ยงงาน
cds	no	คนขี้แย
an	no	โค
pa	yes	คนเลี้ยงแกะ
svp	no	ความเปล่าประโยชน์
ddp	yes	คนมักง่าย
cds	no	เหี่ยว
ddp	yes	ต่ำกว่าปรกติ
an	no	เหา
ps	yes	คนเซ่อซ่า
an	no	ตัวตลก
ddp	yes	หัวขี้เลื่อย
asm	no	เยาะเย้ย
ddp	yes	ตุ่น
or	no	คนไร้สติปัญญา
qas	no	นักทฤษฎี
an	no	สกุลค้างคาวลูกหนู
asf	no	ตุ่น
ddp	yes	เรื่องไร้สาระ
cds	no	คนไม่เอาถ่าน
cds	no	คุยจ้อ
asm	no	คนปล่อยไก่
om	no	ที่ไม่ปกติ
cds	no	ผู้ชม
asf	no	คนโง่เขลา
or	no	ยี่หร่า
dmc	yes	คนโชคร้าย
cds	no	คนไม่ชอบทำงาน
asm	no	ต้นถั่ว
dmc	yes	คนเถื่อน
cds	no	เด็กน้อย
an	no	คนถ่อย
cds	no	กอง
qas	no	ชาวไร่
an	no	หมาป่าไฮยีน่า
an	no	ร้องเสียงลา
an	no	สัตว์เดียรัจฉาน
ps	yes	คนจรจัด
re	no	ของโจร
qas	no	เจ้าของร้าน
ddp	yes	สัตว์เดียรัจฉาน
qas	no	กระต๊อบ
cds	no	สามัญชน
an	no	สกุลคาปรา
cds	no	ผู้งมงาย
cds	no	คนเชื่อคนง่าย
qas	no	ทำงานชุ่ย
cds	no	คาสิโน
pa	yes	ปกขาว
cds	no	จบชีวิต
ddp	yes	คนไม่มีการศึกษา
cds	no	เด็กซน
cds	no	คนประจบสอพลอ
qas	no	แหย่
ddp	yes	ซึ่งไม่สามารถพอ
asf	no	พระโลมะชาติ
ddp	yes	วรรณกรรมไร้คุณค่า
qas	no	ท่านบารอน
ps	yes	คนจีนแผ่นดินใหญ่
pa	yes	หมอความ
an	no	เพื่อนกิน
qas	no	ซึ่งวิกลจริต
ddp	yes	คนพูดไม่ชัด
cds	no	เด็กอ่อน
an	no	แพะ
dmc	yes	คนโกหก
asm	no	คนเปิ่น
pr	no	แม่โค
cds	no	งานกินเลี้ยง
or	no	แตงกวา
cds	no	ผู้กระทำความผิด
svp	no	คนผัดวันประกันพรุ่ง
asf	no	วรรณกรรมไร้คุณค่า
pr	no	ภรรยาลับ
cds	no	ฝูงนก
cds	no	ไอ้สารเลว
ddp	yes	ผู้อ่านหนังสือไม่ออก
cds	no	ตาย
cds	no	ผู้คุม
svp	no	ไฟโลกีย์
cds	no	คนลักขโมย
dmc	yes	พวกแก๊งอันธพาล
qas	no	ลูกสมุน
an	no	คนตระหนี่
svp	no	เกียจคร้าน
cds	no	เจ้าเล่ห์
qas	no	บ้านสุนัข
cds	no	มาเฟียซิซิลี
an	no	คนเชื่อคนง่าย
cds	no	ลัทธิมูลฐานนิยม
cds	no	ความคลั่งไคล้
qas	no	นักธุรกิจชั้นนำ
asm	no	นอน
dmc	yes	คนผิด
cds	no	สิ้นพระชนม์
cds	no	โจรปล้นปศุสัตว์
cds	no	ห้องพระบังคน
ps	yes	คนทำลาย
cds	no	มูมมาม
svp	no	ความริษยา
re	no	มาเฟียโคซานอสตรา
cds	no	การทำผิดพลาด
an	no	แกะตัวเมีัย
ddp	yes	คนปล่อยไก่
cds	no	ฝูง
an	no	ปาก
pr	no	หญิงขายบริการทางเพศ
cds	no	คนไร้ค่า
ddp	yes	ที่ไม่มีสติปัญญา
qas	no	สับสน
an	no	นกเค้าแมวเล็ก
qas	no	ขอทาน
pr	no	หญิงขายบริการ
an	no	วัวป่า
cds	no	ความตลกลามก
qas	no	คนมักง่าย
asf	no	หอย
dmc	yes	คำโกหก
ps	yes	ชาวเยอรมัน
ddp	yes	ผู้เคราะห์ร้าย
ddp	yes	สัตว์
qas	no	วาทศาสตร์
cds	no	หนอนหนังสือ
re	no	หัวขโมย
cds	no	ทิวงคต
an	no	กระทิง
ps	yes	คนเปิ่น
pr	no	อีหนู
qas	no	ผู้ติดสอยห้อยตาม
asm	no	ควย
an	no	ใบหน้า
asm	no	ไก่ตัวผู้อายุไม่เกินหนึ่งปี
ddp	yes	ผู้รับเคราะห์
asm	no	กระดอ
pr	no	หญิงชู้
asm	no	การเอา
dmc	yes	คนไม่เอาถ่าน
re	no	มาเฟียซิซิลี
an	no	นกเค้าแมวสกรีช
cds	no	คนโกง
asm	no	ร่วมรัก
cds	no	จากไป
cds	no	ผู้สอน
cds	no	มหาชน
or	no	ต้นแตงกวา
re	no	ผู้ร้าย
pr	no	วัวควาย
ps	yes	ไอ้มืด
cds	no	คนหลอกง่าย
an	no	คนขโมยศพ
qas	no	ผู้ค้า
an	no	คนดุร้ายเหมือนสัตว์
ps	yes	คนเชื่อคนง่าย
asf	no	คนเชื่อคนง่าย
dmc	yes	คนขายชาติ
pa	yes	หมอกฎหมาย
an	no	หมาไน
cds	no	คนโง่เง่า
an	no	ปากและจมูก
cds	no	อาชญากร
or	no	ฟักทอง
ps	yes	คนยิปซี
ps	yes	ซึ่งโกรธจัด
cds	no	คนพูดโกหก
asm	no	จ้าวโลก
qas	no	เล็ดไข่
is	yes	หรอมแหรม
cds	no	การลักขโมย
dmc	yes	จริยธรรม
cds	no	โจรกรรม
or	no	หม้อ
qas	no	งานบ้าน
qas	no	ความผิดที่น่าอับอาย
asf	no	ปิ๊
ddf	yes	ที่น่าผิดหวัง
cds	no	การชักว่าว
or	no	กระโหลก
cds	no	ส้วม
an	no	ไบสัน
an	no	ดื้อ
an	no	คนไร้การศึกษา
dmc	yes	ความเท็จ
qas	no	คำโป้ปด
an	no	ยุงธรรมดา
ddp	yes	ความไม่รู้
cds	no	เด็กชาย
pr	no	เมียน้อย
cds	no	คนขี้ขลาด
ps	yes	ชาวมองโกล
ddf	yes	ซึ่งมองไม่เห็น
an	no	ไมโครโฟนดักฟัง
an	no	ไฟลัมมอลลัสกา
cds	no	สวาปาม
cds	no	ของเสีย
ddp	yes	คนสะเพร่า
cds	no	คนรู้มาก
dmc	yes	โจรปล้นทรัพย์
re	no	ล้อเลียน
pa	yes	ชาวนา
re	no	ทรัพย์สินที่ปล้นมา
om	no	แตกต่าง
qas	no	คตินิยม
cds	no	ความทรนง
ddp	yes	คนซื่อ
pa	yes	ยามเฝ้าประตู
cds	no	คนสิ้นหวัง
dmc	yes	เป็นทุกข์
cds	no	นักหนังสือพิมพ์
cds	no	ความเท็จ
cds	no	คนจัดหาหญิงขายบริการ
cds	no	การดันทุรัง
cds	no	เด็กหนุ่ม
cds	no	ถึงชีพิตักษัย
qas	no	เรื่องขี้โม้
pr	no	การขายตัว
cds	no	คนหมกมุ่น
dmc	yes	ผู้ประสบเคราะห์กรรม
ddp	yes	คนดุร้ายเหมือนสัตว์
re	no	งานเขียนที่ถูกแอบอ้าง
dmc	yes	เรื่องโกหก
ddp	yes	ความโหดเหี้ยม
dmc	yes	นักต้มตุ๋น
cds	no	ประชาชี
cds	no	ห้องส้วม
dmc	yes	คนพเนจร
ps	yes	คนทำลายทรัพย์สินทางราชการ
dmc	yes	คนน่ารังเกียจ
om	no	การเอาประตูหลัง
cds	no	ไก่อ่อน
cds	no	คนไม่เก่ง
re	no	การทรมาน
an	no	หอยทากที่กินได้
ddf	yes	ผู้พิการทางสายตา
dmc	yes	คนขี้เกียจ
dmc	yes	คนไม่ชอบทำงาน
re	no	การกล่าวหา
svp	no	ความโกรธ
cds	no	โจรร่วมขบวนการ
ps	yes	ผู้ทำลาย
ddp	yes	ขาเมาท์
ps	yes	คนหลอกง่าย
re	no	การก่ออาชญากรรมทางเพศ
svp	no	มักมากในกาม
is	yes	คนยากคนจน
dmc	yes	คนอับโชค
cds	no	หมู่
om	no	ผักเฟนเนล
pr	no	โสเภณีข้างถนน
qas	no	parasite
rci	yes	คนชั้นต่ำ
an	no	ทาก
dmc	yes	คนเร่รอน
ps	yes	ชาวยิว
dmc	yes	คนไม่เก่ง
cds	no	สิ้นใจ
cds	no	ซากรถ
an	no	คนถูกสวมเขา
re	no	โจรขโมยวัวควาย
svp	no	ความไม่ชอบ
an	no	จิ้งจอก
rci	yes	ชาวนา
svp	no	กามารมณ์
ps	yes	ชาวอิสราเอล
qas	no	คนไร้การศึกษา
ddf	yes	คนหลังโกง
asm	no	การชักว่าว
is	yes	คนยากจน
ddp	yes	คนไม่มีสติปัญญา
dmc	yes	โจรจี้ชิงทรัพย์
pa	yes	อาจารย์มหาวิทยาลัย
asm	no	คนไม่เต็ม
cds	no	ขลาด
cds	no	ไอ้หัวปิงปอง
dmc	yes	กลิ่นเหม็น
qas	no	เงอะงะ
pr	no	วัวเพศเมีย
cds	no	ยัด
cds	no	ถึงแก่อสัญกรรม
om	no	ซึ่งแต่งกายลักเพศ
an	no	เนื้อหอยทาก
cds	no	ฝูงสัตว์ป่า
pa	yes	เสมียน
qas	no	ผู้นำลัทธิ
om	no	การตุ๋ยเด็ก
svp	no	ซึ่งโมโหง่าย
ddp	yes	คนไม่เต็มบาท
pa	yes	เกี่ยวกับศาสตราจารย์
cds	no	พูดเพ้อเจ้อ
pa	yes	คนขายปลา
ddp	yes	ซึ่งหลอกง่าย
an	no	เรือด
cds	no	เด็กอันธพาล
cds	no	กลุ่มภายใน
asf	no	คนปัญญาอ่อน
asm	no	ส่วนยื่น
cds	no	หนุ่มสำอาง
re	no	การข่มขืนกระทำชำเรา
qas	no	วรรณะ
cds	no	ห้องน้ำสาธารณะ
dmc	yes	ความหยาบคาย
cds	no	กองคาราวาน
svp	no	ความใคร่
cds	no	ความสับสน
re	no	สมาชิกแก๊ง
cds	no	ขโมยขโจร
an	no	ลูกห่าน
an	no	ไอ้โฮ่ง
asm	no	สีน้ำตาล
cds	no	ผู้คลั่งไคล้
cds	no	ความใหญ่
om	no	ก้น
cds	no	เจ้าหน้าที่ตำรวจ
svp	no	คนไม่เอาถ่าน
qas	no	สมุน
cds	no	เครื่องกีดขวาง
cds	no	แก๊งค์อันธพาล
cds	no	ซ่อง
asm	no	ตีหม้อ
asf	no	ขนตรงหัวเหน่า
ps	yes	คนงุ่มง่าม
ps	yes	คนป่าเถื่อน
asm	no	คนไม่เต็มบาท
an	no	หมา
svp	no	ขี้ตืด
re	no	โจรจี้ชิงทรัพย์
cds	no	พ่อสื่อ
cds	no	สุขา
an	no	ความเดือดดาล
cds	no	คนเถื่อน
ddp	yes	หมอเถื่อน
qas	no	น้ำเน่า
qas	no	ผู้ช่วยบาทหลวง
ddp	yes	เรื่องเหลวไหล
cds	no	ความปรารถนา
pr	no	นางกลางเมือง
dmc	yes	คนเร่ร่อน
cds	no	เจ้าหนี้หน้าเลือด
or	no	เฟนเนล
ps	yes	คนดำ
an	no	คนโง่
or	no	ต้นน้ำเต้า
cds	no	นักเลงคุมซ่อง
qas	no	เรื่องโม้
re	no	คามอร์รา
cds	no	ลัทธิฟาสซิสต์
re	no	นักเลงหัวไม้
re	no	ฆาตกรหญิง
ddp	yes	ที่ไร้รสนิยม
an	no	เห่าเสียงขรม
dmc	yes	โจรจี้ปล้น
asm	no	สีมารูน
an	no	นางแมวยั่วสวาท
cds	no	ถึงแก่อนิจกรรม
dmc	yes	คนเกียจคร้าน
ddp	yes	โง่
ddp	yes	คนชอบนินทา
pa	yes	พนักงานขายตั๋ว
re	no	มาเฟีย
re	no	ขโมย
re	no	การฆ่ามนุษย์
an	no	หมาใน
cds	no	การบูชารูปสัญลักษณ์
svp	no	คนตะกละ
ddp	yes	สัตว์ป่า
asm	no	อวัยวะเพศชาย
qas	no	ผู้ทำธุรกิจ
cds	no	พันธุ์ผสม
or	no	คนสมองทึบ
asf	no	คนไร้สติปัญญา
an	no	อวัยวะที่ใช้ดูด
qas	no	ชนชั้นกลาง
cds	no	นายหน้า
dmc	yes	คนคดโกง
cds	no	สูญเสียน้ำ
pr	no	หนู
asm	no	การแข็งตัวของอวัยวะเพศชาย
svp	no	ความใจแคบ
qas	no	ทำลวกๆ
svp	no	คนไม่เอาไหน
cds	no	เรื่องโม้
cds	no	ขยะ
cds	no	ครูผู้หญิง
qas	no	ผู้ประกอบการ
ddp	yes	คนเซ่อซ่า
svp	no	ความเดือดดาล
cds	no	พวกแก๊งอันธพาล
an	no	เครื่องดักฟัง
cds	no	คนมักง่าย
svp	no	ความต้องการทางเพศ
svp	no	โลภ
asm	no	ถั่วลันเตา
pa	yes	ส.อ.
pa	yes	ศาสตราจารย์
dmc	yes	ผู้ใช้เงินสุรุ่ยสุร่าย
qas	no	parasitic
dmc	yes	อาชญากร
ps	yes	คนพเนจร
dmc	yes	เปื้อน
om	no	รักร่วมเพศ
svp	no	คนไม่ทำงานทำการ
cds	no	มาเฟียโคซานอสตรา
qas	no	ปะ
asm	no	คนหลอกง่าย
cds	no	บ่อนคาสิโน
cds	no	คนร้าย
cds	no	เหม็นบูด
re	no	ความทุกข์ทรมาน
re	no	โจรกรรมทางวรรณกรรม
an	no	ตัวมอด
asm	no	เอา
or	no	เกย์
asf	no	คนเปิ่น
cds	no	เสมียน
re	no	การแบล็กเมล์
pr	no	อีเวร
an	no	แมลงเม่า
pr	no	อนุภรรยา
pa	yes	พนง.
an	no	เห่า
svp	no	โกรธ
pr	no	นางโลม
cds	no	มาเฟีย
an	no	คนอ่อนแอ
asm	no	สีเลือดหมู
cds	no	คนทำผิดกฎหมายและศีลธรรม
om	no	ยี่หร่า
re	no	ผู้ฆ่า
an	no	การร่วมเพศกับสัตว์
cds	no	คนคุมทาส
pr	no	สนม
cds	no	คนถ่อย
cds	no	วง
rci	yes	คนงุ่มง่าม
om	no	การสมสู่วัจมรรค
pr	no	บ้านเล็ก
cds	no	คนน่ารังเกียจ
dmc	yes	เด็กซน
cds	no	ครูบาอาจารย์
asf	no	สาวน้อย
pr	no	โค
cds	no	คนทั่วไป
re	no	การพิสูจน์อย่างทารุณ
svp	no	ความปรารถนา
ddp	yes	ผู้ไม่รู้หนังสือ
qas	no	คนระยำ
an	no	ดื้อดึง
ddp	yes	ซึ่งไร้รสชาติ
re	no	พวกแก๊งอันธพาล
asf	no	คนหลอกง่าย
ddf	yes	อัปลักษณ์
ps	yes	ชาวบัลแกเรีย
ddp	yes	คนปากเปราะ
ps	yes	คนชั้นต่ำ
ps	yes	ชายผิวดำ
an	no	แกะเลี้ยง
ddf	yes	คนแคระ
svp	no	อารมณ์โกรธ
re	no	คนฉ้อโกง
re	no	อาชญากรรมร้ายแรง
ddp	yes	ไอ้ควาย
an	no	อเมริกันไบสัน
qas	no	คนชนบท
cds	no	มรณภาพ
cds	no	นักโฆษณาชวนเชื่อ
pa	yes	สัปเหร่อ
asm	no	การแข็งตัวขององคชาต
cds	no	คนลายมือหวัด
cds	no	คนคุมซ่อง
ddp	yes	สติฟั่นเฟือน
an	no	โสเภณี
cds	no	สมรู้ร่วมคิด
svp	no	ความหยิ่งยโส
cds	no	คนที่ชอบเล่นตลก
asm	no	ปลา
cds	no	เรื่องเท็จ
cds	no	คนเขียนหวัด
asf	no	โมะ
svp	no	ตะกละตะกลาม
cds	no	คนขี้คุย
ps	yes	คนผิวหมึก
asm	no	ฟาวล์
ddp	yes	คนช่างพูด
qas	no	เรื่องโกหกมดเท็จ
cds	no	เนื้อเน่าเปื่อย
cds	no	หยาบคาย
or	no	ไอ้ควาย
or	no	หี
cds	no	คนปากเปราะ
an	no	จระเข้
an	no	หอย
cds	no	โถส้วม
om	no	ตุ๊ด
cds	no	ตีนแมว
cds	no	ความรก
asm	no	ถั่วปากอ้า
asm	no	มีเพศสัมพันธ์
or	no	หอย
an	no	คนโหดร้าย
dmc	yes	เรื่องโกหกมดเท็จ
qas	no	ความยุ่งเหยิง
dmc	yes	คนเลว
an	no	แมลง
ddp	yes	รูตูด
ddp	yes	คนผิด
cds	no	ความขลาด
cds	no	คนธรรมดาทั่วไป
an	no	นกฮูก
cds	no	ความอิ่มใจ
qas	no	ผู้จัดการร้าน
ddp	yes	นักต้มตุ๋น
om	no	ลา
cds	no	เด็กนรก
qas	no	เรื่องโกหก
cds	no	สิ้นชีพ
ddf	yes	เลว
ddp	yes	คนซุ่มซ่าม
pr	no	หญิงโสเภณี
cds	no	คนอวดรู้
ddp	yes	เดียรัจฉาน
ddp	yes	ไร้สมอง
is	yes	ใจแคบ
cds	no	ความจุ
dmc	yes	คับแคบ
dmc	yes	ผู้ชายเจ้าชู้
ps	yes	คนจีน
cds	no	อาจารย์
dmc	yes	เยาวชนผู้กระทำผิด
cds	no	เยาวชนผู้กระทำผิด
dmc	yes	คนปล่อยเวลาไปโดยเปล่าประโยชน์
dmc	yes	คนผัดวันประกันพรุ่ง
an	no	เจ้าหูยาว
ddf	yes	ขี้ริ้วขี้เหร่
an	no	แมงเม่า
ps	yes	คนผิวดำ
cds	no	คนเกียจคร้าน
qas	no	คนลักเล็กขโมยน้อย
ddf	yes	ขี้เหร่
ddp	yes	คนไร้สติปัญญา
svp	no	การหมดกำลังจิต
is	yes	คนตระหนี่
qas	no	เรือทิ้งร้าง
cds	no	ห้องสุขา
asf	no	หม้อ
cds	no	ซากโบราณ
cds	no	จำอวด
cds	no	กลืนพรวดเดียว
asm	no	คนปัญญาอ่อน
cds	no	ลูกลิง
cds	no	คนชั่ว
cds	no	ผู้วางกำหนดการ
cds	no	พูดเืพ้อเจ้อ
qas	no	หัวหน้ามาเฟีย
cds	no	สิ้นชีพิตักษัย
pr	no	มอด
dmc	yes	สกปรก
an	no	หมูขุน
asm	no	อัณฑะ
svp	no	คนเกียจคร้าน
qas	no	คำโกหก
cds	no	คนไร้สกุลรุนชาติ
pr	no	ข้าราชสำนัก
ddf	yes	ความอัปลักษณ์
asm	no	ร่วมเพศ
re	no	คนสารเลว
svp	no	วิโรธ
cds	no	คนไร้การศึกษา
cds	no	ห้องสุขาสาธารณะ
an	no	คนไม่มีการศึกษา
ddp	yes	ตูด
ddp	yes	ก้น
asf	no	หัวขี้เลื่อย
cds	no	งานปาร์ตี้
dmc	yes	คนไม่ทำงานจริงจัง
cds	no	คนฉ้อโกง
asm	no	คนเชื่อคนง่าย
pa	yes	บาทหลวงนิกายเยซูอิต
cds	no	ซอยตัน
re	no	เด็กซน
an	no	จุลชีพ
re	no	ลัก
cds	no	ผู้เคราะห์ร้าย
an	no	โจรปล้นสดมภ์
or	no	ต้นบัตเตอร์นัตสคว็อช
ddp	yes	คนเปิ่น
ddp	yes	คนไม่เต็ม
cds	no	การก่ออาชญากรรม
cds	no	คนทำผิดกฎหมาย
om	no	ลักเพศ
ddp	yes	สิ่งมีชีวิต
svp	no	ความโลภ
ddf	yes	คนพิการ
re	no	โจรปล้นปศุสัตว์
asm	no	พระคุยหประเทศ
cds	no	ซ่องโสเภณี
re	no	การฆ่า
cds	no	ออกอุบาย
cds	no	หอนางโลม
qas	no	ทำงานมักง่าย
asm	no	นก
qas	no	ลูกอัณฑะ
ddp	yes	คนเถื่อน
or	no	มันฝรั่ง
qas	no	ผู้ประกอบธุรกิจ
qas	no	ช่างทาสี
pa	yes	พนักงาน
asf	no	ไอ้ควาย
ddp	yes	คนโง่เง่า
re	no	การขโมย
cds	no	ผู้ประสิทธิ์ประสาทวิชา
ps	yes	ชาวฮีบรู
ddp	yes	คนโง่
pa	yes	นิติกร
asf	no	เรื่องไร้สาระ
re	no	คนข่มขืน
cds	no	ลูกอ่อน
re	no	โจรปล้นทรัพย์
an	no	แมลงสาบ
cds	no	ผู้เยาว์ผู้กระทำผิด
asm	no	ถั่ว
an	no	ตุ่น
pa	yes	ศ.
asm	no	เย็ด
an	no	คนหลอกง่าย
an	no	ดาวยั่ว
pr	no	นางคณิกา
ddp	yes	เหมือนเด็ก
cds	no	วงศ์ตระกูล
cds	no	คนชอบนินทา
qas	no	ผู้นำธุรกิจ
ps	yes	แวนดัล
cds	no	ของคัดออก
an	no	โคเนื้อ
cds	no	ความฉลาดหลักแหลม
qas	no	อัณฑะ
pr	no	วัวตัวเมีย
an	no	งูงอด
re	no	การใช้ความรุนแรงทางเพศ
cds	no	เสด็จสวรรคต
cds	no	เล่ห์เหลี่ยม
cds	no	เรื่องไม่จริง
pr	no	หญิงสำส่อน
or	no	คนรักร่วมเพศ
cds	no	โจรลักขโมย
cds	no	โง่
cds	no	พวกขวาจัด
cds	no	คนไม่ทำงานทำการ
is	yes	ยากจน
pr	no	หญิงงามเมือง
cds	no	คนน่าดูถูก
cds	no	เรื่องโกหกมดเท็จ
re	no	การใช้ความรุนแรง
qas	no	บารอน
pr	no	หญิงขายตัว
an	no	หมาจิ้งจอก
qas	no	ศิลปะแบบบาร็อก
asm	no	หลับนอน
svp	no	ความตระหนี่ถี่เหนียว
svp	no	กำหนัด
an	no	คนโง่เซ่อ
an	no	เหาคน
re	no	การข่มขืนโดยคนรู้จัก
cds	no	ถึงแก่กรรม
ddp	yes	คนอ่านหนังสือไม่ออก
ps	yes	ศาสนายูดาย
an	no	ฉลาม
ddp	yes	คนปัญญาอ่อน
cds	no	คนไม่เอาไหน
re	no	อาชญากรรม
svp	no	ไฟปรารถนา
an	no	อันดับโครโคดีเลีย
ps	yes	ผู้นิยมลัทธิฟาสซิสต์
cds	no	คนเลี่ยงงาน
re	no	กลุ่มมาเฟีย
cds	no	แก็งค์อาชญากรรม
dmc	yes	ผู้ทรยศ
re	no	ข่มขืน
re	no	การจี้ปล้น
an	no	อันดับย่อยเบลตโตดี
qas	no	ปัดแก้ม
cds	no	งานเลี้ยง
an	no	คนน่ารังเกียจ
svp	no	ความตะกละ
an	no	วัว
pa	yes	คนงุ่มง่าม
qas	no	ลูกเรือ
cds	no	ล้ม
qas	no	ล้อเลียน
ddf	yes	ขาพิการ
an	no	วัวควาย
cds	no	อันธพาล
cds	no	คนขี้ขลาดตาขาว
ddp	yes	ความโง่เขลา
ddp	yes	กา่รร่วมเพศกับสัตว์
om	no	โรคชอบแต่งกายลักเพศ
ddf	yes	ผู้มีดวงตาพิการ
cds	no	คนงุ่มง่าม
cds	no	คนไม่มีสติปัญญา
re	no	คนลักขโมย
cds	no	ผู้ไกล่เกลี่ย
ddp	yes	สาย
dmc	yes	คนไร้การศึกษา
ddp	yes	คนโง่เขลา
re	no	ผู้ก่อการร้าย
cds	no	คนงานที่ไม่หยุดงานประท้วง
cds	no	ยกย่อง
qas	no	ของคัดออก
ddp	yes	ที่ไม่มีปัญญา
qas	no	ผู้ช่วยพระ
cds	no	คนขลาด
ps	yes	ชาวนิโกร
qas	no	ผู้นำศาสนา
cds	no	คนให้ผู้หญิงเลี้ยง
dmc	yes	คนสุรุ่ยสุร่าย
an	no	นกเค้าแมว
qas	no	ผู้มีอุดมคติ
or	no	คนไม่มีสติปัญญา
cds	no	โจรงัดแงะ
an	no	กบ
qas	no	คนก่อปัญหา
re	no	ซึ่งใช้ความรุนแรง
qas	no	หยอกล้อ
an	no	สัตว์จำพวกกบ
an	no	คนชั่ว
qas	no	ชนชั้นกระฎุมพี
svp	no	นักกินแหลก
svp	no	แรงปรารถนา
cds	no	คนปากโป้ง
cds	no	ความพึงพอใจ
re	no	การฆ่าทารก
asm	no	ล่อ
cds	no	ความทะลึ่ง
cds	no	คนเลว
cds	no	ที่ซื้อได้
cds	no	เจ้าเนื้ออ่อน
svp	no	จอมเขมือบ
dmc	yes	ปลอม
an	no	จุลชีวัน
or	no	กบาล
cds	no	คนพาล
cds	no	เจ้าหนี้
an	no	นกแก้ว
om	no	สุภาพสตรี
ddp	yes	คนไม่รู้พยัญชนะ
is	yes	คับแคบ
dmc	yes	ความชั่ว
dmc	yes	ไม่สุภาพ
cds	no	เด็กทารก
qas	no	แต่งหน้า
cds	no	นักขับลำ
pa	yes	อาจารย์วิทยาลัย
pr	no	ตัวมอด
ddp	yes	ภาวะปัญญาอ่อน
ps	yes	ชาวจีนแผ่นดินใหญ่
svp	no	ความกำหนัด
an	no	ไร้สมอง
an	no	ตัวเมีย
asm	no	ตุ่น
pa	yes	อาจารย์มหาลัย
om	no	คนรักร่วมเพศ
an	no	คนเลว
dmc	yes	ตีนแมว
or	no	จิ๋ม
pa	yes	คนขายตั๋ว
dmc	yes	มอซซาเรลลา
cds	no	ถึงแก่พิราลัย
an	no	ห่านเบรนท์
ddp	yes	คนไม่รู้หนังสือ
re	no	ขโมยขโจร
is	yes	จน
ps	yes	พันธุ์ผสม
dmc	yes	คนมักง่าย
cds	no	เด็กเปรต
re	no	การใส่ร้ายป้ายสี
pa	yes	สมุหบัญชี
an	no	กาฝาก
cds	no	เรื่องโกหก
ps	yes	ชาวแวนดอล
cds	no	เขียนหวัด
an	no	หน้า
re	no	การทำให้ตาย
pa	yes	โปรเฟสเซอร์
cds	no	ต่อรอง
dmc	yes	คนทรยศ
an	no	คนไม่เอาไหน
qas	no	ตัวก่อกวน
qas	no	สามัญชน
dmc	yes	คนสารเลว
pa	yes	นักบัญชี
qas	no	ศิลปะบาโรก
cds	no	โจรปล้นรถโดยสาร
cds	no	โกหก
dmc	yes	ตัวตลกหยาบคาย
cds	no	กลุ่มคน
cds	no	ผู้ร้าย
om	no	เฟนเนล
cds	no	ความสกปรก
cds	no	ความรักตนเอง
re	no	ผู้กระทำความรุนแรงทางเพศ
dmc	yes	การผิดศีลธรรม
cds	no	คนบ้านนอก
cds	no	หัวสูง
om	no	การชอบไม้ป่าเดียวกัน
asm	no	หนังหุ้มปลายองคชาต
re	no	การฉกชิง
an	no	ปลิง
cds	no	ที่ทุจริต
re	no	การลักพาตัว
qas	no	ชาวนา
an	no	ปลาไหล
cds	no	สิ้นลม
an	no	ปลาฉลาม
an	no	แม่วัว
asm	no	เสา
dmc	yes	ของเลียนแบบ
qas	no	คนทำมาค้าขาย
cds	no	เนิร์ด
dmc	yes	คนถ่อย
an	no	คนขลาด
dmc	yes	ขี้เกียจ
re	no	การล่วงละเมิดทางเพศ
asm	no	มีเซ็กส์
dmc	yes	คนสะเพร่า
asm	no	ไข่
ddp	yes	อวิชชา
dmc	yes	ขี้ตืด
cds	no	ความขี้ขลาด
cds	no	ตระกูล
pr	no	แพศยา
cds	no	โจรขโมยวัวควาย
ddp	yes	เด็กงี่เง่า
dmc	yes	นักเลงหัวไม้
svp	no	ความทรนง
qas	no	สารผสม
an	no	คนขี้ขลาด
cds	no	ความโกลาหล
cds	no	คนขี้บ่น
dmc	yes	ปลอมแปลง
pr	no	ผู้หญิงขายตัว
dmc	yes	ผู้หลอกลวง
cds	no	ที่ไม่สุจริต
asf	no	คนสติไม่สมประกอบ
cds	no	การรับสินบน
an	no	น้องหมา
cds	no	ซี้
pr	no	แฟนนักเลง
dmc	yes	คนร้าย
om	no	ชาวรักร่วมเพศ
ps	yes	ผู้ทำลายทรัพย์สินทางราชการ
cds	no	คนทำผิด
an	no	นกแร้ง
ps	yes	คนเร่ร่อน
qas	no	พระอัณฑะ
rci	yes	คนเถื่อน
cds	no	ขาเมาท์
or	no	ต้นฮับเบิร์ดสคว็อช
cds	no	สมาชิกมาเฟีย
asm	no	นกเขา
asm	no	มัจฉา
cds	no	การคุยโม้
an	no	คนไร้สกุลรุนชาติ
an	no	คนสารเลว
pr	no	ผู้หญิงน่ารังเกียจ
cds	no	สุนัขกลายพันธุ์
ddp	yes	ไม่สามารถ
ddp	yes	การร่วมเพศกับสัตว์
cds	no	ซุบซิบ
svp	no	ละโมบ
svp	no	ความภาคภูมิใจ
pr	no	กิ๊ก
re	no	โจรเรียกค่าไถ่
qas	no	กระท่อม
cds	no	คนเกาะผู้หญิงกิน
qas	no	ลูกกระแป๋ง
svp	no	ความขี้เกียจ
dmc	yes	ตัวตลก
an	no	เห็บ
re	no	ทรัพย์สินที่ถูกขโมย
qas	no	ละครสัตว์
is	yes	เคราะห์ร้าย
cds	no	แม่สื่อแม่ชัก
cds	no	พระราชาคณะ
re	no	อาชญากร
is	yes	ยาจก
qas	no	คนผิด
svp	no	คนเฉื่อย
cds	no	คนชั้นต่ำ
asm	no	เสพเมถุน
or	no	ใบกะหล่ำ
cds	no	คำโกหก
is	yes	ขอร้อง
cds	no	งานเลี้ยงฉลอง
om	no	ต่าง
cds	no	ขี้กลัว
qas	no	แอ็กโคไลต์
cds	no	คนปัญญาอ่อน
an	no	เจ้าโฮ่ง
cds	no	คนไร้สติปัญญา
cds	no	เด็กแบเบาะ
or	no	โมะ
asf	no	คนซื่อ
ddf	yes	คนหลังค่อม
cds	no	ทางตัน
qas	no	ขยะ
an	no	มอด
asm	no	ปี้
ddp	yes	คนสมองทึบ
or	no	มะเขือเทศ
an	no	วัวตัวผู้ที่ถูกตอน
cds	no	คามอร์รา
re	no	หยอกล้อ
asm	no	สกุณา
ddf	yes	ผู้ทุพพลภาพ
asf	no	น้องนาง
an	no	ไอ้เข้
ddp	yes	คนสติไม่สมประกอบ
ddp	yes	ทำให้โง่เขลา
re	no	การข่มขืนเด็ก
cds	no	วงศ์วาน
svp	no	ตะกละ
cds	no	ปาปารัซซี่
cds	no	พ่อเล้า
ddp	yes	เหยื่อ
re	no	ผู้เข้ายึด
dmc	yes	จำอวด
cds	no	ตำรวจหญิง
is	yes	ยากไร้
dmc	yes	ผู้ใช้เงินมือเติบ
svp	no	การคุยโม้
an	no	คนไม่เอาถ่าน
an	no	หนอน
svp	no	คนไม่ชอบทำงาน
ddp	yes	คนปากพล่อย
re	no	พวกมาเฟีย
cds	no	อติมานะ
cds	no	ดอกเบี้ยเกินอัตรา
svp	no	ความตะกละตะกลาม
cds	no	พูดเรื่้อยเปื่อย
cds	no	คนอ่อนหัด
cds	no	คนสอดรู้สอดเห็น
qas	no	การทาสีบ้าน
cds	no	โจรปล้นทรัพย์
pa	yes	คนเถื่อน
pr	no	หนูสีน้ำตาล
qas	no	การเป็นมือสมัครเล่น
an	no	โสเภณีข้างถนน
qas	no	คนทำธุรกิจ
pr	no	โสเภณี
ps	yes	คนโง่
an	no	วัวเนื้อ
dmc	yes	คนโกง
ps	yes	บาร์บาเรียน
ddf	yes	ผู้พิการ
an	no	คางคก
re	no	นักฆ่า
pa	yes	ลูกหนี้ธนาคาร
re	no	ผู้เยาว์ผู้กระทำผิด
ps	yes	คนเถื่อน
pa	yes	นักกฎหมาย
dmc	yes	คนจรจัด
cds	no	เรื่องนินทา
qas	no	กาฝาก
re	no	ทรมาน
an	no	คนไม่มีสติปัญญา
asm	no	เจี๊ยว
qas	no	ทำงานสะเพร่า
cds	no	นักต้มตุ๋น
cds	no	กุลี
re	no	การใส่ร้าย
re	no	โจรงัดแงะ
pr	no	หญิงบริการ
re	no	สมาชิกมาเฟีย
qas	no	ชั้นกลาง
cds	no	เรื่องขี้โม้
an	no	คนทรยศ
ddp	yes	ประตูหลัง
qas	no	คนบ้านนอก
cds	no	โจ็กเกอร์
dmc	yes	หยาบคาย
re	no	คนทำผิดกฎหมาย
an	no	วงศ์โครโคไดลิแด
cds	no	แม่สื่อ
ps	yes	คนไม่เต็ม
pr	no	ผู้หญิงหากิน
ddp	yes	ผู้ถูกคุมขัง
ddf	yes	ความพิการ
qas	no	กระฎุมพี
om	no	การร่วมเพศทางทวารหนัก
an	no	วัวตัวเมีย
pa	yes	ผศ.
qas	no	ที่มีจิตฟั่นเฟือน
cds	no	พูดไร้สาระ
pa	yes	พนักงานยกกระเป๋า
dmc	yes	คนระยำ
qas	no	เรื่องเท็จ
ddp	yes	นักโทษ
asm	no	คนซื่อ
dmc	yes	คนชั้นต่ำ
an	no	ลาตัวผู้
is	yes	ขี้ตืด
cds	no	ท่อน้ำทิ้ง
an	no	วีเซนต์
pa	yes	ลูกจ้าง
qas	no	ฟาเตอร์
an	no	จุลินทรีย์
cds	no	หัวขโมย
is	yes	คนขอทาน
pr	no	การพูดเหลวไหล
cds	no	วางแผนลับๆ
cds	no	การหลงตัวเอง
cds	no	พูดลับหลัง
asm	no	เล็ดไข่
cds	no	กินมูมมาม
cds	no	คนซื่อ
cds	no	ฝูงปศุสัตว์
svp	no	ความแค้น
ddp	yes	ผู้ไม่รู้พยัญชนะ
cds	no	เสียชีวิต
ps	yes	คนปัญญาอ่อน
cds	no	ฉลาด
an	no	แร้ง
cds	no	คนเจ้าเล่ห์
cds	no	ครู
an	no	จระเข้เคแมน
ddf	yes	ตาบอด
cds	no	คนสะเพร่า
asm	no	มัสยา
asm	no	ลูกกระแป๋ง
qas	no	ทำงานลวกๆ
cds	no	คนสติไม่สมประกอบ
re	no	กวาดทรัพย์สิน
an	no	เนื้อไก่
qas	no	ทำให้เสียหาย
qas	no	ตัวปัญหา
dmc	yes	เรื่องเท็จ
cds	no	คนผิด
ps	yes	ชาวเบดูอิน
qas	no	การแสดงละครสัตว์
ddp	yes	คนระยำ
is	yes	คนยากไร้
cds	no	อ.
dmc	yes	เกียจคร้าน
svp	no	คนขี้เกียจ
cds	no	คนขี้ขโมย
svp	no	ความภูมิใจ
cds	no	ผู้ควบคุมนักโทษ
ddp	yes	โง่ๆ
dmc	yes	การบิดเบือนข้อเท็จจริง
cds	no	โคมเขียว
pa	yes	ผู้ช่วยศาสตราจารย์
asm	no	ลึงค์
cds	no	ผู้คุมนักโทษ
asm	no	จู๋
pa	yes	ทูต
an	no	สุกร
cds	no	ความหยิ่งยโส
ddf	yes	ความทุพพลภาพ
qas	no	คนก่อเรื่อง
is	yes	คนยากจนข้นแค้น
re	no	โจรลักขโมย
dmc	yes	ทริกสเตอร์
asf	no	คนไม่เต็มบาท
cds	no	นาย
pa	yes	คนไร้การศึกษา
om	no	คนข่มขืนเด็ก
re	no	การทารุณกรรม
is	yes	เด็กมอมแมม
or	no	ผักชีล้อม
qas	no	ผู้ช่วย
an	no	หมูตอน
om	no	ตูด
or	no	ผักเฟนเนล
re	no	ฆาตกร
is	yes	ความยากจน
cds	no	เรื่องไร้สาระ
qas	no	คนชอบของฟรี
cds	no	ม็อบ
ddf	yes	คนหลังโก่ง
ps	yes	สีดำ
qas	no	บุคคลผู้มีอำนาจ
asf	no	คนโง่
or	no	ตุ๊ด
pa	yes	ทนายความ
asm	no	ร่วมสุข
an	no	นักเลงหัวไม้
pr	no	หญิงเสเพล
qas	no	กสิกร
svp	no	คนปล่อยเวลาไปโดยเปล่าประโยชน์
qas	no	เกษตรกร
an	no	คนโง่เขลา
re	no	การข่มขืนกระทำชำเราเด็ก
re	no	คนฆ่า
cds	no	คนสารเลว
cds	no	พวกมาเฟีย
ddp	yes	คนเลวทราม
an	no	เชื้อจุลินทรีย์
cds	no	ผู้พิทักษ์สันติราษฎร์
cds	no	ลายมือหวัด
svp	no	ไฟกำหนัด
cds	no	ความผิดที่น่าอับอาย
qas	no	ผู้นำทางจิตวิญญาณ
qas	no	คนทำมาหากิน
cds	no	คนเฉื่อย
svp	no	ความอ่อนเพลีย
an	no	บั่ว
qas	no	การพูดโอ้อวด
cds	no	ความโอหัง
qas	no	คนอวดรู้
asm	no	คนสติไม่สมประกอบ
svp	no	ขี้เกียจ
dmc	yes	มอสซาเรลล่าชีส
cds	no	ทารก
cds	no	ผิดกฎหมาย
cds	no	ปริศนา
ddp	yes	การบาดเจ็บทางสมอง
pa	yes	พนักงานรักษาความปลอดภัย
is	yes	โหรงเหรง
dmc	yes	เลว
an	no	เกี่ยวกับธรรมชาติของสัตว์
re	no	การป้ายสี
an	no	สกุลวิเปอรา
ddp	yes	ที่มีจิตฟั่นเฟือน
an	no	ไก่เลี้ยง
qas	no	คนงานในฟาร์ม
cds	no	สวรรคต
re	no	แหย่
cds	no	ขี้ขโมย
an	no	ลูกหมู
qas	no	งานปัดกวาดเช็ดถู
is	yes	คนจน
re	no	คนชั่ว
re	no	การฆ่าคน
pr	no	วัว
dmc	yes	คนหลอกลวง
an	no	ปลาฉลามขาว
asm	no	ฉ้อโกง
cds	no	ขี้ขลาด
pa	yes	พนักงานบัญชี
pa	yes	ทางการเมือง
dmc	yes	อันธพาล
dmc	yes	คนพาล
ps	yes	ชาวผิวดำ
cds	no	คนเดินวางก้าม
ddp	yes	ที่ไร้สติปัญญา
cds	no	แอบฟัง
cds	no	ประชาชน
an	no	หญิงโสเภณี
dmc	yes	การเสื่อม
re	no	นักข่มขืน
re	no	คนนอกกฎหมาย
svp	no	ละโมบโลภมาก
an	no	หมาบ้าน
qas	no	คนโง่เง่า
svp	no	บ้าคลั่ง
asm	no	รวม เพศ
cds	no	กุ
ddf	yes	ความน่าเกลียด
dmc	yes	สมาชิกแก๊ง
cds	no	ห้องน้ำ
cds	no	คนโง่
qas	no	คนงุ่มง่าม
qas	no	สุนัขพันธุ์บลัดเฮานด์
re	no	ฉ้อโกง
asf	no	จิ๋ม
an	no	อีแร้ง
cds	no	เศรษฐีใหม่
svp	no	ไฟพิศวาส
ps	yes	คนสติไม่สมประกอบ
re	no	เยาวชนผู้กระทำผิด
svp	no	ความอิจฉา
an	no	สุนัขตัวเมีย
asm	no	ดอกจำปี
an	no	วรรณกรรมไร้คุณค่า
pr	no	ไก่
qas	no	ดอน
cds	no	นายตำรวจ
pr	no	เมียเก็บ
qas	no	คนสะเพร่า
dmc	yes	ความชั่วร้าย
ddf	yes	คนตาบอด
svp	no	คนตระหนี่
om	no	ผู้ทุพพลภาพ
dmc	yes	คนไม่เอาไหน
ps	yes	ภาษาบัลแกเรีย
svp	no	นิสัยตะกละ
an	no	กา่รร่วมเพศกับสัตว์
cds	no	คนที่เจ้ากี้เจ้าการ
or	no	ปิ๊
cds	no	โจรจี้ปล้น
an	no	หอยทาก
an	no	ตัวเรือด
om	no	ผักชีล้อม
qas	no	มือสมัครเล่น
svp	no	คนตายอดตายอยาก
cds	no	ปาร์ตี้
dmc	yes	คนงุ่มง่าม
qas	no	คนชั้นกลาง
cds	no	ผู้ทำความผิด
cds	no	การขโมย
om	no	คนข่มขืน
ps	yes	พวกฟาสซิสต์
cds	no	ขโมย
qas	no	บลัดเฮานด์
an	no	โจรห้าร้อย
ps	yes	จีน
an	no	งูไวเปอร์
pa	yes	ยาม
an	no	สุนัขเพศเมีย
asm	no	คนโง่
cds	no	หมู่นก
ddp	yes	คนชั้นต่ำ
dmc	yes	คนไร้ค่า
dmc	yes	คนหยิบโหย่ง
re	no	การปล้น
an	no	รั้น
cds	no	คนระยำ
asm	no	การเอากัน
qas	no	กุ
pa	yes	คนขับรถม้า
re	no	มาเฟียอิตาลี
pr	no	อีตัว
svp	no	คนกินมูมมาม
asm	no	น้ำตาล
cds	no	นักปลุกระดม
cds	no	คนขี้จุ๊
dmc	yes	ใจแคบ
qas	no	การดูแลบ้านเรือน
dmc	yes	คนซุ่มซ่าม
asm	no	วิหค
cds	no	กลุ่มมาเฟีย
qas	no	ปรสิต
svp	no	ไฟสวาท
cds	no	ความหยิ่ง
asf	no	หี
pa	yes	ทนาย
svp	no	ความปรารถนาทางเพศ
ddp	yes	คนทรยศ
ps	yes	ยิว
asf	no	คนไม่เต็ม
re	no	การฆาตกรรม
pr	no	การขายบริการทางเพศ
cds	no	ผู้ให้การศึกษา
ps	yes	คนไร้การศึกษา
an	no	ไก่
ps	yes	คนปล่อยไก่
re	no	คนไม่เอาถ่าน
ddp	yes	ซึ่งเรียนรู้ได้ช้า
an	no	ยุง
an	no	เจ้าตูบ
an	no	ขี้ตืด
pa	yes	คนที่จีบผู้หญิง
qas	no	ช่างสี
qas	no	ม็อบ
an	no	วัวเพศเมีย
om	no	แต๋ว
re	no	คนร้าย
qas	no	คนงานในไร่
om	no	การมีเพศสัมพันธ์กับเด็กผู้ชาย
an	no	วงศ์ซิมิซิแด
pr	no	ตัวเมีย
qas	no	เพื่อนกิน
