ddp	yes	абдал
cds	no	прекъсване на
om	no	Гей мъж
cds	no	балама
asm	no	завинтване
an	no	бавно загряващ човек
cds	no	жалък страхливец
cds	no	самохвалство
cds	no	отблъснат
cds	no	престъпник
asf	no	влагалището
re	no	мафията
cds	no	помпозност
svp	no	скъперник
dmc	yes	наивник
cds	no	измамник
asf	no	вагинален
an	no	глупак
dmc	yes	посредствен
dmc	yes	мързеливец
cds	no	палячо
cds	no	мръсно куче
asm	no	тъпак
qas	no	отхвърли
om	no	twink
cds	no	мафиоти
cds	no	wangler
pr	no	уличната проституция
om	no	paederast
cds	no	layabout
ddp	yes	грубиян
ps	yes	doofus
svp	no	layabout
ps	yes	Монголоидна раса
pr	no	мъжка проститутка
pr	no	проституция
an	no	прасе
cds	no	фанатик
cds	no	достоен за презрение
cds	no	loanshark
dmc	yes	мързелан
qas	no	бракувам
ddp	yes	лайно
cds	no	коварния
asf	no	folderol
or	no	гей
cds	no	самомнителност
qas	no	избиване
svp	no	хайлазин
svp	no	арогантен
om	no	гей
cds	no	зло
ddp	yes	dumbass
cds	no	страхли́вец
cds	no	folderol
dmc	yes	лъжльо
cds	no	pudden главата
cds	no	крадец на дребно
asm	no	чукам
cds	no	подлия
dmc	yes	лъжец
cds	no	rumourmonger
dmc	yes	тесногръд
dmc	yes	lingerer
cds	no	тщеславие
cds	no	всезнайко
asm	no	чекиджия
an	no	rentboy
svp	no	унил човек
dmc	yes	dillydallier
om	no	ексцентричен
cds	no	мазник
dmc	yes	defrauder
cds	no	фашистки
dmc	yes	Либертин
ddp	yes	клюкар
ddp	yes	non sens
re	no	изнасилване
pr	no	лека жена
cds	no	фашистите
svp	no	самомнителен
cds	no	безпорядък
ddp	yes	издайнически
cds	no	страхливец
dmc	yes	воня
svp	no	волунтаризъм
cds	no	война банда
cds	no	празнодумец
asf	no	Вагина
dmc	yes	дивак
qas	no	лошо шапка
an	no	измами
an	no	мърляч
or	no	абдал
cds	no	самохвален
qas	no	лъжа́
cds	no	лапа
ps	yes	jigaboo
cds	no	бедните риба
cds	no	малодушие
pa	yes	uncouthness
cds	no	новобранец
om	no	Куиър
is	yes	дрипльо
ps	yes	метис
asf	no	Сменено дете
dmc	yes	изменник
ps	yes	changelings
cds	no	ябълка паркет
ps	yes	boche
an	no	мъжки ескорт
an	no	некомпетентен човек
ddp	yes	доносник
ddp	yes	глупост
pr	no	кокона
ps	yes	идиот
dmc	yes	нехранимайко
cds	no	сводничество
cds	no	грешница
an	no	жена-вамп
dmc	yes	варварин
cds	no	scrawler
dmc	yes	Ренегат
re	no	Мафиот
cds	no	недодялан човек
asm	no	задник
dmc	yes	коварния
cds	no	amateurishness
pr	no	comare
qas	no	amateurishness
svp	no	надменност
asm	no	мухльо
an	no	отблъснат
cds	no	разхвърлям
re	no	разбойник
cds	no	chiseller
ddp	yes	шарлатанство
an	no	жена преследвач
cds	no	мърморко
asf	no	fuckhead
ddp	yes	blunderer
pr	no	шлака
rci	yes	варварин
dmc	yes	зверчето
or	no	pillock
an	no	блудница
ddp	yes	преча на
an	no	дървеняк
re	no	изнасилвачи
cds	no	фалш
cds	no	книжен червей
cds	no	finagler
cds	no	сатири
ps	yes	абдал
asf	no	влагалище
om	no	педал
cds	no	селяк
cds	no	fabricator
asm	no	дяволите
dmc	yes	Варвари
dmc	yes	смрад
or	no	Куиър теория
ddp	yes	Глупости
dmc	yes	измет чанта
cds	no	мошеничество
an	no	негодник
cds	no	gossipmonger
cds	no	смет
re	no	villainess
is	yes	нещастник
cds	no	fawner
dmc	yes	отблъснат
cds	no	наглост
dmc	yes	неверен
svp	no	суета
an	no	зверски
cds	no	полицаи
asm	no	jeerer
an	no	diddlysquat
qas	no	муфтаджия
cds	no	бракувам
svp	no	суетен
dmc	yes	тесногръдие
cds	no	боклук
svp	no	стипца
an	no	смешници
dmc	yes	скитници
an	no	floozie
re	no	измамник
cds	no	обида
ddp	yes	балама
ddp	yes	хаймана
cds	no	Шайлок
ddp	yes	gossipmonger
an	no	zooerastia
an	no	галфон
cds	no	слухтя
pr	no	прелюбодейка
cds	no	dweeb
ddp	yes	измет и бобтейл
cds	no	сводници
ps	yes	варварин
cds	no	измама
ddp	yes	пратера
cds	no	изкупителна жертва
an	no	doodly-клек
an	no	тежка гемия
cds	no	wank
dmc	yes	Хитрец
cds	no	тъпак
an	no	карък
ddp	yes	Глупост
cds	no	лихвари
rci	yes	коварния
ddp	yes	измет
cds	no	зрител
cds	no	presumptuousness
cds	no	чекиджия
dmc	yes	страхливците
dmc	yes	подправен
an	no	невежа
asf	no	будала
an	no	измет и бобтейл
dmc	yes	еди-кой си
ps	yes	кретен
is	yes	скъперник
ddp	yes	zooerastia
is	yes	тесногръд
cds	no	Фашизма
an	no	grossness
dmc	yes	жесток
asm	no	изкупителна жертва
asm	no	наивност
cds	no	басейн бързат
cds	no	фашисткия режим
cds	no	високомерие
ps	yes	меко докосване
dmc	yes	chiseller
an	no	меко докосване
an	no	dumbass
ddp	yes	палячо
cds	no	лихва
ps	yes	mongoloids
an	no	relentlessness
an	no	повлекана
cds	no	измет чанта
asf	no	балама
ddp	yes	лековерен
pa	yes	коварния
dmc	yes	git
ddp	yes	Нонсенс
ddp	yes	дангалак
svp	no	негоден за нищо
dmc	yes	женкар
pr	no	дрънканици
an	no	улица момиче
cds	no	кръшкач
svp	no	завистлив
svp	no	cheapskate
asm	no	глупак
cds	no	бандит
ps	yes	подменено
pr	no	глупости
ddp	yes	невежество
cds	no	хитрец
or	no	бедните риба
ps	yes	глупак
cds	no	надменност
cds	no	непохватен човек
dmc	yes	зъл
an	no	дундьо
cds	no	страна работа
qas	no	цапач
cds	no	наивник
an	no	мухльо
cds	no	мерзък
re	no	шантаж
svp	no	безполезност
cds	no	негодник
cds	no	бандитизъм
cds	no	wonk
cds	no	улична банда
pr	no	любовница
ddp	yes	неук
cds	no	даскалица
cds	no	паплач-опашата лъжа
or	no	dumbass
pr	no	Проститутка
qas	no	паразит
cds	no	сицилианската мафия
cds	no	самохвалко
ddp	yes	глупак
qas	no	коварния
dmc	yes	Либертианско
dmc	yes	грубиян
cds	no	будала
dmc	yes	селяндур
dmc	yes	изме́нник
svp	no	инертност
asf	no	карък
an	no	трагичен злодей
cds	no	банда
cds	no	дървеняк
cds	no	лихварството
ddp	yes	темерут
pr	no	кучка
cds	no	измет и бобтейл
or	no	хоп
ddp	yes	задник
cds	no	nosy-parker
ps	yes	варварски
om	no	хоп
an	no	мръсно куче
cds	no	тъп
cds	no	варварин
cds	no	лъжа́
an	no	мародер
asf	no	dumbass
ddp	yes	gossiper
ddp	yes	zooerasty
ddp	yes	knucklehead
asm	no	парче на опашката
cds	no	надменен
cds	no	snooper
or	no	homophile движение
qas	no	варварски
is	yes	подлия
om	no	инвалид
cds	no	остракизъм
asm	no	flouter
ddf	yes	противен
an	no	спекулант
svp	no	кръшкач
cds	no	шегаджия
asm	no	shtup
dmc	yes	кръшкач
cds	no	абдал
ddp	yes	подменено
asm	no	будала
an	no	наивник
ps	yes	коварния
asf	no	путка
or	no	homophile
cds	no	улични банди
an	no	diddlyshit
ddp	yes	абсурдност
cds	no	bellyacher
or	no	тъпако
an	no	уличната проституция
pr	no	развратница
an	no	folderol
dmc	yes	измамни
pr	no	Проституцията
cds	no	конформист
cds	no	бързо един
or	no	финансите
cds	no	масите
an	no	пола преследвач
dmc	yes	непохватен човек
om	no	homophile движение
dmc	yes	мошеник
pr	no	floozie
asf	no	кретен
cds	no	хайлазин
svp	no	minginess
asm	no	чекия
asm	no	шибам
dmc	yes	колебая dallier
an	no	палячо
ddp	yes	скотски
pr	no	проститутка
dmc	yes	хаймана
ddp	yes	Сменени деца
svp	no	самонадеяност
cds	no	мошеник
svp	no	тщеславие
cds	no	педант
asm	no	отвличане на разстояние
pr	no	проститутки
re	no	debaucher
asm	no	credulousness
ddp	yes	безсмислица
ps	yes	мангал
qas	no	фалш
cds	no	некадърник
asm	no	търкаля в сеното
an	no	vamper
asf	no	фуста
dmc	yes	злодей
dmc	yes	младежката престъпно
re	no	мошеник
an	no	проститутка
cds	no	слаб човек
svp	no	мързелан
ps	yes	ruiner
asf	no	идиот
ps	yes	дангалак
cds	no	лихвар кожодер
pr	no	сексуални услуги
cds	no	злодей
cds	no	gossiper
qas	no	tagalong
qas	no	измет
cds	no	демагогски
an	no	кокона
ddp	yes	галфон
cds	no	whiner
cds	no	скрап
an	no	diddly-лайна
ddp	yes	тъп
is	yes	villainess
cds	no	бързат
pr	no	уличница
an	no	тъпако
asm	no	абдал
svp	no	надменен
pa	yes	грубиян
is	yes	злодей
ps	yes	преча на
cds	no	chiseler
ddp	yes	бедните риба
asf	no	мацка
svp	no	тесногръдие
dmc	yes	варвари
svp	no	страхливците
svp	no	любовта към себе си
ddp	yes	невежа
asm	no	Глупости
cds	no	страхлив
ps	yes	шваба
om	no	педераст
cds	no	tricker
dmc	yes	нещастник
ddp	yes	дивак
cds	no	преписвач
asf	no	changelings
svp	no	каналокопател
ddp	yes	разказвач
ddp	yes	неведение
or	no	хомосексуали́ст
ddp	yes	коварния
cds	no	проблем
ps	yes	мелез
dmc	yes	некадърник
cds	no	фокус
cds	no	дяволия
an	no	zooerasty
cds	no	Лихвар
dmc	yes	казуист
cds	no	наркоман
ddp	yes	простак
cds	no	git
cds	no	трагичен злодей
cds	no	маниак
cds	no	хой polloi
an	no	джудже
dmc	yes	blunderer
pr	no	джон
ddp	yes	лапа
an	no	мързелан
pa	yes	дивак
cds	no	лукавост
or	no	глупав
cds	no	timeserver
re	no	младежката престъпно
cds	no	неистинността
asf	no	Сменени деца
cds	no	пречка
qas	no	размирник
om	no	хомосексуали́ст
or	no	педераст
cds	no	подкупност
asm	no	карък
svp	no	ядач
an	no	nanus
pr	no	rentboy
ddp	yes	изкупителна жертва
cds	no	половин пинта
asf	no	маце
svp	no	арогантност
ps	yes	малоумник
asm	no	twirp
an	no	измамник
dmc	yes	Либертинизъм
an	no	немарлив човек
dmc	yes	бандит
qas	no	варвари
dmc	yes	pseud
cds	no	егоизъм
an	no	мижитурка
cds	no	взискателен
qas	no	непохватен човек
dmc	yes	фалшив
re	no	мафиот
om	no	queer
cds	no	splashiness
svp	no	горделив
an	no	кучка
svp	no	фанатик
cds	no	гонител
svp	no	Суета
dmc	yes	негодник
qas	no	измислица
dmc	yes	негоден за нищо
qas	no	послъгвам
cds	no	варварски
om	no	финансите
dmc	yes	dallier
cds	no	отхвърли
asf	no	подменено
svp	no	niggardliness
ps	yes	циганин
cds	no	нещо което смущава
re	no	сплетник
pa	yes	варвари
an	no	развратница
an	no	betise
om	no	poove
ddp	yes	blabbermouth
an	no	мъжка проститутка
ddf	yes	грозен
ps	yes	карък
ddp	yes	pudden главата
re	no	Терорист
svp	no	безсмислието
cds	no	нимфоманка
dmc	yes	ленив
an	no	codswallop
cds	no	промъкнем крадец
ps	yes	mestizaje
ps	yes	монголоидни
or	no	тъпак
cds	no	ултраконсервативно
cds	no	любовта към себе си
cds	no	карък
asf	no	малоумник
cds	no	vaunter
dmc	yes	хайлазин
cds	no	високомерен
re	no	raper
cds	no	Лъжа
qas	no	варварин
an	no	prickteaser
an	no	необразован човек
dmc	yes	зло
om	no	homophile
ddp	yes	зверчето
cds	no	мърляч
cds	no	селяндур
cds	no	moneylending
pa	yes	Варвари
an	no	knucklehead
dmc	yes	отстъпник
an	no	флиртаджийка
re	no	мафиоти
cds	no	schoolma'am
cds	no	Варвари
dmc	yes	Либертинство
re	no	охулител
is	yes	посредствен
svp	no	алчен
cds	no	затруднение
asm	no	чука
qas	no	неистинността
is	yes	просяк
an	no	тъпак
cds	no	повлекана
qas	no	лъжа
ddp	yes	варварин
dmc	yes	пройдоха
pr	no	нахалница
asf	no	knucklehead
pr	no	улица момиче
cds	no	мафия
or	no	минджа
om	no	Куиър теория
cds	no	moaner
cds	no	нескопосник
cds	no	мухльо
cds	no	фанатизъм
cds	no	подлизурка
or	no	Куиър
ddp	yes	Сменено дете
qas	no	грубиян
cds	no	глупак
or	no	хомосексуалист
dmc	yes	половин пинта
dmc	yes	шарлатанин
cds	no	еди-кой си
ddp	yes	doofus
cds	no	мързеливец
cds	no	тълпата
ddp	yes	тъпак
ddp	yes	идиот
dmc	yes	глупак изключване
svp	no	високомерие
re	no	libeler
ddp	yes	глупав
ddp	yes	малоумник
an	no	злодей
qas	no	зверчето
an	no	скъперник
asm	no	nooky
an	no	fuckhead
cds	no	полицай
ddp	yes	Варвари
an	no	еди-кой си
cds	no	реакционер
an	no	наем момче
or	no	knucklehead
ps	yes	нощно гърне
re	no	италианската мафия
cds	no	mussiness
or	no	галфон
ps	yes	будала
cds	no	кучи син
svp	no	superbia
asf	no	тъпако
dmc	yes	malodour
cds	no	твърди отпадъци
om	no	гейовете
cds	no	фашизъм
ddp	yes	карък
dmc	yes	Мистификации
svp	no	скръндза
ddf	yes	неприятен
cds	no	bragger
dmc	yes	фанатик
cds	no	измет
or	no	гейовете
re	no	акт на тероризъм
cds	no	лайно
ps	yes	krauthead
asm	no	шибан
cds	no	мерзавец
cds	no	страхливост
cds	no	cowardliness
re	no	maligner
cds	no	италианската мафия
cds	no	лихварство
svp	no	агресивен
asf	no	codswallop
cds	no	безскрупулен търговец
svp	no	самолюбие
cds	no	defrauder
dmc	yes	достоен за презрение
cds	no	формалист
asf	no	изкупителна жертва
an	no	измислица
an	no	изкупителна жертва
dmc	yes	villainess
svp	no	нападателен
dmc	yes	фанатизъм
re	no	изнудван
ddp	yes	доверчив
ps	yes	Сменено дете
ps	yes	darkie
dmc	yes	скитник
cds	no	Ушев
is	yes	скръндза
dmc	yes	нескопосник
cds	no	глупав човек
cds	no	Реакция
an	no	вулгарност
ddp	yes	глупости
svp	no	колебая dallier
ddp	yes	майка шибаняк
or	no	дървеняк
om	no	педофилът
qas	no	хаймана
ps	yes	наивник
ddp	yes	издайник
cds	no	loansharking
dmc	yes	трина
cds	no	спънка
cds	no	blunderer
qas	no	конформист
cds	no	хак писател
an	no	содомия
asm	no	кур
cds	no	път агент
ddp	yes	не знам нищо
asf	no	абдал
dmc	yes	Ренегати
cds	no	показност
re	no	мафия
or	no	Хомофил
ps	yes	хулиган
dmc	yes	Трикстър
cds	no	сноб
qas	no	използвач
dmc	yes	двуличник
cds	no	дивак
cds	no	сводник
cds	no	грешник
an	no	скотски
svp	no	нехранимайко
qas	no	луд
cds	no	поддръжници
cds	no	Шейлок
cds	no	меко докосване
dmc	yes	трагичен злодей
svp	no	мързеливец
cds	no	зверчето
or	no	глупак
asf	no	минджа
svp	no	ревнив
asf	no	дървеняк
ddp	yes	archie
cds	no	подмазвач
cds	no	банален
asm	no	wank
cds	no	неистина
cds	no	злосторник
re	no	изнасилена
qas	no	дилетант
svp	no	користолюбив
qas	no	Варвари
ddp	yes	nonsensicality
re	no	клевета
cds	no	трина
cds	no	Хиперсексуалност
ddp	yes	невеж
dmc	yes	разбойник
is	yes	гаврош
cds	no	изперкал
cds	no	сополанко
dmc	yes	псевдо
an	no	банален
cds	no	fanatism
ddp	yes	варвари
cds	no	лъжа
pa	yes	варварин
cds	no	егоистично
svp	no	ravenousness
re	no	терористи
qas	no	blunderer
re	no	престъпник
svp	no	мързелив
asf	no	doofus
cds	no	главорез
ddp	yes	шарлатанин лекар
svp	no	не сметка
an	no	некомпетентен
dmc	yes	жалък
cds	no	weisenheimer
dmc	yes	промъкнем крадец
qas	no	измет и бобтейл
re	no	сериен изнасилвач
ddp	yes	меко докосване
cds	no	младежки банди
cds	no	издайнически
cds	no	битови отпадъци
cds	no	Коза ностра
ddp	yes	лековерник
dmc	yes	варварски
or	no	взискателен
ddp	yes	шарлатанин
cds	no	тъпанар
re	no	терористичен акт
ddf	yes	половин пинта
an	no	ferociousness
an	no	свиня
dmc	yes	преда́тел
qas	no	Лъжа
svp	no	войнствен
cds	no	complainer
cds	no	dastardliness
dmc	yes	fabricator
ddp	yes	копеле
svp	no	ярост
dmc	yes	вероотстъпник
cds	no	фашизма
ddp	yes	наивник
an	no	интернет измама
is	yes	трагичен злодей
dmc	yes	лицемерно
cds	no	подъл
cds	no	интригант
dmc	yes	преструвка
svp	no	niggardness
cds	no	немарлив човек
cds	no	трик
cds	no	на всяко гърне меродия
dmc	yes	развратник
an	no	животински
cds	no	лъжльо
re	no	подлия
asm	no	глупост
svp	no	фанатизъм
asf	no	тъпак
ddf	yes	изтърсак
cds	no	измислица
an	no	улична проститутка
an	no	абдал
svp	no	dillydallier
asf	no	слива
an	no	порочност
re	no	злодей
ddf	yes	nanus
asm	no	идиот изключване
asf	no	момиче
ddf	yes	джудже
asm	no	балама
cds	no	мафиот
re	no	сицилианската мафия
re	no	Тероризмът
asm	no	подлец
cds	no	страхливците
cds	no	твърди битови отпадъци
or	no	queer
an	no	измет
dmc	yes	притворство
an	no	страхливец
cds	no	суета
ddp	yes	незнание
cds	no	извън закона
asm	no	Глупост
an	no	мъжката проституция
pr	no	мъжката проституция
pr	no	улична проститутка
qas	no	некадърник
re	no	Терористичен акт
om	no	хомосексуален
dmc	yes	не сметка
cds	no	член на банда
qas	no	moocher
an	no	мошеник
cds	no	грубиян
svp	no	безделник
ddp	yes	некомпетентен човек
ddp	yes	глупав човек
om	no	педера́ст
cds	no	метални отпадъци
cds	no	сводница
dmc	yes	безделник
or	no	poove
dmc	yes	hobos
cds	no	офицер
cds	no	Лихварство
an	no	скрит враг
an	no	diddly-клек
re	no	клеветник
cds	no	мъчен въпрос
or	no	fuckhead
cds	no	прасе
cds	no	Суета
ps	yes	Метис
dmc	yes	мръсно куче
cds	no	избиване
cds	no	варвари
rci	yes	дивак
cds	no	послъгвам
ps	yes	uprooter
cds	no	беляджия
an	no	рогоносец
or	no	путка
dmc	yes	недодялан човек
svp	no	gourmandizer
rci	yes	варвари
cds	no	посредствен човек
ddp	yes	варварски
an	no	подлия
cds	no	смешници
cds	no	хитрина
cds	no	Демагог
dmc	yes	подлия
rci	yes	Варвари
cds	no	волунтаризъм
asf	no	меко докосване
pr	no	Курва
asf	no	палячо
dmc	yes	layabout
pr	no	Проститутки
or	no	вагина
cds	no	злодея
pa	yes	варварски
cds	no	мистификатор
cds	no	педантичен
cds	no	rumormonger
cds	no	отпадъци
ddp	yes	плескало
pr	no	курва
re	no	тероризъм
cds	no	младок
cds	no	Нърд
pr	no	мъжки ескорт
qas	no	смутителят
ddp	yes	betise
om	no	Хомофилско движение
ddp	yes	безсмислен
om	no	хомосексуалист
or	no	глупав човек
dmc	yes	окаян
an	no	бавен човек
cds	no	развратен
cds	no	чекия
cds	no	старо желязо
cds	no	wisenheimer
ddp	yes	будала
re	no	изнасилвач
or	no	педал
ddp	yes	шарлатанин медицина
ddp	yes	codswallop
ps	yes	дървеняк
an	no	неумолимост
ddp	yes	rumourmonger
cds	no	младежката престъпно
dmc	yes	лош
re	no	дата-изнасилване
cds	no	тесногръдие
dmc	yes	libertinism
dmc	yes	прасе, свиня
cds	no	арогантност
asm	no	наивник
an	no	raunch
ps	yes	метиси
an	no	diddly
an	no	балама
ddp	yes	хулиган
ps	yes	Метиси
dmc	yes	изтърсак
is	yes	мошеник
ddp	yes	неразумен
pr	no	вещица
cds	no	клюкар
ddp	yes	подлец
is	yes	стипца
ddp	yes	содомия
cds	no	демагог
pr	no	спортни дама
ddp	yes	необразован човек
cds	no	банди
cds	no	нещастник
asm	no	палячо
pr	no	наем момче
cds	no	заем акула
dmc	yes	мизерен
an	no	прасе, свиня
ps	yes	грубиян
cds	no	villainess
cds	no	хиперсексуалност
cds	no	арогантен
re	no	изнудва
cds	no	крайно дясната крило
cds	no	codswallop
dmc	yes	посредствен човек
ps	yes	негър
cds	no	hypersexual
cds	no	шарлатанин
cds	no	Хюбрис
dmc	yes	фалшифициран
re	no	изнудване
ddp	yes	животински
asf	no	вагина
ps	yes	Сменени деца
cds	no	лихвар
cds	no	идиот изключване
cds	no	препятствие
cds	no	blabbermouth
cds	no	мафията
is	yes	cheapskate
dmc	yes	лъжлив
an	no	villainess
cds	no	banditti
cds	no	ченге
ddp	yes	мухльо
cds	no	палава
ddp	yes	ferociousness
om	no	странен
dmc	yes	мързелив
pr	no	метреса
an	no	diddley
cds	no	мижитурка
cds	no	зубрач
re	no	хула
svp	no	dallier
ddp	yes	скъперник
asf	no	галфон
qas	no	неистина
ps	yes	nigra
ps	yes	дивак
svp	no	чревоугодник
re	no	тероризма
dmc	yes	лицемер
an	no	курва
ddp	yes	глупаво
asm	no	betise
ddp	yes	необразован
dmc	yes	Мистификация
pr	no	блудство
cds	no	отвличане на разстояние
cds	no	разказвач
dmc	yes	крадец на дребно
ddp	yes	некомпетентен
ddp	yes	тъпако
pr	no	жена на улицата
or	no	ексцентричен
qas	no	дивак
asm	no	еба
svp	no	лаком
asf	no	наивник
ddp	yes	folderol
cds	no	groveler
ddp	yes	кретен
cds	no	шилото
ddp	yes	дървеняк
an	no	страхли́вец
pr	no	сводница
ddp	yes	тъпанар
rci	yes	варварски
an	no	git
rci	yes	грубиян
or	no	педера́ст
cds	no	калпазанин
asm	no	секса
dmc	yes	престъпник
ddp	yes	непохватен човек
svp	no	ленив
cds	no	наказателното зло
cds	no	самонадеяност
svp	no	conceitedness
or	no	лапа
re	no	Коза ностра
cds	no	самолюбие
dmc	yes	лицемерие
ddp	yes	twirp
ddp	yes	некадърник
an	no	слаб човек
asm	no	меко докосване
or	no	странен
cds	no	литературен хак
cds	no	догматизъм
cds	no	Фашист
dmc	yes	несериозен човек
svp	no	самохвалство
ddp	yes	changelings
svp	no	глупак изключване
cds	no	стражар
om	no	банален
cds	no	безделник
cds	no	хитрост
cds	no	изтърсак
ddp	yes	кучи син
ddp	yes	зверски
pr	no	търговски сексуални
cds	no	разбойник
cds	no	pandar
ps	yes	простак
pr	no	блудница
dmc	yes	лош дъх
cds	no	хаймана
pr	no	дама на удоволствие
dmc	yes	treasonist
cds	no	sharking заем
asf	no	betise
qas	no	неприятности машина
ddp	yes	детински
qas	no	сплетник
cds	no	superbia
cds	no	поощрявам
cds	no	майка шибаняк
cds	no	глупав
an	no	измет чанта
svp	no	високомерен
dmc	yes	фалшификатор
pr	no	fornicatress
asf	no	мухльо
dmc	yes	предател
dmc	yes	унил човек
or	no	pudden главата
cds	no	линия стрелецът
ddp	yes	инфантилен
svp	no	леност
qas	no	измама
dmc	yes	селяк
an	no	inexorableness
an	no	будала
pr	no	мърляв жена
an	no	не знам нищо
dmc	yes	foetor
re	no	насилник
cds	no	учителка
ps	yes	изкупителна жертва
ddp	yes	fuckhead
cds	no	копеле
dmc	yes	измама
qas	no	крада
re	no	изнасилвания
cds	no	дяволска работа
dmc	yes	измамник
cds	no	банда култура
ps	yes	тъпак
ps	yes	варвари
cds	no	ноу-то-всички
cds	no	conceitedness
or	no	слива
ddp	yes	детски
dmc	yes	chiseler
ddp	yes	порочност
cds	no	нахалство
ps	yes	Варвари
om	no	Хомофил
cds	no	Мафиот
cds	no	pillock
or	no	Хомофилско движение
dmc	yes	мошеник бог
svp	no	gorger
svp	no	tightfistedness
cds	no	Демагогия
cds	no	нимфомания
an	no	кокетка
or	no	Гей мъж
dmc	yes	лош човек
cds	no	мързелан
asm	no	страна работа
ddp	yes	безразсъден
ddp	yes	pillock
asf	no	глупак
an	no	лош човек
asm	no	doofus
asm	no	хуй
cds	no	свиня
ddp	yes	rumormonger
dmc	yes	Трикстер
asf	no	преча на
re	no	трагичен злодей
an	no	мръсен трик
