an	no	böcek
an	no	canis aureus
pa	yes	beyaz yakalı işçi
an	no	küçük kukumav
cds	no	kabile insanları
ddp	yes	kretinizm
re	no	cezayı gerektiren suç
om	no	posteriora
or	no	lezbiyen
re	no	iftiralarına
cds	no	saçma
re	no	çalmak
cds	no	cezaevi görevlisi
cds	no	sokak çeteleri
qas	no	barbarlar
cds	no	narsizm
cds	no	dümbük
or	no	nick jr.
qas	no	platin
pa	yes	karşılık gelen üyesi
pr	no	pezevenk
pa	yes	dava vekili
or	no	hıyarağası
qas	no	bloopers
or	no	bal kabağı
an	no	genus pipistrellus
svp	no	luxuria
dmc	yes	evsiz
pr	no	kevaşe
an	no	erkek fuhuş
cds	no	know-tüm
cds	no	barbar
an	no	sipariş crocodylia
cds	no	yiğidi
qas	no	granger
cds	no	ayıplamak
cds	no	blooper makara
svp	no	boş gurur
svp	no	acedia
cds	no	klikler
an	no	kafasız
svp	no	kıskançlık
re	no	cinsel taciz
ps	yes	yahudilik
qas	no	hafiye
re	no	şiddet
cds	no	çamaşır askısı
re	no	hakaret ve iftira
cds	no	zilotlar
pa	yes	cenaze müdürü
cds	no	işgüzar kimse
qas	no	er bezi
asf	no	folderol
or	no	murphy
cds	no	fascista
cds	no	ndrangheta
qas	no	kodaman
ddp	yes	dumbass
svp	no	cimri
an	no	dağ keçisi
ps	yes	siyahlık
cds	no	akraba grubu
cds	no	köktendincilik
cds	no	jokester
ps	yes	çinli
cds	no	italyan mafyası
cds	no	ailenin
asm	no	vicia faba
cds	no	rumourmonger
asm	no	embesil
cds	no	genelevi
asm	no	prepüs
dmc	yes	lingerer
asm	no	büllük
dmc	yes	hırsız gizlice
cds	no	boşboğaz
asm	no	yarak
cds	no	kötü el yazısı
an	no	orospu
cds	no	suçlu
ddp	yes	yaratık
cds	no	gençlik çeteleri
ddf	yes	çirkin
qas	no	bir boyacı ve dekoratör
an	no	crocodilia
cds	no	evsel kanalizasyon atıklarının
an	no	karabiberli kelebek
svp	no	bıkkınlık
pa	yes	özel elçisi
cds	no	oğlum
an	no	kurban
cds	no	cüsse
ps	yes	kaba adam
an	no	gırtlak
svp	no	azamet
cds	no	sahte idol gerektirir
or	no	puşt
cds	no	ahmak
or	no	amcık
qas	no	karmakarışık şey
cds	no	yarı-pint
dmc	yes	homunculus
cds	no	külüstür araba
ddp	yes	kötü iş gören kimse
cds	no	barbarca
pr	no	inek
ddf	yes	ehliyetsizlik
asm	no	bülüş
pr	no	sığırlar
re	no	tecavüz
asf	no	beyinsiz
an	no	athene noctua
qas	no	ballock
ps	yes	jigaboo
rci	yes	hödük
asf	no	döl yolu
qas	no	İş kadını
pa	yes	uncouthness
cds	no	alçaklık
an	no	kirli hüner
cds	no	gardiyan
re	no	ceza
dmc	yes	anlayışı kıt kimse
an	no	strigiformes
cds	no	genelevler
ps	yes	ceza kartı
ps	yes	zulular
ps	yes	aptal
cds	no	gebermek
ps	yes	changelings
an	no	ayaktakımı
qas	no	zürzavar
an	no	mâkiyân
an	no	ciğeri beş para etmez tip
an	no	mikroskopik canlılar
cds	no	kütle
cds	no	ceza
cds	no	olmazsa
cds	no	gayri meşru çocuk
cds	no	sicilyalı mafya
an	no	öfke
pa	yes	kapıcı
cds	no	miskin
asm	no	changeling
om	no	posterior
an	no	anguilliformes
re	no	yıldırıcılık
cds	no	rüşvet alma
pr	no	İnek
an	no	asıl sırtlanlar
re	no	gangster
an	no	çiğnemek
asm	no	faul
om	no	crossdresser
an	no	timsahgiller
re	no	kötü davranma
cds	no	amatörce
qas	no	gaf
cds	no	pezevenklik etmek
asm	no	erkek üreme organları
re	no	terör eylemi
pa	yes	sıradan bir profesör
an	no	anurans
ddp	yes	beceriksiz kimse
asm	no	avrupa fasulye
ddp	yes	beceriksiz kişi
qas	no	barbar
asm	no	fava
cds	no	karmakarışık şey
asf	no	bomba
an	no	vampir
pa	yes	olağanüstü profesör
or	no	queer
cds	no	konfor istasyonu
pr	no	Öküz
cds	no	yiyicilik
dmc	yes	dissimulator
cds	no	zamane
cds	no	mafya
ps	yes	kraut
re	no	ayartan kimse
pa	yes	akademisyenler
or	no	am
pa	yes	katip
cds	no	finagler
cds	no	sıcak kompres
ddp	yes	aptal
ddf	yes	engel
an	no	kurt
an	no	kötü
an	no	ahlaksızlık
cds	no	anlayışı kıt kimse
cds	no	polis
pa	yes	balıkçı kadın
an	no	wuss
qas	no	tacir
an	no	avrupa bizonu
re	no	haylaz
qas	no	tarla işçisi
re	no	slayer
an	no	haşarat
om	no	çapraz şifoniyer
cds	no	tefeciler
ddp	yes	geri kalmışlık
ps	yes	söküp
ddp	yes	olmanın animasyon
an	no	kafkas öküzü
qas	no	barbarca
cds	no	bebek
svp	no	işe yaramaz
cds	no	rustler
re	no	yasadışı
qas	no	hurda
cds	no	gangsterlik
an	no	kuzu
svp	no	invidia
svp	no	abuli
an	no	sırtlan
an	no	hamam böceği
om	no	travestiler
an	no	anuran
cds	no	topsy-turvydom
or	no	hıyar
an	no	eşek
cds	no	boy
ddp	yes	zihinsel engelli
cds	no	muzip
ps	yes	latino
is	yes	talihsiz
ddp	yes	enayice
cds	no	kumarhane
an	no	kanal bas
asm	no	corpus penis
cds	no	faşizm
ddp	yes	mikrosefali
qas	no	haya
asm	no	yumurta hücresi
qas	no	orta sınıf
pa	yes	kapı görevlisi
re	no	adam öldürme
qas	no	ideologu
cds	no	dweeb
cds	no	sürü hayvan
ddp	yes	hükümlü
cds	no	aşırmak
re	no	işkence cinayet
svp	no	kanal kazıcı
dmc	yes	evsiz kişi
svp	no	yedi Ölümcül günah
an	no	sivrisinekler
cds	no	hapishane gardiyanı
cds	no	dini toplantı
om	no	anal seks
qas	no	iş kişi
dmc	yes	ahlak
ddp	yes	çenebaz
cds	no	tefeci
an	no	ixodoidea
qas	no	başağrısı
ddp	yes	analphabetic
cds	no	hata
svp	no	overeating
om	no	foeniculum vulgare
cds	no	fop
ddp	yes	beyin hasarı
or	no	yeni patates
pa	yes	avukat
re	no	büyük hırsızlık
cds	no	bağnaz
cds	no	sahtelik
cds	no	çeteci
qas	no	ıvır zıvır
pa	yes	savunma avukatı
pr	no	şıllık
pa	yes	profesor
an	no	papağan
svp	no	conceitedness
om	no	makat
qas	no	konformizm
qas	no	ziraatçı
cds	no	muhabbet tellalı
cds	no	godoş
qas	no	sorun çıkaran
an	no	bizon
re	no	seks suç
an	no	yaratık
re	no	Öldürme
pr	no	fuhuş
an	no	keçi cinsi hayvan
re	no	scammer
ddp	yes	çük kafalı
cds	no	dostum
an	no	epifaunal
cds	no	kurnazlık
qas	no	amatör
qas	no	aşırmak
asm	no	penis boyu
cds	no	eğitmen
an	no	yerli domuz
ddp	yes	budala
cds	no	zekilik
qas	no	mahalle
cds	no	melez
qas	no	reddetmek
an	no	kevaşe
om	no	rezene
an	no	crocodylidae
svp	no	övüngenlik
cds	no	eşkıyalık
cds	no	grunge müzik
an	no	ada tavşanı
pr	no	gangsterin kız arkadaşı
qas	no	tabiin
an	no	İt
an	no	despoiler
ddp	yes	çiğnemek
an	no	kızıl akbaba
asm	no	ereksiyon
an	no	sürtük
ddp	yes	sağlık dolandırıcılık
qas	no	balast
an	no	gece kuşu
pr	no	buncombe
ddf	yes	özürlü
cds	no	emanetler
re	no	şantajcı
cds	no	wonk
ps	yes	afrika kökenli
or	no	dumbass
an	no	familiaris
cds	no	hırsız gizlice
an	no	yumuşak dokunuş
an	no	kukumav
re	no	gasp olayı
asm	no	wanker
re	no	hırsız
qas	no	çöp
an	no	engerek yılanı
asm	no	profesyonel faul
an	no	bufo
cds	no	seyirci
om	no	aboral
svp	no	tembellik
asm	no	erkeklik organı
an	no	rezil
dmc	yes	boş gezenin boş kalfası
qas	no	sodbuster
cds	no	hısım akraba
ps	yes	salak
asm	no	er bezi
cds	no	toplum kurallarına uyan kimse
dmc	yes	iki yüzlü
cds	no	iyi bakılmış çocuk
an	no	infauna
qas	no	orta sınıfın
an	no	hamamböceği
re	no	istismar
an	no	en küçük yabankazı
ddp	yes	akılsız
qas	no	karışık şey
asm	no	el işi
ddp	yes	zooerasty
an	no	mikrobiyal
om	no	mediyan çizgi
cds	no	narsist
cds	no	aptal
qas	no	belagat
an	no	yatak böcek
om	no	gayness
cds	no	çete
re	no	terörizm
pr	no	noctiluca
or	no	brassica oleracea
asm	no	shtup
an	no	anguillidae
ddf	yes	özür
asm	no	yumurtacık
svp	no	üzmek
is	yes	tamahkâr
cds	no	fanatizm
cds	no	akıl kumkuması
or	no	finocchio
cds	no	piç
cds	no	fanatiklik
cds	no	aynasız
cds	no	newswriter
ddp	yes	barbarlık
cds	no	İrticai faaliyet
qas	no	sanayici
qas	no	baroqueness
cds	no	bellyacher
pr	no	inekler
is	yes	cimri
cds	no	ayaktakımı-rouser
cds	no	çük kafalı
an	no	sipariş krokodiller
cds	no	putataparlık
an	no	folderol
an	no	aşüfte
asm	no	nookymi
or	no	spud
dmc	yes	barbar
ps	yes	beyaz
cds	no	bilmiş
an	no	beyinsiz
qas	no	karışmak-cendereye
cds	no	yüzeysellik
cds	no	haylaz
an	no	orthogastropoda
svp	no	tanha pali
pr	no	floozie
cds	no	bir hırsız
cds	no	broker
cds	no	yasadışı faaliyetleri
ps	yes	ahmak
cds	no	türedi zengin
dmc	yes	mozzarella peyniri
svp	no	minginess
re	no	ağırlaştırılmış soygun
re	no	silahlı soyguncu
cds	no	köhne
an	no	bizonu
re	no	camorra
dmc	yes	foetor
cds	no	kendini tatmin
asm	no	jerk-off
dmc	yes	sahtelik
dmc	yes	parya
cds	no	prankishness
cds	no	tabansız
qas	no	orta gelirli
cds	no	kredi sharking
cds	no	mess-up
ddp	yes	sıcak kompres
dmc	yes	haylaz
om	no	kaudal
qas	no	zurra'
or	no	bonce
asm	no	seks yapmak
cds	no	oybirliği
asm	no	credulousness
an	no	evcil koyun
cds	no	kötü iş gören kimse
ddp	yes	hiçbir şey bilmiyorum
cds	no	narsisizm
cds	no	faşistler
cds	no	mırıldanmak
pa	yes	profesör doktor
qas	no	testis
qas	no	grandiyozite
cds	no	pezevenklik
an	no	kan emici
pr	no	ticari seks
ps	yes	alman
an	no	ortak kurbağa
dmc	yes	dillydallier
dmc	yes	palyaço
ps	yes	barbar
cds	no	fabrikatör
ps	yes	ostrogot krallığı
qas	no	kastçılık
ps	yes	ruiner
ps	yes	siyah insanlar
an	no	aşifte
ddp	yes	orospu çocuğu
dmc	yes	çocuk suçlu
cds	no	ıvır zıvır
om	no	göt
om	no	bayanlar
cds	no	piyonlar
asm	no	ithyphallic
cds	no	avanak
an	no	İnek
qas	no	saf olmayan madde
qas	no	tagalong
an	no	hemipterous böcek
an	no	genus anguilla
an	no	pediculus humanus
re	no	italyan mafyası
cds	no	sarraflık
asf	no	kafasız
cds	no	whiner
cds	no	polis memuru
re	no	cinayet
qas	no	bir boyacı
dmc	yes	serseriler
is	yes	villainess
cds	no	aracı
re	no	kirli para
or	no	sıcak kompres
ddp	yes	ahlaksızlık
ddp	yes	kaba adam
dmc	yes	haydut
or	no	homofil hareketi
an	no	bit
re	no	birinci derece cinayetten
or	no	aptal
cds	no	nosy-parker
asm	no	kobra
cds	no	by-darbe
an	no	enayi
om	no	derriere
an	no	hoax
cds	no	jigolo
asm	no	roosting
re	no	suçlar
cds	no	ucuz roman
cds	no	haydutluk
svp	no	slackers
ps	yes	bulgaristanlı
cds	no	şarkıcılardan
svp	no	spiritlessness
cds	no	masonluk Örgütü
dmc	yes	mozzerella
om	no	yanar
an	no	pipiens'in
asf	no	changelings
qas	no	çiftçi
ddp	yes	sahte
an	no	minerva kuş
cds	no	komplo teorisi
pa	yes	cizvit
cds	no	toprak
om	no	anal sex
cds	no	puding kafa
ddf	yes	engelli
ddp	yes	saçma
an	no	yosma
an	no	zooerasty
cds	no	reddetmek
dmc	yes	scattergood
re	no	yasal tecavüz
svp	no	arzu
cds	no	idiolatry
an	no	büyük beyaz köpekbalıkları
cds	no	burnunu sokan kimse
re	no	terör hareket
cds	no	yığınlar
re	no	alçak
dmc	yes	numaracı
ps	yes	bitki ıslahı
re	no	neonaticide
ddp	yes	aptalca
an	no	salyangoz kabuğu
ddp	yes	bilgisizlik
cds	no	jerk-off
or	no	puding kafa
qas	no	kast
re	no	sığır baskın
pa	yes	muhasebeciler
ddf	yes	engelliler
is	yes	fakirlik
dmc	yes	mozzarella
dmc	yes	küfretmek
an	no	havlamak
cds	no	halk
svp	no	agresif
dmc	yes	fabrikatör
pa	yes	barbarca
is	yes	üzgün
re	no	tecavüzcü
cds	no	vergi kaçakçısı
an	no	noctiluca
an	no	nanus
re	no	kriminalize
cds	no	newspaperwoman
cds	no	kapalı sürme
ddf	yes	hareket engeli
an	no	muttonhead
cds	no	masalcı
cds	no	melez elde etmek
re	no	küçük hırsızlık
dmc	yes	sahtecilik
ps	yes	beduin
cds	no	yumuşak dokunuş
qas	no	homojen karışım
dmc	yes	pseud
ps	yes	yahudiler
asf	no	piliç
re	no	soyguncu çetesi
asf	no	afet
svp	no	7 ölümcül günah
asm	no	pterygiophore
svp	no	şehvetli
re	no	mafia
cds	no	gayri meşru
om	no	livata
pa	yes	avukatlar
cds	no	suç lordu
ps	yes	bulgar
cds	no	eziyetçi
asm	no	geciktirmek
cds	no	lağım donanımı
cds	no	scammer
re	no	yasa kıran
cds	no	çaylak
dmc	yes	dallier
an	no	amerika bizonu
an	no	hayvanlar
an	no	barbarlık
dmc	yes	rezil
asm	no	çük
is	yes	yoksul
dmc	yes	suç
an	no	betise
om	no	eşekmerkep
om	no	poove
dmc	yes	beceriksiz
an	no	anserinae
pa	yes	hukuk müşaviri
re	no	traducer
cds	no	bilgiçlik
dmc	yes	hovarda
or	no	lunkhead
an	no	codswallop
an	no	insan yiyici
qas	no	beyaz yalan
qas	no	hutch
re	no	zorla tecavüz
qas	no	rahip yardımcısı
an	no	irticacı
ddp	yes	barbarlar
cds	no	aşırı sağ kanat oyuncusu
cds	no	cockup
cds	no	topları-up
an	no	diddley
asm	no	masturbasyon yapmak
an	no	hyaenidae
om	no	anal ilişki
om	no	özürlü
cds	no	işkenceci
cds	no	filanca
ddp	yes	mental retardasyon
an	no	hırpani kişi
dmc	yes	ahlaken iflas etmiş
cds	no	tuvalet
an	no	sivrisinek
dmc	yes	çirkin
svp	no	iyi-için-naught
qas	no	kast sistemi
or	no	muttonhead
ddp	yes	puding kafa
cds	no	millet
cds	no	masonik
pr	no	spor bayan
cds	no	budala
cds	no	boş gurur
ddp	yes	boşboğaz kimse
om	no	eşcinsel
dmc	yes	mürai
an	no	tahta kurusu
dmc	yes	kötülüklerini
cds	no	şeytanlık
an	no	aile cimicidae
asm	no	sevişmek
an	no	domuz yavrusu
cds	no	grev kırıcılığı
an	no	şıllık
asm	no	alan fasulyesi
an	no	blattodea
an	no	kurtçuklar
pa	yes	bilimsel
an	no	equus asinus
an	no	mıymıntı
cds	no	kendini beğenmişlik
ddp	yes	entellektüel özürlü
an	no	filum mollusca
or	no	irlanda patates
pa	yes	bellboy
pr	no	whoredom
an	no	hemipteran
an	no	baykuşumsular
an	no	eski dünya buffalo
an	no	mollusca
ps	yes	musevi geleneği
an	no	bison bonasus
an	no	avrasya griffon
cds	no	akrabayı talukat
re	no	suçlu
svp	no	beyhude
qas	no	ressam ve dekoratör
re	no	mafya
svp	no	hareketsizlik
an	no	strix varia
or	no	şalgam
svp	no	fiziksel cazibe
ps	yes	jerry
re	no	şiddetli acı
ddp	yes	safdil
ps	yes	bedeviler
cds	no	haylaz çocuk
asf	no	geciktirmek
an	no	vurguncu
an	no	sürçülisan
an	no	zayıf kimse
re	no	libeler
an	no	alttakım blattaria
ddp	yes	embesil
dmc	yes	serseri
re	no	taciz
asm	no	düzmek
an	no	yerli koyun
an	no	ev köpeği
dmc	yes	yarı-pint
qas	no	aptalca hata
pa	yes	domuz kasabı
ddp	yes	yumuşak dokunuş
qas	no	sıradan
pr	no	john
re	no	tutan kimse
dmc	yes	sahte
asm	no	çiğnemek
dmc	yes	düzenbaz
asf	no	vajen
dmc	yes	hain
qas	no	kötü iş gören kimse
is	yes	yoksulluk oranı
cds	no	wheeler bayi
ps	yes	mongoloid
ddp	yes	bön
cds	no	yalan
an	no	filanca
svp	no	kibirli
ddf	yes	engellilik
an	no	pip-gıcırtı
ddp	yes	animalia
asm	no	sertleşme
cds	no	bragger
om	no	aynı cinsiyetten
an	no	gerçek yılan balığı
om	no	nonoş
cds	no	kamu kolaylık
cds	no	narsisistik
asm	no	ahmak
svp	no	duygusuzluk
ps	yes	kırmızı kart
an	no	görünmez tehlike
cds	no	önemsiz posta
dmc	yes	mirasyedi
ps	yes	barbarlar
or	no	salatalık asma
cds	no	acemice boyanmış resim
an	no	evcil tavuk
asf	no	codswallop
an	no	terketmek
cds	no	çapkınlık
ddp	yes	aptal kişi
re	no	suçlanabilir yalnızca suçtur
is	yes	züğürt
cds	no	snooper
qas	no	hurda demir
re	no	düzenbaz
svp	no	tanha
pa	yes	sayman
ps	yes	moğollar
cds	no	clann
an	no	diddly-squat
asm	no	göt parçası
an	no	öküz
dmc	yes	dağınık
an	no	genus vipera
cds	no	culchie
an	no	riffraff
cds	no	atıştırmak
cds	no	masturbasyon yapmak
an	no	crocodilidae
om	no	anterior
svp	no	yüksek ellilik
or	no	cucumis sativus
om	no	homosexualism
svp	no	miskin
cds	no	masonluk
dmc	yes	kirli
om	no	homoseksüellik
asm	no	bezelye
ddp	yes	esir
ps	yes	kara
an	no	mikro-organizma
asf	no	am
an	no	serseri
ps	yes	rommany
qas	no	katı atık
svp	no	gurur
cds	no	chawbacon
cds	no	loansharking
pa	yes	araştırma profesörü
qas	no	dükkâncı
qas	no	karmakarışıklık
qas	no	karışım
an	no	psittaciformes
an	no	kara sığır
ddf	yes	kötü
cds	no	propagandacı
cds	no	korkak
an	no	akbaba
om	no	eş cinsellik
an	no	yerli köpek
or	no	helvacı kabağı
an	no	canis lupus familiaris
asm	no	kahverengilik
an	no	dinleme cihazı
pa	yes	cenaze
an	no	mikroorganizma
cds	no	faul-up
pa	yes	funeral undertaker
asm	no	pipi
cds	no	jailor
dmc	yes	dönek
cds	no	suç patronu
cds	no	dasnik
an	no	diddly-bok
or	no	homoseksüel
ddp	yes	eğitimsiz kişi
ddp	yes	metazoan'da
cds	no	sıradan
qas	no	farmhand
om	no	puşt
cds	no	türedi
cds	no	itoğluit
cds	no	nerd
qas	no	yuvarlanmak
re	no	çalma
cds	no	çokbilmiş
om	no	keister
ps	yes	churl
pr	no	zevk bayan
ps	yes	siyah kişi
cds	no	line-shooter
re	no	seks suçu
cds	no	ölmek
ps	yes	çingene
ddp	yes	pislik
cds	no	çalma
re	no	iftiracı
pa	yes	barbar
pa	yes	barbarlar
dmc	yes	kokmak
cds	no	ağlayıp sızlanan kimse
svp	no	oburluk
cds	no	korkaklığı
cds	no	bagaj tren
qas	no	kereste baronu
ps	yes	barbarca
pr	no	fahişeler
cds	no	Şarlatanlık
ddp	yes	saçma sapan
svp	no	tutku
pr	no	kaltak
ps	yes	zulu insanlar
ps	yes	bedevi
dmc	yes	mecnun
asf	no	zamparalık etmek
cds	no	hödük
ps	yes	ıslahçı
an	no	escargots
cds	no	saray soytarısı
re	no	kaçırır
cds	no	ceza umutsuz
dmc	yes	ikiyüzlü
cds	no	İrticai
cds	no	küçük hırsızlık
dmc	yes	alçak
svp	no	ravenousness
pr	no	sürtük
asf	no	doofus
dmc	yes	ivır dallier
cds	no	karalayıvermek
cds	no	palavracı
cds	no	camorra
om	no	ipsilateral
pa	yes	talip
cds	no	kitleler
svp	no	can sıkıntısı
cds	no	güzel ama yapmacıklı
pa	yes	akademisyen
qas	no	konformist
svp	no	kurumlu
an	no	mikroskobik canlılar
qas	no	amerikalı işadamı
cds	no	karışmak-cendereye
om	no	kaba et
qas	no	işadamı
rci	yes	barbarlar
qas	no	esnaf
asf	no	gerzek
om	no	lezbiyen
ps	yes	hibrid
qas	no	iş kişidir
an	no	hiçbir değer vermediklerini gördüm
asm	no	pisum sativum
pa	yes	personel
cds	no	alçak
cds	no	üzgün çuval
an	no	yosun kazı
is	yes	düşük gelirli
an	no	animalia
asm	no	kahve rengi
re	no	işkenceci
pa	yes	çalışan
re	no	cosa nostra
cds	no	aşiretler
cds	no	beceriksiz
cds	no	ulak
cds	no	slackers
asm	no	yeşil bezelye
asm	no	teste
cds	no	şarlatan
or	no	patates
an	no	şırfıntı
qas	no	taşak
qas	no	ortak bir adam
svp	no	servet tutkusu
om	no	homoeroticism
dmc	yes	zampara
qas	no	dalış ağırlıklandırma sistemi
re	no	soyguncu
an	no	sciaenops ocellatus
qas	no	parazit
om	no	crossdress
an	no	gerzek
om	no	finocchio
rci	yes	barbarca
dmc	yes	sözde
om	no	ibne
cds	no	blackballed
an	no	bed bug
an	no	caprinae
ddp	yes	muhbir
re	no	hırsızlık
cds	no	can vermek
cds	no	akraba
re	no	cinsel saldırı
ddp	yes	dimwit
dmc	yes	yobaz
om	no	sodomist
qas	no	zari'
ddf	yes	kusurlu
cds	no	elebaşı
svp	no	iştahlı kimse
asf	no	ahmak
cds	no	dindarlık
or	no	pudden kafa
ddp	yes	fauna
ddf	yes	cüce
svp	no	avaritia
or	no	beyinsiz
svp	no	dillydallier
cds	no	marşandiz
or	no	götveren
cds	no	zıpçıktı
or	no	gey
asm	no	bakla
svp	no	gazap
om	no	eşcinsel hakları
om	no	drag queen
cds	no	küstahlık
an	no	eşekmerkep
cds	no	paparazi
re	no	kötü muamele
pa	yes	işçi
asm	no	taşak
an	no	adamcağız
qas	no	necrotrophic
cds	no	övünen kimse
pr	no	cariye
cds	no	bloopers
asm	no	geniş fasulye
cds	no	kılıksız kimse
cds	no	ton
cds	no	soyguncu
cds	no	fanatizmin
cds	no	şaka
cds	no	beguine
dmc	yes	serserilik
qas	no	uygunluk
cds	no	vefat etmek
cds	no	alay
an	no	yağmacı
an	no	kaz yavrusu
cds	no	aşiret
cds	no	tuvalet tesisi
ddp	yes	mahkum
dmc	yes	hobos
dmc	yes	barbarlar
qas	no	burgher kişi
asm	no	budala
pa	yes	kişisel sandalyeye
an	no	kaşlarını çatmak
an	no	nanny-goat
an	no	wisent
om	no	eşek
ps	yes	changeling
pa	yes	yardımcı doçent
ps	yes	yahudi ailenin
re	no	teror
an	no	cahil
re	no	yıldırıcı
cds	no	yığın
cds	no	lağım döşemi
or	no	rezene
cds	no	konformist
qas	no	ağırlık kemeri
dmc	yes	kaba
cds	no	pislik torbası
ddp	yes	codswallop
svp	no	mağrur
svp	no	bağnaz
cds	no	boş gezenin boş kalfası
re	no	kurumsal suistimalleri
cds	no	evildoer
cds	no	ufak tefek şeyler
an	no	hayvancık
dmc	yes	dolandırıcı
cds	no	kriminalize
pr	no	lampyris noctiluca
qas	no	hayvan itlafı
qas	no	tumturaklı konuşma
or	no	foeniculum vulgare
an	no	gallus gallus domesticus
qas	no	yumurta
om	no	posteriyör
cds	no	işlenmemiş kanalizasyon
cds	no	kökten dincilik
dmc	yes	kötü iş gören kimse
cds	no	hırsız
asm	no	aves
cds	no	tedarik
re	no	intihal
re	no	öldürmekten
an	no	kerata
ddp	yes	betise
cds	no	seks düşkünlüğü
svp	no	şehvet düşkünü olma
cds	no	evsel atık
cds	no	övüngenlik
dmc	yes	gangster
asf	no	vulva
ps	yes	İbranilik
pr	no	kahverengi sıçan
ps	yes	zenci
an	no	ixodida
cds	no	wisenheimer
pr	no	sokak kızı
an	no	crocodylian
an	no	salyangozu
pa	yes	diplomatik rütbe
re	no	rustler
pr	no	saçmalık
cds	no	pompousness
an	no	vücut biti
dmc	yes	işe yaramaz
cds	no	truckler
re	no	yeğinlik
re	no	katiller
asm	no	penis sertleşmesi
ddp	yes	mother fucker
ddp	yes	adam düşmek
pr	no	karabiberli kelebek
is	yes	alçak
ddp	yes	moronity
an	no	bocek
re	no	gangsterler
qas	no	fesatçı
qas	no	parasitize
ps	yes	metics
an	no	raunch
asm	no	koyu kahverengi
or	no	yeni patates vardır
dmc	yes	zavallı
cds	no	ıskartaya çıkarmak
ps	yes	ostrogoth
pr	no	güve
re	no	ganimet
an	no	haydut
om	no	homofil hareketi
cds	no	sallar
cds	no	klan
asf	no	vagina
cds	no	gaoler
cds	no	bordello
re	no	adam kaçırma
cds	no	intergeneric melez
an	no	yemeklik salyangoz
dmc	yes	bağnaz
an	no	bison bison
ps	yes	Çin
qas	no	barok mimarisi
cds	no	ostentatiousness
re	no	zorla
an	no	teke
an	no	solucanlar
ps	yes	Çingeneler
ps	yes	mestizaje
cds	no	acemi
ddp	yes	şarlatan
cds	no	satılmış
cds	no	parti
pr	no	şırfıntı
qas	no	uyum
ps	yes	doğal melez
or	no	eşcinsel
ddf	yes	âmâ
is	yes	-yok
qas	no	hata
cds	no	mırıldanır gibi duygusal şarkılar söyleyen şarkıcı
an	no	pislik
cds	no	codswallop
qas	no	kulübe
qas	no	köylü
dmc	yes	kriminalize
svp	no	tamahkâr
cds	no	go-between
cds	no	dolandırıcı
cds	no	yenidoğanlarda
om	no	dame
cds	no	bağımlısı
qas	no	ufak tefek şeyler
cds	no	bilimcilik
an	no	eurypterid
asf	no	hıyarağası
dmc	yes	git
an	no	aldatmak
cds	no	umumi tuvalet
svp	no	duyarsızlık
pr	no	aşüfte
cds	no	halinden memnunluk
pr	no	erkek fahişe
pa	yes	gişe memuru
cds	no	genelev
re	no	cinayet dedektifi
an	no	fauna
om	no	travestizm
cds	no	pudden kafa
ps	yes	serseri
cds	no	faşizm nedir
an	no	yabandomuzu
cds	no	gaf
an	no	hyaena
cds	no	homunculi
ps	yes	embesil
pa	yes	Öğretim elemanı
dmc	yes	samimiyetsizlik
dmc	yes	aldatma
pr	no	orospuluk
an	no	kadın kovalayan
ddp	yes	infauna
cds	no	meraklı
an	no	katır
asm	no	betise
ps	yes	bulgarlar
an	no	keçi sütü
qas	no	snooper
cds	no	yüzsüzlük
cds	no	arabulucu
qas	no	klasik retorik
dmc	yes	sahtekâr
qas	no	ıskartaya çıkarmak
qas	no	köpek evi
qas	no	acemi ressam
cds	no	serseri
cds	no	cosa nostra
asm	no	alık
cds	no	ödlek
cds	no	çocuk suçlu
ddp	yes	folderol
dmc	yes	kötülük
an	no	krokodil
qas	no	deli
qas	no	zoka
qas	no	hatip
pa	yes	sheepherders
cds	no	sığır hırsızı
ddp	yes	işletmek
pa	yes	balıkçı
cds	no	conceitedness
pr	no	sokak kadını
qas	no	işadamları
an	no	akbabalar
ddp	yes	boşboğaz
asm	no	glans penis
asf	no	yumuşak dokunuş
re	no	işkence aleti
cds	no	kıyamet
an	no	köpek balığı
qas	no	boyacı
re	no	İstismar
asf	no	budala
cds	no	kanalizasyon
qas	no	iş lideri
qas	no	şarlatan
pa	yes	churl
pr	no	büyükbaş
cds	no	sahte bir idol
an	no	doodly-squat
om	no	bayan
svp	no	öfke
an	no	insan yiyen köpekbalığı
qas	no	teste
ddp	yes	changelings
qas	no	ruhani lideri
cds	no	putperestlik
an	no	pediculus corporis
asm	no	fallus
om	no	gay erkek
an	no	o-keçi
pa	yes	cenazeci
qas	no	blooper
ddp	yes	hayvanlar
an	no	dağ engereği
or	no	yanık turuncu
cds	no	acemi asker
an	no	sülük
cds	no	yobaz
cds	no	akrabalık grubu
cds	no	trasformismo
an	no	mikroorganizmalar
ddp	yes	barbar
re	no	thieving
qas	no	common people
qas	no	vefasızlık
cds	no	leş
svp	no	kızgın
an	no	crocodilian
asf	no	vajina
cds	no	içgrup
asf	no	betise
re	no	raper
or	no	kabak
cds	no	thieving
asf	no	teknik özellik
pr	no	hetaira
pa	yes	prof.
dmc	yes	avare kimse
re	no	sicilyalı mafya
an	no	eurypterids
an	no	çehre
dmc	yes	saray soytarısı
an	no	tatarcık
an	no	helix pomatia
an	no	bitli
cds	no	demagog
cds	no	nouveau-riche
cds	no	oda yıkama
pa	yes	çoban
an	no	mikro-organizmalar
re	no	terörist
or	no	titizlik
cds	no	kalabalık
dmc	yes	hırsız
ddp	yes	kurban
pr	no	saraylı
om	no	dorsolateral
an	no	hayvan
cds	no	meraklısı
an	no	tabansız
ps	yes	karalık
ps	yes	negro
an	no	volaille
an	no	kurbağalar
ddp	yes	churl
om	no	crossdressing
cds	no	slews
om	no	eşcinseller
om	no	eş cinsel
cds	no	suç
ddp	yes	zeka geriliği
dmc	yes	soyguncu çetesi
pa	yes	muhasebeci
an	no	iskorpit
an	no	bitler
an	no	vipera berus
is	yes	baldırı çıplak
dmc	yes	beceriksiz kimse
asm	no	saflık
pr	no	lâğım faresi
om	no	eşcinsel hareketi
qas	no	blooper makara
cds	no	yasadışı
an	no	köpekbalıkları
cds	no	churl
pr	no	sosyetesinin
dmc	yes	kaytarıcı
om	no	proksimal
dmc	yes	Şer
asm	no	doofus
cds	no	narsizt
asm	no	kuyruk parçası
ps	yes	musevîlik
ddp	yes	rumormonger
cds	no	spor evi
ddp	yes	epifauna
svp	no	hiddet
cds	no	hiperseksüalite
an	no	koyun
an	no	salak
an	no	ovis koç
pa	yes	öğretim
ddp	yes	tutuklu
qas	no	Çöp
cds	no	farmason
an	no	kırmızı davul
pr	no	bos taurus
an	no	dağ keçileri
qas	no	retorik
ddp	yes	zihinsel özürlü
ps	yes	faşist
ps	yes	boche
pa	yes	belboy
an	no	baykuş
cds	no	zümre
svp	no	enviousness
om	no	twink
qas	no	itlaf
cds	no	gayrimeşru çocuk
ps	yes	doofus
an	no	aptal
dmc	yes	avanak
cds	no	pedagog
cds	no	kibir
asf	no	safdil
cds	no	dırdırcı
ddp	yes	animal
an	no	kurtçuk
cds	no	düzenbaz
asf	no	kedi
ddp	yes	salak
an	no	brent
svp	no	cimrilik
cds	no	çöpçatan
svp	no	bağnazlık
cds	no	tefecilik
dmc	yes	suçlu
cds	no	folderol
cds	no	aşk şarkıcısı
asm	no	bezelye bitki
ddp	yes	kafasız
pr	no	geme
qas	no	baronies
ps	yes	zulus
ddf	yes	kambur
an	no	böcekler
qas	no	otlakçı
dmc	yes	harcama-tüm
pr	no	saray
om	no	soylu kadın
ddp	yes	riffraff
an	no	crocodylia
or	no	homofil
ps	yes	yahudı
om	no	medyan çizgi
cds	no	ucuz romanlarda
om	no	bazal
or	no	safdil
ddp	yes	mental retarde
or	no	eşcinsel hareketi
pr	no	boğa
ddp	yes	üzgün çuval
an	no	ödlek
ps	yes	sarı kart
asm	no	adam düşmek
re	no	korsanlık
ps	yes	nigga
an	no	adam düşmek
om	no	mediyan
is	yes	göreli yoksulluk
an	no	korkak
ddp	yes	ahmak
svp	no	faineance
ps	yes	adam düşmek
cds	no	changelings
is	yes	dilenci
an	no	insan vücut biti
ddp	yes	beceriksiz
re	no	rezil
an	no	kayman
ddp	yes	hayvan
an	no	yerli sığır
svp	no	slothfulness
cds	no	inatçı
cds	no	paparazzi
ddf	yes	alçak
cds	no	bürokratım
cds	no	kendini beğenmiş
pr	no	rattus rattus
cds	no	doğal melez
ps	yes	metic
is	yes	mutsuz
om	no	güzel ama yapmacıklı
an	no	genus capra
om	no	leydi oldu
ddp	yes	alık
cds	no	gericilik
an	no	beyaz köpekbalığı
ddf	yes	gözsüz
cds	no	kuruş korkunç
qas	no	ortak kişi
dmc	yes	kötü kişi
cds	no	aldatıcı
dmc	yes	ciğeri beş para etmez tip
cds	no	yazar bozuntusu
an	no	crocodilians
an	no	redfish
om	no	eşcinsel erkek
an	no	balon swallower
cds	no	onlarca
ps	yes	siyah kadınlar
cds	no	oybirliği ile atmak
an	no	yerli eşek
re	no	plagiarization
cds	no	scrawler
an	no	shote
an	no	karakurbağası
ps	yes	vandal
cds	no	dinî fundamentalizm
pr	no	hogwash
pa	yes	bilim adamları
an	no	kuçu kuçu
cds	no	idol ibadet
asf	no	fıstık
ps	yes	mestizo
pr	no	comare
om	no	gey
svp	no	ters
an	no	sığır
pa	yes	teorik
cds	no	mother fucker
dmc	yes	talihsiz kişi
or	no	aşırı titizlik
om	no	apikal
an	no	epifauna
cds	no	hafiye
dmc	yes	bağnazlık
cds	no	ıslahçı
asm	no	mastürbasyon
qas	no	makyaj yapmak
an	no	iniltilerini
ddp	yes	barbarca
an	no	engerek
an	no	carcharodon carcharias
pa	yes	kamu muhasebe
an	no	ahmak
ddp	yes	piç
om	no	anal penetrasyon
pa	yes	deneme avukatlar
cds	no	omerta
cds	no	faşist
an	no	sivri sinek
an	no	keçi antilop
cds	no	hilebaz
asm	no	bülük
an	no	altın çakal
an	no	kılıksız kimse
ps	yes	romanis
om	no	plantar
asm	no	ingilizce fasulye
cds	no	paparaziler
qas	no	burjuva toplum tanıştı
cds	no	phratry
re	no	soydular
re	no	ırza geçme
om	no	dorsoventral
cds	no	eşleştirici
cds	no	köktencilik
cds	no	gizli meslek birliği
cds	no	hırsızlık
dmc	yes	kötü
re	no	villainess
cds	no	komplo teorisyenleri
cds	no	fawner
ddp	yes	changeling
cds	no	cevap vermek
svp	no	tatsız
dmc	yes	şakacı
cds	no	homunculus
cds	no	hayvan itlafı
om	no	horizontal
pr	no	norveç sıçan
cds	no	bencillik
qas	no	husye
ddp	yes	amentia
dmc	yes	soyguncu
re	no	ırz düşmanı
an	no	deniz akrep
cds	no	fakir balık
dmc	yes	İkiyüzlü
qas	no	becerememek
svp	no	irade yitimi
cds	no	Özseverlik
cds	no	vagon yol
an	no	floozie
ddp	yes	dedikoducu
dmc	yes	gangsterler
qas	no	hödük
ps	yes	yahudi din
re	no	hırpalama
an	no	sığırlar
pr	no	gevşek kadın
om	no	tooshie
or	no	lahana
cds	no	haydut
cds	no	ortak tuvalet
om	no	ventral
an	no	büyük beyaz köpek balığı
cds	no	ayakçısı
re	no	calunnia
an	no	zooerastia
dmc	yes	cani
an	no	hyaeninae
re	no	gaddarlık
ps	yes	13 esas kural
cds	no	çeteler
ps	yes	ostrogot
re	no	zimmete geçirme
an	no	gece yırtıcıları
ddp	yes	Şarlatanlık
ddp	yes	doofus
om	no	vücut eksenleri
asf	no	kasık saç
an	no	pislik torbası
an	no	gyps fulvus
svp	no	önemsiz
re	no	aşırma
re	no	çocuk suçlu
qas	no	mürettebat
cds	no	dogmatizm
dmc	yes	toplum dışına itilmiş
pr	no	sıçanlar
ddp	yes	zooerastia
pr	no	aşifte
qas	no	freiherr
asm	no	balık
an	no	grossness
an	no	pudge
an	no	badi
dmc	yes	avare
re	no	suç
asf	no	pislik
cds	no	mafia
pa	yes	hamal
qas	no	karışımı
cds	no	wads
cds	no	haber muhabiri
cds	no	adam düşmek
qas	no	üzgün çuval
dmc	yes	çapkın
ddp	yes	lunkhead
cds	no	religiousism
an	no	dumbass
qas	no	delice
an	no	eşekler
pr	no	norveç faresi
qas	no	yalan
cds	no	dedikodu
pa	yes	savunucuları
pr	no	cüruf
om	no	oğlancı
an	no	inatçı
ddp	yes	aksi kimse
ddp	yes	zekâ geriliği
qas	no	pazar kaleci
an	no	tavuk
an	no	villainess
dmc	yes	filanca
svp	no	ilgisiz
re	no	cinayetin
cds	no	changeling
an	no	kurbağa kurbağa
cds	no	soyguncu çetesi
re	no	gasp
cds	no	kaos
qas	no	şaşırtmak
cds	no	hırsızlık nedir
cds	no	kumicho
pa	yes	öğretim görevlisi
om	no	geride
or	no	nonoş
asf	no	salak
cds	no	hürmason
qas	no	evsel atık
an	no	anserini
pa	yes	arabacı
an	no	kaltak
pa	yes	salon porter
cds	no	oyunbaz
dmc	yes	ahmak
cds	no	kurban
ps	yes	ostrogotlar
dmc	yes	üzmek
pr	no	sıçan
qas	no	pariş
qas	no	delirmek
dmc	yes	mürailik
dmc	yes	yalan
an	no	animalculum
an	no	ortak viper
an	no	fahişe
pa	yes	akademi
asm	no	salak
dmc	yes	motley fool
cds	no	gündelikçi
dmc	yes	soytarı
an	no	tatanka
re	no	ırza tecavüz
cds	no	beceriksiz kimse
pr	no	seks işçisi
ddp	yes	geciktirmek
cds	no	topsy-turvyness
or	no	solanum tuberosum
asm	no	haya
cds	no	cezayı gerektiren suç
ddp	yes	şarlatanlık
ddp	yes	microcephalus
cds	no	put
cds	no	grev
cds	no	serbest ve kabul masonlar
cds	no	ahlakçılık
is	yes	gönüllü yoksulluk
rci	yes	churl
re	no	cani
re	no	İntihal
cds	no	know-it-all
re	no	seri tecavüzcü
dmc	yes	ahlaki pusula
ddf	yes	görme engelli
cds	no	ineklemek
qas	no	köpek kulübesi
re	no	ahz ü sirkat
cds	no	yüksek rahip
an	no	gizli dinleme cihazı
asf	no	dumbass
ddp	yes	gossiper
an	no	timsahlar
svp	no	Ölümcül günah
an	no	sokak kızı
asm	no	geniş fasulyeyi
qas	no	kiracı çiftçi
asf	no	çiğnemek
cds	no	grunge rock
svp	no	yobaz
cds	no	tiksindirici
an	no	civciv
cds	no	delikanlı
cds	no	uşaklarının
asm	no	flouter
qas	no	dedektif
cds	no	hattat
dmc	yes	yasadışı
cds	no	soygun
cds	no	gönül rahatlığı
dmc	yes	pis
cds	no	söylenti
svp	no	tiksinme
pa	yes	avukatı
cds	no	hacıağa
cds	no	beyaz yalan
qas	no	profesyonel sınıf
asm	no	yatmış olmak
cds	no	salak
an	no	keneler
pa	yes	bilet ajan
an	no	fulvus
cds	no	gerici
an	no	inekler
cds	no	hilekârlık
qas	no	köylü sınıfı
asm	no	avanak
ps	yes	siyah
asm	no	aptal
cds	no	complainer
ddp	yes	cehalet
cds	no	yaramazlık yapma
qas	no	beleşçi
dmc	yes	ikiyüzlülük
om	no	çapraz gelinler
an	no	keçi
qas	no	rhetor
an	no	hıyarağası
cds	no	fanatik
cds	no	rezil
cds	no	neonatal
re	no	hırsızlık nedir
re	no	cinsel suçları
ps	yes	zenciler
om	no	leydi
asm	no	yatmak
re	no	hukuken tecavüz
svp	no	superbia
cds	no	eloğlu
an	no	fizyonomi
an	no	köpekbalığı
ddp	yes	cahil
an	no	siğilli kurbağa
ddp	yes	saçmalığı
svp	no	sıkıcı
cds	no	İrtica
qas	no	bumbler
svp	no	açgözlülük
svp	no	pridefulness
dmc	yes	malodour
qas	no	kulübesi
an	no	küçük baykuş
cds	no	züppe
an	no	salyangoz
qas	no	faul-up
ps	yes	vandallar
ps	yes	bön
an	no	düzenbaz
qas	no	ideolog
an	no	megascops
cds	no	üreyebilirlik
an	no	rentboy
an	no	vamper
asf	no	kurban
pr	no	orta malı
cds	no	gizli danışmanlar grubu
qas	no	asalaklık
or	no	salatalık
ddp	yes	muttonhead
an	no	keçimsiler
cds	no	gangster
cds	no	dini ayrımcılık
qas	no	troubler
re	no	işkence
an	no	köpekler
ddp	yes	gerzek
an	no	kötü kişi
cds	no	klik
an	no	vipera
om	no	travesti
svp	no	boş gezenin boş kalfası
cds	no	çete kültürü
cds	no	genel tuvaletler
cds	no	gangsterler
asm	no	jeerer
ddp	yes	hödük
rci	yes	barbar
svp	no	hırs
svp	no	ivır dallier
asm	no	ballock
ps	yes	yahudi cemaati
cds	no	gossiper
re	no	soygun
svp	no	huysuz
qas	no	burjuva
ddp	yes	şarlatan tıp
pa	yes	siyasi
cds	no	radikal dincilik
cds	no	bücür
an	no	itoğluit
an	no	miskin
qas	no	terkedilmiş gemi
cds	no	yağcı
ps	yes	darkey
qas	no	riffraff
om	no	travestilik
an	no	bison
svp	no	küstahlık
asm	no	fallik
re	no	vergi kaçakçısı
cds	no	stealer
cds	no	itlaf
ps	yes	nigra
an	no	etek kovalayan
an	no	hınzır
cds	no	becerememek
cds	no	bitki ıslahı
pr	no	hetaera
dmc	yes	pasaklı
dmc	yes	üzgün çuval
ps	yes	Çinli
cds	no	hibrid
cds	no	komplo teorisyeni
an	no	küfretmek
or	no	aptal kişi
re	no	ağır eleştiri
an	no	animal
cds	no	tricker
ps	yes	israilli
pa	yes	üniversite profesörü
cds	no	mastürbasyon
an	no	biti
ps	yes	hödük
pa	yes	bakanı
an	no	makiyan
asm	no	yumuşak dokunuş
qas	no	İşadamı
asm	no	sik
re	no	raptio
asm	no	testis
cds	no	putçuluk
an	no	lampyris noctiluca
cds	no	çokluk
an	no	cüce
qas	no	yardımcıları
cds	no	git
dmc	yes	tembel
cds	no	zavallı
om	no	karşı cinse özenme
cds	no	blackballing
an	no	kene
qas	no	baron
cds	no	kavat
ps	yes	yumuşak dokunuş
ps	yes	dimwit
dmc	yes	churl
re	no	silâhlı soygun
pr	no	palavra
om	no	livâta
an	no	prickteaser
is	yes	serseri
an	no	brant kaz
cds	no	gizli meslek işbirliği
cds	no	gazeteci
pa	yes	beyaz yakalı işçiler
asm	no	kurban
ddp	yes	deli
re	no	seks istismarı
om	no	ters ilişki
svp	no	özlem
cds	no	kalıntı
or	no	ekili lahana
cds	no	kinfolk
pa	yes	porter
pa	yes	sheepherder
is	yes	kentsel yoksulluk
asm	no	Çük
an	no	internet aldatmaca
pr	no	rentboy
dmc	yes	kabalık
om	no	soyunma çapraz
cds	no	kabile
cds	no	çöp
ddp	yes	ayaktakımı
om	no	lateral
cds	no	çılgın
cds	no	çete şiddet
dmc	yes	ahlaki
qas	no	yumurtacık
cds	no	akıllı
re	no	silahlı soygun
cds	no	gobs
om	no	pederastic
cds	no	Çöp
qas	no	kargaşalık
ps	yes	mürekkeplilik
cds	no	casino kumar
ddp	yes	sersem
cds	no	yerden bitme
an	no	branta bernicla
pa	yes	öğretim üyesi
om	no	queer
asm	no	kahrolası
cds	no	splashiness
svp	no	kızgınlık
re	no	sığır hırsızı
an	no	ceset hırsızı
cds	no	balık su ısıtıcısı
qas	no	burjuvazi
dmc	yes	pislik torbası
qas	no	zamanki
an	no	atık
cds	no	sıhhi kanalizasyon
pr	no	keme
an	no	mosquitoe
re	no	yağma
ps	yes	çiğnemek
an	no	büyük beyaz köpekbalığı
cds	no	grup
cds	no	narcism
cds	no	suç fesat
asm	no	vidalama
is	yes	hasis
ddf	yes	sakatlık
ddf	yes	devre dışı bırakmak
om	no	hanımefendi
cds	no	zayıf kimse
an	no	moue
qas	no	patronu
cds	no	fuhuş evi
asm	no	becermek
qas	no	tabiun
qas	no	beceriksizlik
asm	no	kafasız
cds	no	köktenci
an	no	aile crocodylidae
or	no	balkabagi
an	no	budala
dmc	yes	ahlaki iflas
an	no	dücace
cds	no	entrikacı
an	no	yaban domuzu
cds	no	kargaşa
cds	no	soyguncu baron
an	no	bos taurus
an	no	bayağı engerek
or	no	gerzek
ps	yes	geciktirmek
om	no	erkek cinselliğinin sigara batılılaşmış kavramları
re	no	tecavüzcüler
an	no	köpek
an	no	kaz
cds	no	şarkıcı
an	no	beceriksiz kişi
pa	yes	öğretmen
asm	no	kuş beyinli
om	no	homoseksüel
cds	no	sessizlik komplosu
asf	no	lunkhead
asm	no	saman rulo
an	no	çubuklu baykuş
re	no	hırsızlar
qas	no	beceriksiz
re	no	plagiarizing
asm	no	avafauna
ps	yes	kuş beyinli
cds	no	sokak çetesi
pr	no	metresi
an	no	tavuk eti
cds	no	hurda demir
an	no	yaban öküzü
pa	yes	onbaşı
cds	no	gidi
asm	no	apendiks
om	no	arka uç
cds	no	rumormonger
om	no	erkek cinselliği
an	no	amerikan bizonu
cds	no	moneygrubber
pr	no	zina eden kadın
cds	no	çıkmaz sokak
cds	no	imansız
cds	no	dini fundamentalizm
qas	no	halk
asm	no	yumurta
an	no	pillager
an	no	mankafa
an	no	inek
svp	no	Öfke
cds	no	ölçüm japon birimleri
qas	no	ayaktakımı
cds	no	muhafazakâr
qas	no	asılsız haber
is	yes	yoksulluk yemini
cds	no	moaner
cds	no	kanuna karşı gelme
qas	no	halktan
qas	no	tumturaklılık
an	no	harharyas
asf	no	adam düşmek
dmc	yes	çeteci
pa	yes	emekli profesör
cds	no	yaltakçı
re	no	cinsel suçlar
cds	no	simsar
cds	no	presumptuousness
ddf	yes	kör
dmc	yes	fetor
cds	no	fundamentalizm
pa	yes	profesörlük
an	no	vücut kapış
cds	no	komisyoncu
qas	no	tüccar
an	no	hirudinea
om	no	sus
re	no	yasadışı faaliyetleri
cds	no	akraba-i taallukat
an	no	yaygın sivrisinek
ps	yes	musevilik
pr	no	nedim
om	no	anteriyör
pr	no	cinsel hizmet
dmc	yes	kafasız
an	no	salientian
ddp	yes	fakir balık
cds	no	şımarıklık
cds	no	mussiness
an	no	carcharodon
dmc	yes	aldatıcı
dmc	yes	derbeder
ps	yes	siyah adam
cds	no	dillidüdük
dmc	yes	sefillik
qas	no	üst düzey yönetici
pa	yes	bellhop
qas	no	pot kıran kimse
or	no	pislik
cds	no	kitap kurdu
is	yes	yoksul insanların
ddp	yes	masalcı
an	no	Öküz
cds	no	moral
svp	no	boşuna oluş
svp	no	gaf-off
cds	no	küfretmek
qas	no	yavşak
ps	yes	krauthead
ps	yes	romani
re	no	polis istismarları
pa	yes	siyasal
re	no	şantaj
cds	no	gardiyanlık
pr	no	hayat kadını
asm	no	sert-on
asm	no	twirp
pr	no	fahişe
is	yes	yoksulluk
qas	no	karmakarışık topluluk
cds	no	seks düşkünü kadın
pr	no	gangsterin moll
ddp	yes	pudden kafa
ddf	yes	sakat
cds	no	bilgiç
cds	no	yüksek ellilik
an	no	burun
qas	no	kiracı çiftlik
cds	no	asosyal
an	no	alçak
an	no	merkep
dmc	yes	villainess
or	no	sativus
an	no	american bison
an	no	direy
an	no	brant goose
re	no	çalıntı mallar
cds	no	sorun
an	no	caimans
om	no	çörekler
ddf	yes	fiziksel engelli
cds	no	alt klan
cds	no	rahmetli olmak
cds	no	demiryolu işçisi
cds	no	road aracı
an	no	ortak biti
asm	no	cockerel
ddp	yes	analphabet
re	no	terör
cds	no	pezevenk
svp	no	İğrenme
pr	no	metres
pa	yes	ayakkabıcı
an	no	erkek fahişe
dmc	yes	vergi kaçakçısı
an	no	avrupa kurbağası
cds	no	bumbler
ps	yes	intergeneric melez
ddp	yes	beyinsiz
ddp	yes	geveze
re	no	kasıtsız öldüren kimse
dmc	yes	bücür
cds	no	ücretsiz mason
qas	no	dağınıklık
an	no	krokodiller
cds	no	evladım
cds	no	masonlar
cds	no	conspiracism
qas	no	suç ortağı
cds	no	ciğeri beş para etmez tip
cds	no	mystifier
dmc	yes	gaf-off
cds	no	komplo teorileri
svp	no	tembel
cds	no	karışık şey
svp	no	pinti
om	no	lady
is	yes	parya
pa	yes	hödük
an	no	çakal
cds	no	hırpani kişi
qas	no	çiftlik işçisi
qas	no	yayma
dmc	yes	libertin
cds	no	aydın
an	no	ovis aries
cds	no	motley fool
cds	no	pezevenkler
re	no	kötü kullanım
qas	no	barok
om	no	kontralateral
qas	no	kilise cemaatinden
re	no	çocuk hırsızı
asf	no	civciv
ps	yes	üreyebilirlik
cds	no	dil sürçmesi
qas	no	iş adamı
pa	yes	akademizme
cds	no	Öğretmenlikler
asf	no	aptal
pr	no	rattus
dmc	yes	bumbler
an	no	biti emme
an	no	mikrop
pa	yes	politik
re	no	ihlalleri
ddf	yes	görmez
asm	no	sikmek
pa	yes	akademik
cds	no	el işi
is	yes	tatterdemalion
cds	no	problem
cds	no	pasaklı
an	no	çapulcu
re	no	ndrangheta
dmc	yes	homunculi
cds	no	strikebreaker
cds	no	demagojik
ddp	yes	epifaunal
ddp	yes	direy
cds	no	puanları
qas	no	uşak
ps	yes	negroids
an	no	caiman
pr	no	hırpani kadın
asm	no	dimwit
qas	no	balık su ısıtıcısı
re	no	soyguncular
re	no	terör örgütü
dmc	yes	yerindelik
an	no	phthiraptera
cds	no	mafya patronu
pa	yes	profesör extraordinarius
qas	no	retorik-belagat
cds	no	önderliğin
asm	no	kuşlar
re	no	ticari iftira
an	no	yumuşakça
cds	no	mason
pa	yes	tellal
cds	no	yasa kıran
qas	no	sahtelik
dmc	yes	treasonist
cds	no	grunge
cds	no	demagoji
asm	no	alet
pr	no	metresin
an	no	haşere
pa	yes	cenaze kaldırıcısı
cds	no	baba
qas	no	yumurta hücresi
cds	no	mecnun
an	no	domuzcuk
cds	no	weisenheimer
or	no	squash asma
om	no	çapraz elbise
svp	no	cinsel istek
cds	no	safdil
om	no	oğlancılık
pa	yes	prof
dmc	yes	palyanço
an	no	cimex lectularius
qas	no	ortaçağ
pa	yes	avukatlık
qas	no	amatörce
re	no	cinsel suç
svp	no	ihtiras
asf	no	mankafa
an	no	ferociousness
dmc	yes	chawbacon
cds	no	öz-ibadet
an	no	sülükler
an	no	güzel ama yapmacıklı
svp	no	hasis
cds	no	eğitimci
cds	no	kaytarıcı
cds	no	intermediator
or	no	cucurbita maxima
ps	yes	bitki biyoteknolojisi
an	no	culicidae
an	no	moo-inek
an	no	equus mulus
cds	no	öğretmen
pr	no	sevgili
asm	no	aşk yapmak
om	no	homofil
svp	no	niggardness
cds	no	tecrübeli mafya mensubu
re	no	capturer
ddp	yes	microcephalic
an	no	aldatmaca
om	no	transvestizm
cds	no	azamet
or	no	fakir balık
qas	no	kiracı çiftçiler
om	no	homoerotizm
cds	no	akrabalar
ps	yes	siyahiler
svp	no	saldırgan
or	no	mankafa
cds	no	sonradan görme
ps	yes	moğol
an	no	viper
asf	no	vajinal
pa	yes	yanlısı
cds	no	başrahip
ps	yes	rroma
re	no	öldürme
or	no	brassica rapa
re	no	kaçırma
pa	yes	savunucusu
pr	no	öküz
ddp	yes	hayvanların sınıflandırılması
an	no	hemipteron
dmc	yes	itoğluit
cds	no	demogoji
ddf	yes	nanus
pr	no	rattus norvegicus
dmc	yes	ahlâk
ddp	yes	twaddler
an	no	kurbağa
an	no	pire
an	no	eğitimsiz kişi
asf	no	kuş beyinli
cds	no	jalopy
cds	no	putperest
asm	no	husye
an	no	alttakım blattodea
an	no	Çizgili baykuş
cds	no	eşkiya
re	no	plagiarisation
cds	no	sessizliğin komplo edildi
cds	no	vefasızlık
ddp	yes	hıyarağası
an	no	süt keçi
cds	no	orospu çocuğu
asm	no	penis
dmc	yes	şanssız
svp	no	avariciousness
an	no	brent kaz
pr	no	zina yapan kadın
an	no	yumuşakçalar
om	no	ventrolateral
ps	yes	derbeder
cds	no	kötü
is	yes	yoksullar
cds	no	wuss
cds	no	günahkâr
re	no	dolandırıcı
or	no	nance
asm	no	siktir
ps	yes	hispanik
cds	no	okumuş kadın
or	no	poove
ddp	yes	bumbler
an	no	otus asio
svp	no	amour propre
an	no	anguilla
cds	no	beceriksizlik
cds	no	kafasız
cds	no	avam
om	no	kıç
pr	no	sosyetenin renkli siması
is	yes	kötü
an	no	cimri
ps	yes	melez
an	no	hayvancıkları
an	no	tahtakurusu
or	no	ibne
cds	no	edebi hack
qas	no	autoinfection
dmc	yes	önemsiz
om	no	kalça
re	no	yağmacılık
an	no	kapa
asm	no	yavru horoz
an	no	amerikan manda
asm	no	yarak qualifier
pa	yes	hamallık
dmc	yes	mürted
svp	no	gourmandizer
cds	no	hacmi
an	no	insafsızlık
an	no	alaycı yüz
an	no	solucan
cds	no	barbarlar
an	no	güve
asm	no	kuş
an	no	safdil
ddf	yes	kör kişi
is	yes	pinti
qas	no	churl
or	no	titizliği
re	no	minimum seks suçluluk
svp	no	kibir
cds	no	autolatry
svp	no	şehvet
cds	no	korkaklık
cds	no	karışık cins köpek
an	no	aile anguillidae
dmc	yes	pis koku
dmc	yes	ahlaksız
an	no	domuz
qas	no	baş belası
cds	no	amour propre
an	no	lunkhead
cds	no	karmakarışık topluluk
pr	no	şirret kadın
ddp	yes	pot kıran kimse
ps	yes	yahudi
svp	no	para hırsı
ddp	yes	göt deliği
an	no	olmanın animasyon
svp	no	kaytarıcı
ddp	yes	kuş beyinli
asm	no	maxilliped
ps	yes	melezlerden
cds	no	yasa dışı
ddp	yes	saçmalık
ps	yes	İsrail dini
cds	no	dedikoducu
cds	no	scads
an	no	sümüklüböcek
dmc	yes	riyakarlık
qas	no	hitabet sanatı
cds	no	bilgiçlik taslama
ddp	yes	rumourmonger
an	no	keçiler
cds	no	sahte
cds	no	geciktirmek
asf	no	amcık
ps	yes	çin
dmc	yes	vefasızlık
an	no	hiçbir şey bilmiyorum
cds	no	pek çok
qas	no	bloodhound
dmc	yes	slackers
cds	no	çiğnemek
dmc	yes	ceza
cds	no	karmakarışıklık
cds	no	Öğretmen
dmc	yes	taklitçi
cds	no	ayaktakımı
re	no	bebek
an	no	hirudinean
an	no	diddly
cds	no	tembel
dmc	yes	malodor
re	no	stealer
om	no	kadın taklitçi
an	no	bayağı çakal
ddf	yes	kötürüm
an	no	insecta
cds	no	ıslah memuru
cds	no	çete üyesi
qas	no	ektoparazit
dmc	yes	pot kıran kimse
cds	no	blooper
pr	no	paçoz
cds	no	öğretim yardımı
cds	no	suni melez
cds	no	kamarillada
svp	no	obur
an	no	diddlyshit
cds	no	kurnaz
an	no	köpekbalığı saldırısı
cds	no	astik
asm	no	avifauna
an	no	amansız
ps	yes	suni melez
dmc	yes	rakehell
ddf	yes	yarı-pint
re	no	yanlış
cds	no	şantajcı
om	no	farklı
om	no	diskoidal
pr	no	şirret
re	no	çeteci
cds	no	başpiskopos
cds	no	bilinmez
qas	no	çiftçiler
cds	no	villainess
asm	no	sikişmek
re	no	katil
qas	no	endo
asf	no	muttonhead
pa	yes	seçkin profesör
ddp	yes	unwiseness
cds	no	ayrıcalıklı danışman grubu
svp	no	iffetsiz
pa	yes	academicism
ddf	yes	bücür
cds	no	riffraff
cds	no	hypersexual
an	no	cimicidae
an	no	pipistrellus
svp	no	sıkıntı
pr	no	sosyetik
pa	yes	bakan-danışman
cds	no	azgın
cds	no	embesil
cds	no	yeni zengin
cds	no	masonik düzen
ddf	yes	tek göz
om	no	çapraz giyinme
re	no	cinsel istismar
pr	no	sığır
om	no	transvestitism
dmc	yes	aylak
dmc	yes	hobo
dmc	yes	barbarca
an	no	capra
cds	no	bitki biyoteknolojisi
om	no	shirtlifter
ddp	yes	ferociousness
pr	no	erkek fuhuş
an	no	tavşan
cds	no	soy sop
cds	no	katı atık
dmc	yes	düzenbaz tanrı
re	no	kaçırmaya
qas	no	kimyasal karışım
cds	no	acayip
cds	no	cut-up
om	no	eşcinsellik
cds	no	sürü
an	no	kaş çatma
pa	yes	ceza avukatı
svp	no	dallier
an	no	tek hücreli organizma
re	no	Şiddet
or	no	cuke
asm	no	horoz
ddp	yes	nanocephaly
qas	no	toplum kurallarına uyan kimse
cds	no	hacim
cds	no	hurda
cds	no	kabilesi
cds	no	yükleri
an	no	aureus
om	no	distal
is	yes	toplum dışına itilmiş
cds	no	casino
dmc	yes	yalancı
cds	no	yalancı
qas	no	fieldhand
cds	no	savunma
asf	no	dimwit
asm	no	kahverengi
cds	no	sofuluk
an	no	tiksindirici
an	no	dil sürçmesi
or	no	kelem
is	yes	fukara
is	yes	rezil
an	no	shoat
om	no	götveren
om	no	popo
dmc	yes	mozzerella peyniri
cds	no	açıkgözlük
dmc	yes	ıskarta
cds	no	eşkıyalar
an	no	poulet
pr	no	orospu
an	no	metazoan'da
ddp	yes	şerefsiz
an	no	git
asf	no	changeling
pa	yes	balık satıcısı
cds	no	conventicles
re	no	iftira
an	no	blattaria
qas	no	beceriksiz kimse
an	no	gece yırtıcı kuşları
an	no	kabalık
om	no	nance
an	no	canis familiaris
ddp	yes	ahmaklar
ddp	yes	twirp
an	no	kakalak
re	no	haydut
is	yes	zavallı
cds	no	yaramaz
cds	no	cani
om	no	vertikal
ddp	yes	avanak
an	no	timsah
pa	yes	aşık
cds	no	sürçülisan
qas	no	halktan olan kimse
cds	no	backtalk
om	no	vücut bölgeleri
re	no	Şantajcı
cds	no	wanker
qas	no	ev idaresi
asm	no	kapalı sürme
cds	no	prankster
cds	no	pandar
an	no	pasaklı
om	no	çocuk tacizcisi
an	no	büyükbaş
qas	no	büyük işadamı
re	no	kızgınlık
or	no	kafa
qas	no	hitabet
an	no	geyik
is	yes	küresel yoksulluk
dmc	yes	beyaz yalan
cds	no	meslek grubu
re	no	görevi kötüye
pr	no	yerli sığır
cds	no	superbia
an	no	bakuşlar
cds	no	öğretmenler
svp	no	sinirli
an	no	dücâce
cds	no	şakacı
ps	yes	kurban
cds	no	aptalca hata
dmc	yes	hödük
re	no	Şantaj yapmak
an	no	yılan balığı
cds	no	perspicaciousness
cds	no	pot kıran kimse
pr	no	moo-inek
cds	no	aile hattı
cds	no	hırsızlar
qas	no	ev işi
om	no	dorsal
ps	yes	melez elde etmek
an	no	inexorableness
qas	no	kiracı çiftçilik
cds	no	sığır baskın
dmc	yes	scammer
pa	yes	çobanlar
cds	no	bas bleu
svp	no	serseri
asf	no	embesil
is	yes	fakir
re	no	bir hırsız
ddp	yes	cahil kişi
an	no	boğa
cds	no	papparazzi
cds	no	aptal kişi
or	no	ahmak
re	no	korsanlar
ps	yes	bulgarca
re	no	irza geçme
an	no	hayvanların sınıflandırılması
ps	yes	romanlar
an	no	siphonaptera
dmc	yes	etik güdü
an	no	bufo bufo
an	no	pireler
re	no	azap
asm	no	nookie
qas	no	fitneci
cds	no	bağnazlık
ddp	yes	mankafa
re	no	traducement
cds	no	kir
svp	no	gorger
svp	no	tightfistedness
pa	yes	profesör
svp	no	angriness
om	no	Üranizm
ddp	yes	ahmaklık
an	no	beceriksiz
re	no	suçlular
svp	no	eros
ps	yes	nigger
cds	no	tilki
re	no	kötü
dmc	yes	iyi-için-naught
dmc	yes	palyaçolar
cds	no	hızlı bir
an	no	baykuş çubuklu
asm	no	changelings
