ddp	yes	kykenemätön
svp	no	kipakka
an	no	puupää
cds	no	kerskailija
cds	no	scelus
cds	no	pelokas
pr	no	eukko
re	no	väkisinmakuu
cds	no	tekopyhä
cds	no	rehentelijä
asm	no	saada
svp	no	ravenousness
an	no	jahkailija
an	no	diddly-kyykky
cds	no	nirppanokkainen
an	no	kiusoittelija
pr	no	vuokraa poika
pa	yes	barbaria
re	no	herjaaja
qas	no	valheet
or	no	yksinkertainen ihminen
ddp	yes	tattletale
svp	no	aggressiivinen
dmc	yes	pahis
asf	no	hidastaa
cds	no	rahalainaamot
cds	no	pöllöpää
cds	no	hauteur
cds	no	traaginen konna
asf	no	tomfool
ddp	yes	imbesilli
asm	no	helposti narrattava uhri
ddp	yes	debiili
om	no	paederast
svp	no	lorvi
dmc	yes	humpuuki
dmc	yes	poropeukalo
cds	no	ongelmia
cds	no	kopeus
pr	no	rakastajatar
ddp	yes	järjetön
asm	no	halveksija
cds	no	vittupää
re	no	raiskaaja
cds	no	renttu
re	no	mafia
cds	no	rääpäle
asf	no	folderol
cds	no	teennäisyys
asf	no	pöhkö
cds	no	kiinteän jätteen
re	no	scelus
ddp	yes	dumbass
cds	no	kömpelys
cds	no	moukka
re	no	herjaajan
cds	no	satyriasis
pr	no	pahansisuinen ämmä
qas	no	barbaarit
is	yes	kerjäläinen
qas	no	surullinen säkki
an	no	lehmä
qas	no	häirikkö
asm	no	ääliö
cds	no	hoaxer
dmc	yes	viheliäinen
cds	no	surkimus
ddp	yes	paljastava
cds	no	utelija
dmc	yes	huiputtaja
svp	no	toimeton
cds	no	sottainen ihminen
ddp	yes	barbaarinen
re	no	rosvo
dmc	yes	irstailija
cds	no	hölösuu
or	no	typerys
ps	yes	syntipukki; t+
pr	no	seksityöntekijä
asm	no	vätys
qas	no	rääkätä
cds	no	julkeus
dmc	yes	laiskottelija
dmc	yes	juntti
qas	no	töpeksiä
re	no	terroristi
dmc	yes	ulkokultaisuus
svp	no	kärttyisä
re	no	mustamaalaaja
asf	no	nuijapää
ddp	yes	petturi
cds	no	laskelmoivuus
dmc	yes	pahaa hajua
pa	yes	kiipijä
cds	no	jengi kulttuuria
dmc	yes	irtolainen
asm	no	hölmö
cds	no	kusipää
cds	no	tärkeilevyys
svp	no	ärtynyt
dmc	yes	elosteleva
cds	no	yhdyskuntajäte
asm	no	kyrpä
ps	yes	jigaboo
an	no	hölmö
pa	yes	uncouthness
dmc	yes	tekopyhä
ddp	yes	puoskari
ddp	yes	nenästä vedettävä tyyppi
dmc	yes	huono ihminen
dmc	yes	pahuus
asm	no	fiba
dmc	yes	roistomainen
cds	no	massa
cds	no	pöyhkeys
svp	no	kiihkoilua
cds	no	pelkurimainen
an	no	mies prostituutio
dmc	yes	barbaarit
om	no	lässyttäjä
cds	no	lipevä
dmc	yes	salaamista
cds	no	haisunäätä
pr	no	mies prostituoitu
cds	no	rosvo
an	no	naistenmies
re	no	solvaus
an	no	renttu
cds	no	myötäilijä
qas	no	pikkuvalhe
cds	no	slyboots
re	no	roisto
cds	no	urkkija
dmc	yes	farisealainen
an	no	nainen kyytipoika
or	no	twats
qas	no	tunaroida
qas	no	hurja
svp	no	haughtiness
an	no	grossness
dmc	yes	harhaanjohtaminen
cds	no	pollari
cds	no	kavaluus
cds	no	valehtelu
cds	no	höhlä
an	no	älykääpiö
re	no	rikollinen
dmc	yes	hunsvotti
cds	no	maleksija
cds	no	grifter
qas	no	tuhertelija
cds	no	nörtit
ddp	yes	blunderer
cds	no	intoilija
an	no	keimailija
or	no	queer
dmc	yes	dissimulator
dmc	yes	moraalittomuus
an	no	fossiili
cds	no	barbaarit
ps	yes	kraut
cds	no	pahaa valmistus
cds	no	rahvas
an	no	brutaali
asm	no	nynny
cds	no	epäkohtelias
cds	no	finagler
cds	no	juoruakka
pr	no	ammattihaureus
pr	no	lutku
cds	no	häirikkö
qas	no	huono yksilö
ddp	yes	möhläys
pr	no	sottainen nainen
cds	no	truckler
cds	no	opettajamainen
cds	no	fabricator
cds	no	koulumamselli
pr	no	parittaja
dmc	yes	hylkiö
svp	no	hekumallinen
cds	no	pelkuruutta
ddp	yes	hyväuskoinen
an	no	wuss
an	no	nyhverö
ps	yes	lummox
cds	no	nöyristelijä
ddp	yes	pahvipää
qas	no	fibata
svp	no	kitsastelu
pr	no	huorittelu
cds	no	alokas
dmc	yes	kohtalokas
an	no	ferociousness
svp	no	laiska
qas	no	heikko yksilö
asm	no	nainti
ddp	yes	lapsekas
svp	no	pahoillaan
qas	no	pilata
asm	no	runkku
or	no	aasi
re	no	panettelu
asm	no	tyhmyys
cds	no	dogmaattisuus
qas	no	valheellisuus
an	no	itkupilli
cds	no	pölkkypää
ddp	yes	urvelo
qas	no	perättömyys
ddp	yes	köntys
dmc	yes	käpykaartilainen
an	no	koketti
cds	no	mafioso
cds	no	cowardliness
cds	no	varas
svp	no	laiskimus
cds	no	motkottaja
dmc	yes	koijari
cds	no	gossiper
asf	no	kääpiöt
cds	no	käpykaartilainen
svp	no	ärtyinen
ddp	yes	hidastaa
re	no	villainous
pr	no	seksityöläinen
an	no	riistäjä
svp	no	röyhkeys
dmc	yes	välttelijä
ps	yes	barbaari
an	no	moukka
cds	no	fasisti
or	no	homofiili
qas	no	tylsimys
an	no	penninvenyttäjä
cds	no	penman
dmc	yes	tekopyhyys
re	no	väkivaltainen
or	no	pudden-head
ddp	yes	vihaisuus
qas	no	kärttäjä
cds	no	wank
cds	no	turhamaisuus
pr	no	nautinnonantaja
cds	no	poliisi
ddp	yes	huiputtaa
cds	no	kynäniekka
an	no	traaginen konna
ddp	yes	hölynpöly
re	no	raisu
ddp	yes	lauma
dmc	yes	joutilas
om	no	homophile liikettä
dmc	yes	lemuava
cds	no	fasismin
ddp	yes	jurpo
ddf	yes	alhainen
ddp	yes	lunkhead
or	no	ääliö
qas	no	valehdella
pa	yes	sivistymättömyys
cds	no	nysväke
svp	no	conceitedness
cds	no	romu
cds	no	juonikkuus
svp	no	vetelehtijä
dmc	yes	scelus
re	no	varas
cds	no	hölynpöly
an	no	aasi
an	no	sottapytty
cds	no	retale
ps	yes	raivostunut
cds	no	terävä
om	no	nyyhky
ps	yes	mongoloids
cds	no	jurpo
cds	no	veitikka
cds	no	lesottaja
dmc	yes	heittiö
cds	no	kantelija
qas	no	sählätä
pr	no	luuska
qas	no	ällöttävä
an	no	karkeus
qas	no	valehteleminen
cds	no	vainooja
ddp	yes	höhlä
cds	no	petollinen
ddp	yes	huono kala
ddp	yes	herkkäuskoinen
cds	no	pilferer
cds	no	tomfool
asm	no	seksi
ddp	yes	taleteller
pr	no	nainen
cds	no	vaahtosammutin
ddp	yes	valistumaton ihminen
pr	no	ällötys
cds	no	liirumlaarum
ps	yes	houkka
ddp	yes	juoruakka
ps	yes	moukka
cds	no	roskakirjailija
or	no	homot
dmc	yes	töykeä
cds	no	petoksentekijöiden
asf	no	saphead
pr	no	sutenööri
cds	no	äärikonservatiivi
cds	no	molopää
re	no	rogue
dmc	yes	trickster jumala
cds	no	ylimielisyys
dmc	yes	pettäjä
ddf	yes	viheliäinen
ddp	yes	alkeellinen
cds	no	nurisija
cds	no	epätotuus
dmc	yes	immoraalinen
pr	no	äkäpussi
cds	no	kuhnailija
qas	no	liikuttava
svp	no	saamattomuus
asf	no	imbesilli
or	no	dumbass
dmc	yes	sottapytty
asm	no	bylsiä
ddp	yes	pahvi
svp	no	tahdoton
pr	no	katutyttö
asm	no	typerys
qas	no	lauma
an	no	roskaväki
asf	no	helposti narrattava uhri
cds	no	heittiö
an	no	pip-kitistä
an	no	ikävä ihminen
pr	no	naikkonen
ddp	yes	tollo
om	no	hinaaja
cds	no	aivopähkinä
an	no	käärme
an	no	homssuinen henkilö
cds	no	paljastava
dmc	yes	moraaliton
cds	no	sika
pr	no	avionrikkoja
cds	no	metkuilu
ddp	yes	jaarittelija
an	no	fiba
cds	no	köntys
cds	no	kielikello
ddp	yes	kömpelys
is	yes	penninvenyttäjä
ddp	yes	fumbler
is	yes	saituri
ps	yes	saku
asm	no	kahjo
cds	no	konstaapeli
cds	no	oveluuden
ddp	yes	zooerasty
cds	no	taantumuksellisuus
an	no	laiskimus
dmc	yes	leijona
dmc	yes	irstas
cds	no	kiihkoilua
svp	no	jörö
cds	no	roska
an	no	raakamaisuus
svp	no	tärkeilevä
cds	no	fanaatikko
ddp	yes	rotta
ddp	yes	oppimattomuus
qas	no	hoidella päin mäntyä
qas	no	mämmätä
asm	no	shtup
cds	no	hakata kirjailija
cds	no	roskaa
an	no	pöllö
svp	no	itsekeskeinen
cds	no	typerys
asm	no	hassutella heinikossa
pr	no	pidetty nainen
ps	yes	tohelo
an	no	diddlyshit
cds	no	bellyacher
dmc	yes	bandiitti
ddp	yes	munapää
dmc	yes	tyhjäntoimittaja
ddp	yes	vaihdokas
cds	no	älypää
an	no	folderol
cds	no	pöyhkeä
ddp	yes	silmänkääntäjä
dmc	yes	tee-mitään
an	no	sukupuoliyhdyntä eläimen kanssa
dmc	yes	lingerer
pr	no	floozie
asf	no	hame
cds	no	nyhverö
or	no	puppeli
dmc	yes	foetor
asm	no	jerk-off
ddp	yes	helppo uhri
an	no	riehua
dmc	yes	synkkä
ddp	yes	oppimaton ihminen
cds	no	syntinen
asf	no	hölynpöly
asm	no	käden työtä
dmc	yes	surullinen säkki
dmc	yes	ilkiö
or	no	tomppeli
or	no	luupää
re	no	irstailija
ps	yes	barbaarinen
ddp	yes	hullu
cds	no	puoli-pint
qas	no	sentimentaalinen
qas	no	öykkäri
re	no	debaucher
asm	no	credulousness
cds	no	viisastelija
ddp	yes	epäpätevä
ps	yes	raakalainen
dmc	yes	lowlife
qas	no	typerys
qas	no	feilata
dmc	yes	prevaricator
cds	no	kettu
ddp	yes	nuija
svp	no	ahne
dmc	yes	riiviö
dmc	yes	haiseva
an	no	punkero
an	no	valistumaton ihminen
ps	yes	ruiner
svp	no	ylpeys
cds	no	törkyisyys
is	yes	visukinttu
ddp	yes	kypsymätön
ddp	yes	epäpätevä henkilö
cds	no	kiihkoilija
cds	no	näsäviisas
asf	no	pässinpää
dmc	yes	fanaatikko
an	no	tyhjäntoimittaja
svp	no	halveksiva
re	no	terroritekoa
an	no	hupsu
re	no	terroriteko
asm	no	pala hännän
asm	no	harrastaa seksiä
an	no	siipeilijä
dmc	yes	halpamainen
ddp	yes	rupusakki
re	no	terrorismi
cds	no	sutenööri
cds	no	whiner
qas	no	pöty
dmc	yes	epäoikeudenmukaisuus
pr	no	prostituoitu
an	no	inexorability
dmc	yes	barbaari
cds	no	metallijäte
cds	no	huono kala
svp	no	rahanahne
asf	no	pöljä
svp	no	närkästynyt
asf	no	neitonen
cds	no	chiseler
dmc	yes	kähveltäjä
cds	no	nosy-parker
an	no	epäpätevä
cds	no	pahis
an	no	hoax
ddp	yes	lörppö
asm	no	houkka
ddp	yes	vätys
ps	yes	nenästä vedettävä henkilö
cds	no	bandiitti
an	no	möhläys
cds	no	valheellisuus
svp	no	slackers
cds	no	kielletty
dmc	yes	teeskentelijä
ddp	yes	hölmö
cds	no	munapää
ps	yes	neekeri
ddp	yes	twaddler
an	no	siivelläeläjä
cds	no	kiskurikorko
svp	no	pinnari
or	no	pässinpää
ddp	yes	tapinreikä
an	no	säälimättömyys
ps	yes	älykääpiö
re	no	valtioterrorismi
pr	no	puppu
cds	no	yliseksuaalisuus
an	no	zooerasty
cds	no	arvoitus
an	no	kääpiö
ps	yes	tolvana
cds	no	massat
svp	no	kärttyinen
dmc	yes	nuorisorikollinen
asf	no	hölmö
an	no	hiirulainen
re	no	kiihkeä
cds	no	teurastaa
dmc	yes	karkea
dmc	yes	blunderer
an	no	lutka
svp	no	äkkipikainen
cds	no	pohjasakka
svp	no	heittiö
cds	no	vetelys
cds	no	jerk-off
svp	no	saituus
svp	no	itserakkaus
ps	yes	villejä
ddp	yes	brutaali
cds	no	pillock
svp	no	ahmatti
asm	no	hyväuskoisuus
re	no	homo scelestus
svp	no	visukinttu
dmc	yes	karkeakäytöksisyys
pa	yes	raakalainen
dmc	yes	myrkyllinen haju
dmc	yes	koronkiskuri
cds	no	sniveller
ddf	yes	vaahtosammutin
svp	no	itsevaltaisuus
an	no	tiedä mitään
cds	no	homssu
cds	no	nyyhky
is	yes	rajoittunut
an	no	nanus
dmc	yes	suttuinen
asf	no	nenästä vedettävä tyyppi
svp	no	omanarvontunto
an	no	sodomia
cds	no	wheeler jälleenmyyjä
or	no	pillu
asm	no	nysverö
cds	no	chawbacon
asm	no	vetää käteen
cds	no	viekkaus
an	no	dirty dog
ddp	yes	raakamaisuus
ps	yes	turmelija
dmc	yes	ennakkoluuloinen
ps	yes	debiili
cds	no	pöty
qas	no	rettelöitsijä
om	no	hinttari
cds	no	surullinen säkki
dmc	yes	vetelehtijä
is	yes	liikuttava
pr	no	hellcat
dmc	yes	häijy
svp	no	hanttapuli
qas	no	villejä
cds	no	boastfulness
dmc	yes	saamaton
qas	no	hullu
cds	no	taantumuksellinen
pr	no	huoruuden
cds	no	vastus
ps	yes	helppo uhri
ddp	yes	tiedä mitään
dmc	yes	dallier
qas	no	tomppeli
svp	no	niggardliness
is	yes	traaginen konna
dmc	yes	hutiloija
cds	no	petkuttaja
an	no	nuijapää
an	no	betise
qas	no	parasiitti
re	no	kunnianloukkaus
om	no	poove
dmc	yes	tahditon
qas	no	sekoittaa
asm	no	vittu
qas	no	valeet
cds	no	hölmö
ddp	yes	terveydenhuollon petoksia
ddp	yes	pöllö
is	yes	säälittävä
an	no	pöty
ps	yes	mäntti
or	no	lunkhead
qas	no	syökset
ddf	yes	puoli-pint
an	no	codswallop
cds	no	ovela
ddp	yes	empirismi
dmc	yes	ilkimys
asf	no	tussu qualifier
qas	no	valehtelu
re	no	lurjus
cds	no	nuuskia
asf	no	pölkkypää
qas	no	sciolist
cds	no	hutiloija
cds	no	lahjottavissa oleva
an	no	diddley
ps	yes	puoli-kastiin
pr	no	katunainen
an	no	retale
ddp	yes	keskenkasvuinen
or	no	kahjo
cds	no	nörtti
or	no	hinuri
dmc	yes	näpistelijä
svp	no	ahneus
dmc	yes	tekopyhät
ddp	yes	hömelö
cds	no	koronkiskontaa
cds	no	vaunter
pr	no	urheilu lady
re	no	raper
cds	no	haltuunottaja
ddp	yes	fuckhead
ps	yes	lakupekka
pr	no	prostituutio
om	no	homophile
cds	no	petturi
cds	no	syntipukki; t+
cds	no	touhottaja
an	no	nahjus
an	no	raakuus
cds	no	friikki
dmc	yes	tuhlaajapoika
ddp	yes	jälkeenjäänyt
ps	yes	urpo
dmc	yes	slacker
cds	no	moralisoida
is	yes	pahis
pr	no	huora
or	no	homopuppeli
an	no	melulauma
cds	no	koronkiskoja
om	no	homppeli
ddp	yes	kantelija
an	no	kelmi
asf	no	knucklehead
an	no	aisankannattajat
qas	no	hylkiö
pr	no	ilotyttö
asf	no	jälkeenjäänyt
ddp	yes	idiootti
dmc	yes	faker
an	no	rosvo
asf	no	kahjo
ps	yes	mongolidinen rotu
dmc	yes	tekohurskaus
svp	no	nyrpeä
pr	no	huora-sanan käyttö
an	no	pöhkö
asm	no	jorma
ddp	yes	syntipukki; t+
ps	yes	jerry
an	no	mäntti
asf	no	kiltsi
svp	no	vimma
cds	no	pikkusielu
ddp	yes	stupe
svp	no	turhuuden
qas	no	suunniltaan oleva
cds	no	fanaattisuus
pa	yes	tollo
qas	no	söhlätä
is	yes	häijy
cds	no	maantierosvo
qas	no	amatöörimäisyys
or	no	pöh
cds	no	kansankiihottaja
an	no	liirumlaarum
ps	yes	tuhooja
om	no	pöh
an	no	liehittelijä
dmc	yes	haltiahahmo
dmc	yes	libertinistit
dmc	yes	huono
asf	no	taulapää
svp	no	ahnaus
cds	no	homo scelestus
dmc	yes	siekailematon
om	no	homoseksuaali
pr	no	john
cds	no	paasata
dmc	yes	renttu
an	no	roisto
cds	no	raakalainen
an	no	mitättömyys
pr	no	röyhkeä narttu
dmc	yes	nuhruinen
qas	no	töpätä
ddp	yes	persereikä
an	no	julma
ddp	yes	juorukello
dmc	yes	kömpelys
cds	no	bragger
qas	no	vale
cds	no	näpistelijä
an	no	tomfool
is	yes	homo scelestus
re	no	terroriverkosto
cds	no	swaggerer
cds	no	romurauta
qas	no	sohlata
svp	no	ojankaivuukone
asm	no	nussiminen
pr	no	vuokran poikien
asm	no	perseen
an	no	internet huijausta
asf	no	codswallop
dmc	yes	rajoittunut
qas	no	iilimato
dmc	yes	väkivaltainen
dmc	yes	kapinallinen
an	no	lorvi
an	no	likainen temppu
svp	no	kiihkoilija
ps	yes	köntys
cds	no	liukas
cds	no	käppänä
dmc	yes	raaka
re	no	panettelija
cds	no	omavaltaisuus
dmc	yes	dirty dog
an	no	hellittämättömyys
asm	no	tollo
an	no	tollo
ps	yes	darkie
qas	no	melulauma
ps	yes	toope
qas	no	barbaria
qas	no	emävale
cds	no	kantti
ps	yes	höntti
ps	yes	keltainen rotu
an	no	hölynpöly
cds	no	taleteller
asf	no	höntti
dmc	yes	saita
pr	no	seksityö
or	no	tussu
qas	no	missata
ddp	yes	nuoruusikä-
cds	no	katselija
cds	no	neropatti
cds	no	pokkuroija
dmc	yes	landepaukku
cds	no	joukkio
qas	no	tumpeloida
an	no	rogue
asf	no	hammerhead
svp	no	äkäinen
svp	no	boastfulness
asf	no	helppo uhri
an	no	narri
ddp	yes	rajoittunut
an	no	pelkuri
svp	no	pihtaaja
dmc	yes	huijaus
ddp	yes	typeryys
ddp	yes	hupsu
cds	no	haughtiness
cds	no	stupe
cds	no	populistinen
dmc	yes	julma
an	no	pölkkypää
qas	no	siivelläeläjä
pr	no	syöjätär
pr	no	palturi
cds	no	lässyttää
svp	no	kiivas
an	no	ilkiö
svp	no	fanaatikko
dmc	yes	huijari
cds	no	marisija
an	no	ahne henkilö
cds	no	parittaja
cds	no	typerä
cds	no	presumptuousness
or	no	homoseksuaali
cds	no	rikollisen pahaa
qas	no	sotkea
qas	no	säälittävä
cds	no	kitisijä
qas	no	väkijoukko
dmc	yes	raju
an	no	naisteniskijä
cds	no	keppostelija
or	no	huono kala
an	no	porsas
cds	no	joutilas
pr	no	lehmä
asm	no	pölkkypää
dmc	yes	maantierosvo
pr	no	seksipalvelujen
dmc	yes	oppineet libertiinit
pr	no	mies saattajan
dmc	yes	harhauttaja
svp	no	kitsaus
ps	yes	mestitsit
dmc	yes	tuhoisa
cds	no	hayseed
svp	no	etana
an	no	paskiainen
cds	no	kiero
asm	no	nenästä vedettävä tyyppi
ddp	yes	hidasälyinen
asm	no	pöllö
ddp	yes	roskaväki
dmc	yes	hanttapuli
dmc	yes	petosta
svp	no	itsekeskeisyyttä
svp	no	omahyväinen
dmc	yes	dilly-dallier
dmc	yes	siveetön
an	no	ilkeä
dmc	yes	traaginen konna
qas	no	diletanttimainen
cds	no	emävalhe
cds	no	tuhertelija
qas	no	roska
an	no	tietämätön ihminen
ddp	yes	sivistymätön
dmc	yes	käppänä
ddp	yes	paskiainen
dmc	yes	rikollinen
cds	no	botcher
an	no	taulapää
ps	yes	mutakuono
pr	no	street tyttö
an	no	rynnätä
cds	no	rahaa luotonanto
dmc	yes	kiihkoilija
dmc	yes	petturi
ddp	yes	pillock
an	no	nenästä vedettävä henkilö
ddp	yes	typerää
svp	no	laiskajaakko
cds	no	hutilus
cds	no	tomppeli
asf	no	doofus
cds	no	itkupilli
cds	no	juorukello
svp	no	kuhnailija
ddp	yes	tyhjä puhe
asm	no	petkuttaa
re	no	kiristys
dmc	yes	rintamakarkuri
cds	no	villejä
an	no	salainen vihollinen
ps	yes	mutiainen
an	no	lössykkä
or	no	hammerhead
dmc	yes	julkea
cds	no	korruptoituneisuus
svp	no	korkea-kätisyys
ddp	yes	julma
dmc	yes	tunkkainen
cds	no	kansankiihotus
cds	no	ääliömäinen
cds	no	paritukseen
ddp	yes	barbaari
qas	no	riidankylväjä
svp	no	laiskuus
pr	no	säädytön nainen
an	no	diddlysquat
dmc	yes	no-tili
qas	no	nyyhky-
cds	no	rehvastelija
cds	no	koijari
svp	no	kova halu saavuttaa jtk
asm	no	maata jonkun kanssa
cds	no	rotta
an	no	yksinkertainen ihminen
cds	no	parka
qas	no	epätotuus
asm	no	paalu
re	no	cosa nostra
cds	no	complainer
ddp	yes	uhri
cds	no	dastardliness
dmc	yes	fabricator
asm	no	nussia
cds	no	ostettavissa oleva
om	no	pederasti
is	yes	ahdasmielinen
cds	no	törky
re	no	häijy
cds	no	fanaattinen
an	no	scelus
pr	no	homssu
dmc	yes	chiseller
om	no	kummallinen
cds	no	helppo uhri
dmc	yes	sanonko mikä
ddp	yes	tyhmeliini
asf	no	houkka
an	no	rynnistää
an	no	rupusakki
cds	no	rogue
cds	no	pinko
cds	no	kakara
asm	no	nuija
cds	no	reppana
ddp	yes	merkityksettömyys
asm	no	tyhmä
cds	no	tattletale
svp	no	pihiys
svp	no	minginess
cds	no	poliiseja
or	no	homppeli
cds	no	sikamainen
an	no	nössö
cds	no	pedantikko
cds	no	saasta laukku
asm	no	möhläys
svp	no	dillydallier
ddp	yes	nenästä vedettävä henkilö
cds	no	roisto
asm	no	runkkaus
svp	no	koppavuus
dmc	yes	säädytön
asm	no	saphead
cds	no	yksityisetsivä
cds	no	karkea
cds	no	fašismi
cds	no	naispoliisi
cds	no	kansa
cds	no	öljyinen
cds	no	fasistisen hallinnon
pr	no	tuksu
qas	no	riidanrakentaja
cds	no	apina
ps	yes	vaihdokas
svp	no	hyökkäävä
an	no	rääpäle
dmc	yes	alhainen
dmc	yes	paha ihminen
asf	no	vähä-älyinen
cds	no	itsekeskeisyyttä
ddp	yes	huumata
dmc	yes	ahne henkilö
dmc	yes	libertine
ddp	yes	hammerhead
dmc	yes	puoli-pint
ps	yes	mongoloidi
an	no	huijauksia
cds	no	narri
svp	no	vetelys
dmc	yes	huikenteleva
ddp	yes	melulauma
qas	no	moocher
asm	no	panna
re	no	väkisinmakaaminen
dmc	yes	veijari
cds	no	lainan hait
asm	no	masturbointi
or	no	hintti
dmc	yes	pahanhajuinen
cds	no	puoskari
an	no	pöllöpää
dmc	yes	hobos
cds	no	barbaarinen
ddp	yes	höntti
ddp	yes	saphead
qas	no	ongelmia maker
asf	no	emätin
ps	yes	doofus
cds	no	linja-ampuja
cds	no	väkijoukko
re	no	häpäisijä
qas	no	mielisairas
cds	no	juntti
dmc	yes	hayseed
ps	yes	lievästi t+
cds	no	melulauma
svp	no	omavaltaisuus
cds	no	pettävä
pr	no	huoraaminen
cds	no	vetää käteen
ps	yes	jälkeenjäänyt
ps	yes	uprooter
cds	no	maalaistollo
asm	no	kähveltää
ddp	yes	humpuukimestari
ddp	yes	tomppeli
svp	no	katkera
or	no	mäntti
ddp	yes	codswallop
ps	yes	tyhmä
dmc	yes	kurja
cds	no	pedantti
dmc	yes	toimeton
ddp	yes	nysverö
cds	no	taidokas
qas	no	hätävalhe
dmc	yes	homo scelestus
an	no	oppimaton ihminen
dmc	yes	raakalainen
asm	no	nostolaitteisto pois
or	no	kummallinen
ddp	yes	puupää
cds	no	kyynärpäätaktikko
om	no	homophile liikkeen
cds	no	niiskuttaja
re	no	haukkuminen
ddp	yes	typerys
cds	no	mörökölli
ddf	yes	skäfä
cds	no	itsevaltaisuus
ddp	yes	pöhkö
ddp	yes	nynny
ps	yes	hidastaa
cds	no	rinta rottingilla oleva
svp	no	riitaisa
an	no	konna
dmc	yes	niljakas
ddp	yes	typerä
asf	no	tomppeli
ddp	yes	mielettömyys
dmc	yes	pahaa
cds	no	masturbointi
svp	no	pöyhkeys
ddp	yes	betise
svp	no	gourmand
ps	yes	typerys
cds	no	nenästä vedettävä tyyppi
svp	no	kostonhimoinen
asf	no	typeryys
asf	no	liirumlaarum
an	no	street tyttö
cds	no	joukko
svp	no	riidanhaluinen
asm	no	roll heinää
qas	no	valkoinen valhe
dmc	yes	tekohurskas
ddp	yes	moukka
ddp	yes	kääkkä
an	no	raakalaismainen
asm	no	kohdella kaltoin
cds	no	lusmu
om	no	vammainen
cds	no	kynäilijä
re	no	traducer
cds	no	lowlife
asm	no	höntti
cds	no	porsas
an	no	irtolainen
an	no	rivous
dmc	yes	hurjasteleva
dmc	yes	libertinism
dmc	yes	jäljittelevä
cds	no	ryöstäjä
ddp	yes	nuijapää
cds	no	kaikkitietävä tyyppi
an	no	raunch
qas	no	konformisti
ddp	yes	suupaltti
cds	no	junttimainen
cds	no	maantie agentti
asf	no	vako
dmc	yes	keskinkertaisuus
an	no	huijari
cds	no	parittajat
ddp	yes	julmuus
om	no	pederast
ps	yes	nuija
is	yes	kurja
om	no	puppeli
cds	no	tympäisevä
an	no	mauttomuus
asf	no	vagina
cds	no	saphead
an	no	barbaari
ddp	yes	hutilus
an	no	raukka
ddp	yes	poropeukalo
an	no	puppu
svp	no	vihamielinen
asm	no	toope
an	no	hempukka
an	no	doodly-kyykky
cds	no	ostentatiousness
dmc	yes	öykkäri
an	no	huono ihminen
qas	no	hämmentää
cds	no	toisen rater
cds	no	kätyri
asm	no	huijata
cds	no	jengisotaan
qas	no	poropeukalo
cds	no	wisenheimer
cds	no	leveä
ps	yes	mestizaje
svp	no	syömäri
cds	no	ylpeys
an	no	homo scelestus
an	no	pauhata
asm	no	pettää
cds	no	jokeltaa
cds	no	mammanpoika
dmc	yes	epäsiisti
cds	no	riitapukari
svp	no	työtä vieroksuva
dmc	yes	laiskuri
cds	no	nynny
is	yes	saita
dmc	yes	libertinismi
ps	yes	pöljä
asf	no	tytsy
ddf	yes	epätyydyttävä
re	no	kiristää
cds	no	idiootti
svp	no	suvaitsemattomuus
dmc	yes	roisto
cds	no	ilkikurisuus
cds	no	mahtipontisuus
an	no	kuhnailija
cds	no	itsekäs
cds	no	korruptoitunut
dmc	yes	git
cds	no	banditti
an	no	väkijoukko
cds	no	jepari
is	yes	scelus
re	no	häpäisy
qas	no	tehdä sekavaksi
cds	no	välttely
ddp	yes	raakalaismainen
om	no	gay
cds	no	kiihkomielisyys
ps	yes	ääliö
dmc	yes	grifter
asm	no	kiksauttaa
or	no	nuijapää
dmc	yes	kevytkenkäinen
cds	no	lavertelija
cds	no	nulkki
dmc	yes	valhe
dmc	yes	häikäilemätön
asm	no	betise
an	no	veijari
cds	no	pöljä
an	no	armottomuus
cds	no	ylimielinen
asm	no	mennä sänkyyn jkn kanssa
is	yes	ryysypekka
ddp	yes	äiti kusipää
dmc	yes	tunari
svp	no	saamaton
cds	no	nörttiys
asm	no	muhinoida
an	no	epäsiisti ihminen
pr	no	kevytkenkäinen nainen
cds	no	sovinnainen
pr	no	hölynpöly
re	no	veijari
cds	no	laina sharking
cds	no	jengit
cds	no	cosa nostra
cds	no	ressukka
cds	no	gorilla
is	yes	surkea
asm	no	rakastella
dmc	yes	ikävä ihminen
an	no	hakkailija
cds	no	groveler
cds	no	kirjallisuuden hakata
re	no	kiristetään
cds	no	veijari
cds	no	hienostelija
qas	no	munata
svp	no	turhamainen
svp	no	hyvä-for-nolla
svp	no	kostonhaluinen
an	no	torvi
cds	no	pöyhistely
an	no	muttonhead
cds	no	höntti
qas	no	vetelehtiä
cds	no	upseeri
is	yes	roisto
asf	no	likka
an	no	hame kyytipoika
om	no	homoseksualisti
ddp	yes	runkkari
cds	no	sisilian mafia
ps	yes	nahkahousu
dmc	yes	tohelo
cds	no	fanatismi
pa	yes	churl
cds	no	snobi
svp	no	mahtaileva
asf	no	narri
ddp	yes	sukupuoliyhdyntä eläimen kanssa
an	no	kiskuri
asf	no	torvi
cds	no	bumbler
ddp	yes	taulapää
cds	no	vanukas pään
qas	no	skäbätä
cds	no	huijaat
an	no	narttu
asm	no	muhinointi
an	no	naissankari
svp	no	vetelehtiä-off
ps	yes	gawk
cds	no	rikollinen
ps	yes	mestiso
cds	no	urvelo
cds	no	pudden-head
ddp	yes	puoskarointi
cds	no	alhainen
dmc	yes	treasonist
an	no	pudge
cds	no	mielistelijä
asf	no	betise
cds	no	ihmisraukka
svp	no	irstas
an	no	sottainen ihminen
cds	no	fascismi
an	no	mies saattajan
cds	no	yksinkertainen ihminen
cds	no	supliikkimies
ddp	yes	lievästi t+
cds	no	koronkiskonta
cds	no	liehakoija
svp	no	kituutus
cds	no	koppavuus
an	no	se ja se
an	no	julmuus
dmc	yes	kuhnailija
ddp	yes	tohelo
cds	no	koira
pr	no	kaupallisen seksin
asf	no	tyhmyri
ps	yes	pässinpää
dmc	yes	maalaisjuntti
an	no	lyllerö
cds	no	ongelmaa
dmc	yes	ryöstäjä
dmc	yes	varas
dmc	yes	nolla
ddp	yes	barbaria
svp	no	himokas
cds	no	paholainen
cds	no	opettaja
an	no	nyyhky
cds	no	conceitedness
svp	no	ärsyyntynyt
ddp	yes	churl
ddp	yes	hulluus
dmc	yes	kelvoton
an	no	lowlife
cds	no	kriminaali
qas	no	möhliä
asf	no	älykääpiö
pr	no	homssuinen nainen
ddp	yes	ferociousness
cds	no	opettajatar
an	no	nynny
om	no	homoseksuaalinen
dmc	yes	hutilus
or	no	tohelo
cds	no	churl
an	no	ruma temppu
asm	no	narri
dmc	yes	botcher
cds	no	muss
cds	no	pihistäjä
pr	no	gigolo
ddp	yes	aasi
dmc	yes	retale
asm	no	doofus
ddp	yes	teeskentelemätön
cds	no	riippuvainen
an	no	idiootti
dmc	yes	fumbler
asm	no	ilkkuja
ddp	yes	pöllöpää
an	no	aisankannattaja
re	no	selkäänpuukottajan
asm	no	olla seksisuhde
asf	no	vaihdokas
asm	no	harrastaa vaakamamboa
dmc	yes	kelmi
pa	yes	barbaari
an	no	minx
an	no	lauma
cds	no	pröystäilijä
qas	no	norkoilija
qas	no	samentaa
svp	no	väheksyvä
or	no	hupsu
an	no	knucklehead
ddp	yes	kielikello
cds	no	matelija
cds	no	houkka
cds	no	lörpöttelijä
cds	no	kieroilu
asf	no	höhlä
ddp	yes	torvi
ps	yes	boche
asf	no	puupää
ddp	yes	tainnuttaa
or	no	gay
cds	no	sisilian mafian
asm	no	tyhmyri
om	no	twink
ps	yes	puoliverinen
cds	no	foxiness
asf	no	möhläys
cds	no	wangler
svp	no	huijari
ddp	yes	kantelupukki
an	no	floozie
ddp	yes	helposti narrattava uhri
cds	no	turhantarkka
cds	no	runkki
svp	no	kopeus
ps	yes	narri
svp	no	äreä
ddp	yes	hutiloija
ps	yes	ladino
cds	no	itsekeskeisyys
dmc	yes	paskiainen
ps	yes	debiliteetti
cds	no	pandar
svp	no	saita
asf	no	idiotia
ddp	yes	luupää
cds	no	mellastava ihmisjoukko
re	no	konna
an	no	sanonko mikä
asm	no	olla sukupuoliyhteydessä
svp	no	dilly-dallier
asm	no	mollaaja
dmc	yes	ääliö
cds	no	kaappaaja
ps	yes	mongolidi
svp	no	slacker
cds	no	folderol
asm	no	yhtyä
asf	no	paskapää
an	no	dumbass
dmc	yes	kulkuri
asm	no	pöljä
qas	no	diletantti
ddp	yes	raakuus
dmc	yes	likainen
cds	no	leuhkija
cds	no	maalaisjuntti
dmc	yes	töykeys
cds	no	tohelo
or	no	pölkkypää
or	no	juntti
dmc	yes	tomppeli
svp	no	hunsvotti
an	no	kouluttamattomia henkilö
qas	no	töhertäjä
cds	no	sekaantuja
cds	no	turposi pää
svp	no	toimettomuus
ddp	yes	raaka
cds	no	paskiainen
an	no	juntti
asf	no	debiili
re	no	päivämäärä raiskaus
ddf	yes	niljakas
cds	no	riiviö
pa	yes	moukka
ps	yes	idiootti
asm	no	herkkäuskoisuutta
asf	no	tyhmyys
pr	no	kuonaa
qas	no	kiusata
or	no	vako
cds	no	ahdasmielisyys
asf	no	vittu
ddp	yes	molopää
qas	no	fumbler
cds	no	satyriaasi
svp	no	kitsas
ddf	yes	kelvoton
asf	no	nenästä vedettävä henkilö
dmc	yes	rakehell
ps	yes	idiotia
svp	no	suursyömäri
dmc	yes	moukka
an	no	häijy
qas	no	pummaaja
re	no	naisenryöstö
ps	yes	mongoloid
cds	no	paskalakki
qas	no	töhrijä
ps	yes	vähä-älyinen
cds	no	jengiläinen
an	no	aivoton
ddf	yes	pettymyksen aiheuttava
cds	no	nörtteys
asm	no	rakastelu
an	no	pullukka
an	no	ällötys
dmc	yes	pikkuvaras
svp	no	nälkä
ddp	yes	julmuri
or	no	muttonhead
asm	no	tohelo
cds	no	konnamainen
cds	no	häijy
re	no	hillitön
cds	no	scrawler
ps	yes	tuhoaja
asf	no	kimma
an	no	vuokran poikien
cds	no	tollo
cds	no	bootlicker
ddp	yes	botcher
svp	no	omahyväisyys
ps	yes	mestizo
cds	no	amateurishness
pr	no	comare
svp	no	hulttio
qas	no	amateurishness
is	yes	itara
dmc	yes	näyttelijä
ddp	yes	tietämätön ihminen
cds	no	slackers
re	no	riiviö
svp	no	hotkija
or	no	paskapää
rci	yes	barbaari
pr	no	kiukkuinen akka
asf	no	fuckhead
asm	no	vedättää
ddp	yes	houkkamainen
or	no	tussu qualifier
cds	no	ääliö
is	yes	nurkkakuntainen
an	no	raahustaja
re	no	lievä raiskaus
or	no	pillock
cds	no	homssuinen henkilö
cds	no	pedanttinen
asm	no	tomfool
cds	no	tärkeilijä
re	no	italian mafian
or	no	hinaaja
ddp	yes	häijyys
asf	no	aasi
an	no	kahjo
cds	no	perättömyys
ddp	yes	villejä
asm	no	ruuvaamalla
cds	no	öykkärimäinen
cds	no	poropeukalo
re	no	hirmuvalta
cds	no	metalliromu
an	no	tyhmyri
cds	no	ongelma
qas	no	kyynelehtivä
re	no	ryöstäjä
svp	no	epäsiveellinen
qas	no	äitelä
om	no	hinuri
dmc	yes	paheellinen
cds	no	gossipmonger
ddp	yes	järjettömyys
re	no	villainess
dmc	yes	velttoilija
cds	no	fawner
svp	no	retale
cds	no	codswallop
cds	no	kavala
cds	no	nokkela
cds	no	nuorisorikollinen
qas	no	munia
cds	no	veijarimaisuus
svp	no	tee-mitään
an	no	aisuri
pr	no	harlotry
svp	no	kiukkuinen
pr	no	kokotti
cds	no	pahvi
svp	no	ylpeä
asm	no	pano
dmc	yes	kevytmielinen
cds	no	kansan syvät rivit
an	no	vetelys
svp	no	tuittupäinen
cds	no	yhdyskuntajätteen
cds	no	saappaannuolija
ddp	yes	hyväuskoinen hölmö
an	no	pätkä
pa	yes	tomppeli
an	no	hulttio
an	no	pummi
re	no	solvaaja
cds	no	viekas
cds	no	hellion
dmc	yes	toisen rater
cds	no	fariseus
cds	no	mahtaileva höpsötys
dmc	yes	lemu
dmc	yes	laiska
ddf	yes	kääpiö
dmc	yes	parka
asm	no	torvi
an	no	raivota
asm	no	runkkari
an	no	ämmä
ddp	yes	gossipmonger
an	no	zooerastia
asf	no	urpo
ps	yes	fritsi
ddp	yes	surullinen säkki
or	no	vanukas pään
re	no	railakas
asf	no	twats
asm	no	mäntti
cds	no	laskelmoiva
ps	yes	mutsku
qas	no	rauhanhäiritsijä
cds	no	luihuus
an	no	helppo uhri
cds	no	katala
ddp	yes	doofus
cds	no	pummi
asf	no	pöllö
an	no	huijausta
cds	no	farisealainen
svp	no	juopotteleva
ddp	yes	urpo
dmc	yes	maalaistollo
dmc	yes	haista
cds	no	humpuukimestari
cds	no	kiihkoilu
ddp	yes	zooerastia
cds	no	mafia
cds	no	blunderer
cds	no	rahanvaihtajille
asm	no	juntti
asf	no	mäntti
ps	yes	hömelö
re	no	libeler
cds	no	raapustaja
qas	no	haaveileva
asm	no	olla intiimissä suhteessa
svp	no	kitupiikki
qas	no	hutilus
re	no	mustaaminen
dmc	yes	viikari
re	no	sarja raiskaaja
ddp	yes	mäntti
cds	no	valhe
re	no	verenpunainen
or	no	hölmö
ddp	yes	ilkeä
cds	no	sivustakatsoja
svp	no	säästäväinen
an	no	julmuri
an	no	hullu
an	no	ihmispeto
ddp	yes	eläimellinen
asf	no	tipu
dmc	yes	konna
svp	no	joutilas
ddp	yes	kusipää
cds	no	hyperseksuaalisuus
qas	no	mokata
cds	no	satu
cds	no	kiduttaja
asm	no	naida
asf	no	typerys
cds	no	tee-mitään
dmc	yes	pseudo
cds	no	bandit
asf	no	typykkä
cds	no	pässinpää
cds	no	valheet
dmc	yes	täysi nolla
cds	no	jengikulttuuri
dmc	yes	löyhkä
ddp	yes	älykääpiö
asm	no	nooky
an	no	horatsu
dmc	yes	uskoton
asf	no	tohelo
cds	no	kiihko
cds	no	pillittäjä
svp	no	saituri
an	no	prostituoitu
ddp	yes	kouluttamattomia henkilö
re	no	nuorisorikollinen
cds	no	käytännön jokeri
an	no	paskapää
cds	no	pikkutarkka
cds	no	äärimmäisen oikeistolainen
qas	no	tunteileva
dmc	yes	bandit
svp	no	ylimielinen
is	yes	ryysyläinen
cds	no	laiskuri
asm	no	höhlä
an	no	tumppi
re	no	sisilian mafian
om	no	lapsen hyväksikäyttäjä
qas	no	roikkuja
ddp	yes	lummox
svp	no	kiihko
dmc	yes	petkuttaja jumala
qas	no	mahtaileva höpsötys
dmc	yes	pilferer
pr	no	lunttu
an	no	homssu
cds	no	tunari
cds	no	vallattomuus
dmc	yes	sluibari
ps	yes	mongolidit
qas	no	hutiloija
svp	no	nuukuus
cds	no	toisten asioihin sekaantuja
qas	no	banaali
ddp	yes	vittupää
svp	no	pippurinen
cds	no	keltanokka
an	no	mammanpoika
rci	yes	barbaarit
cds	no	cut-up
svp	no	nolla
rci	yes	churl
ddp	yes	vilpitön
cds	no	muskelimies
an	no	vätys
asf	no	dumbass
ddp	yes	gossiper
or	no	homo
or	no	pöllöpää
ddp	yes	knucklehead
cds	no	fibber
ddp	yes	normaalin alapuolinen
an	no	typerys
pr	no	pöty
dmc	yes	itara
asf	no	pimppi qualifier
ps	yes	hävittäjä
cds	no	rupusakki
dmc	yes	työtä vieroksuva
cds	no	saarnata
asm	no	flouter
an	no	epäpätevä henkilö
cds	no	pinnari
cds	no	groveller
cds	no	epäsiisti ihminen
re	no	halventaja
svp	no	heikkotahtoinen
cds	no	isottelu
asm	no	kavaltaa
cds	no	pikkumainen
an	no	vuokraa poika
or	no	homoseksualisti
ps	yes	kömpelys
cds	no	pahantekijä
cds	no	hybris
dmc	yes	ahdasmielinen
or	no	homophile
cds	no	silmänkääntötemppu
svp	no	harmistunut qualifier
an	no	saasta laukku
rci	yes	tomppeli
cds	no	ilkivalta
cds	no	lainsuojattomuus
an	no	typerästi
is	yes	villainess
dmc	yes	yliloikkari
ddp	yes	perse
cds	no	äiti kusipää
qas	no	emävalhe
qas	no	välttely
re	no	mafioso
qas	no	siirappinen
asf	no	tylsämielisyys
cds	no	ilkikurinen
svp	no	maleksija
cds	no	nuuskija
cds	no	epärehellinen
dmc	yes	vitkastelija
an	no	typerä
cds	no	viikari
or	no	mirri
dmc	yes	ressukka
cds	no	uho
asf	no	tyttö
cds	no	hylätä
dmc	yes	petoksentekijöiden
cds	no	itseriittoinen
qas	no	bumbler
qas	no	sovinnainen
cds	no	koukussa oleva henkilö
cds	no	fascisti
dmc	yes	haisunäätä
qas	no	diletanttinen
dmc	yes	väärä
cds	no	tukala
cds	no	nymfomania
qas	no	mielenvikainen
dmc	yes	väärennetty
cds	no	loanshark
cds	no	reaktionaari
cds	no	fasistit
dmc	yes	maanpetturi
an	no	rentboy
an	no	vamper
cds	no	huiputtaja
dmc	yes	epäaito
dmc	yes	siivoton
an	no	typeryys
pa	yes	akateeminen
dmc	yes	sika
an	no	hienostumattomuus
ddp	yes	muttonhead
ddf	yes	lyhytkasvuinen ihminen
cds	no	puppu
cds	no	demagogia
cds	no	emävale
an	no	katutyttö
pr	no	crack huora
rci	yes	moukka
ddp	yes	perehtymätön
cds	no	laiskimus
an	no	ääliö
qas	no	tunari
pa	yes	opettajamainen
asm	no	jeerer
cds	no	sloven
asf	no	emättimen
cds	no	laiskajaakko
dmc	yes	pummi
svp	no	tyhjänpäiväisyys
cds	no	rintamakarkuri
cds	no	tierosvo
svp	no	musertava
qas	no	rupusakki
om	no	homopuppeli
cds	no	omena kiillotuskone
pr	no	mies prostituutio
svp	no	tekopyhä
asf	no	hupsu
svp	no	kärsimätön
qas	no	piinata
ps	yes	nigra
is	yes	ryökäle
ddp	yes	tuittupää
cds	no	minäkeskinen
ddp	yes	juntti
asm	no	runkki
is	yes	resupekka
cds	no	demagogi
cds	no	kätyrit
cds	no	öykkäri
an	no	reppana
ddp	yes	idiotia
cds	no	tricker
svp	no	dominoiva
an	no	pohjasakka
dmc	yes	tuhlari
cds	no	barbaria
ddp	yes	tomfool
dmc	yes	haju
cds	no	itserakkaus
cds	no	venality
an	no	haisunäätä
or	no	homophile liikettä
an	no	roska
cds	no	itsekeskeinen
an	no	naistenmetsästäjä
cds	no	häpeämättömyys
asm	no	pilkkaaja
cds	no	git
dmc	yes	koira
cds	no	katujengit
pa	yes	villejä
ddp	yes	puoskari lääkäri
cds	no	kujeilija
cds	no	lainsuojaton
cds	no	mulkku
an	no	sivistymättömyys
or	no	vaativa
asm	no	nookie
cds	no	katsoja
an	no	keinotella
an	no	röyhkeä narttu
dmc	yes	churl
pa	yes	barbaarinen
cds	no	itsekkyys
an	no	prickteaser
ps	yes	nenästä vedettävä tyyppi
an	no	läski
re	no	kiristäminen
svp	no	hapan
cds	no	mäntti
dmc	yes	tollo
qas	no	kädettää
dmc	yes	lurjus
cds	no	valehteleminen
dmc	yes	teko-
dmc	yes	kitupiikki
cds	no	juonikas
is	yes	ressukka
asf	no	tollo
ddp	yes	folderol
svp	no	äkeä
asm	no	kalu
pr	no	lutka
pr	no	rentboy
ddp	yes	äkämys
ddp	yes	savage
an	no	tolvana
svp	no	taipuvainen ylensyöntiin
qas	no	kömpelys
re	no	herjaus
om	no	homot
asm	no	pässinpää
cds	no	pelkurimaisuus
cds	no	mahtailija
re	no	pidättämätön
svp	no	abuulinen
asf	no	roska
ps	yes	hunni
pr	no	ämmä
re	no	pahis
dmc	yes	vaahtosammutin
re	no	kiristystä
cds	no	pahvipää
svp	no	pöyhkeä
an	no	uhrilammas
dmc	yes	saasta laukku
dmc	yes	libertiinit
qas	no	riitapukari
om	no	queer
dmc	yes	umpimielinen
cds	no	splashiness
qas	no	loinen
ddp	yes	ääliö
cds	no	helposti narrattava uhri
svp	no	pummi
an	no	uskoton nainen
cds	no	röyhkeys
svp	no	laiskottelija
an	no	tyhmyys
ps	yes	ilkivallantekijä
an	no	tuksu
an	no	lyhytkasvuinen ihminen
cds	no	giikki
cds	no	dirty dog
cds	no	keikari
an	no	tyhmä
cds	no	piinaaja
cds	no	luolamiesmäinen
cds	no	akateeminen
pr	no	narttu
cds	no	lauma
an	no	höhlä
cds	no	vale
qas	no	tuhria
qas	no	kulkuri
ddp	yes	huijari
cds	no	käsityö
qas	no	hässiä
qas	no	tollo
an	no	loinen
cds	no	pöhkö
an	no	saituri
qas	no	tunteellinen
asm	no	nykiminen pois
cds	no	se ja se
cds	no	reaktionääri
cds	no	geek
asf	no	pillu
om	no	homofiili
or	no	puupää
asf	no	pöty
asf	no	pillua
ddp	yes	tietämättömyys
ddp	yes	tunari
qas	no	kurja
an	no	savage
pr	no	buncombe
dmc	yes	hulttio
asf	no	köntys
ddp	yes	tylsämielisyys
dmc	yes	näyttävä mies
qas	no	ilkivalta-maker
re	no	sisilian mafia
dmc	yes	valehtelija
ddp	yes	vasikka
dmc	yes	paha haju
dmc	yes	rogue
an	no	lammas
ddp	yes	tolvana
svp	no	itserakas
cds	no	kähveltäjä
om	no	hintti
an	no	sloven
asf	no	lunkhead
cds	no	suuri yleisö
an	no	raakalainen
cds	no	hulttio
cds	no	moneylending
qas	no	ahdistaa
ddp	yes	paskapää
om	no	homo
cds	no	kätyrinsä
asm	no	hölmöillä
an	no	ryöstelijä
an	no	syntipukki; t+
re	no	raiskaus
cds	no	kansanvillitsijä
ddp	yes	puppu
an	no	moukkamaisuus
asf	no	läskipää
cds	no	tyhmä
ddp	yes	järjetöntä
an	no	eläimeen sekaantuminen
ddp	yes	hidas
an	no	pahis
cds	no	wonk
ddp	yes	lörpötellä
cds	no	moaner
svp	no	itara
re	no	defamer
svp	no	kärtyinen
cds	no	pollea
ddp	yes	debiliteetti
rci	yes	barbaarinen
cds	no	nykiminen pois
an	no	diddly-shit
qas	no	moukka
re	no	terroristijärjestö
an	no	tyllerö
an	no	koira
cds	no	valkoinen valhe
dmc	yes	fetor
ps	yes	barbaria
cds	no	vetelehtijä
cds	no	suuret luulot
cds	no	vätys
cds	no	demagoginen
asm	no	idiootti
asm	no	tehdä petos
cds	no	jäte
cds	no	velttoilija
cds	no	valehdella
an	no	fuckhead
cds	no	pahankurisuus
cds	no	heikko yksilö
qas	no	hylätä
ddp	yes	yksinkertainen ihminen
cds	no	halveksittava
svp	no	rietas
svp	no	penninvenyttäjä
ddp	yes	fiba
cds	no	quidnunc
ddp	yes	ilmiantaja
re	no	parjaus
cds	no	pahanilkisyys
cds	no	mussiness
cds	no	slacker
svp	no	superbia
dmc	yes	rosvo
ddf	yes	halpamainen
qas	no	pintapuolinen
cds	no	aloittelija
pa	yes	pikkumainen
cds	no	nenästä vedettävä henkilö
ddp	yes	lörpöttelijä
an	no	paska
ddp	yes	mulkku
is	yes	pihtaaja
cds	no	pöllö
cds	no	caitiff
cds	no	hävyttömyys
svp	no	käpykaartilainen
or	no	homophile liikkeen
pr	no	huijari
cds	no	paritus
ddp	yes	häijy
ddp	yes	liirumlaarum
dmc	yes	petos
an	no	parasiitti
ps	yes	krauthead
dmc	yes	sopimaton
asf	no	fiba
ddp	yes	houkka
cds	no	cheekiness
or	no	taulapää
re	no	maligner
asm	no	twirp
svp	no	kopea
asf	no	idiotismi
svp	no	ilkeä
svp	no	lorvija
ddp	yes	persreikä
cds	no	nuorisojengit
cds	no	egotismi
cds	no	raukka
an	no	kitupiikki
dmc	yes	rääpäle
re	no	raiskaajia
cds	no	paskapää
or	no	jurpo
dmc	yes	dillydallier
an	no	rotta
dmc	yes	hyvä-for-nolla
svp	no	laiskuri
dmc	yes	villainess
cds	no	perkele
re	no	parjaaja
svp	no	tyhjäntoimittaja
or	no	stupe
cds	no	nostolaitteisto pois
ddp	yes	hölynpölyä
is	yes	ihmisraukka
svp	no	ärsyyntyvä
an	no	haaskalintu
re	no	melskeinen
ps	yes	mestis
an	no	raakimus
qas	no	mauton
dmc	yes	ilkeä
an	no	villainess
dmc	yes	barbaria
qas	no	surkea
pr	no	lumppu
dmc	yes	paha
qas	no	cadger
dmc	yes	ryökäle
dmc	yes	epäjalo
svp	no	hyödyttömyys
pr	no	portto
ddp	yes	nonsense
cds	no	käden työtä
cds	no	ilkiö
ddp	yes	hidasjärkinen
ddp	yes	juoruilija
or	no	läskipää
dmc	yes	bumbler
qas	no	valhe
ps	yes	idiotismi
ps	yes	churl
cds	no	fumbler
dmc	yes	pätkä
ps	yes	puoli-rotu
or	no	idiootti
an	no	luupää
cds	no	huijari
cds	no	mairea
ddp	yes	toope
cds	no	pikkuvaras
cds	no	nulikka
an	no	höntti
cds	no	valittaja
cds	no	hätävalhe
cds	no	silmänkääntäjä
re	no	treffiraiskaus
cds	no	hikipinko
ddp	yes	suunpieksäjä
qas	no	tyriä
re	no	traaginen konna
cds	no	jaarittelija
asf	no	yksinkertainen ihminen
an	no	tollosti
cds	no	kiusaaja
dmc	yes	vetelehtiä-off
ps	yes	mestitsi
dmc	yes	libertiini
an	no	viikari
is	yes	riiviö
ddp	yes	oppimaton
an	no	flirttailija
pr	no	tytönletukka
cds	no	sluibari
or	no	hinttari
cds	no	amatöörimäisyys
or	no	pahvi
ps	yes	imbesilli
svp	no	ylivoimainen
pr	no	nainen street
asf	no	tyhmä
pa	yes	junttimaisuus
svp	no	hauteur
cds	no	nahjus
cds	no	meddler
cds	no	korkea-kätisyys
cds	no	kahjo
ddp	yes	pudden-head
asm	no	wank
is	yes	tatterdemalion
re	no	verinen
cds	no	besserwisser
asm	no	pilkata
cds	no	omakiva
asf	no	ääliö
cds	no	lörppö
dmc	yes	rotta
cds	no	roskaväki
cds	no	loansharking
ddp	yes	nonsensicality
cds	no	skolastikko
cds	no	irtolainen
ps	yes	juntti
cds	no	pahaa
dmc	yes	maleksija
cds	no	rutivanhollinen
dmc	yes	hurskastelija
ps	yes	sekarotuinen
cds	no	gangsterism
cds	no	jengiväkivalta
svp	no	vihainen
dmc	yes	barbaarimainen
dmc	yes	ulkokultainen
ps	yes	nigga
an	no	köntys
cds	no	roskajoukko
dmc	yes	löyhkäävä
ddf	yes	kurja
dmc	yes	luopio
qas	no	barbaarinen
asm	no	puijata
or	no	kusipää
an	no	nenästä vedettävä tyyppi
qas	no	kohdella pirullisesti
ps	yes	helposti narrattava uhri
an	no	käärme ruoho
cds	no	höpistä
pr	no	lady ilo
an	no	helposti narrattava uhri
cds	no	epäjärjestys
dmc	yes	vetelys
qas	no	pummi
cds	no	sekamelska
cds	no	weisenheimer
asf	no	idiootti
ddp	yes	sodomia
cds	no	koronkiskuri
pr	no	bawd
cds	no	wiliness
an	no	villainous
an	no	tohelo
an	no	heittiö
asm	no	nenästä vedettävä henkilö
cds	no	chiseller
cds	no	runkkari
asm	no	herkkäuskoisuus
cds	no	kierous
cds	no	hupsu
asm	no	käsityö
cds	no	mystifier
cds	no	raukkamainen
dmc	yes	chawbacon
dmc	yes	inhottava
cds	no	sakki
an	no	eläimellinen
ddp	yes	puoskari lääketieteen
cds	no	kantelupukki
or	no	vittu
asf	no	puppu
ddp	yes	tietämätön
asm	no	hässiä
qas	no	satu
svp	no	niggardness
pr	no	ilolintu
svp	no	ärtyisä
pa	yes	turhantarkka
asm	no	paneminen
an	no	jilt
cds	no	pätkä
ddp	yes	sinisilmäinen
cds	no	lukutoukka
svp	no	turhamaisuus
dmc	yes	elostelija
cds	no	tyhmyri
an	no	ilkimys
cds	no	poltroon
ddp	yes	alaikäinen
svp	no	pollea
asf	no	lievästi t+
ddf	yes	rääpäle
ddp	yes	barbaarit
ddp	yes	ignorantti
rci	yes	barbaria
an	no	sika
is	yes	villainous
ps	yes	vandaali
asf	no	juntti
cds	no	runkkaus
ddf	yes	nanus
ddp	yes	aivoton
cds	no	katujengi
ddp	yes	lapsellinen
pa	yes	barbaarit
cds	no	voihkija
rci	yes	tollo
svp	no	raivonsa
cds	no	konnamaisuus
svp	no	rehvasteleva
ddp	yes	pölkkypää
qas	no	kintereillä roikkuja
ddp	yes	pelle
asm	no	tomppeli
is	yes	parka
or	no	höntti
svp	no	ahnas
ddp	yes	kokematon
asm	no	rakastaa
qas	no	roskaväki
cds	no	fasismi
svp	no	trencherman
cds	no	nokkava
asf	no	mirri
is	yes	lurjus
cds	no	konnuus
cds	no	roskatoimittaja
svp	no	itseriittoinen
svp	no	kateellinen
svp	no	pahantuulinen
cds	no	hurskasteleva
svp	no	saaliinhimoisuus
cds	no	kiskuri
ps	yes	sakemanni
cds	no	wuss
ddp	yes	hokum
cds	no	jengi
or	no	nance
re	no	kiivas
ddp	yes	gawk
an	no	mies prostituoitu
or	no	poove
ddp	yes	bumbler
cds	no	mahtailevuus
svp	no	syöppö
cds	no	ultrakonservatiivi
cds	no	pelkuruus
cds	no	keskinkertaisuus
asm	no	pöhkö
asf	no	debiliteetti
ps	yes	tollo
or	no	fuckhead
is	yes	kitupiikki
cds	no	suuri pesemätön
qas	no	imelä
pr	no	harppu
ps	yes	kääpiöt
ddf	yes	halveksittava
asm	no	syntipukki; t+
cds	no	leuhka
dmc	yes	ihmisraukka
cds	no	huono yksilö
an	no	lutku
cds	no	pelkuri
an	no	etana
asm	no	maata
re	no	ilkimys
cds	no	piru
svp	no	vihastuva
cds	no	landepaukku
is	yes	konna
cds	no	keplottelija
svp	no	gourmandizer
ddp	yes	pässinpää
cds	no	torvi
dmc	yes	halveksittava
cds	no	oveluus
an	no	vihaisuus
dmc	yes	jurottaa
or	no	tyhmä
qas	no	churl
svp	no	täysi nolla
dmc	yes	brutaali
ps	yes	kahjo
an	no	häijyys
cds	no	hylkiö
asm	no	omakiva
svp	no	koppava
cds	no	tyhjäntoimittaja
svp	no	mässäilijä
or	no	urvelo
cds	no	moukkamainen
cds	no	konformisti
or	no	pimppi qualifier
pr	no	löysä nainen
asf	no	luupää
cds	no	luihu
an	no	lunkhead
ddp	yes	tyhmyys
cds	no	pool huijaat
an	no	rahvaanomaisuus
qas	no	raivokas
an	no	sekopää
svp	no	ärhäkkä
dmc	yes	kiihkoilua
pr	no	kortteliralli
re	no	kelmi
re	no	terrori
cds	no	kyttä
cds	no	saivartelija
cds	no	sotku
cds	no	nymfomaani
dmc	yes	fariseus
an	no	pässinpää
or	no	tyhmyri
dmc	yes	tekojumalisuus
dmc	yes	häijyys
pr	no	prostituointi
qas	no	barbaari
dmc	yes	epäkohtelias
dmc	yes	slackers
cds	no	villainous
qas	no	huono hattu
an	no	houkka
an	no	lihapulla
qas	no	kohdella julmasti
cds	no	myötäjuoksija
svp	no	ahmattimainen
dmc	yes	trifler
an	no	diddly
dmc	yes	fibber
asm	no	mulkku
dmc	yes	dissembler
ddp	yes	ihmispeto
ddp	yes	tyhmyri
cds	no	rinki
svp	no	turhuus
ddp	yes	prater
an	no	lässyttäjä
cds	no	pikkuvalhe
cds	no	pelle
dmc	yes	petollinen
ddf	yes	pätkä
an	no	paha ihminen
cds	no	italian mafian
svp	no	jurottaa
cds	no	lorvi
cds	no	barbaari
ddp	yes	pöljä
cds	no	mahtailu
qas	no	möhlätä
an	no	laiskuri
qas	no	pinnallinen
an	no	myötäilijä
ddp	yes	kahjo
cds	no	kelmi
ddp	yes	raakalainen
an	no	lurjus
cds	no	runkku
ddp	yes	juveniilinen
ddf	yes	katala
svp	no	pikavihainen
is	yes	ennakkoluuloinen
cds	no	rikoksentekijä
ddp	yes	pöty
cds	no	villainess
asf	no	tussu
ddp	yes	kasvuikäinen
cds	no	lössykkä
cds	no	pilailija
cds	no	persereikä
cds	no	lässyttäjä
asf	no	muttonhead
re	no	viikari
svp	no	rintamakarkuri
is	yes	onneton
svp	no	velttous
cds	no	hypersexual
ddp	yes	eläimeen sekaantuminen
dmc	yes	pihistäjä
cds	no	valeet
dmc	yes	se ja se
dmc	yes	epäkohteliaisuus
cds	no	vaativa
ps	yes	tylsämielisyys
qas	no	harrastelijamainen
asm	no	tolvana
dmc	yes	villainous
dmc	yes	hobo
dmc	yes	pinnari
dmc	yes	rietastelija
qas	no	kämmätä
an	no	lumppu
asm	no	olla sukupuoliyhdynnässä
dmc	yes	takinkääntäjä
svp	no	raivo
cds	no	kerskuri
dmc	yes	vilppi
pr	no	horatsu
svp	no	määräilevä
cds	no	ilkimys
ddp	yes	vähä-älyinen
cds	no	sanonko mikä
svp	no	raivoa
cds	no	skoude
dmc	yes	petkuttaja
an	no	hammerhead
dmc	yes	nurkkakuntainen
dmc	yes	tramps
svp	no	dallier
dmc	yes	huijarin
re	no	vilifier
qas	no	siipeilijä
pr	no	prostituoituja
asm	no	helvetin
ps	yes	hölmö
asm	no	kulli
asf	no	pöllöpää
an	no	huora
ddf	yes	käppänä
cds	no	rahanlainaaja
ps	yes	pölkkypää
an	no	hylkiö
ddp	yes	raakimus
cds	no	outlawry
ddp	yes	roska
cds	no	todistaja
cds	no	addikti
an	no	taipumattomuus
cds	no	egoistinen
cds	no	juoruilija
qas	no	tohelo
ddp	yes	läskipää
asm	no	heppi
cds	no	suupaltti
cds	no	pulma
asm	no	typeryys
ps	yes	nekru
svp	no	ylimielisyys
cds	no	afrodisia
asm	no	olla sukupuoliyhteydessä jkn kanssa
an	no	git
an	no	iilimato
an	no	pöljä
om	no	pedofiilin
om	no	nance
asf	no	toope
svp	no	mustasukkainen
ddp	yes	vanukas pään
ddp	yes	tyhmä
cds	no	tietokonenörtti
asm	no	maata jkn kanssa
ddp	yes	väkijoukko
asf	no	kusipää
an	no	raaka
cds	no	lurjus
ddp	yes	twirp
asm	no	molo
cds	no	konna
dmc	yes	lorvija
an	no	läskipää
dmc	yes	laiskajaakko
qas	no	botcher
dmc	yes	epämiellyttävän hajuinen
asf	no	syntipukki; t+
or	no	pahvipää
cds	no	valehtelija
cds	no	vaikeus
ddp	yes	narri
svp	no	himoitseva
asm	no	huiputtaa
an	no	tomppeli
qas	no	blunderer
cds	no	siivottomuus
ddf	yes	odotuksenvastainen
svp	no	rivo
svp	no	kaunainen
re	no	ryökäle
dmc	yes	tekaistu
ddf	yes	inhottava
ddp	yes	idiotismi
rci	yes	villejä
pa	yes	pedanttinen
an	no	katala roisto
an	no	itara
cds	no	superbia
ddp	yes	sekopää
cds	no	etana
qas	no	tagalong
dmc	yes	katala
pr	no	fornicatress
ps	yes	barbaarit
qas	no	onneton
rci	yes	raakalainen
cds	no	vintiö
svp	no	pahansuopa
ddf	yes	ruma
an	no	skäfä
qas	no	harrastelija
cds	no	äärioikeistolainen
an	no	inexorableness
cds	no	omanarvontunto
cds	no	asiattomuus
svp	no	no-tili
svp	no	velttoilija
cds	no	ryökäle
ddp	yes	nuori
dmc	yes	kauhistuttava
an	no	pelle
an	no	vamppi
qas	no	kiihkeä
an	no	saphead
dmc	yes	torjuva
pr	no	roska
dmc	yes	chiseler
qas	no	pohjasakka
an	no	saita
ddp	yes	kääpiöt
or	no	knucklehead
an	no	surkimus
re	no	uskonnollinen terrorismi
pr	no	lortto
an	no	matkija
cds	no	omahyväisyys
cds	no	nopeasti yksi
cds	no	nössö
an	no	lortto
cds	no	puhua siansaksaa
svp	no	gorger
svp	no	tightfistedness
dmc	yes	villejä
cds	no	italian fasismi
qas	no	raakalainen
cds	no	imarteleva
qas	no	teurastaa
ddp	yes	lavertelija
or	no	tollo
dmc	yes	törkyinen
asm	no	helppo uhri
pr	no	hutsu
an	no	nysväke
dmc	yes	barbaarinen
re	no	terroriteosta
ps	yes	tomppeli
