cds	no	падаль
an	no	canis aureus
pa	yes	бухга́лтер
om	no	Гомосексуальність
pr	no	Бик свійський
an	no	Мікроорганізм
cds	no	виконавець балад
cds	no	простак
re	no	Морське піратство
svp	no	їдець
cds	no	жарт
qas	no	відповідності
om	no	содоміт
ps	yes	китайська
cds	no	мафія
dmc	yes	забруднених
cds	no	селекціонер
an	no	Патогенні мікроорганізми
or	no	Йолоп
svp	no	злість
pa	yes	касир квиткової каси
cds	no	вискочкою
an	no	Слимак садовий
pr	no	Березовий п'ядун
an	no	Вулична проституція
ddf	yes	поганий
or	no	Капуста городня
an	no	червоний барабан
pr	no	неохайною жінкою
an	no	молочних кіз
re	no	злочин
cds	no	марнославства
svp	no	Зневіра
qas	no	Паразити
an	no	слабовільний людина
cds	no	кримінальний злочин
cds	no	громадські туалети
an	no	Акули
cds	no	туалет
qas	no	співучасник злочину
re	no	Плагіат
an	no	жаб
cds	no	ставленик
ps	yes	єврейський
ps	yes	башка
re	no	Делікт
rci	yes	скнара
om	no	мить
cds	no	стадо
cds	no	loanshark
cds	no	злочинної діяльності
ddp	yes	тварин
cds	no	злочинців
asf	no	folderol
an	no	гівнюк
qas	no	попрошайка
or	no	дивний
cds	no	племені
re	no	видобуток
an	no	мошок
ps	yes	єврей
pr	no	рогату худобу
ddf	yes	кульгавий
an	no	Комаха
an	no	Бізон американський
pr	no	розпуста
svp	no	абулія
dmc	yes	брехун
pr	no	коричнева пацюк
cds	no	нарцисизм
an	no	дворняжка
ps	yes	монголоїдів
an	no	rouncey
an	no	М'якун
asm	no	vicia faba
pr	no	молі
ps	yes	Чорний колір
asm	no	кінських бобів
om	no	дворянка
an	no	humanus
ps	yes	біотехнології рослин
ddp	yes	Дурбецело
cds	no	Чувіха
cds	no	залишки
asm	no	кінські
an	no	Собаки
qas	no	Середній клас
pr	no	норвегія щурів
dmc	yes	зловмисник
om	no	переодягання
cds	no	викрадення худоби
pa	yes	коридорний
re	no	малолітній злочинець
pa	yes	юри́стка
re	no	Каморра
qas	no	Паразитування
an	no	crocodilia
an	no	пес
pr	no	Вулична проституція
qas	no	псувати
cds	no	papparazzi
an	no	Казарка чорна
om	no	Педарастія
svp	no	Ледащо
pr	no	му-корова
cds	no	байстрюк
is	yes	Лиходій
cds	no	cur
cds	no	рід
dmc	yes	не-рахунки
cds	no	Мазафакер
pa	yes	професор коледжу
cds	no	педантичність
cds	no	розрізаний
cds	no	дурисвіт
re	no	мафія
an	no	Откриточелюстні
asf	no	йолопом
an	no	athene noctua
qas	no	ballock
dmc	yes	ізгоєм
cds	no	містифікатор
pa	yes	uncouthness
cds	no	хибності
ps	yes	схрещування
svp	no	Обжерливість
pa	yes	директором похоронного бюро
svp	no	Сім смертельних гріхів
an	no	strigiformes
dmc	yes	моралістичної
dmc	yes	негідник
qas	no	класичної риторики
dmc	yes	розбійник
cds	no	засмічення
dmc	yes	дрянь
ps	yes	циган
pa	yes	членом-кореспондентом
cds	no	драндулет
an	no	піп-писку
cds	no	зрадницький
ps	yes	Негроїд
cds	no	розумний
cds	no	гонитель
is	yes	є-не
cds	no	хлопчик на побігеньках
cds	no	поверховість
dmc	yes	Моральна норма
qas	no	середнім рівнем доходів
svp	no	Ледар
asm	no	придатків
dmc	yes	моральний компас
dmc	yes	Ренегат
dmc	yes	діллі-далье
an	no	Курка
svp	no	неробства
pa	yes	адвокат
cds	no	егоїзм
ddp	yes	неписьменна людина
asm	no	Фалос
an	no	жаба
cds	no	внутрішній коло
re	no	Викрадення людей
cds	no	наброду і бобтейл
cds	no	рекетир
an	no	козячого молока
ddp	yes	варварство
cds	no	наплутати
qas	no	меланж
re	no	мучителя
cds	no	Франкмасонство
ddp	yes	blunderer
ddp	yes	недоумкуватий
pr	no	Шмара
cds	no	злодіїв
dmc	yes	перебіжчик
om	no	Трансвестити
ddp	yes	metazoa
dmc	yes	облуди
cds	no	помилковий ідол
an	no	людожера
an	no	Йолоп
cds	no	брокера
ddp	yes	глупий
cds	no	сім'ї
an	no	ovis
asf	no	сповільнювати
dmc	yes	бродяга
dmc	yes	половина пінти
an	no	Евриптериди
qas	no	варварів
qas	no	батрак
an	no	дідлі-приземкуватих
cds	no	грабіжник
cds	no	показного
an	no	eurypterid
svp	no	Захланність
cds	no	коза ностра
qas	no	Конформність
dmc	yes	Ґангстер
pa	yes	пастуха
cds	no	Злочинність
an	no	Велика біла акула
an	no	Ослик
svp	no	користолюбство
re	no	сексуальні злочини
cds	no	rustler
svp	no	invidia
an	no	diddlysquat
an	no	pediculus corporis
svp	no	сексуальне бажання
an	no	варварство
or	no	балбес
an	no	Крокодилові
om	no	гомосексуальний
an	no	п'явки
cds	no	швидка
an	no	м'яка на дотик
an	no	йолопом
an	no	рогоносця
an	no	істота
an	no	коза
cds	no	Чува
or	no	капуста
re	no	карбувальник
qas	no	Бладхаунд
svp	no	скнарість
an	no	мікроб
an	no	болван
an	no	Шакали
an	no	Пес свійський
cds	no	Реліквії
cds	no	була законом
cds	no	зловмисник
an	no	йолоп
pa	yes	торговка рибою
dmc	yes	обман
asf	no	волосся на лобку
an	no	Лиходій
cds	no	гіперсексуальність
cds	no	поліцейський
or	no	огірок лози
an	no	Гадюка
an	no	Напади акул
an	no	чоловік-повія
or	no	фенхель
cds	no	камарилья
qas	no	баронства
cds	no	вигадка
cds	no	журналіст
pr	no	повій
asm	no	чортовий
svp	no	семи смертних гріхів
an	no	невблаганність
asf	no	нерозумна людина
ps	yes	Тіньова економіка
an	no	іша́к
cds	no	італійська мафія
an	no	pediculus humanus
qas	no	яєчко
an	no	salientia
is	yes	парія
an	no	невіглас
qas	no	Суміш
cds	no	кретин
pr	no	придворних
ddp	yes	башка
an	no	Блощиця ліжкова
pr	no	стерва
re	no	гвалтівники
ddp	yes	епіфауни
cds	no	pudden голови
cds	no	пихатість
om	no	Супінація
cds	no	Дурбецело
re	no	Історія піратства
qas	no	Баласт
cds	no	лихварством
om	no	foeniculum vulgare
an	no	М'якотілі
is	yes	рівень бідності
ddp	yes	Йолоп
svp	no	Нудьга
or	no	спад
cds	no	офіцер
cds	no	Гібрид
dmc	yes	сволота мішок
pa	yes	академік
cds	no	Ідіотія
qas	no	суміш
pr	no	Проституція
svp	no	conceitedness
an	no	домашньої худоби
om	no	переодягатися
an	no	сім'я cimicidae
ddf	yes	людей з обмеженими можливостями
pa	yes	почесний професор
qas	no	бюргер людей
an	no	козел відпущення
an	no	овець
ddp	yes	Мазафакер
cds	no	Гіперсексуальність
cds	no	книжковий хробак
ddp	yes	Остолоп
svp	no	хтивість
re	no	злодійські
cds	no	mofo
cds	no	член банди
cds	no	шарлатан
cds	no	мафіозі
cds	no	бачок з питною водою
cds	no	варварів
or	no	вирощують капусту
asm	no	риби
an	no	epifaunal
asm	no	боби
dmc	yes	злодюжка
an	no	pelias chersea
qas	no	Трейдер
an	no	Свійський собака
asm	no	хуй
an	no	собачка
cds	no	ragtag
cds	no	sonny boy
dmc	yes	варварка
cds	no	боягузом
cds	no	Стадо
asm	no	Невігластво
om	no	Адоральний
an	no	дідлі
ps	yes	бош
ddf	yes	інвалідності
an	no	crocodylidae
an	no	курка
dmc	yes	лукавий чоловік
om	no	Апікальний
an	no	Акула біла
re	no	сексуальне злочин
ddp	yes	taleteller
cds	no	бандит
pa	yes	Адвокати
cds	no	Гранж
an	no	гібрид вівці і кози
pr	no	корів
dmc	yes	лох
pr	no	гетери
cds	no	ndrangheta
cds	no	куп
an	no	дурень
an	no	будинковий сич
an	no	повія
cds	no	пристосуванець
dmc	yes	малолітній злочинець
cds	no	гральний дім
ps	yes	Монголоїди
re	no	коза ностра
svp	no	не-рахунки
qas	no	мішанина
pa	yes	академізм
an	no	простак
an	no	кровопивець
ps	yes	Вандали
qas	no	риторичним
qas	no	дурниця
qas	no	твердих відходів
cds	no	Варвари
re	no	терористичний акт
cds	no	догматизм
cds	no	розбійник з великої дороги
ps	yes	Жидівка
ddp	yes	Каприз
an	no	епіфауни
pr	no	пустопорожня балаканина
an	no	жінка мисливець
cds	no	Конспірологія
an	no	familiaris
cds	no	дурень
cds	no	Штрейкбрехерство
cds	no	хлюпик
qas	no	поплічник
an	no	жабій
ps	yes	ідіот
re	no	наклеп
cds	no	бешкетний
an	no	Баран
ps	yes	Монгол
an	no	тарган
an	no	макрофауни
an	no	bufo
cds	no	ляпи
cds	no	жорстокість
an	no	mollusca
dmc	yes	аморальності
cds	no	недоумкуватий
or	no	Огірки
pa	yes	капрал
qas	no	sodbuster
cds	no	фанатичним
cds	no	лиходій
pa	yes	дипломатичний ранг
cds	no	клан
an	no	тіла викрадача
qas	no	пікове становище
cds	no	достаток
cds	no	міжродових гібрид
qas	no	Магнат
asm	no	pisum
cds	no	фігляр
dmc	yes	злочинниця
ps	yes	білих
ps	yes	Ізраїльтяни
ddp	yes	zooerasty
cds	no	рукою
pr	no	жінка на вулиці
ps	yes	бедуї́н
ddp	yes	йолоп
cds	no	самопоклоненіе
om	no	дупу
qas	no	Конформна поведінка
ddp	yes	варварка
cds	no	Вільні каменярі
om	no	чоловіків-гомосексуалістів
asf	no	тупиця
cds	no	Металобрухт
asf	no	простак
pr	no	оренду хлопчиків
cds	no	злодій
an	no	домашні собаки
ps	yes	фашистський
cds	no	Чувак
an	no	Бізон європейський
om	no	дорсолатеральній
an	no	Черв
an	no	підлість
or	no	brassica oleracea
asm	no	shtup
an	no	anguillidae
cds	no	злочин
ddp	yes	Тварина
pa	yes	адвокатів
or	no	бараболя
ddp	yes	зрадницький
dmc	yes	делікт
an	no	Ропуха сіра
an	no	Домашня коза
or	no	finocchio
re	no	викрадач дітей
an	no	Дурбецело
om	no	Латеральний
ps	yes	муринка
cds	no	поза законом
dmc	yes	трагічний лиходій
re	no	великої рогатої худоби злодій
dmc	yes	гангстер
pa	yes	доцент
an	no	diddlyshit
pr	no	звідниця
cds	no	bellyacher
an	no	овен
svp	no	Сім смертних гріхів
an	no	canis familiaris
ps	yes	Помісь
an	no	blockhead
an	no	folderol
asm	no	Пінус
om	no	потяг до своєї статі
an	no	Білоголовий сип
cds	no	кланів
an	no	кома́ха
an	no	poulet
dmc	yes	lingerer
qas	no	нишпорка
re	no	сексуальне насильство
ps	yes	метеків
an	no	Хатній сич
or	no	башка
svp	no	Гидливість
re	no	злочинців
an	no	Слимак виноградний
an	no	му-корова
re	no	гвалтівник
dmc	yes	foetor
cds	no	грунту
cds	no	Масони
cds	no	племен
svp	no	переїдання
an	no	animal
svp	no	angriness
pa	yes	варварів
asf	no	валяти дурня
om	no	Трансвестизм
cds	no	запороти
re	no	Здирництво
pr	no	щурів
ddf	yes	Групи інвалідності
cds	no	вуличної банди
an	no	скорпіони
ps	yes	бедуїн
asm	no	недоумкуватий
cds	no	педант
om	no	Гомосексуаліст
cds	no	плоти
cds	no	коробейник
ps	yes	остготів
cds	no	перевертиш
ps	yes	козел відпущення
om	no	лесбія́нка
an	no	Осел
ps	yes	недоумкуватий
cds	no	великої рогатої худоби злодій
cds	no	бруд
pr	no	куртизанки
cds	no	Чувень
cds	no	гомункула
re	no	згвалтування
cds	no	чепурун
om	no	ґей
re	no	порушення закону
svp	no	апатія
cds	no	Підкидько
asm	no	широкий квасоля
om	no	геїв
pa	yes	міністра-радника
ps	yes	єврейської громади
qas	no	поганий працівник
cds	no	поліцейських
ddp	yes	розумово відсталих
cds	no	вільний каменяр
an	no	маленьких тварин
asm	no	Крайня плоть
ddf	yes	горбатий
cds	no	розумник
ddp	yes	безглузді
re	no	сказ
cds	no	будинок з поганою репутацією
ddp	yes	Тваринний світ
rci	yes	варвар
pa	yes	екстраординарним професором
dmc	yes	defrauder
asm	no	темно-бордовий
re	no	був
or	no	Фенхель звичайний
cds	no	Мазефака
ddp	yes	одушевлена істота
dmc	yes	Дисимуляція
svp	no	фанатизму
om	no	derriere
an	no	metazoa
asm	no	сповільнювати
qas	no	промисловець
pr	no	чоловічий ескорт
qas	no	ділова людина
an	no	папуг
an	no	Слизень
or	no	сквош лози
re	no	вбивства детектив
pa	yes	пастух
cds	no	каналізації
cds	no	грішник
cds	no	фанатизм
ps	yes	Роми
svp	no	Зависть
cds	no	пустотливий
an	no	кіз
an	no	загальні комарів
re	no	украсти
an	no	Черв'як
an	no	Відкритощелепні
om	no	Дорсальний
asf	no	недоумкуватий
dmc	yes	капосник
re	no	злодій
ps	yes	ізраїльтянин
an	no	zooerasty
dmc	yes	scattergood
cds	no	Лихвар
asm	no	ночівель
asf	no	піська
dmc	yes	підробок
cds	no	наркоман
ddp	yes	простак
ddp	yes	дебільності
om	no	каудально
an	no	Слизняки
is	yes	трагічним лиходієм
cds	no	конформіст
asm	no	Сім`яні міхурці
cds	no	релігійного фундаменталізму
dmc	yes	blunderer
an	no	Вугор
pr	no	джон
re	no	серійний гвалтівник
qas	no	запороти
qas	no	Красномовство
svp	no	лінощі
dmc	yes	фальшивий
svp	no	Лінюх
cds	no	моралізірованіє
cds	no	масонів
re	no	точних
re	no	негідник
an	no	coluber scytha
qas	no	буржуазного суспільства
an	no	клоп-черепашка
re	no	Кримінальне правопорушення
re	no	розпусник
ddp	yes	макрофауни
asf	no	нікчемність
dmc	yes	етичні мотиви
ddp	yes	кретин
qas	no	конура
ddp	yes	нерозумно
asm	no	загвинчування
pa	yes	теоретичні
pa	yes	адвокат у кримінальних справах
cds	no	продажності
cds	no	sassing
pr	no	би́дло
asm	no	Коричневий колір
ddf	yes	Інвалід
cds	no	newspaperwoman
an	no	Гадюка звичайна
an	no	Комар звичайний
an	no	muttonhead
an	no	балбес
an	no	гусеня
or	no	Дурень
an	no	козел
cds	no	Теорії змови
cds	no	немовля
dmc	yes	веселий андрій
or	no	простак
pr	no	Повія
cds	no	сперечатися
cds	no	пліткар
asm	no	avialae
ddf	yes	кепський
ps	yes	interfertility
cds	no	чувак
ps	yes	Чорношкірі
cds	no	співробітник виправного закладу
cds	no	твердих відходів
asm	no	Птиця
qas	no	баронський
asm	no	pterygiophore
svp	no	апатичним
cds	no	навантаженнях
asm	no	валяти дурня
svp	no	хвалькуватість
re	no	злочинів на сексуальному грунті
pa	yes	професорів
asm	no	Статевий-член
an	no	Жаби
re	no	Кримінал
asm	no	ебать
asm	no	їбати
ps	yes	руйнівник
re	no	корпоративних зловживань
re	no	крадіжка
pr	no	відьма
cds	no	тюремний охоронець
is	yes	Межа бідності
qas	no	послушник
svp	no	Смертні гріхи в християнстві
cds	no	Гангстер
dmc	yes	брехня
cds	no	побутових відходів
an	no	betise
pa	yes	двері охоронець
om	no	poove
ps	yes	бродяга
an	no	папуга
re	no	викрадення майна у великих розмірах
svp	no	нероба
cds	no	безцеремонність
cds	no	простолюдді
ps	yes	Літературний негр
an	no	казарка
an	no	скорпіон
re	no	rustler
an	no	Біла акула
cds	no	фундаменталісти
asm	no	фол
qas	no	Парафіяни
an	no	Зубр американський
pa	yes	пастухи
ps	yes	mestizaje
qas	no	варвар
cds	no	делікт
is	yes	обідранець
om	no	хлюпик
an	no	приховані пристрої прослуховування
is	yes	смутний
cds	no	cockup
an	no	білоголовий сип
om	no	мадам
an	no	diddley
cds	no	гіперсексуальної
an	no	ragtag
an	no	Козові
qas	no	застереження
an	no	hyaenidae
an	no	курей
cds	no	племінних товариств
asm	no	непристойний
re	no	вбивстві другого ступеня
pr	no	молл
cds	no	промах
dmc	yes	хандрити
asf	no	балбес
cds	no	Нерд
cds	no	vaunter
cds	no	новобранець
dmc	yes	байбак
re	no	raper
qas	no	покинутого судна
dmc	yes	звичаї
ddp	yes	fuckhead
cds	no	Маклер
ps	yes	jigaboo
cds	no	небажаної пошти
om	no	homophile
an	no	нетопир
cds	no	тонн
dmc	yes	Гомункулус
svp	no	Лінь
cds	no	пропагандист
ps	yes	юдаї́зм
ps	yes	Остготи
cds	no	пікове становище
ps	yes	напівкровка
pa	yes	Варвари
dmc	yes	скнара
re	no	Ндрангета
is	yes	жебрак
qas	no	кастової системи
ps	yes	Монголи
or	no	Дурбецело
ddp	yes	animal
cds	no	Педагог
cds	no	нахабство
pa	yes	юри́ст
cds	no	трагічний лиходій
cds	no	штрейкбрехерство
re	no	хуліганство
qas	no	каст
an	no	equus asinus
qas	no	Фермерство
an	no	комарів
pa	yes	міністра
om	no	одностатевих
cds	no	Штрейбрехер
an	no	Біловезький зубр
an	no	Молі
ddp	yes	фігляр
ps	yes	циганських
an	no	одушевлена істота
cds	no	племінних
cds	no	зарозумілість
qas	no	тинятися
dmc	yes	Бомжі
ddp	yes	пліткар
an	no	bison bonasus
cds	no	бовдур
an	no	Сич хатній
pa	yes	директора похоронного бюро
svp	no	фізичний потяг
cds	no	лихословити
an	no	мерзотник
qas	no	Парафія
cds	no	Зелоти
cds	no	синя панчоха
an	no	strix varia
asm	no	довірливість
om	no	пе́дік
cds	no	навчального посібника
dmc	yes	злочинець
cds	no	Гомункулус
cds	no	сволота мішок
an	no	зайчики
asm	no	яєчка
ddp	yes	перевертиш
asm	no	валятися в сіні
ddp	yes	нічого не знаю
asm	no	простак
rci	yes	варварів
re	no	Убивство
an	no	тварин
re	no	libeler
cds	no	публічний будинок
is	yes	негідник
qas	no	фермер
ps	yes	Єврей
cds	no	релігійність
cds	no	мерзенний
an	no	тварина
qas	no	непокоїш
asm	no	brownness
is	yes	ізгоєм
ddp	yes	Варвари
ddp	yes	жорстокість
ddp	yes	валяти дурня
qas	no	Сім'яники
cds	no	крадіжки
cds	no	кліка
qas	no	нікудишній чоловік
ddf	yes	коротун
cds	no	посередність
cds	no	релігійності
an	no	сич хатній
qas	no	конформізму
an	no	виноградний слимак
om	no	педерастія
svp	no	нудьги
an	no	брехати
ddp	yes	animalia
ddp	yes	Дурень
pa	yes	шанувальник
cds	no	bragger
svp	no	розпуста
pr	no	Гетера
re	no	рекетир
re	no	фінансові зловживання
om	no	педераст
an	no	нічого не знаю
an	no	мошки
re	no	викрадає
qas	no	маляра
an	no	рогату худобу
ddf	yes	карлик
ps	yes	негроїдів
cds	no	лихварство
ps	yes	чорний чоловік
or	no	лесбі́йка
an	no	комах
an	no	порочність
cds	no	beguine
ps	yes	болван
or	no	brassica ропа
cds	no	естрадний співак
ps	yes	селекції рослин
an	no	чоловічий ескорт
pr	no	rentboy
re	no	дітовбивство
an	no	дрянь
cds	no	масоном
ps	yes	кретин
cds	no	малодушний
asm	no	півник
re	no	вбивця
cds	no	великий немитими
dmc	yes	була законом
om	no	анального проникнення
om	no	homophile руху
re	no	згвалтування на побаченні
om	no	задній кінець
dmc	yes	коротун
pr	no	балаканина
an	no	жаба жаба
qas	no	залишки
ps	yes	Юдей
an	no	Бик свійський
cds	no	Бегінки
qas	no	паразитів
svp	no	Лінощі
an	no	Прісноводні вугрі
cds	no	culchie
ddp	yes	недотепа
cds	no	офіцер поліції
qas	no	магнат
re	no	грабіжник
re	no	злодійство
an	no	Кабан
cds	no	фашизму
ps	yes	Метек
an	no	людські воші тіла
an	no	шахрай
dmc	yes	Моцарела
an	no	тип mollusca
an	no	Осел африканський
cds	no	половина пінти
svp	no	лох-офф
qas	no	Аколит
re	no	плагіат
cds	no	Каналізація
cds	no	кореспондент
ps	yes	варварським
or	no	muttonhead
an	no	гадюка
ps	yes	rommany
ddf	yes	відключення
cds	no	дитина
re	no	зловживати
ps	yes	хам
an	no	слабак
svp	no	похіть
re	no	вимагати
ps	yes	іудаїзм
an	no	Безхвості амфібії
cds	no	молитовня
dmc	yes	Мораль
an	no	psittaciformes
ddp	yes	тварина
om	no	Дупця
cds	no	гурток
pa	yes	Академік
ddp	yes	аменція
qas	no	омніум-gatherum
svp	no	ненаситний
svp	no	гурман
ddp	yes	плутаник
an	no	Кархародон
an	no	вульгарність
cds	no	Викладач
cds	no	Ґангстер
cds	no	Злочини
ps	yes	фріц
cds	no	сноб
dmc	yes	плутаник
re	no	Злочинець
an	no	гусак
pa	yes	прихильник
asm	no	широкі боби
ps	yes	чорні люди
om	no	іша́к
pr	no	співжиття
dmc	yes	зацькований
asf	no	blockhead
dmc	yes	обманщик
pr	no	утриманка
pr	no	фігня
is	yes	бідні
qas	no	обривки
cds	no	підбурювача
qas	no	дотримання нормативних вимог
dmc	yes	горе-нуль
om	no	содомія
an	no	Ґнус
asf	no	Лобкове волосся
an	no	Постільний клоп
ps	yes	Негри
qas	no	незнатного походження
asm	no	яйце
cds	no	пудинг голови
asf	no	м'яка на дотик
cds	no	nerd
cds	no	оголошення поза законом
cds	no	сміття
cds	no	плутаник
ps	yes	чорні жінки
re	no	любитель пліток
re	no	Вимагання
om	no	чорт!
ps	yes	схрещуванні
qas	no	подушечка
cds	no	реакційний
cds	no	відбирати
pa	yes	адвока́т
or	no	ірландський картопля
re	no	лютість
an	no	ovis овен
re	no	злочинниця
cds	no	плітки
pa	yes	клерк
an	no	biston betularia
re	no	Пірат
qas	no	Варвари
re	no	гангстера
an	no	Гнус
om	no	іпсилатеральний
svp	no	Обжорство
re	no	терористів
svp	no	Заздрісність
asf	no	промежини волосся
svp	no	хтивий
cds	no	виправлення офіцер
ps	yes	єврейська релігія
re	no	Умисне вбивство
qas	no	звичайна людина
om	no	Попа
cds	no	обсяг
asf	no	кретин
cds	no	забалотований
asm	no	дрочити
asm	no	нікчемність
an	no	sus scrofa domestica
an	no	валяти дурня
dmc	yes	виділення
qas	no	брехня
an	no	лихословити
cds	no	хвалько
pr	no	Шлюха
cds	no	брехня
re	no	Гангстер
an	no	Тварини
an	no	афіна noctua
cds	no	гальмівної
cds	no	шахрайство
pa	yes	глашатай
svp	no	ravenousness
qas	no	blunderer
an	no	branta bernicla
asf	no	doofus
re	no	лиходійка
dmc	yes	бандити
an	no	ізгоїв
an	no	Слизун
or	no	посівної
cds	no	селекції рослин
an	no	рід ангілья
an	no	корова
re	no	торгівлі наклепі
or	no	картоплі
svp	no	самолюбство
an	no	неохайність
ps	yes	зулусів
cds	no	Бандитизм
an	no	клоп
or	no	Огірок
re	no	Терористи
asm	no	башка
qas	no	побутових відходів
re	no	вбивства
cds	no	немовлят
an	no	coluber caeruleus
cds	no	mother fucker
an	no	пащу
cds	no	розбій
an	no	animalia
qas	no	судновласника
is	yes	бідних
dmc	yes	Провола
om	no	координатам
dmc	yes	Спритник
re	no	cosa nostra
an	no	комар
re	no	наліт
qas	no	поле рукою
cds	no	штрейкбрехер
cds	no	dastardliness
cds	no	альфонс
pr	no	наложниця
asm	no	статевого члена
an	no	личинка
an	no	бик
cds	no	карбувальник
an	no	старий світ буйвола
svp	no	скупий
an	no	дрочила
pr	no	світських
ddp	yes	тваринa
cds	no	Чувачок
an	no	дупу
qas	no	ринку хранитель
svp	no	зарозумілість
asm	no	Біб кінський
re	no	була законом
cds	no	clotheshorse
svp	no	гнів
ps	yes	грубий
dmc	yes	лиходія
cds	no	Кримінальне правопорушення
an	no	sciaenops ocellatus
pa	yes	бухгалтерів
ps	yes	ніггер
an	no	п'ядуна
ddp	yes	шахрайство
an	no	безхвостих
pr	no	Пацюк мандрівний
ps	yes	латиноамериканцем
an	no	жінка-вамп
or	no	гомосексуальний
qas	no	промах
an	no	caprinae
svp	no	обжерливість
or	no	Білоголова капуста
asm	no	Підкидько
an	no	Вугреподібні
an	no	pelias berus
ps	yes	схрещувати
cds	no	міжродових гібридні
dmc	yes	лицемір
qas	no	Парохія
an	no	selachimorpha
an	no	шакал
cds	no	скаржник
an	no	зубр
ddp	yes	Імбецильність
svp	no	avaritia
svp	no	dillydallier
svp	no	розпусність
cds	no	під ключ
ps	yes	єврейській родині
re	no	погане поводження
pa	yes	Службовці
om	no	Голубий
cds	no	грішниця
re	no	грабежів
pa	yes	рибою
dmc	yes	блазнювання
or	no	Дурник
ddp	yes	син сука
qas	no	Сім`яні міхурці
ddp	yes	варвар
an	no	Клоп постільний
qas	no	Маґнат
ps	yes	Негроїди
asm	no	Сім'яни­к
pa	yes	посильний
ps	yes	Негроїдної раса
an	no	європейським жаба
an	no	Корова
pa	yes	трунар
dmc	yes	варварів
re	no	бандитів
om	no	педерастії
cds	no	плем'я
dmc	yes	відступник
or	no	піська
svp	no	luxuria
cds	no	Злочинці
cds	no	масони
om	no	пе́дик
ddp	yes	неуцтво
dmc	yes	селюк
cds	no	реліквія
ps	yes	Підкидько
cds	no	продажних
pr	no	куртизанок
cds	no	Плітки як ефект масової комунікації
ddp	yes	Кретинізм
cds	no	omerta
cds	no	безкоштовно і прийнятих масонів
an	no	swallower повітряна куля
an	no	М'якуни
cds	no	біотехнології рослин
an	no	чоловічої проституції
asf	no	пизда
cds	no	негідник
or	no	кумпол
dmc	yes	позер
pa	yes	співробітник
an	no	сім'я anguillidae
cds	no	Кримінал
rci	yes	грубий
om	no	Педерастія
re	no	жорстокого поводження
svp	no	minginess
svp	no	Об'їдання
an	no	скоти́на
cds	no	Папараці
re	no	злочинець
ps	yes	uprooter
an	no	біла акула
cds	no	любов дитини
svp	no	жадібності
dmc	yes	клоуни
an	no	vipera chersea
pr	no	молодичка
cds	no	Публічний дім
re	no	'ndrangheta
pa	yes	наукових кіл
cds	no	мішанина
cds	no	споріднені групи
ddf	yes	Непрацездатність
svp	no	Гордість
ddp	yes	балбес
dmc	yes	бідолаха
dmc	yes	Гангстер
ddp	yes	пройдисвіт
qas	no	простолюдина
cds	no	Демагог
cds	no	громадських туалетах
dmc	yes	нещасна людина
cds	no	змова мовчання
pr	no	lampyris noctiluca
or	no	пе́дік
ddp	yes	розповсюджувач чуток
or	no	foeniculum vulgare
asm	no	бурий
an	no	коза антилопа
cds	no	трагічним лиходієм
svp	no	Гнів
pa	yes	свинини м'ясника
re	no	погане поводження з ким-л.
asm	no	aves
ddp	yes	Невігластво
an	no	канал баса
pr	no	курва
cds	no	стовпотворіння
ps	yes	Болгарин
re	no	тортурам
pr	no	жінка-співучасниця блуду
an	no	корови
an	no	Фізіогноміка
ddp	yes	betise
an	no	Слизуни
an	no	свиней
qas	no	селянин
qas	no	ледар
an	no	ixodida
cds	no	нечупара
ps	yes	чорного співтовариства
pa	yes	варварка
an	no	нападу акули
svp	no	Скнара
ps	yes	нерозумна людина
cds	no	злодюжка
an	no	Рило
pr	no	коханець
cds	no	бідолаха
svp	no	гордовитість
qas	no	бізнесмен
an	no	Мікроб
ddp	yes	mother fucker
an	no	неосвічена людина
qas	no	простих людей
an	no	відсталий
dmc	yes	гомункула
ps	yes	простак
qas	no	bumbler
cds	no	брокер
ddp	yes	Дурник
cds	no	прелат
cds	no	любитель
ddf	yes	злий
dmc	yes	Лиходій
an	no	евріптеріди
an	no	сволота
an	no	вулиці дівчину
cds	no	matcher
cds	no	одноплемінника
cds	no	хитрість
ps	yes	Бедуїни
re	no	убивця
qas	no	наброду і бобтейл
an	no	сім'я crocodylidae
qas	no	сільськогосподарський робітник
dmc	yes	буфонади
cds	no	поліціянт
re	no	Ґангстер
cds	no	кореспондентів
an	no	Гірський козел
asf	no	Дурко
cds	no	метушитися
qas	no	плутаник
ddp	yes	пудинг голови
cds	no	штрейкбрехерів
an	no	Безхвості
ddp	yes	невіглас
an	no	bison bison
cds	no	зубрила
an	no	кролик
cds	no	покража
ps	yes	скнара
cds	no	хаос
svp	no	Смертні гріхи
pr	no	скоти́на
re	no	Вбивства
an	no	Напад акули
cds	no	уніта́з
an	no	буйвол
qas	no	hutch
ddp	yes	тюхтій
dmc	yes	БОМЖ
cds	no	лиходія
an	no	Свиня свійська
dmc	yes	бродяжництво
an	no	Кролі
ps	yes	romanis
qas	no	Селяни
om	no	осе́л
or	no	огірочок
re	no	Наклеп
cds	no	Кримінальний авторитет
qas	no	сумбур
cds	no	нуворишів
asf	no	башка
re	no	slayer
asm	no	Дебільність
pa	yes	професор університету
an	no	Баран свійський
om	no	Содоміт
cds	no	болван
an	no	сова
an	no	Блощиця
ddp	yes	нісенітниця
an	no	Сови
re	no	делікт
cds	no	Дебільність
cds	no	псувати
an	no	crocodylian
svp	no	горе-нуль
ddp	yes	брехуха
dmc	yes	лох-офф
ps	yes	варвар
om	no	ззаду
svp	no	Смертельні гріхи
cds	no	залупа
cds	no	лялька
an	no	заборонили сова
pa	yes	cordwainer
pa	yes	Дипломатичний ранг
cds	no	червоно-бурий колір
pa	yes	Академічний світ
an	no	Мул
svp	no	нудьга
asm	no	Ідіотія
re	no	пограбували
om	no	среднеключичной лінії
ps	yes	Вандал
qas	no	Барбари
om	no	Драг-квін
qas	no	маляр
om	no	Адаксиальний
cds	no	Масонство
an	no	Прісноводний вугор
dmc	yes	марнотрат
ddp	yes	інфауни
dmc	yes	Протиправні дії
cds	no	крадіжка
asf	no	козел відпущення
asm	no	betise
cds	no	Чувирла
an	no	Черви
om	no	finocchio
dmc	yes	парія
svp	no	Заздрощі
cds	no	неправда
an	no	кроликів
cds	no	казино
re	no	жорстокість
ps	yes	вандалів
om	no	хрест соусом
is	yes	зацькований
cds	no	самолюбство
cds	no	безкоштовно mason
dmc	yes	Бомж
qas	no	дайвінг система зважування
ps	yes	негроїдної
an	no	bison bonasus bonasus
cds	no	cosa nostra
cds	no	ошуканець
om	no	трансвестити
cds	no	гіперсексуальності
is	yes	лиходія
cds	no	Конспіраційна теорія
svp	no	діллі-далье
ddp	yes	folderol
ddf	yes	інвалідність
qas	no	твердих побутових відходів
cds	no	педантичний
qas	no	Паразит
om	no	Гомоеротизм
an	no	capra hircus
ps	yes	людина змішаної раси
ddp	yes	дурисвіт
svp	no	ухиляються від роботи людина
ddp	yes	ублюдок
an	no	молі
qas	no	середнього класу
or	no	Голубі
cds	no	інгрупи
or	no	го́мік
qas	no	ритор
ps	yes	єврейській традиції
cds	no	Чувиха
cds	no	продажність
an	no	selachii
an	no	Домашній козел
ps	yes	монгольський
qas	no	конформіст
pr	no	Лярва
an	no	смоктати вошей
om	no	Гепака
or	no	Ріпа
cds	no	ублюдок
cds	no	валяти дурня
cds	no	хуліганство
cds	no	купа
qas	no	аутоінфекціі
or	no	педантичність
qas	no	дилетантство
svp	no	Хіть
cds	no	нероба
ddp	yes	хуйло́
an	no	скривившись
asm	no	йолоп
an	no	равлики
an	no	гавкати
asm	no	кретин
an	no	Справжні крокодили
an	no	равликів
cds	no	Гібрис
ps	yes	міжродових гібридні
asf	no	Дебільність
ddp	yes	шарлатан
cds	no	теоретики змови
is	yes	біднота́
cds	no	схрещування
dmc	yes	Зло
an	no	грубість
cds	no	motherfuckers
ddp	yes	Олігофрен
asm	no	зеленого горошку
cds	no	зухвалу відповідь
an	no	каймани
svp	no	сердитий
dmc	yes	моцарелла
qas	no	трейдер
asf	no	betise
ps	yes	Єврейське населення України
ddp	yes	наброду і бобтейл
qas	no	буржуазії
qas	no	екіпаж
om	no	Паністара
cds	no	перевертиши
ps	yes	Негроїдна раса
asf	no	Йолоп
om	no	Мужелозтво
asf	no	Піхва
cds	no	землекоп
or	no	Городня капуста
re	no	душогуб
an	no	Американський бізон
cds	no	пеон
ddf	yes	втрата працездатності
dmc	yes	удавальник
an	no	стерва
an	no	боягузом
om	no	Медіальний
an	no	сови
cds	no	шахрай
ddp	yes	Імбецил
pr	no	перелюбниця
qas	no	хатинка
om	no	Содомія
ps	yes	народу зулу
ddp	yes	знахарство
om	no	інвалід
re	no	викрадене майно
an	no	підряду blattodea
cds	no	жартівник
ps	yes	негрів
cds	no	гангстера
ddp	yes	в'язень
or	no	meticulosity
an	no	кіз антилопи
re	no	терорист
svp	no	ледар
or	no	обслуговуванню
svp	no	aboulia
svp	no	Ненажерність
an	no	Козел
dmc	yes	поза законом
an	no	Совоподібні
or	no	болван
an	no	бред собачий
cds	no	синок
om	no	чоловічої сексуальності
cds	no	Нарцисизм
qas	no	малярський
ps	yes	Варвари
re	no	озброєних пограбувань
cds	no	Падло
an	no	вели́ка рога́та худо́ба
an	no	Собака домашній
an	no	кома́шка
re	no	шантажував
re	no	тортури вбивства
ddp	yes	кретинізм
an	no	мікроорганізмів
an	no	Ягня
ddp	yes	Ідіотія
cds	no	дурний
cds	no	Гібриди
or	no	лесбія́нка
re	no	наклепницькими
asf	no	Невігластво
asm	no	тест
pa	yes	пастушка
ps	yes	міжродових гібрид
re	no	брудні гроші
pr	no	міль
qas	no	вища посадова особа
pa	yes	Професор
or	no	картопля
an	no	Кури
an	no	трагічний лиходій
re	no	вбивстві першого ступеня
qas	no	ragtag
cds	no	піхотинець
cds	no	ухиляються від роботи людина
qas	no	сп'яніння
cds	no	уілер дилерів
dmc	yes	моральний кодекс
ddp	yes	істота
ps	yes	бедуїнів
svp	no	свавілля
dmc	yes	фанатичним
pa	yes	контролера
cds	no	боягу́зка
an	no	викрадачів тіл
cds	no	буркотун
an	no	Хробак
cds	no	тюремник
re	no	тортури
qas	no	домашнє господарство
ps	yes	болгарська
pa	yes	академіків
pr	no	bos taurus
ddp	yes	пошкодження головного мозку
ddp	yes	болван
svp	no	лінь
dmc	yes	карбувальник
cds	no	ідіот
om	no	Анатомічна термінологія розташування
dmc	yes	вонь
re	no	злочинної діяльності
ddp	yes	некомпетентна людина
an	no	підряду blattaria
an	no	Дурко
qas	no	Архітектура бароко
cds	no	потурати
om	no	підошовної
qas	no	тест
asf	no	Ідіотія
pr	no	придворний
qas	no	Обман
an	no	равлик
asm	no	нерозумна людина
cds	no	з ніг на turvyness
cds	no	хуйло́
cds	no	Самозакоханість
ps	yes	мурин
re	no	є злочином тільки
cds	no	wangler
cds	no	басейн метушитися
is	yes	знедолених
cds	no	тюхтій
an	no	молюсків
ps	yes	doofus
svp	no	Відраза
an	no	такий-сякий
re	no	Міжнародний тероризм
asf	no	піхви
asm	no	Клас Птахи
cds	no	злочинний
cds	no	каморра
dmc	yes	варварським
cds	no	бешкетництво рішень
cds	no	фанатик
re	no	Вбивця
cds	no	Харциз
or	no	мускатної гарбуза
cds	no	меланж
an	no	крокодили
re	no	озброєний розбій
re	no	Розбещення
ps	yes	варварка
an	no	coluber melanis
asm	no	Яєчка
svp	no	Абулія
or	no	картоплина
or	no	гей
om	no	апікальної
cds	no	поганий працівник
dmc	yes	розпусник
re	no	викрадення худоби
cds	no	маси
dmc	yes	виробник
om	no	гей
re	no	зловживання
pa	yes	професорсько-викладацький склад
cds	no	мастурбації
asm	no	онанізм
cds	no	яблуко чищення
an	no	blattodea
ddp	yes	blockhead
cds	no	folderol
dmc	yes	смердіти
dmc	yes	гангстера
an	no	Шакал звичайний
cds	no	дрібний злодій
pa	yes	академія
cds	no	chawbacon
cds	no	святиню
cds	no	башка
svp	no	бездіяльність
re	no	злодіїв
or	no	ґей
an	no	м'ясної худоби
dmc	yes	dillydallier
cds	no	базіка
re	no	сексуальних домаганнях
om	no	Дистальний
cds	no	protagonism
svp	no	траншеєкопач
an	no	crocodylia
an	no	роду capra
re	no	шкідливих брехні
re	no	затримка
dmc	yes	нікчемна людина
cds	no	обривки
qas	no	робота по дому
qas	no	клітку
qas	no	баронів
an	no	Мікроорганізми
om	no	анальний секс
asm	no	англійська бобів
ddp	yes	нікчемність
pr	no	корови
svp	no	Заздрість
re	no	сицилійської мафії
svp	no	фанатичним
pr	no	Пацюки
cds	no	motherfucker
re	no	каморра
cds	no	слабовільний людина
an	no	Кайман
an	no	коротун
om	no	Голубі
re	no	зловживання службовим становищем
pr	no	Молі
cds	no	ботанік
re	no	приставав
an	no	carcharodon carcharias
cds	no	масонські
asm	no	Сім'яники
svp	no	Хтивість
asm	no	птах
qas	no	селян
pr	no	Придворні чини
an	no	brent goose
an	no	П'ядун березовий
cds	no	злодійство
ddf	yes	сліпої людини
an	no	спідниця мисливець
cds	no	літературний раб
om	no	фенхель
cds	no	писец
an	no	bison americanus
ddp	yes	донощик
an	no	лиходійка
ps	yes	метис
ddf	yes	сліпий
om	no	за
cds	no	Остолоп
an	no	мікроорганізм
an	no	Коза домашня
an	no	canis золотистий
re	no	Обмова
an	no	кулі
ddp	yes	грубий
an	no	негідник
ddp	yes	незнання
cds	no	родичі
cds	no	Німфоманія
cds	no	змову мовчання
cds	no	самозакоханість
re	no	насильства
cds	no	Помісь
qas	no	ляпи
re	no	грабіж
pa	yes	варвар
qas	no	великий бізнесмен
om	no	Мужолозтво
cds	no	нахабність
cds	no	блазнювання
asm	no	темно-коричневий
asm	no	хам
an	no	phthiraptera
cds	no	Реакціоніст
cds	no	козел відпущення
cds	no	посильний
an	no	-людожера акул
an	no	Мікроби
cds	no	фундаменталістський
re	no	plagiarization
ddp	yes	нерозумна людина
cds	no	scrawler
is	yes	бідолаха
an	no	некомпетентна людина
cds	no	випадковий удар
qas	no	варварка
pr	no	comare
qas	no	конформістом
om	no	трансвеститів
asm	no	Натовп
om	no	гомосексуалізм
cds	no	Ґранж
ps	yes	pikey
ddp	yes	невігластво
cds	no	інструктора
ddp	yes	шарлатанство
ddp	yes	фауни
asf	no	піхва
asf	no	fuckhead
pr	no	вільну жінку
asm	no	європейським бобів
re	no	лиходія
an	no	клопів
cds	no	містифікатора
pa	yes	Професори
cds	no	обоз
asm	no	прутень
an	no	Собака свійський
qas	no	комірник
dmc	yes	Ошуканець
an	no	кури
om	no	трансвестит
re	no	Коза Ностра
an	no	коро́ва
pa	yes	Академічні кола
ps	yes	іудаї́зм
an	no	тваринa
is	yes	бідний
dmc	yes	Варвари
an	no	ectognatha
re	no	Протиправні дії
re	no	плагіаті
an	no	блудниця
pr	no	вели́ка рога́та худо́ба
or	no	гомосексуаліст
svp	no	Жадібність
an	no	Річкові вугрі
cds	no	Нарциссизм
cds	no	копійки романи
dmc	yes	мерзотник
or	no	Капуста білоголова
an	no	П`явки
qas	no	середній клас
an	no	ecaudata
cds	no	помпезності
cds	no	гібрид
cds	no	interfertility
cds	no	fawner
om	no	віслю́к
pr	no	спортивні леді
ddp	yes	бред собачий
ddp	yes	неграмотний
an	no	змія підколодна
an	no	тугодум
an	no	мошка
asf	no	табака
an	no	роду vipera
ps	yes	смуглянка
ddp	yes	розумовою відсталістю
an	no	Домашній собака
qas	no	fieldhand
dmc	yes	посередність
an	no	дно життя
ddf	yes	половина пінти
cds	no	такий-сякий
an	no	ангілья
an	no	volaille
re	no	захопив у полон
qas	no	ілюзія
ddp	yes	нікудишній чоловік
dmc	yes	нероба
cds	no	Йолоп
ps	yes	Зулуси
ddp	yes	хам
cds	no	фашизм
an	no	оренду хлопчиків
an	no	Комахи
dmc	yes	Обманщик
ddp	yes	Дурко
qas	no	пишномовність
cds	no	Брухт
an	no	домашніх овець
an	no	загальна гадюка
asm	no	ногочелюсти
cds	no	схрещувати
ps	yes	сповільнювати
an	no	sus
cds	no	туалетів
re	no	дрібний злодюжка
qas	no	Аколіт
cds	no	всяка всячина
an	no	Коза свійська
cds	no	молокосос
cds	no	зілотов
om	no	tooshie
or	no	геїв
re	no	calunnia
an	no	zooerastia
an	no	заборонено сови
an	no	моль
re	no	кримінальний злочин
cds	no	Сцієнтизм
re	no	згвалтування по статутному праву
cds	no	масон
ps	yes	чорний
qas	no	ідеолог
or	no	homophile руху
an	no	Цап
an	no	Дурень
dmc	yes	неприємний запах
re	no	Викрадання людей
ps	yes	інших рас
cds	no	Саєнтизм
an	no	звичайна гадюка
pa	yes	академізму
cds	no	пустодзвін
asm	no	мастурбації
dmc	yes	Гомункул
om	no	Трансвестит
an	no	молодичка
an	no	Африканський осел
cds	no	Злочинець
an	no	gyps fulvus
or	no	пизда
cds	no	фактор
qas	no	чайник риби
cds	no	самовдоволення
ps	yes	Метойки
dmc	yes	ледар
om	no	веселість
ps	yes	Болгари
dmc	yes	Ґанґстер
an	no	жаб'яча ікра
re	no	викрадення людей
asm	no	придаток
an	no	цап
cds	no	змішаної породи собак
ddp	yes	zooerastia
cds	no	Плітки
cds	no	blunderer
ddp	yes	mofo
svp	no	Лінивство
cds	no	Ґрандж
pr	no	проституція
an	no	личинки
cds	no	Політична реакція
cds	no	бруду
cds	no	дуже велика кількість
an	no	Гієнові
svp	no	жадібність
ps	yes	нікчемність
an	no	некомпетентний
cds	no	ультраконсервативних
om	no	травесті
cds	no	брехуха
cds	no	religiousism
cds	no	ватажок
cds	no	тупику
an	no	капосник
ps	yes	Гібрид
ddp	yes	м'яка на дотик
cds	no	м'яка на дотик
pr	no	велика рогата худоба
cds	no	Реакціонізм
cds	no	туалети
an	no	Слимаки
qas	no	буржуазія
an	no	anura
om	no	тьху
cds	no	грубий
om	no	гомоеротичні
ps	yes	Гібриди
ddp	yes	сволота
svp	no	Смертний гріх
re	no	defrauder
qas	no	Закони риторики
cds	no	бред собачий
pa	yes	перекупка
qas	no	суміші
asf	no	формальність
ps	yes	Барбари
cds	no	естрадних співаків
om	no	содомії
dmc	yes	поганий працівник
cds	no	сват
an	no	anserini
cds	no	розбійник барон
dmc	yes	розпусти
ddp	yes	залупа
an	no	П'явка
qas	no	крамар
qas	no	Магнатерія
qas	no	грандіозність
asm	no	перевертиш
cds	no	бордель
om	no	гомосексуалістів
cds	no	Боягузтво
qas	no	професійного класу
dmc	yes	Делікт
an	no	Папугоподібні
asf	no	дурень
ps	yes	Цигани
asm	no	фалос
re	no	крадіжки
an	no	coluber berus
cds	no	дурна людина
an	no	маленька тварина
asm	no	орнітофауни
cds	no	пеонів
dmc	yes	Обманець
an	no	animalculum
re	no	дрібний злодій
cds	no	суспільна користь
cds	no	скиглій
pr	no	гангстера мінор
an	no	вовчак familiaris
qas	no	всяка всячина
pa	yes	викладач
or	no	blockhead
ps	yes	болга́рин
pa	yes	білі комірці
om	no	контралатеральной
asm	no	Яєчки
ddp	yes	ragtag
pa	yes	пропагує
cds	no	барельєф блю
re	no	жінка-вбивця
pa	yes	тілесний
cds	no	гордовитість
an	no	спекулянт
cds	no	прихильник
or	no	solanum tuberosum
ps	yes	Гебреї
ddf	yes	каліка
re	no	Пірати
ddp	yes	microcephalus
dmc	yes	Брехун
or	no	нових картоплі
an	no	снайпер
cds	no	плутанина
an	no	Віслюк
pa	yes	адвоката
or	no	Квір
ps	yes	Монголоїдна раса
an	no	Равлики
qas	no	собака вдома
ps	yes	гібрид
asm	no	яєчко
an	no	Тваринний світ
an	no	мародер
dmc	yes	chawbacon
an	no	поросятко
qas	no	відбирати
cds	no	Придурок
dmc	yes	обману
an	no	птах minerva
ddf	yes	папіз
pa	yes	ад'юнкт-професор
cds	no	Учитель
cds	no	стічні води
asm	no	довірливості
an	no	limacidae
om	no	гея
ps	yes	Єврейка
re	no	Вагітність внаслідок зґвалтування
asm	no	flouter
om	no	Сідниці
re	no	Злочинці
ps	yes	Іудей
ps	yes	природний гібрид
ps	yes	жовту картку
dmc	yes	лиходійка
ddp	yes	дурна людина
ps	yes	Остґоти
re	no	гангстер
asm	no	дурень
an	no	грабіжник
an	no	Царство Тварин
qas	no	тагалонг
or	no	homophile
ddp	yes	поганий працівник
ps	yes	метиси
ddp	yes	відсталість
cds	no	розповсюджувач чуток
ddp	yes	варварським
om	no	вентролатеральной
an	no	загальні воша
pa	yes	Барбари
pr	no	Конкубіна
dmc	yes	трагічним лиходієм
an	no	Скнара
an	no	скнара
om	no	Абаксіальний
cds	no	ідолопоклонниками
cds	no	Наставник
cds	no	заступник
re	no	вбивств
svp	no	ледарство
an	no	Блощиця постільна
an	no	нечупара
om	no	трансвестизм
an	no	мікроскопічне тварина
asm	no	м'яких променів
an	no	гуска
cds	no	син сука
dmc	yes	такий-сякий
svp	no	непристойні
ps	yes	Зулу
cds	no	злодійські
or	no	Капуста білокачанна
asf	no	перевертиш
re	no	кримінальним злочином
om	no	підора́с
an	no	%d0%9c%e2%80%99%d1%8f%d0%ba%d1%83%d0%bd%d0%b8
pr	no	проститутка
pa	yes	візник
cds	no	неочищених стічних вод
an	no	курва
an	no	Зубри
pr	no	Пацюк
pa	yes	Чоботарство
svp	no	pridefulness
an	no	Виноградний слимак
cds	no	посередник
cds	no	чорна ніжка
or	no	пе́дик
asf	no	дівка
cds	no	конформістом
cds	no	Дурник
om	no	Дорзальний
cds	no	Санітарний вузол
cds	no	шпигувати
an	no	megascops
om	no	Гомосексуалізм
an	no	rentboy
an	no	vamper
cds	no	сатіріаз
asm	no	fucker
qas	no	вигадка
an	no	дідлі-лайно
ps	yes	негр
ddp	yes	muttonhead
re	no	піратів
ps	yes	Євреї
ddp	yes	розумова відсталість
ddp	yes	сповільнювати
an	no	anguilliformes
cds	no	сваха
cds	no	омерта
asm	no	ривок-офф
cds	no	поплічників
an	no	vipera
qas	no	ляп
qas	no	американський бізнесмен
qas	no	підприємець
cds	no	idiolatry
cds	no	свавілля
asm	no	jeerer
cds	no	блазня
an	no	Чорна казарка
asm	no	ballock
dmc	yes	бандитів
or	no	манда
cds	no	Демагогія
svp	no	Марнославство
an	no	ропу́ха
dmc	yes	зра́дниця
qas	no	Сім'яни­к
an	no	непримиренність
dmc	yes	Ренеґат
qas	no	Яєчки
an	no	наброду і бобтейл
dmc	yes	ошуканець
qas	no	Трейдинг
dmc	yes	дно життя
svp	no	Ерос
ps	yes	inkiness
svp	no	заздрість
ps	yes	Невігластво
cds	no	молитовні
asm	no	гороху
pa	yes	Бонза
an	no	безхвостих амфібій
qas	no	хатини
qas	no	Брухт
pr	no	П'ядун березовий
svp	no	марності
cds	no	Крунер
cds	no	новонароджених
cds	no	кар'єрист
cds	no	ділок
cds	no	правопорушник
ps	yes	Єврейська громада
ddp	yes	мудак
qas	no	риторики
qas	no	Металобрухт
asm	no	козел відпущення
cds	no	tricker
or	no	піхва
re	no	Розтління
an	no	молюск
asm	no	Брунатний колір
pr	no	Пацюк сірий
cds	no	Тать
an	no	трагічним лиходієм
an	no	містифікації
re	no	торгівля наклеп
an	no	сич
cds	no	фанатизму
re	no	італійська мафія
cds	no	дрочити
an	no	lampyris noctiluca
cds	no	папарацці
an	no	Гусак Брента
svp	no	тангу
ddp	yes	ідіот
om	no	спинний
cds	no	відкидати
an	no	боягу́з
qas	no	яйце
cds	no	новоявленим багатим
cds	no	ізгоїв
cds	no	blackballing
qas	no	варварським
re	no	зловживання владою
an	no	погана людина
svp	no	Апатія
re	no	бандити
an	no	culex pipiens
cds	no	боягуз
dmc	yes	нещасний
asm	no	vicia кінських
an	no	акули
asm	no	Пуцьвірінок
rci	yes	варварським
asm	no	ерекції статевого члена
asm	no	nookie
om	no	Квір
cds	no	клану
re	no	plagiarisation
ddf	yes	Інвалідність
is	yes	трагічний лиходій
pr	no	Коханка
re	no	наклеп і
om	no	Вентральний
cds	no	Камарилья
cds	no	каналізацію
dmc	yes	Моцарелла
pa	yes	заслужений професор
qas	no	Конформізм
cds	no	Фанатичність
cds	no	вкрай правого нападника
cds	no	папір-штовхач
cds	no	натовп
pr	no	світська левиця
om	no	задня
ps	yes	африканського походження
an	no	Шняга
cds	no	фундаменталістських
an	no	Козел свійський
re	no	ізгоїв
an	no	неохайний чоловік
an	no	Каймани
an	no	віл
cds	no	інтриган
asm	no	пеніс
dmc	yes	тюхтій
cds	no	Грандж
cds	no	моралізм
re	no	Катування
cds	no	пройдисвіт
cds	no	лихвар
an	no	Ропуха звичайна
asm	no	шматок дупи
or	no	гидливість
is	yes	бідність
cds	no	брехливість
dmc	yes	бандит
pr	no	Куртизанка
dmc	yes	неправда
re	no	покласти до смерті
re	no	Ґанґстер
cds	no	Барбари
dmc	yes	непосида
an	no	Бізони
ps	yes	гебраізм
ps	yes	юдаїзм
cds	no	фата
cds	no	splashiness
cds	no	крадіж
dmc	yes	зра́дник
an	no	трепло
cds	no	фундаменталізм
svp	no	фанатик
ddp	yes	Царство Тварин
om	no	сідниці
qas	no	ектопаразитів
cds	no	грудки
an	no	eurypterida
dmc	yes	treasonist
dmc	yes	пристойності
dmc	yes	клоун
an	no	Ракоскорпіони
re	no	Кіднепінг
cds	no	літературні зламати
dmc	yes	грабіжник
an	no	mosquitoe
dmc	yes	низькість
cds	no	зубрити
cds	no	коротун
ddp	yes	дурень
an	no	курча
cds	no	звідниця
asm	no	дрочить
an	no	sus domestica
cds	no	ідолопоклонством
cds	no	самозакоханий
dmc	yes	варвар
cds	no	плакса
pa	yes	торговець рибою
an	no	moue
an	no	птах ніч
ddp	yes	Дебільність
svp	no	Лють
re	no	сексуальному насильству
cds	no	фратрія
re	no	Дифамація
cds	no	людина, всюди сунуть ніс
ddf	yes	з обмеженими можливостями
om	no	перевдягання
om	no	педик
ps	yes	єврейства
cds	no	ноу-це все
cds	no	брокерів
an	no	велика біла акула
an	no	vipera prester
ddp	yes	Тварини
cds	no	Дурень
pr	no	блуд
cds	no	папараццо
cds	no	Коза Ностра
cds	no	Будинок розпусти
cds	no	Марнославство
cds	no	фашистський
cds	no	дрочить
re	no	Грабунок
an	no	щоб crocodylia
asf	no	Підкидько
svp	no	Похоть
cds	no	Ґанґстер
ddf	yes	інвалідів
or	no	pudden голови
cds	no	жартівником
om	no	розбещувач
asm	no	поля бобів
an	no	bos taurus
cds	no	Ератив
asf	no	манда
cds	no	зарозумілості
re	no	правопорушник
qas	no	землероб
asf	no	Остолоп
cds	no	Племена
an	no	pelias dorsalis
asf	no	Дурбецело
cds	no	детектив
pr	no	чоловічої проституції
asm	no	%d0%a1%d1%96%d0%bc%e2%80%99%d1%8f%d0%bd%d0%b8%d0%ba%d0%b8
re	no	теракт
or	no	Остолоп
an	no	vipera torva
pa	yes	єзуїт
re	no	крадіж
an	no	blattaria
om	no	гомосексуалі́ст
cds	no	сцієнтизму
cds	no	бешкетник
dmc	yes	зло
dmc	yes	бездомний
ddp	yes	Придурок
cds	no	туалету
asm	no	avafauna
cds	no	побутових стічних вод
qas	no	недотепа
an	no	змія́
pr	no	корова
dmc	yes	розбещеність
svp	no	Огида
an	no	внутрішні дупу
re	no	тортура
svp	no	неприємні
cds	no	moneygrubber
asf	no	Вагіна
svp	no	Ненаситність
qas	no	Буржуазія
ps	yes	чорна
qas	no	парафій
or	no	гомосексуалі́ст
ddp	yes	порочність
dmc	yes	Брехливість
an	no	тупиця
om	no	болван
cds	no	вигадник
dmc	yes	морально збанкрутілої
dmc	yes	грубий
re	no	шантажувати
or	no	Голубий
an	no	Лють
an	no	би́дло
re	no	мафії
ps	yes	китайський
ps	yes	перевертиш
is	yes	скнара
pr	no	коро́ва
ddp	yes	mf
an	no	обмовка
qas	no	наплутати
dmc	yes	правопорушник
cds	no	сицилійської мафії
ddp	yes	неосвічена людина
cds	no	природний гібрид
re	no	мучитель
cds	no	вуличних банд
pr	no	великої рогатої худоби
cds	no	нахаба
ddp	yes	doofus
or	no	cucumis посівної
an	no	жорстокість
cds	no	Невігластво
pa	yes	Науковий світ
cds	no	безлад
an	no	осе́л
re	no	озброєного грабіжника
pa	yes	Чоботар
asm	no	nooky
cds	no	Протиправні дії
asm	no	статевий член
an	no	fuckhead
an	no	hirudinea
re	no	велика крадіжка
svp	no	Гордощі
qas	no	барон
qas	no	%d0%a1%d1%96%d0%bc%e2%80%99%d1%8f%d0%bd%d0%b8%d0%ba%d0%b8
is	yes	бідні люди
qas	no	розголошення
asm	no	ерекція
or	no	тупиця
an	no	Смугаста сова
om	no	умови для анатомічного розташування
cds	no	боягу́з
cds	no	gobs
dmc	yes	злочинний
ps	yes	євреїв
ps	yes	Ідіотія
an	no	vipera marasso
pr	no	Проститутка
cds	no	Реліквія
om	no	Аборальний
or	no	Придурок
an	no	salientian
pa	yes	радник-посланник
ddp	yes	pudden голови
cds	no	mussiness
is	yes	жебраків
an	no	carcharodon
svp	no	superbia
ddp	yes	лікар-шарлатан
qas	no	Аматор
cds	no	cacography
cds	no	проблемою
dmc	yes	мот
asm	no	м'яка на дотик
an	no	тілі воші
an	no	кіз тварин
qas	no	промисловців
cds	no	дрянь
cds	no	фундаменталістів
dmc	yes	фанатик
cds	no	репортер
ps	yes	варварів
an	no	шакала
ps	yes	м'яка на дотик
ps	yes	перевертиши
om	no	добродійко
svp	no	агресивний
cds	no	Бордель
or	no	дурень
ps	yes	krauthead
svp	no	Завидність
re	no	трагічним лиходієм
om	no	лесбі́йка
cds	no	варвар
re	no	maligner
cds	no	громадська вбиральня
an	no	кайман
an	no	козу
asm	no	twirp
cds	no	taleteller
ddp	yes	козел відпущення
cds	no	mf
re	no	Грабіж
pr	no	Шльондра
or	no	піхву
is	yes	бідняк
cds	no	defrauder
an	no	порося
cds	no	дешевий бульварний роман
dmc	yes	motley fool
dmc	yes	коробейник
dmc	yes	Моральні норми
ps	yes	Бедуїн
qas	no	грузило
svp	no	корпоративної жадібності
qas	no	Яєчка
or	no	йолоп
or	no	гарбу́з
cds	no	ривок-офф
an	no	Молюск
svp	no	ерос
ddf	yes	погано
dmc	yes	Ренеґатство
an	no	расхищать
asf	no	Піхва жінки
om	no	Педераст
cds	no	хлопчина
ps	yes	дурень
dmc	yes	брудний
cds	no	Ндрангета
ddp	yes	Той, хто злягається з власною матір'ю
cds	no	стічних вод
an	no	мікробів
om	no	перетинають соусом
cds	no	%d0%9f%d0%bb%d0%b5%d0%bc%e2%80%99%d1%8f
cds	no	сволота
cds	no	лихваря
an	no	Сіра ропуха
qas	no	рето́рика
an	no	Сип білоголовий
or	no	підора́с
or	no	дурний
re	no	мафіозі
an	no	крокодилів
ddp	yes	ідіотизм
cds	no	гранжа
cds	no	померти
an	no	Дурник
an	no	batrachian
cds	no	bumbler
an	no	рід pipistrellus
re	no	захоплення
cds	no	схрещуванні
an	no	Вівці
an	no	doodly-приземкуватих
dmc	yes	bumbler
cds	no	варварським
an	no	обман
qas	no	Селянин
pa	yes	Шевство
an	no	інфауни
om	no	Абаксиальний
dmc	yes	шахрай
cds	no	Фашист
ps	yes	Остроготи
an	no	насупитися
pa	yes	варварським
asf	no	Придурок
svp	no	Завидування
an	no	Березовий п'ядун
or	no	cucurbita максимумів
an	no	Коза
cds	no	лихварі
an	no	Безхвості земноводяні
re	no	катувати
cds	no	теорії змови
cds	no	виробник
ps	yes	Зулус
svp	no	Платонівське вчення про Ерос
svp	no	Ненажерливість
pr	no	Придворний
cds	no	камарильї
cds	no	бандитизм
an	no	ovis aries
cds	no	motley fool
an	no	Бізон
cds	no	онанізм
cds	no	йолоп
om	no	Фенхель звичайний
cds	no	клопотун
cds	no	Лихварство
cds	no	головоріз
an	no	кліщів
om	no	non-прозахідний поняття чоловічої сексуальності
cds	no	громадський туалет
cds	no	вчителька
an	no	щоб крокодили
cds	no	чайник риби
dmc	yes	зрадника
om	no	обслуговуванню
cds	no	забалотувати
dmc	yes	моралі
cds	no	'ndrangheta
re	no	засудженим злочинцем
dmc	yes	Лицемірство
ddp	yes	гівнюк
cds	no	незаконній діяльності
asm	no	фалічний символ
asm	no	птахів
cds	no	Розбій
cds	no	злочинниця
om	no	хрест комод
asm	no	Сім'яник
cds	no	trasformismo
om	no	shirtlifter
cds	no	Яйцеголовий
an	no	песик
cds	no	суб-клану
or	no	пі́дор
re	no	ndrangheta
an	no	Європейський зубр
qas	no	дилетант
re	no	Терорист
an	no	vipera trilamina
ddp	yes	Розумова відсталість
ddp	yes	epifaunal
cds	no	важке питання
an	no	собак
ddp	yes	nonsensicality
cds	no	багато
ps	yes	болга́рка
an	no	caiman
cds	no	марнославство
an	no	Придурок
an	no	strix варіації
asf	no	Дурник
ps	yes	тичні
svp	no	скнара
cds	no	бандитських розборок
cds	no	наспівувати
an	no	акула
an	no	сука
qas	no	орендар землі
ddp	yes	скнара
an	no	корів
ddp	yes	йолопом
pr	no	biston betularia
pa	yes	спеціального посланника
ddp	yes	некомпетентний
an	no	крокодил
asf	no	йолоп
an	no	Домашня свиня
re	no	викрасти
an	no	Кози
qas	no	власник бізнесу
cds	no	Освітянин
cds	no	нехлюй
an	no	гібрид кози і вівці
asm	no	fuck
cds	no	шлюб брокера
an	no	карлик
cds	no	bawdyhouse
re	no	незаконній діяльності
cds	no	бандити
cds	no	лихварів
cds	no	fascista
cds	no	глядач
pa	yes	похорон трунар
an	no	Падальники
or	no	огірок
cds	no	conspiracism
re	no	Гоміцид
an	no	блоха
or	no	табака
cds	no	благодушність
ps	yes	Гебрей
an	no	вугрів
cds	no	Дурко
pr	no	нахаба
ddp	yes	скупар
an	no	Молюски
cds	no	релігійної дискримінації
cds	no	пропаганда
pr	no	Придворний чин
cds	no	тюремника
qas	no	приходу
ddp	yes	дупа
asm	no	ерекція статевого члена
an	no	їстівна равлик
an	no	віслю́к
qas	no	Сім'яник
re	no	терористичний
dmc	yes	бездомних
cds	no	німфоманія
dmc	yes	лихословити
an	no	свиня
an	no	міль
cds	no	Каморра
or	no	Огірок звичайний
svp	no	танг
an	no	дикий бик
cds	no	відчайдушних кримінальної
svp	no	Скупість
re	no	Піратство
qas	no	духовний лідер
pr	no	шлак
an	no	фауни
cds	no	порушення закону
re	no	ділок
an	no	culicidae
pa	yes	портьє
an	no	Воли
ddp	yes	Нонсенс
cds	no	твердих побутових відходів
om	no	анатомічні точки зору розташування
qas	no	Селянство
svp	no	niggardness
re	no	дітовбивства
cds	no	фундаменталізму
an	no	скорпена
ps	yes	Циган
ddp	yes	балакуха
dmc	yes	перебіжчика
pr	no	каналізаційну щура
cds	no	вискочка
dmc	yes	недотепа
re	no	наклепник
an	no	вугор
ddp	yes	безглуздими
svp	no	скупість
an	no	Нічні хижі птахи
qas	no	детектив
ddp	yes	mother-fucker
pa	yes	консультант по закону
svp	no	марність
om	no	дивний
an	no	мула
an	no	морський скорпіон
an	no	комара
re	no	шахрай
an	no	башка
cds	no	молодіжних банд
svp	no	пристрасне бажання
re	no	Викрадення людини
an	no	воша
or	no	brassica rapa
cds	no	каракулі
or	no	гівнюк
qas	no	офісну роботу
cds	no	perspicaciousness
an	no	hemipteron
asm	no	рукою
cds	no	дилетантство
re	no	плагіатом
cds	no	німфоманка
or	no	огірки
an	no	vipera melanis
asf	no	болван
cds	no	злочинець
pr	no	rattus norvegicus
cds	no	Публічний будинок
ddp	yes	twaddler
ddp	yes	ув'язнений
an	no	Остолоп
qas	no	орендаря
ps	yes	чорна людина
re	no	наклеп і наклеп
ddp	yes	Барбари
is	yes	обітницю бідності
ddp	yes	дурний
pr	no	сука
dmc	yes	Обман
re	no	Насильство
om	no	Каудальний
an	no	helix pomatia
asm	no	Горох
qas	no	сволота
an	no	Таргани
is	yes	лиходійка
om	no	сідничної області
an	no	червоного барабана
dmc	yes	вигадник
asm	no	шматок хвоста
asm	no	Статевий член людини
cds	no	Делікт
dmc	yes	блазня
cds	no	тюремний наглядач
an	no	хмуритися
asm	no	ідіот
cds	no	Гомункул
cds	no	група родичів
an	no	вухата сова
pr	no	сексуальних послуг
pa	yes	пастухів
an	no	кліщ
qas	no	ендопаразитів
cds	no	безліч
qas	no	Магнати
qas	no	Баронеса
pr	no	пістолет мінор
qas	no	Риторика
or	no	poove
ddp	yes	bumbler
an	no	otus asio
re	no	Насилля
an	no	anguilla
ddp	yes	Класифікація тварин
cds	no	варварка
or	no	fuckhead
cds	no	Фашисти
re	no	defamer
qas	no	Королев'ята
or	no	дріб'язковість
an	no	фізіономія
an	no	прослуховування
re	no	Грабіжники
an	no	canis lupus familiaris
cds	no	підлабузник
ps	yes	червону картку
cds	no	селюк
asm	no	Фалічний символ
an	no	ослів
cds	no	ледар
an	no	crocodylinae
an	no	vipera communis
cds	no	неохайний чоловік
an	no	П'явки
asm	no	перевертиши
dmc	yes	псевдо
re	no	злочинів
cds	no	боса мафії
svp	no	gourmandizer
qas	no	касти
cds	no	Чувишка
cds	no	Папарацці
an	no	бліх
cds	no	Конспірологічна теорія
cds	no	Чувирло
cds	no	незаконнонароджений
an	no	Нетопир
or	no	нікудишній чоловік
cds	no	ідолопоклонство
cds	no	слабак
rci	yes	Варвари
an	no	підслуховування
cds	no	Падаль
or	no	педик
cds	no	autolatry
is	yes	Скнара
cds	no	мерзотник
dmc	yes	блазень
ddp	yes	базіка
cds	no	гомункулів
an	no	ліжко помилок
ps	yes	негроїдний
qas	no	землепашец
ps	yes	джеррі
cds	no	політикан
ps	yes	бедуїни
re	no	викрадачів
cds	no	розбійників
an	no	coluber prester
is	yes	Абсолютна бідність
asf	no	перевертиши
an	no	кріль
re	no	трагічний лиходій
om	no	дружина пера
ddp	yes	motherfuckers
cds	no	гармидер
cds	no	протоієрей
an	no	Вугроподібні
is	yes	відносної бідності
qas	no	яєчка
ddp	yes	motherfucker
ps	yes	Ромá
cds	no	гранж
an	no	білоголового сипа
pa	yes	Службовець
an	no	Курятина
an	no	вівця
pa	yes	офісний працівник
an	no	Собака
an	no	домашніх свиней
pr	no	rattus
ps	yes	іудео
an	no	пустунка
ddp	yes	Олігофренія
dmc	yes	бродяг
dmc	yes	фанатизму
an	no	Класифікація тварин
an	no	Козлові
re	no	брудна робота
dmc	yes	лицемірство
ddp	yes	мікроцефалія
cds	no	застереження
an	no	гнів
qas	no	bloodhound
cds	no	Обман
pr	no	Конкубінат
an	no	вольт
pa	yes	контролер
asm	no	Птахи
ps	yes	Метеки
ddp	yes	дурість
qas	no	Буржуй
an	no	hirudinean
cds	no	conceitedness
an	no	папіз
cds	no	всезнайка
qas	no	баламут
an	no	підслуховуючий пристрій
pa	yes	Ритуальні послуги
an	no	insecta
an	no	Черв'яки
qas	no	Барон
ps	yes	жовта картка
cds	no	скнара
cds	no	красти
cds	no	товпитися
cds	no	mf'er
pr	no	Коханець
qas	no	бароко
re	no	Злочини
pa	yes	Капрал
cds	no	демагог
qas	no	паразитизм
an	no	Виноградний равлик
ddp	yes	Мазефака
om	no	keister
qas	no	baroqueness
an	no	великої рогатої худоби
svp	no	хандрити
re	no	красти
om	no	гомосексуалі́зм
cds	no	інструктор
ps	yes	селекціонер
qas	no	некротрофних
an	no	Воші
an	no	присоски
rci	yes	Барбари
cds	no	бандитів
qas	no	кастовість
om	no	леді
qas	no	торговець
om	no	гомоеротизму
ddf	yes	інвалід
pr	no	повія
pr	no	блудниця
cds	no	відхоже місце
om	no	булочки
pa	yes	Адвокат
an	no	Сука
om	no	дорсовентральной
an	no	ліжко помилка
an	no	Містифікація
asf	no	muttonhead
qas	no	Каста
cds	no	Реакціонер
ddp	yes	unwiseness
om	no	го́мік
cds	no	Чувішка
asm	no	Збіговисько
cds	no	schoolma'am
an	no	cimicidae
an	no	pipistrellus
an	no	Свійський козел
asf	no	Дурень
svp	no	Черевоугодництво
dmc	yes	хибності
pr	no	Корова
qas	no	Українські магнати
an	no	боягу́зка
pa	yes	ординарним професором
svp	no	безжиттєвість
an	no	capra
qas	no	помічників
svp	no	марнославства
an	no	Попугоподібні
pa	yes	професура
svp	no	далье
ddp	yes	перевертиши
an	no	платтяна воша
ddp	yes	Примха
cds	no	лиходійка
ddp	yes	мікроцефальний
an	no	вошей
qas	no	сміття
cds	no	самозадоволення
re	no	зґвалтування
re	no	поза законом
cds	no	малолітній злочинець
re	no	тероризм
dmc	yes	далье
pa	yes	грубий
cds	no	дрібний злодюжка
re	no	vilifier
re	no	зловмисник
cds	no	Теорія змови
an	no	Тварина
an	no	Безхвості земноводні
qas	no	немилості
re	no	злочинний
ddp	yes	nanocephaly
an	no	vipera berus
qas	no	баламута
cds	no	ляп
dmc	yes	погана людина
cds	no	mother-fucker
cds	no	дно життя
dmc	yes	Барбари
cds	no	мафії
an	no	рогоносець
pa	yes	швейцар
or	no	Дурко
pa	yes	пастир
pr	no	куртизанка
ps	yes	негритянка
an	no	Фізіономіка
om	no	Краніальний
pa	yes	ад'юнкт факультету
an	no	Звичайна гадюка
an	no	Ропуха
re	no	raptio
an	no	риби скорпіон
cds	no	недотепа
cds	no	проникливість
cds	no	Вчитель
svp	no	марнославство
re	no	статевий злочин
cds	no	Лиходій
cds	no	омніум-gatherum
ddp	yes	Фауна
om	no	pederastic
ps	yes	Дебільність
an	no	Звичайна ропуха
qas	no	плутанина
dmc	yes	ухиляються від роботи людина
svp	no	tightfistedness
cds	no	кліки
om	no	Проксимальний
pr	no	домашньої худоби
qas	no	скнара
cds	no	педагог
an	no	cimex lectularius
ddp	yes	mf'er
ddp	yes	тупиця
asf	no	ідіот
asf	no	бред собачий
pr	no	чоловік-повія
dmc	yes	Бродяжництво
cds	no	сутенерство
cds	no	slews
an	no	ледар
or	no	дурна людина
om	no	гвалтували
cds	no	капосник
om	no	Нивелиця
an	no	Свійська коза
an	no	Жаба
an	no	американський бізон
cds	no	банди
qas	no	провідний бізнесмен
cds	no	за винятком
cds	no	Релігійний фундаменталізм
cds	no	гангстер
asm	no	дурниця
pa	yes	скнара
cds	no	денді
an	no	нехлюй
cds	no	зацькований
cds	no	розбійник
cds	no	Масон
om	no	гомосексуаліст
an	no	лиходія
ddp	yes	twirp
qas	no	тюхтій
ps	yes	краут
svp	no	нікчемна людина
an	no	хлюпик
qas	no	лжевчень
asm	no	Вуздечка крайньої плоті
re	no	Лиходій
dmc	yes	сморід
pr	no	світська
dmc	yes	гомункулів
dmc	yes	моральних цінностей
asf	no	гівнюк
qas	no	грубий
an	no	чорна казарка
or	no	йолопом
qas	no	магнатів
an	no	vipera limnaea
cds	no	педантизму
re	no	покража
ps	yes	арап
cds	no	Парвеню
ddp	yes	варварів
an	no	сволота мішок
asf	no	піхву
cds	no	pandar
dmc	yes	самозванець
asm	no	коричневий
cds	no	споріднений
an	no	Слизняк
cds	no	боягузтво
cds	no	сповільнювати
cds	no	буфонади
cds	no	обмовка
an	no	Блохи
cds	no	лукавство
an	no	Вугрові
dmc	yes	ізгоїв
cds	no	хвалькуватість
an	no	cakehole
cds	no	superbia
svp	no	хтиві
an	no	hemipterous комах
qas	no	хибності
dmc	yes	трикстер бога
qas	no	шпигувати
pr	no	шльондра
an	no	Хробаки
rci	yes	варварка
qas	no	Бладгаунд
cds	no	сутенер
asm	no	бобів
asm	no	горох
cds	no	казино, азартні ігри
an	no	гієна
re	no	kidnaper
an	no	hemipteran
an	no	Вугреві
cds	no	повернутися говорити
an	no	флібустьєр
pa	yes	академічний
an	no	inexorableness
an	no	coluber vipera anglorum
an	no	Комарі
asm	no	doofus
cds	no	докучливий
ps	yes	єврейської релігії
ddp	yes	Підкидько
qas	no	Барак
cds	no	кримінальним злочином
pr	no	вулиці дівчину
an	no	велика рогата худоба
an	no	Слизні
cds	no	тюремником
cds	no	співробітник поліції
cds	no	Той, хто злягається з власною матір'ю
cds	no	лох
pa	yes	професор
qas	no	Паразитизм
asf	no	кицька
an	no	пості´льний клоп
an	no	Вівця домашня
cds	no	lav
cds	no	низькопробний пригодницький роман в дешевому виданні
an	no	siphonaptera
an	no	echidnoides trilamina
an	no	bufo bufo
re	no	Клевета
qas	no	халявщик
an	no	бізон
qas	no	паразитують
re	no	сексуального насильства
re	no	вбивство
cds	no	prankishness
ps	yes	Метиси
cds	no	Лихварі
ddp	yes	арештант
qas	no	псаломщик
qas	no	халупа
re	no	traducement
asm	no	дурість
pr	no	наложниць
pa	yes	бухгалтер
pr	no	комерційні акти
an	no	кокетка
an	no	Воша
svp	no	Ненажерство
om	no	пі́дор
or	no	бульба
an	no	Фауна
an	no	жаби
pr	no	лярва
pa	yes	касир
cds	no	фашистського режиму
cds	no	нікудишній чоловік
dmc	yes	моральне банкрутство
pa	yes	Дійсний член
or	no	пудинг голови
pa	yes	Бухгалтер
qas	no	відкидати
cds	no	мити номери
an	no	Крокодили
is	yes	нещасним
qas	no	неправда
cds	no	лінійний шутер
an	no	стафілокок очеретяний
cds	no	Антисцієнтизм
om	no	Гомосексуал
dmc	yes	Трикстер
an	no	coluber chersea
pr	no	моль
pr	no	п'ядуна
cds	no	блазень
an	no	vipera pelias
cds	no	Омерта
qas	no	divulgement
