qas	no	kaskarro
cds	no	handikeria
qas	no	astakilo
asf	no	motxin
cds	no	saldo
qas	no	txaplata
cds	no	txantxazale
cds	no	konformista
asf	no	inozo
om	no	elbarri
ddp	yes	narras
cds	no	burugabe
cds	no	litxarrero
cds	no	engainatzaile
cds	no	eskas
asf	no	kirten
asf	no	lelo
svp	no	nagi
an	no	limurtzaile
pr	no	prostituta
cds	no	uzkur
cds	no	buru-argitasun
cds	no	kaiku
an	no	negarti
cds	no	txerri
svp	no	moldakaitz
an	no	ergel
svp	no	handizaletasun
ddp	yes	hitzontzi
pr	no	puta
svp	no	mizkin
an	no	zital
ddp	yes	astakeria
or	no	gay
an	no	hezigabe
re	no	libertino
an	no	basatikeria
asf	no	babalore
asm	no	larrua jotze
ddp	yes	kaskarro
ddp	yes	basatikeria
an	no	bilau
ddp	yes	tentelkeria
asm	no	kikirrio
asf	no	babo
dmc	yes	lapur
dmc	yes	kaskarro
cds	no	maltzur
cds	no	txiki
an	no	gizatxar
pa	yes	oies
ddp	yes	memelo
asf	no	anormal
ps	yes	trakets
qas	no	basati
asf	no	sinesbera
qas	no	parasito
ddf	yes	nano
svp	no	jatun
cds	no	sail
cds	no	astakirten
re	no	bortxaketa
asm	no	ergel
ps	yes	babalore
or	no	txotxolo
re	no	mafia
is	yes	gaizkile
an	no	tonto
dmc	yes	miserable
cds	no	tuntuna
an	no	gaizkile
an	no	basati
cds	no	berri-ontzi
an	no	jan-txakur
an	no	inuzente
ddp	yes	inuzente
asf	no	gizajo
qas	no	oies
ddp	yes	basapizti
qas	no	astakirten
an	no	kirten
an	no	urdanga
svp	no	intolerantzia
ddp	yes	zozo
an	no	pikaro
re	no	kalumnia
an	no	txar
dmc	yes	azaluts
pa	yes	baldar
svp	no	hutsalkeria
an	no	ezikasi
pa	yes	trakets
cds	no	herri
cds	no	alproja
qas	no	zalapartari
svp	no	zikoitz
dmc	yes	maltzurkeria
cds	no	gogor
cds	no	faxista
cds	no	liburuzale
cds	no	artobero
cds	no	fariseu
re	no	xantaia
cds	no	inuzente
dmc	yes	limuri
dmc	yes	dohakabe
asm	no	babo
an	no	bizkarkari
asm	no	txorta
cds	no	faltsu
cds	no	zikin
cds	no	talde
rci	yes	ezjakin
is	yes	behartsu
cds	no	buruiritzi
ddf	yes	kakanarru
cds	no	kakanarru
cds	no	hipokrita
om	no	maritxu
an	no	alproja
an	no	ergelkeria
or	no	astakilo
asm	no	harpajole
cds	no	dohakabe
ps	yes	baldar
qas	no	trauskil
dmc	yes	maltzur
asf	no	tentelkeria
dmc	yes	iruzurti
ddf	yes	txiki
an	no	puta
cds	no	jende pila
dmc	yes	engainu
or	no	lelo
ddp	yes	akusatzaile
pr	no	putakume
dmc	yes	bidelapur
qas	no	liskarti
an	no	zikoitz
svp	no	irentsi nahi
cds	no	liburuetako zomorro
an	no	tuntuna
is	yes	eskale
dmc	yes	eskas
an	no	diruzale
cds	no	faxismo
asm	no	kaiku
ps	yes	suntsitzaile
cds	no	erreakzionario
an	no	gauzak mantso egiten dituen
ddp	yes	ergelkeria
pr	no	txorakeria
rci	yes	baldar
cds	no	harrokeria
qas	no	iskanbilatsu
cds	no	makal
ddp	yes	mozolo
an	no	kabroi
cds	no	trakets
cds	no	hala-moduzko
cds	no	uzkurkeria
an	no	harrapatzaile
an	no	txerri
asm	no	narritari
cds	no	sasijakitun
dmc	yes	faltsu
qas	no	faltsukeria
ddp	yes	ezjakin
is	yes	zerri
qas	no	zital
cds	no	donge
cds	no	erdipurdiko
pa	yes	kaiku
or	no	potxin
qas	no	eragile
ddp	yes	marmarti
qas	no	narras
dmc	yes	iruzurgile
cds	no	hondakin metaliko
or	no	motxin
asf	no	astakirten
cds	no	inmobilista
cds	no	doilor
cds	no	mengel
cds	no	zorrotz
dmc	yes	alfer
dmc	yes	zerri
ddp	yes	petrikilo
dmc	yes	trauskil
or	no	pello
ddp	yes	zabor
qas	no	oinazetu
cds	no	ninfomano
an	no	zirtzil
asf	no	zozo
dmc	yes	lizunkoi
or	no	kaskarro
asf	no	astakilo
dmc	yes	itxurati
re	no	iraintzaile
an	no	lukurari
ps	yes	mestizo
an	no	betelan
ps	yes	kaskarro
cds	no	marmarti
svp	no	diruzale
re	no	bortxatzaile
ddp	yes	engainatzaile
qas	no	bizkarroi
asf	no	ematutu
asf	no	txepel
cds	no	iruzurgile
svp	no	zabar
dmc	yes	arnegari
qas	no	baztertu
re	no	lapur
cds	no	ausarkeria
an	no	ero
cds	no	kontrairaultzaile
asf	no	potxin
an	no	adardun
cds	no	zital
ddp	yes	lardats
an	no	jendilaje
pa	yes	trauskil
cds	no	oilo
cds	no	erdipurdiko idazle
cds	no	arlote
asf	no	inuzente
cds	no	gaizkile-talde
cds	no	koldarkeria
re	no	txantaje
ddp	yes	ergel
om	no	atzelari
an	no	gaizto
an	no	loro
an	no	memelo
re	no	miserable
cds	no	barbaro
cds	no	nagi
is	yes	zital
cds	no	nerd
re	no	bidelapur
ddp	yes	anormal
ddp	yes	zoofilia
cds	no	zale amorratu
om	no	ezindu
ps	yes	basati
dmc	yes	litxarrero
cds	no	ozarkeria
cds	no	babalore
asm	no	lelo
dmc	yes	zabar
ddp	yes	gizajo
cds	no	handitasun
ddp	yes	autubatzaile
cds	no	autubatzaile
qas	no	bizkarkin
cds	no	mari-maisu
ddp	yes	hezigabe
pa	yes	basapizti
or	no	mozolo
cds	no	inozo
asf	no	bagina
or	no	kirten
svp	no	ezdeuskeria
dmc	yes	zital
asm	no	sineskorkeria
dmc	yes	arlote
cds	no	torturatzaile
an	no	pello
ddp	yes	basati
an	no	krudel
cds	no	handizaletasun
an	no	analfabeto
is	yes	makur
cds	no	ahalkegabekeria
ddp	yes	jendilaje
cds	no	maltzurkeria
om	no	marikoi
ddp	yes	berri-ontzi
an	no	zabor
qas	no	nahasi
an	no	mengel
cds	no	atzerakoi
qas	no	basapizti
ddp	yes	ezgai
dmc	yes	zurikeria
or	no	transexual
or	no	atzelari
cds	no	ahobero
cds	no	azeri
ps	yes	ezjakin
cds	no	negarti
svp	no	zuhurkeria
cds	no	kikil
cds	no	erkin
ps	yes	basapizti
an	no	parasito
qas	no	sasipintore
qas	no	irrizkin
ps	yes	trauskil
cds	no	jendilaje
an	no	sineskor
cds	no	zabar
ps	yes	lelo
cds	no	txakur
dmc	yes	narras
asf	no	zabor
cds	no	azerikeria
svp	no	baldar
cds	no	betelan
an	no	kaskarro
is	yes	gizatxar
dmc	yes	kirats
an	no	asto
cds	no	oies
ddp	yes	ezikasi
pr	no	emagaldu
cds	no	ikasnahi
ps	yes	bandalo
pa	yes	politikero
cds	no	salgarritasun
qas	no	tormentatu
asm	no	txortan egin
an	no	astakilo
cds	no	engainu
svp	no	litxarrero
ddp	yes	sineskor
cds	no	kaskarro
ddp	yes	pello
pr	no	amorante
cds	no	makur
re	no	gaizto
is	yes	zuhur
pr	no	ohelagun
qas	no	astun
cds	no	txulo
cds	no	orojakin
an	no	babo
cds	no	trauskil
cds	no	askojakin
cds	no	masturbazio
cds	no	mafia
dmc	yes	basati
cds	no	eskolastiko
dmc	yes	kaskar
asm	no	astakeria
qas	no	oinaztatu
an	no	jendaila
ddp	yes	salatzaile
cds	no	lotsagabekeria
dmc	yes	hipokrita
an	no	mirrin
cds	no	problema
an	no	makal
ddp	yes	bihozgabe
dmc	yes	gaiztakeria
re	no	gaizkile
rci	yes	astakirten
cds	no	txotxolo
cds	no	beldurti
ddp	yes	tuntuna
re	no	terrorismo
ddp	yes	atzeratu
cds	no	berritsu
cds	no	ezjakin
cds	no	bizkartzain
an	no	lelo
ddp	yes	lelo
or	no	sinesbera
an	no	forogu
svp	no	zekenkeria
dmc	yes	gizatxar
cds	no	koldar
qas	no	gezur
cds	no	orojakile
om	no	emagizon
re	no	doilor
cds	no	hitzontzi
qas	no	kaiku
an	no	lukur
an	no	hebain
dmc	yes	astakilo
re	no	laido
svp	no	alfer
qas	no	aprobetxategi
ddp	yes	burugabe
cds	no	faxismoa
or	no	marikoi
an	no	irrizkin
qas	no	oinazekaria pairarazi
cds	no	mutiri
dmc	yes	behartsu
dmc	yes	dorpe
cds	no	berri-lapiko
dmc	yes	pikaro
dmc	yes	zuri
ddp	yes	ero
an	no	ipotx
cds	no	pailazo
ps	yes	tonto
an	no	oilo
cds	no	alferrontzi
cds	no	fanatismo
asm	no	tentelkeria
qas	no	lardats
cds	no	muturluze
ddp	yes	analfabeto
rci	yes	trauskil
dmc	yes	doilor
ps	yes	atzeratu
asm	no	armagi
dmc	yes	gezurti
asm	no	masturbazio
re	no	azeri
qas	no	baldar
an	no	lukurreru
svp	no	alferkeria
is	yes	diruzale
cds	no	lukurreria
dmc	yes	lasaka
ps	yes	gizajo
cds	no	arazo
cds	no	behartsu
cds	no	txepel
pr	no	maitale
cds	no	zabor
pr	no	sexu-lan
asm	no	zakil
cds	no	egoista
asm	no	kirten
asf	no	txotxolo
cds	no	hantuste
cds	no	zirtzil
an	no	azeri
cds	no	iruzurtzaile
dmc	yes	donge
rci	yes	trakets
an	no	koldar
cds	no	zozo
svp	no	gauzaez
an	no	harrapari
om	no	enbalditu
an	no	sinesbera
cds	no	libertino
qas	no	forogu
qas	no	estira eman
dmc	yes	desertore
ddp	yes	krudel
cds	no	sasijakintsu
re	no	gizatxar
an	no	beldurti
cds	no	enbustero
dmc	yes	lardats
or	no	inuzente
asm	no	iruzurtu
svp	no	gozozale
cds	no	alu
cds	no	ergel
is	yes	doilor
svp	no	handikeria
dmc	yes	basapizti
dmc	yes	hipokrisi
or	no	homosexual
cds	no	baldar
ps	yes	astakirten
cds	no	andereño
cds	no	sineskor
an	no	astakume
cds	no	tonto
cds	no	gaizkin
re	no	difamatzaile
an	no	bihozgabe
dmc	yes	kakanarru
dmc	yes	txiki
dmc	yes	txar
cds	no	sinesbera
cds	no	putakume
ddp	yes	sasimediku
cds	no	delitugile
cds	no	aldra
asf	no	ergelkeria
rci	yes	polentone
asm	no	babalore
cds	no	lardats
dmc	yes	ezjakin
asm	no	inozo
om	no	elbarritu
dmc	yes	zitalkeria
asf	no	astakeria
ps	yes	astakilo
ddp	yes	salatari
an	no	kikil
re	no	kalumniatzaile
qas	no	nahasle
dmc	yes	gauzaez
an	no	aprobetxategi
or	no	emagizon
ps	yes	ergel
ddp	yes	berri-jario
is	yes	dohakabe
om	no	homosexual
svp	no	hantuste
an	no	zerri
an	no	espekulatzaile
ps	yes	kirten
cds	no	egoismo
svp	no	tripandi
asf	no	alu
asf	no	burugabe
or	no	kaiku
ddp	yes	txepel
cds	no	polizia
cds	no	lelo
asm	no	adarjotzaile
asf	no	betelan
ddp	yes	astapotro
pr	no	larrujole
an	no	inozo
cds	no	gorila
cds	no	buru-azkartasun
cds	no	harroputz
cds	no	lander
re	no	delitugile
ddp	yes	asto
ps	yes	oies
dmc	yes	tranpati
an	no	donge
ddp	yes	basakeria
cds	no	egotismo
cds	no	babo
cds	no	ultraeskuindar
or	no	maritxu
cds	no	polizi agente
an	no	burugabe
an	no	urde
qas	no	barbaro
ps	yes	anormal
qas	no	toleatu
an	no	basakeria
asm	no	pello
cds	no	zarama
cds	no	bilau
dmc	yes	erdipurdiko
ddp	yes	biktima
an	no	txotxolo
dmc	yes	lizun
ddp	yes	barriketalari
cds	no	txatar
asf	no	atzeratu
ddp	yes	berri-ipurdi
cds	no	handiuste
pr	no	sexu lan
qas	no	dorpe
ddp	yes	berritsu
pa	yes	barbaro
is	yes	zikoitz
ps	yes	txepel
cds	no	harro
svp	no	intolerante
dmc	yes	delitugile
ddp	yes	inozo
an	no	ahul
asm	no	trufa egin
pa	yes	kirten
pr	no	ematxar
cds	no	ofizial
asf	no	kaiku
dmc	yes	bilau
dmc	yes	alu
cds	no	jende
re	no	biziozko
om	no	pederasta
cds	no	malezia
cds	no	handinahi
cds	no	metal-hondakin
rci	yes	basati
ddp	yes	tuntun
an	no	bizkarkin
cds	no	zantar
qas	no	gogaikarri
ddp	yes	barbaro
dmc	yes	txerri
cds	no	pedante
pr	no	sexu-langile
ddp	yes	kaltedun
cds	no	basapizti
an	no	arlote
svp	no	alferrontzi
asm	no	tuntun
re	no	maltzur
an	no	alferrontzi
ps	yes	kaiku
cds	no	proxeneta
pr	no	sexu langile
qas	no	bizkarkari
qas	no	jendilaje
ps	yes	babo
cds	no	jendaila
svp	no	asezin
dmc	yes	alderrai
dmc	yes	moldakaitz
qas	no	jendaila
cds	no	barrabas
pr	no	sasikume
pr	no	urdanga
cds	no	demagogia
cds	no	faltsukeria
asf	no	pello
cds	no	jendetza
is	yes	bilau
ddp	yes	babo
dmc	yes	intolerante
dmc	yes	nagi
asm	no	ergelkeria
rci	yes	barbaro
cds	no	puzzle
dmc	yes	iruzurtzaile
cds	no	pello
cds	no	dogmatismo
dmc	yes	oies
pa	yes	astakilo
an	no	maltzur
an	no	nano
re	no	makur
cds	no	urde
dmc	yes	engainari
re	no	zital
cds	no	masa
asm	no	tuntuna
an	no	gizajo
cds	no	hebain
cds	no	intolerante
cds	no	hala-holako
rci	yes	basapizti
re	no	liluratzaile
ddp	yes	betelan
an	no	doilor
cds	no	bufoi
is	yes	gaizto
an	no	zozo
pa	yes	basati
ddp	yes	sinesbera
cds	no	bihurri
cds	no	azkartasun
qas	no	jan-txakur
dmc	yes	lander
cds	no	lotsagabe
an	no	bizkarroi
dmc	yes	engainatzaile
an	no	zoro
re	no	difamazio
cds	no	adarjotzaile
cds	no	zuri
pr	no	mari-purtzil
an	no	emagaldu
asf	no	panpina
an	no	bildots
qas	no	ezjakin
om	no	gay
dmc	yes	arduragabe
or	no	atsogizon
dmc	yes	ezdeus
an	no	putakume
cds	no	iruzur
dmc	yes	gaizto
cds	no	harropuzkeria
qas	no	nahastu
dmc	yes	baldar
dmc	yes	kirten
pa	yes	kaskarro
asm	no	tentel
asf	no	tuntuna
an	no	zantar
ddp	yes	tentel
qas	no	alproja
cds	no	baztertu
asm	no	larrutan egin
qas	no	trakets
an	no	ezgai
cds	no	inboluzionista
ddp	yes	txotxolo
om	no	transexual
cds	no	gaiztakeria
cds	no	bekatari
an	no	nagi
dmc	yes	libertino
asm	no	iruzur egin
an	no	ezgauza
cds	no	lasaka
cds	no	zimarkun
is	yes	eskeko
dmc	yes	kabroi
asm	no	txantxazale
cds	no	demagogiko
svp	no	tripontzi
dmc	yes	barbaro
or	no	alu
ps	yes	tuntuna
cds	no	iruzurti
svp	no	zuhur
an	no	mozolo
dmc	yes	atzean geratutako
re	no	mafia siziliar
cds	no	hasiberri
ddp	yes	jendaila
svp	no	lamiti
cds	no	gaizkile
cds	no	basati
asm	no	buztan
cds	no	tentel
an	no	zikin
cds	no	sudurluze
cds	no	zerri
cds	no	guardia
dmc	yes	hala-holako
ddp	yes	baldar
cds	no	gezurti
cds	no	kabroi
dmc	yes	deabrukeria
pa	yes	ezjakin
ddf	yes	ipotx
cds	no	burlari
asm	no	trufari
an	no	ezjakin
an	no	astakeria
dmc	yes	kaiku
cds	no	gizatxar
cds	no	proxenete
an	no	astakirten
dmc	yes	artaburu
svp	no	tripazain
ps	yes	inozo
cds	no	azkar
ddp	yes	oies
qas	no	kirten
cds	no	ikastun
dmc	yes	apostata
an	no	maskal
om	no	atsogizon
is	yes	miserable
rci	yes	kaskarro
asm	no	burla egin
dmc	yes	akfer
or	no	zozo
cds	no	gizajo
rci	yes	kirten
cds	no	fanatiko
cds	no	miserable
cds	no	astakilo
an	no	astapotro
is	yes	maltzur
cds	no	berri-ipurdi
cds	no	gezur
cds	no	mafia siziliar
dmc	yes	hats
svp	no	ezdeus
cds	no	ezdeus
an	no	papagai
re	no	bilau
or	no	ergel
re	no	lizun
is	yes	lander
an	no	azpisuge
cds	no	kaskar
qas	no	estiratu
ddp	yes	berri-lapiko
ddp	yes	astakume
an	no	kakati
cds	no	kakati
svp	no	jatuntasun
ddp	yes	lerdo
dmc	yes	trakets
ddp	yes	astakilo
dmc	yes	alferrontzi
asm	no	txepel
an	no	tentel
cds	no	demagogo
an	no	alu
dmc	yes	zurrul
cds	no	kirten
dmc	yes	traidore
or	no	tentel
cds	no	ultra
asf	no	neskato
cds	no	txirri-porro
ddp	yes	traidore
ddp	yes	putakume
pr	no	amoros
dmc	yes	fariseu
dmc	yes	hala-moduzko
asm	no	isekari
or	no	tonto
cds	no	polizia-agente
dmc	yes	gaizkile
cds	no	norberekoikeria
an	no	irtirin
ddp	yes	ezjakintasun
asf	no	tonto
or	no	sineskor
asm	no	burlari
dmc	yes	bizinahi
asf	no	kaskarro
an	no	alfer
cds	no	berri-jario
cds	no	maistra
an	no	baldarkeria
or	no	tuntuna
ddp	yes	kabroi
cds	no	lapur
dmc	yes	astakirten
cds	no	arduragabe
cds	no	deabrutxo
asm	no	iseka egin
dmc	yes	makur
ddp	yes	kaiku
cds	no	populu
or	no	astakirten
asf	no	tentel
cds	no	atrebentzia
pa	yes	trauskilkeria
asm	no	burugabe
ddp	yes	babalore
qas	no	torturatu
ddp	yes	tonto
svp	no	harrokeria
cds	no	trufari
dmc	yes	iruzur
re	no	zerri
dmc	yes	zakarkeria
an	no	zoofilia
rci	yes	astakilo
dmc	yes	putakume
qas	no	aspergarri
cds	no	ahul
asm	no	txotxolo
cds	no	alfer
cds	no	narras
or	no	inozo
asm	no	burlati
cds	no	lukurari
asm	no	tonto
qas	no	kalapitari
pr	no	zentzugabekeria
cds	no	ozar
pr	no	mari-zirtzil
an	no	txepel
asm	no	memelo
rci	yes	kaiku
cds	no	bihurrikeria
svp	no	harropuzkeria
qas	no	liskartsu
cds	no	dorpe
cds	no	mirrin
cds	no	handiputz
or	no	babalore
ddp	yes	ezgauza
ddp	yes	trauskil
ddp	yes	zentzugabekeria
ddp	yes	kirten
re	no	terrorista
rci	yes	oies
ddp	yes	astakirten
asf	no	mozolo
an	no	lakrikun
cds	no	oilarkeria
an	no	sasikume
asm	no	gizajo
an	no	kaiku
cds	no	bidelapur
asm	no	lerdo
cds	no	zakar
cds	no	ipurgarbitzaile
cds	no	pikaro
svp	no	arduragabe
svp	no	nagikeria
cds	no	gaizto
an	no	makur
qas	no	konformista
dmc	yes	urde
ps	yes	barbaro
an	no	erkin
pr	no	prostituzio
ddp	yes	dorpe
cds	no	samalda
cds	no	maskal
asf	no	ergel
pa	yes	astakirten
ddp	yes	iruzurti
cds	no	artaburu
ddp	yes	zoro
dmc	yes	azeri
asf	no	sineskor
an	no	tentelkeria
re	no	pikaro
ddp	yes	trakets
