cds	no	blowhard
dmc	yes	boor
cds	no	offiser
an	no	minx
asf	no	kalvehode
cds	no	hallikvirksomhet
ddp	yes	tulling
asf	no	idiotés
cds	no	fanatikere
re	no	utpresset
ddp	yes	simpleton
an	no	late
ddp	yes	tattletale
ps	yes	boche
cds	no	roguery
or	no	gay
pr	no	kjerring
dmc	yes	libertinism
cds	no	dagdriver
cds	no	hauteur
qas	no	lurvete og bobtail
asf	no	doofus
om	no	twink
dmc	yes	ne'er-do-well
asf	no	tomfool
ps	yes	lummox
an	no	bitch
om	no	paederast
cds	no	layabout
is	yes	scrooge
ps	yes	doofus
an	no	kjeltring
dmc	yes	trickster gud
cds	no	kriminelle
cds	no	trist sekk
cds	no	muggins
cds	no	litterær hack
dmc	yes	hykleri
ddp	yes	arsehole
re	no	mafia
asf	no	folderol
cds	no	lurvete
an	no	syndebukk
an	no	dust
asf	no	fitte
an	no	hore
ddp	yes	dumbass
svp	no	slacker
ddp	yes	blockhead
cds	no	politibetjent
cds	no	folderol
cds	no	satyriasis
dmc	yes	løgner
ddp	yes	nonsens
cds	no	hoaxer
ddp	yes	idiot
cds	no	rumourmonger
ddp	yes	blabber
cds	no	procuress
dmc	yes	lingerer
cds	no	ugagn-making
asm	no	kukk
dmc	yes	lowlife
dmc	yes	dillydallier
pr	no	prostituerte
svp	no	vainglory
cds	no	simpleton
ddp	yes	riffraff
dmc	yes	defrauder
dmc	yes	cheater
asf	no	dunderhead
pr	no	fortauskant gjennomgang
asm	no	tulling
dmc	yes	svik
cds	no	highwayman
ps	yes	nigga
ddp	yes	inhabil person
cds	no	motherfucker
cds	no	Ågerrente
cds	no	ungdomsgjenger
an	no	dunce
an	no	vet ingenting
cds	no	dweeb
re	no	kjeltring
an	no	kylling
ddp	yes	vet ingenting
an	no	gris
cds	no	rask en
svp	no	vellystig
dmc	yes	dagdriver
ps	yes	jigaboo
cds	no	varsellampene
cds	no	ekstrem høyre-ving
qas	no	freeloader
pa	yes	uncouthness
ps	yes	bygdeoriginal
re	no	voldtekt
cds	no	stakkar
cds	no	ultrakonservative
re	no	ærekrenking
or	no	dunderhead
cds	no	Ågervirksomhet
an	no	fathead
cds	no	outlaw
ps	yes	mongoloid
svp	no	dagdriver
re	no	tragisk skurk
ps	yes	syndebukk
ps	yes	retard
asf	no	bygdeoriginal
asm	no	tullebukk
qas	no	barbariske
an	no	gnier
dmc	yes	stakkar
ps	yes	idiot
re	no	seriell voldtektsmann
cds	no	slyboots
cds	no	line-shooter
ddp	yes	curmudgeon
dmc	yes	trist sekk
ddp	yes	quack medisin
cds	no	bootlicker
pr	no	hogwash
cds	no	blackguard
ddp	yes	botcher
dmc	yes	tragisk skurk
ps	yes	mestizo
asf	no	kuse
pr	no	comare
cds	no	fordømt
qas	no	amateurishness
pr	no	leie gutter
qas	no	mooch
ddp	yes	lurvete
ddp	yes	barbariske
cds	no	pudding hodet
an	no	slange i gresset
ps	yes	barbariske
asf	no	dust
cds	no	grifter
asf	no	fuckhead
qas	no	barbar
cds	no	muss
ddp	yes	blunderer
re	no	debaucher
dmc	yes	avskyelig
or	no	queer
cds	no	datanerd
dmc	yes	snike tyv
or	no	pillock
ps	yes	soft touch
asm	no	jævla
an	no	bonehead
svp	no	latskap
asm	no	tomfool
cds	no	gris
dmc	yes	faker
ddp	yes	dust
cds	no	finagler
cds	no	barbar
cds	no	stickler
ddp	yes	tyster
cds	no	fanatisk
cds	no	løgn
cds	no	dum
cds	no	truckler
cds	no	arroganse
cds	no	fabricator
pa	yes	villmann
pr	no	leie gutt
an	no	wuss
ddp	yes	rasshøl
re	no	betalingsudyktig
pr	no	crack hore
an	no	dunderhead
cds	no	wangler
cds	no	gossipmonger
ddp	yes	tosk
re	no	mafiosi
cds	no	vainglory
ddp	yes	nincompoop
asm	no	muggins
ddp	yes	changeling
dmc	yes	stinker
asf	no	jente
ps	yes	patsy
cds	no	fascistisk
asm	no	doofus
an	no	diddlysquat
cds	no	fib
an	no	gjerrigknark
pr	no	streetwalker
asm	no	elske
cds	no	pøbel-rouser
ps	yes	tosk
cds	no	fanatiker
an	no	hundetispe
qas	no	hanger-on
cds	no	mafioso
dmc	yes	kjeltring
or	no	homofile
an	no	stick-in-the-mud
dmc	yes	trangsynt
dmc	yes	bornert
pr	no	ludder
an	no	sløsar
cds	no	foxiness
dmc	yes	landsforræder
an	no	floozie
cds	no	hellion
asf	no	cretin
dmc	yes	bedrag
asm	no	syndebukk
rci	yes	boor
dmc	yes	skurk
asm	no	twerp
asm	no	nincompoop
svp	no	gjerrig
ddp	yes	gossipmonger
an	no	zooerastia
pr	no	kvinne på gaten
is	yes	stakkar
pr	no	tøyte
asf	no	tøs
ps	yes	mestiço
cds	no	penman
or	no	kuse
an	no	ignoramus
or	no	pudden-head
cds	no	wank
cds	no	villmann
an	no	alfatispe
an	no	nådeløshet
cds	no	barbariske
ddp	yes	quack
re	no	terrorangrep
cds	no	pander
or	no	homoseksuell
ddp	yes	zooerastia
cds	no	mafia
ddp	yes	lunkhead
an	no	grossness
qas	no	bråkmaker
svp	no	shirker
ddp	yes	kvakksalver lege
svp	no	conceitedness
ddp	yes	idiotés
cds	no	pimp
or	no	pudding hodet
qas	no	boor
cds	no	snoop
ddp	yes	sjarlatan
an	no	tispe
an	no	dumbass
svp	no	gnier
cds	no	groveller
ps	yes	mongoloids
an	no	marauder
cds	no	venality
an	no	sloven
an	no	uneducated person
svp	no	skinflint
re	no	terrorisme
cds	no	nærd
svp	no	hyklersk
cds	no	listig
asm	no	uintelligens
an	no	patsy
cds	no	løgner
dmc	yes	git
re	no	voldtektsforbrytere
ddp	yes	dum
cds	no	pilferer
asm	no	jacking off
is	yes	tragisk skurk
cds	no	culling
re	no	dato voldtekt
an	no	pyse
re	no	terroraksjon
ps	yes	darkey
cds	no	tomfool
cds	no	fascistiske
dmc	yes	pseudo
ddp	yes	cretin
ddp	yes	taleteller
cds	no	bandit
cds	no	svermerier
cds	no	problemet med
asm	no	uvitenhet
asm	no	jokke
ddp	yes	ukunne
svp	no	gjerrigknark
dmc	yes	runt
cds	no	fredløs
ddp	yes	oaf
cds	no	fascister
pr	no	buncombe
re	no	rogue
ddp	yes	drittsekken
cds	no	wonk
pr	no	kjeftesmelle
asm	no	kuk
or	no	dumbass
ddp	yes	klossmajor
pa	yes	barbarer
cds	no	miscreant
cds	no	prig
asm	no	wanker
dmc	yes	pilferer
cds	no	brigand
asf	no	tullebukk
or	no	blockhead
cds	no	slask
cds	no	røver
an	no	svekling
cds	no	allvitende
ddp	yes	baktaler
ddp	yes	varsellampene
cds	no	lån sharking
ddp	yes	vrøvl
an	no	soft touch
cds	no	betalingsudyktig
qas	no	trouble maker
cds	no	stoffmisbruker
cds	no	panser
dmc	yes	banditt
cds	no	problem
rci	yes	churl
an	no	bestialitet
dmc	yes	barbarisk
an	no	inhabil
cds	no	know-it-all
ddp	yes	fumbler
asf	no	dumbass
ddp	yes	gossiper
ddp	yes	zooerasty
ddp	yes	knucklehead
cds	no	fibber
asf	no	fisse
an	no	tulling
dmc	yes	deceiver
cds	no	snooper
dmc	yes	shirker
cds	no	kjeltring
an	no	pakk
re	no	onde
asm	no	flouter
dmc	yes	klossmajor
ddp	yes	bytting
or	no	numskull
pr	no	skjøge
asm	no	shtup
cds	no	craven
ddp	yes	uintelligens
cds	no	feighet
is	yes	tigger
cds	no	pengeutlåner
cds	no	newsmonger
cds	no	hybris
cds	no	praktisk joker
cds	no	jacking off
is	yes	cheapskate
re	no	terrorgrupper
ddp	yes	kvakksalver
an	no	diddlyshit
cds	no	satyroman
cds	no	bellyacher
cds	no	forfengelighet
cds	no	lånehaier
svp	no	stridslysten
an	no	svindel
is	yes	villainess
cds	no	hack forfatter
an	no	folderol
an	no	diddly dritt
dmc	yes	barbar
re	no	mafioso
ddp	yes	pudding hodet
an	no	tullebukk
pr	no	floozie
cds	no	apple poleringsmaskin
cds	no	hyperseksualitet
qas	no	løgner
asm	no	stykke ass
ddp	yes	lurvete og bobtail
dmc	yes	foetor
dmc	yes	loffer
asm	no	jerk-off
or	no	dum person
cds	no	patsy
cds	no	gjengen krigføring
dmc	yes	loiterer
cds	no	yokel
re	no	backbiter
cds	no	boor
dmc	yes	hyklersk
cds	no	duffer
cds	no	åger
dmc	yes	røver
svp	no	layabout
cds	no	tulling
cds	no	ugagn
cds	no	loanshark
asm	no	credulousness
asf	no	byttinger
asf	no	vaginal
re	no	bakvaskelse
an	no	rentboy
an	no	vamper
pr	no	mannlig prostituert
dmc	yes	prevaricator
ddp	yes	angiver
ddf	yes	stygg
qas	no	pakk
ddp	yes	mor fucker
cds	no	dum person
cds	no	dickhead
an	no	grusomhet
ps	yes	ruiner
cds	no	veien agenten
or	no	dum
or	no	bonehead
an	no	leie gutter
or	no	faggot
dmc	yes	ose
an	no	dirty trick
asf	no	wench
cds	no	pratmaker
qas	no	fib
cds	no	skjære opp
ddp	yes	tåpelig
dmc	yes	villedende
cds	no	slubbert
asm	no	jeerer
cds	no	nymfomani
cds	no	egoisme
rci	yes	barbar
cds	no	gossiper
qas	no	tagalong
cds	no	whiner
an	no	inexorability
ps	yes	oaf
an	no	diddly squat
cds	no	ransmann
dmc	yes	tramp
svp	no	dilly-dallier
om	no	handikappet person
qas	no	riffraff
is	yes	niggard
dmc	yes	no-konto
cds	no	chiseler
svp	no	latsabber
ps	yes	nigra
pr	no	rivjern
an	no	drittsekk
cds	no	fanatisme
an	no	hoax
asf	no	dimwit
svp	no	slackers
cds	no	barbarisk
cds	no	demagogi
cds	no	penger utlån
cds	no	hånd jobb
ddp	yes	villmann
cds	no	tricker
qas	no	usannhet
cds	no	svermeri
an	no	simpleton
ddp	yes	tomfool
svp	no	gretten
an	no	tosken
cds	no	amour propre
re	no	presset
dmc	yes	uhøflig
svp	no	cheapskate
an	no	gatepiken
cds	no	drittsekk
an	no	zooerasty
dmc	yes	ungdomsforbryter
om	no	selskapsledelse
svp	no	bråsint
cds	no	swot
pr	no	guff
dmc	yes	luring
cds	no	sloven
dmc	yes	yokel
dmc	yes	dårlig person
cds	no	list
dmc	yes	blunderer
cds	no	håndlanger
ddp	yes	patsy
asf	no	mus
ddp	yes	fathead
cds	no	nymfoman
cds	no	facisme
asm	no	runk
cds	no	jerk-off
qas	no	culling
asm	no	nookie
ddp	yes	uvitenhet
ps	yes	dimwit
re	no	skurk
dmc	yes	churl
cds	no	git
cds	no	pillock
an	no	onde
cds	no	avvise
cds	no	sleip
pr	no	gatepike
cds	no	sniveller
cds	no	pool hustling
dmc	yes	forræder
re	no	voldtektsmann
cds	no	cheekiness
pr	no	slagg
dmc	yes	half-pint
cds	no	rube
cds	no	italienske mafiaen
cds	no	Ågerrenter
ddp	yes	dårlig fisk
pr	no	rentboy
or	no	dolt
or	no	mus
cds	no	chawbacon
cds	no	grumbler
rci	yes	barbariske
ddp	yes	kvakksalver medisin
asm	no	naut
ddp	yes	muggins
dmc	yes	pseud
om	no	homoseksuell
or	no	twat
om	no	queer
cds	no	splashiness
asm	no	dum
pr	no	hellcat
ddp	yes	stupiditet
cds	no	Ågerente
cds	no	ungdomsforbryter
ddp	yes	sludder
cds	no	boastfulness
ddp	yes	trist sekk
cds	no	tenestemann
or	no	simpleton
dmc	yes	bløffmaker gud
is	yes	onde
cds	no	hyklersk
dmc	yes	dallier
ddp	yes	forræder
svp	no	niggardliness
cds	no	shirker
cds	no	dirty dog
an	no	lurvete
asm	no	skruing
cds	no	barbarer
ddp	yes	barbarer
re	no	baktaler
an	no	betise
cds	no	problemer
cds	no	konforme
dmc	yes	roue
cds	no	hayseed
ddp	yes	blabbermouth
an	no	så-og-så
ddp	yes	bygdeoriginal
dmc	yes	bedrager
re	no	traducer
dmc	yes	villmann
or	no	homophile bevegelsen
cds	no	looker-on
or	no	lunkhead
an	no	codswallop
cds	no	rookie
pr	no	tispe
asf	no	changeling
is	yes	gjerrigknark
cds	no	gjengmedlem
qas	no	sciolist
ddf	yes	runt
re	no	terrorhandling
an	no	diddley
dmc	yes	svindler
qas	no	barbarisk
cds	no	usannhet
cds	no	politimenn
cds	no	busybody
ddp	yes	kvakksalveri
cds	no	vaunter
cds	no	forbryter
re	no	raper
dmc	yes	rogue
cds	no	cop
ddp	yes	fuckhead
dmc	yes	phony
an	no	prickteaser
asf	no	skjeden
asf	no	lunkhead
asf	no	syndebukk
asm	no	dust
re	no	ransmann
dmc	yes	turncoat
cds	no	moneylending
an	no	knucklehead
cds	no	schoolma'am
dmc	yes	slacker
cds	no	hovmod
an	no	kvinne chaser
an	no	slovenly person
asm	no	ninny
svp	no	ikke gjøre noe
cds	no	hoi polloi
qas	no	fumbler
cds	no	devilment
asf	no	knucklehead
ps	yes	tosken
ps	yes	barbarer
re	no	terrorist
cds	no	rotet
cds	no	moaner
dmc	yes	forstillelse
cds	no	mafiaen
cds	no	dårlig fisk
pr	no	floozy
cds	no	runker
dmc	yes	mope
an	no	kalvehode
asm	no	godtroenhet
cds	no	nyskjerrig-parker
an	no	dverg
ps	yes	jerry
cds	no	skrytepave
ddp	yes	retard
ddf	yes	frastøtende
ddp	yes	doofus
cds	no	presumptuousness
ddp	yes	pakk
ddp	yes	stupe
asf	no	imbecile
dmc	yes	fetor
pr	no	skjøgerede
asm	no	nooky
an	no	fuckhead
an	no	blockhead
cds	no	massene
asf	no	patsy
cds	no	feigheten
ddp	yes	dunce
cds	no	nympho
cds	no	mountebank
cds	no	forbudt
cds	no	skrap
cds	no	quidnunc
qas	no	falsity
asf	no	tulling
an	no	numskull
cds	no	mussiness
cds	no	falsity
cds	no	metallavfall
pr	no	horer
svp	no	superbia
cds	no	slu
svp	no	forfengelighet
pr	no	løs kvinne
ddf	yes	dverg
dmc	yes	malodour
ddp	yes	barbarisk
cds	no	hallik
asm	no	stykke halen
an	no	gateprostitusjonen
cds	no	håndlangere
cds	no	snike tyv
cds	no	bragger
ddp	yes	bumbler
re	no	ærekrenkelse
an	no	skjørt chaser
asf	no	skjede
an	no	tomfool
cds	no	swaggerer
cds	no	svulmet hodet
an	no	lurvete og bobtail
cds	no	kylling
ps	yes	krauthead
re	no	kriminelle organisasjoner
ddp	yes	saphead
an	no	floozy
dmc	yes	bumpkin
om	no	homofile
re	no	maligner
asm	no	twirp
asf	no	codswallop
cds	no	svekling
svp	no	raseri
ddp	yes	dolt
cds	no	gjengen kultur
cds	no	defrauder
an	no	nanus
dmc	yes	wastrel
cds	no	tullebukk
ddp	yes	viciousness
ddp	yes	naut
ps	yes	imbecile
or	no	dårlig fisk
cds	no	feiging
dmc	yes	villainess
cds	no	dust
svp	no	fjøl
dmc	yes	dirty dog
or	no	stupe
cds	no	søppel
an	no	muggins
re	no	røver
dmc	yes	rube
dmc	yes	bløffmaker
cds	no	problemet
ps	yes	mestis
cds	no	folk
cds	no	drittsekken
an	no	riffraff
an	no	slask
ddp	yes	twerp
cds	no	baktaler
cds	no	demagogisk
cds	no	taleteller
qas	no	cadger
cds	no	slyness
ddp	yes	drittsekk
cds	no	fascistiske regimet
cds	no	gjengen
cds	no	reaksjonisme
an	no	rogue
cds	no	dolt
dmc	yes	ransmann
dmc	yes	bumbler
svp	no	boastfulness
cds	no	loansharking
cds	no	fumbler
pa	yes	barbarisk
pr	no	seksuelle tjenester
cds	no	blunderer
pr	no	kommersielle seksuelle
re	no	vilifier
cds	no	stupe
re	no	utpresning
dmc	yes	latsabber
cds	no	mystifier
asf	no	bytting
pr	no	prostituert
qas	no	cull
ddp	yes	uneducated person
is	yes	gnier
cds	no	den store massen
ps	yes	mestiser
dmc	yes	barbarer
cds	no	scum bag
cds	no	bumpkin
cds	no	lurvete og bobtail
ddp	yes	mountebank
asm	no	skru
ddf	yes	half-pint
asf	no	soft touch
asf	no	blockhead
ddp	yes	boor
qas	no	konforme
cds	no	klok fyr
or	no	fette
pr	no	mannlig eskorte
qas	no	klossmajor
cds	no	utlegd
cds	no	politifolk
pr	no	bitch
is	yes	tightwad
cds	no	funksjonær
an	no	dårlig person
cds	no	nerd
pa	yes	boor
dmc	yes	imposter
asm	no	stupiditet
cds	no	purk
svp	no	fordommer
ps	yes	churl
pr	no	elsker
cds	no	kriminell
an	no	blackguard
ps	yes	halv kaste
an	no	tosk
cds	no	hustling
is	yes	tatterdemalion
cds	no	besserwisser
cds	no	anskaffelse
pa	yes	barbar
dmc	yes	fanatiker
re	no	internasjonal terrorisme
cds	no	egenkjærlighet
svp	no	good-for-ingenting
ps	yes	vandal
ddp	yes	bonehead
dmc	yes	dilly-dallier
re	no	date-voldtekt
pr	no	hor
svp	no	scrooge
asm	no	dimwit
cds	no	naut
is	yes	ragamuffin
om	no	homophile bevegelsen
cds	no	mafiosi
cds	no	dogmatisme
cds	no	nerder
cds	no	botcher
cds	no	gangsterism
cds	no	tosken
an	no	profitør
cds	no	tosk
cds	no	tragisk skurk
cds	no	klossmajor
cds	no	høy handedness
qas	no	trist sekk
ddp	yes	bestialitet
ddp	yes	pillock
cds	no	bookworm
cds	no	tilskuer
svp	no	ravenousness
cds	no	ronk
asm	no	fuck
qas	no	blunderer
an	no	gatepike
dmc	yes	falskhet
svp	no	niggard
cds	no	amateurishness
cds	no	wheeler forhandler
cds	no	politimannen
ddp	yes	inhabil
dmc	yes	falske
cds	no	weisenheimer
cds	no	pompøsitet
pr	no	bawd
cds	no	wiliness
asf	no	idiot
svp	no	oppfarende
cds	no	chiseller
ps	yes	barbarisk
cds	no	reaksjonære
ps	yes	kraut
or	no	dunce
cds	no	fredløshet
re	no	libeler
or	no	homophile bevegelse
an	no	mannlig prostitusjon
cds	no	schoolmistress
an	no	ferociousness
dmc	yes	chawbacon
re	no	sicilianske mafiaen
svp	no	hovmod
re	no	cosa nostra
cds	no	complainer
an	no	pip-pip
qas	no	dilettante
cds	no	dastardliness
dmc	yes	fabricator
ps	yes	mongolid
asf	no	tosk
an	no	inhabil person
qas	no	barbarer
dmc	yes	chiseller
pr	no	hunnhund
cds	no	husholdningsavfall
svp	no	niggardness
asf	no	saphead
re	no	voldtekter
dmc	yes	ikke gjøre noe
cds	no	rogue
an	no	vamp
qas	no	villmann
svp	no	nytteløse
svp	no	egenkjærlighet
pr	no	mannlig prostitusjon
ddp	yes	vankunne
svp	no	tabbe-off
ddp	yes	numskull
an	no	bestialsk
cds	no	tattletale
ddp	yes	dimwit
svp	no	minginess
cds	no	poltroon
dmc	yes	skjendig
cds	no	synder
om	no	poof
ps	yes	dust
pa	yes	barbariske
asf	no	naut
cds	no	alfons
cds	no	styggedom
ps	yes	barbar
cds	no	gjengen vold
cds	no	kriminelle ugagn
svp	no	dillydallier
cds	no	hick
pr	no	hore
asm	no	saphead
svp	no	høy handedness
pr	no	alfatispe
ddp	yes	soft touch
ddp	yes	twaddler
cds	no	betjent
cds	no	conformist
pr	no	slovenly kvinne
cds	no	forfølger
asm	no	tosken
an	no	tragisk skurk
ddp	yes	dunderhead
cds	no	pengeutlåneren
cds	no	boaster
cds	no	nörd
ddp	yes	ignoramus
qas	no	patetisk
ddp	yes	sviker
svp	no	mope
cds	no	scammer
asm	no	knulle
cds	no	pakk
cds	no	scrawler
dmc	yes	libertine
rci	yes	barbarisk
svp	no	trencherman
or	no	poof
dmc	yes	dissimulator
an	no	dirty dog
is	yes	patetisk
qas	no	moocher
asm	no	pikk
cds	no	banditt
cds	no	wuss
ddp	yes	hokum
ddp	yes	gawk
an	no	inexorableness
or	no	poove
dmc	yes	scum bag
dmc	yes	hobos
dmc	yes	hick
svp	no	amour propre
dmc	yes	landssviker
cds	no	namby-pamby
ps	yes	darkie
cds	no	sicilianske mafiaen
or	no	fuckhead
cds	no	rotter
re	no	defamer
ps	yes	changeling
dmc	yes	hayseed
dmc	yes	debauchee
ddf	yes	nanus
svp	no	stolt
qas	no	avvise
cds	no	mor fucker
an	no	vulgaritet
om	no	poove
pr	no	ledertispe
ps	yes	uprooter
qas	no	conformist
cds	no	kriminelle organisasjoner
dmc	yes	frafalne
svp	no	fanatiker
dmc	yes	fordommer
cds	no	jævelskap
dmc	yes	blackguard
pr	no	holdt kvinne
svp	no	gourmandizer
cds	no	slackers
cds	no	evildoer
an	no	rotter
or	no	fitte
cds	no	pyse
qas	no	churl
cds	no	sutenør
dmc	yes	layabout
qas	no	dauber
cds	no	gjenger
cds	no	rumormonger
ddp	yes	kalvehode
cds	no	latsabber
is	yes	kjeltring
an	no	lunkhead
ddp	yes	betise
qas	no	lurvete
asm	no	bygdeoriginal
cds	no	politimann
asm	no	ronk
ddp	yes	motherfucker
dmc	yes	sløsar
qas	no	ugagn-maker
asm	no	knull
cds	no	wisenheimer
cds	no	mobben
re	no	terrorister
ps	yes	boor
ddp	yes	grusomhet
cds	no	lowlife
cds	no	pompousness
svp	no	gourmand
ddp	yes	codswallop
ddp	yes	rumourmonger
dmc	yes	andre-rater
cds	no	nymphomania
ddp	yes	dum person
an	no	ledertispe
qas	no	bumbler
cds	no	timeserver
asf	no	muggins
or	no	homophile
cds	no	rampete
ps	yes	villmann
dmc	yes	innskrenket
an	no	raunch
dmc	yes	trifler
an	no	diddly
an	no	leie gutt
dmc	yes	fibber
dmc	yes	malodor
dmc	yes	dissembler
om	no	namby-pamby
an	no	lowlife
ddp	yes	prater
cds	no	halliker
om	no	pederast
ddp	yes	bestialsk
cds	no	cull
re	no	baktalelse
cds	no	caitiff
an	no	streetwalker
cds	no	reaksjonær
asf	no	vagina
cds	no	saphead
cds	no	snobb
dmc	yes	barbariske
cds	no	slacker
ps	yes	bytting
ps	yes	byttinger
an	no	rivjern
re	no	ungdomsforbryter
cds	no	ostentatiousness
asm	no	soft touch
ddp	yes	tullebukk
svp	no	ne'er-do-well
an	no	kjerring
pr	no	gateprostitusjonen
dmc	yes	hykler
dmc	yes	rakehell
svp	no	hauteur
asm	no	kjenne
cds	no	onde
dmc	yes	desertør
cds	no	meddler
or	no	kalvehode
ps	yes	pikey
cds	no	villainess
pr	no	tøs
is	yes	skinflint
cds	no	ruffer
cds	no	codswallop
ddp	yes	byttinger
cds	no	riffraff
cds	no	hypersexual
asm	no	pule
dmc	yes	bedragar
cds	no	skurk
an	no	internett hoax
cds	no	puzzler
qas	no	dårlig hat
asm	no	wank
svp	no	arroganse
cds	no	zealotry
svp	no	stolthet
cds	no	blabbermouth
an	no	viciousness
asm	no	patsy
dmc	yes	hobo
pr	no	sportslige dame
re	no	mafiaen
pr	no	prostitusjon
an	no	villainess
cds	no	banditti
cds	no	så-og-så
ddp	yes	ferociousness
re	no	villainess
dmc	yes	bandit
asf	no	tosken
cds	no	fascist
ps	yes	cretin
ps	yes	mongoloide
asm	no	dumhet
om	no	gay
dmc	yes	tramps
pr	no	john
dmc	yes	grifter
svp	no	dallier
an	no	scum bag
pr	no	dame av glede
cds	no	ikke gjøre noe
cds	no	fordommer
ddp	yes	imbecile
an	no	hunnhund
asm	no	betise
ps	yes	den mongoloide rase
asf	no	bonehead
om	no	barnemishandler
svp	no	aggressiv
ddp	yes	lummox
qas	no	ulykke
asf	no	twat
cds	no	ågerkarl
cds	no	nerdete
ddp	yes	newsmonger
ps	yes	darky
ddp	yes	ninny
cds	no	gategjenger
svp	no	no-konto
cds	no	greenhorn
dmc	yes	brigand
cds	no	cosa nostra
ddp	yes	lettlurt
om	no	homophile bevegelse
asm	no	tosk
cds	no	lånehai
ddp	yes	folderol
cds	no	groveler
ddp	yes	nonsensicality
cds	no	politisk reaksjon
rci	yes	barbarer
qas	no	løgn
dmc	yes	stank
an	no	slowpoke
asm	no	ficken
an	no	git
cds	no	bedreviter
dmc	yes	så-og-så
qas	no	scrounger
cds	no	pedant
svp	no	tightwad
asm	no	runker
dmc	yes	slackers
ddp	yes	helse svindel
re	no	italienske mafiaen
dmc	yes	ondskap
cds	no	bigotry
ps	yes	lout
asf	no	retard
asf	no	simpleton
ddp	yes	twirp
or	no	drittsekk
ps	yes	idiotés
pa	yes	churl
an	no	namby-pamby
cds	no	knep
om	no	faggot
an	no	doodly-squat
or	no	krevende
or	no	fisse
qas	no	botcher
cds	no	moneylenders
cds	no	syndebukk
cds	no	pedantisk
cds	no	bumbler
an	no	skurk
is	yes	skurk
rci	yes	villmann
cds	no	wanker
asf	no	numskull
cds	no	late
dmc	yes	betalingsudyktig
ps	yes	gawk
pr	no	hundetispe
cds	no	prankster
cds	no	pandar
ddp	yes	barbar
asm	no	hånd jobb
cds	no	pudden-head
dmc	yes	trickster
cds	no	krevende
an	no	mannlig prostituert
cds	no	demagogiske
dmc	yes	treasonist
dmc	yes	onde
an	no	pudge
asf	no	betise
cds	no	superbia
an	no	naut
cds	no	wiseacre
cds	no	fascisme
pr	no	elskerinne
ddp	yes	tull
pr	no	fornicatress
cds	no	satyromani
cds	no	fascismen
an	no	coquette
svp	no	late
cds	no	schoolmarm
ddp	yes	dickhead
cds	no	half-pint
cds	no	demagog
dmc	yes	scammer
cds	no	fawner
cds	no	runk
ddp	yes	fåvit
or	no	selskapsledelse
cds	no	soft touch
an	no	somlebøtte
asf	no	drittsekk
cds	no	avfall
cds	no	skrapjern
ddp	yes	syndebukk
cds	no	frekkhet
an	no	feiging
re	no	utpressing
an	no	saphead
cds	no	conceitedness
re	no	voldtatt
ddp	yes	churl
cds	no	smart aleck
asf	no	dunce
dmc	yes	chiseler
cds	no	stolthet
om	no	homophile
pr	no	horkvinne
cds	no	djevelskap
or	no	knucklehead
dmc	yes	tabbe-off
dmc	yes	good-for-ingenting
ps	yes	halv-breed
pr	no	gatepiken
an	no	mannlig eskorte
ddp	yes	lout
asf	no	fette
svp	no	gorger
svp	no	tightfistedness
an	no	jilt
an	no	hanrei
ddp	yes	dumhet
ddp	yes	tosken
cds	no	churl
dmc	yes	duffer
dmc	yes	botcher
pr	no	bunkum
an	no	kjeftesmelle
asm	no	rulle i høyet
ps	yes	nigger
ddp	yes	sladrehank
pr	no	holdt kvinnen
cds	no	sjarlatan
cds	no	andre-rater
ddp	yes	vås
cds	no	runt
svp	no	lidderlig
ps	yes	halv rase
cds	no	svindler
ddp	yes	rumormonger
ps	yes	mestizaje
cds	no	slovenly person
dmc	yes	rotter
cds	no	kommunalt avfall
ddp	yes	pudden-head
dmc	yes	fumbler
