cds	no	blowhard
an	no	canis aureus
re	no	dhúnmharú
an	no	corrmhíol
dmc	yes	villain
re	no	tortured
om	no	leanbh molester
cds	no	bungle
cds	no	chump
ddp	yes	metazoans
cds	no	henchmen
cds	no	wheeler déileálaí
svp	no	taṇhā
cds	no	fuirseoir
dmc	yes	eisreachtú
qas	no	daoine burgher
cds	no	faisist
or	no	puimcín
ddp	yes	tattletale
an	no	míoltóg
qas	no	bloopers
cds	no	múinteoirí
cds	no	faisistigh
svp	no	luxuria
asm	no	pónairí leathana
cds	no	spóirt teach
cds	no	hauteur
ps	yes	hebraism
asf	no	tomfool
ps	yes	lummox
om	no	paederast
cds	no	layabout
asm	no	jacking amach
dmc	yes	rásaí
qas	no	granger
qas	no	feirmeoirí tionónta
re	no	gníomh coiriúil
cds	no	robúlaí barún
pa	yes	ceannaithe éisc
svp	no	gabhálach
svp	no	acedia
dmc	yes	merry andrew
or	no	scuais
qas	no	conchró
svp	no	niggard
an	no	bhfíleam mollusca
re	no	debaucher
re	no	mafia
ps	yes	dteagmháil bog
an	no	minx
cds	no	madra salach
asf	no	folderol
an	no	míoltóga
or	no	murphy
cds	no	fascista
qas	no	magnate gnó
cds	no	ndrangheta
an	no	villain tragóideach
ddp	yes	dumbass
dmc	yes	scamp
om	no	aboral
an	no	profiteer
an	no	buaf
dmc	yes	stink
cds	no	satyriasis
cds	no	jokester
cds	no	clans
pr	no	prostitute fireann
an	no	titim guy
qas	no	péintéir teach agus decorator
an	no	rouncey
cds	no	hoaxer
asm	no	vicia faba
cds	no	rumourmonger
ps	yes	biteicneolaíocht plandaí
is	yes	pariah
pr	no	francaigh
an	no	humanus
dmc	yes	lingerer
an	no	eurasian griffon
an	no	badhbh gríofa
cds	no	tréad
cds	no	arrogance
an	no	miocrób
cds	no	freemason
an	no	caorach
svp	no	vainglory
asm	no	salach
dmc	yes	cheater
an	no	caoirigh
an	no	animalcules
an	no	dreancaid
cds	no	lashings
ddp	yes	bheochan a bheith
dmc	yes	forgeries
an	no	crocodilia
cds	no	foréigean gang
cds	no	highwayman
re	no	mí-úsáid corparáideach
cds	no	charlatan
qas	no	bourgeoisie
pa	yes	barbaric
cds	no	papparazzi
re	no	eisreachtú
dmc	yes	homunculus
an	no	bultúr
dmc	yes	dia trickster
om	no	bugger
cds	no	citeal na n-iasc
cds	no	bungler
asm	no	tairne
cds	no	jacking amach
cds	no	scrawl
an	no	athene noctua
dmc	yes	scoundrel
qas	no	ballock
ps	yes	jigaboo
cds	no	áise poiblí
an	no	fána
pa	yes	uncouthness
asf	no	shithead
an	no	scoundrel
an	no	dam
or	no	dunderhead
cds	no	cion coiriúil
dmc	yes	goof-uaire
an	no	sluggard
an	no	fathead
ps	yes	changelings
pa	yes	oibrí oifige
an	no	cuiteog
qas	no	troublemaker
cds	no	gangster
an	no	vultures
an	no	rógaire
cds	no	sagart ard
dmc	yes	rube
dmc	yes	fhealltóir
asm	no	béarla bean
an	no	feithidí hemipterous
pa	yes	abhcóide
om	no	posterior
pa	yes	bellman
cds	no	bumpkin
qas	no	grandiloquence
qas	no	post deasc
pa	yes	ball dáimhe
or	no	ghluaiseacht homophile
asm	no	píosa asal
ddp	yes	curmudgeon
svp	no	cupidity
cds	no	wiliness
an	no	pooch
re	no	gangster
qas	no	snoop
qas	no	bollocks
an	no	beithígh
ddf	yes	crookback
cds	no	nerdy
qas	no	mooch
cds	no	miscreant
an	no	anurans
an	no	muca
cds	no	grifter
an	no	microorganism
ddp	yes	blunderer
or	no	queer
qas	no	oddments
dmc	yes	dissimulator
an	no	villain
ps	yes	cárta buí
an	no	bonehead
cds	no	ithir
ddp	yes	sac brónach
qas	no	conformist
cds	no	finagler
ps	yes	hibrideach nádúrtha
qas	no	déantóir dtrioblóid
an	no	gléas éisteachta
svp	no	vanity
cds	no	meatacht
svp	no	craving
ddp	yes	dúr
ddp	yes	duine uneducated
is	yes	ráta bochtaineachta
cds	no	truckler
cds	no	fabricator
pa	yes	mortician
re	no	thievery
cds	no	moron
qas	no	úirí
an	no	wuss
or	no	cunt
dmc	yes	yokel
an	no	dunderhead
cds	no	faillitheoir
re	no	slayer
an	no	eurypterid
pa	yes	togróir
or	no	fastidiousness
re	no	coirpeach
om	no	líne midclavicular
cds	no	ngníomhaíochtaí mídhleathacha
ddp	yes	nincompoop
an	no	gabhar déiríochta
qas	no	feidhmiúcháin barr
cds	no	kin grúpa
cds	no	rustler
cds	no	motley amadán
svp	no	lustfulness
cds	no	máthair fucker
ddf	yes	duine faoi mhíchumas
svp	no	invidia
re	no	felonies
cds	no	theachtaire buachaill
cds	no	maiseanna
an	no	pediculus corporis
cds	no	fib
pr	no	streetwalker
dmc	yes	cód morálta
cds	no	deceitfulness
cds	no	coiriúil
cds	no	topsy-turvydom
dmc	yes	hypocrite
cds	no	bréag
cds	no	mafioso
om	no	aerach
ps	yes	latino
ps	yes	póraitheoirí plandaí
cds	no	leanbh
cds	no	duine slovenly
cds	no	amháin go tapa
svp	no	boredom
re	no	gníomhaíochtaí coiriúla
pa	yes	cuntasaíochta poiblí
cds	no	gossiper
an	no	bedbug
cds	no	míghníomh
rci	yes	boor
asf	no	cailín
asm	no	twerp
qas	no	tagalong
cds	no	dastardliness
ps	yes	síne
or	no	punctiliousness
an	no	seilmide
asm	no	slat
dmc	yes	fuirseoir
cds	no	penman
pa	yes	dlíodóirí triail
cds	no	páipéar-pusher
ddp	yes	brúidiúlacht
an	no	ignoramus
cds	no	wank
cds	no	jailer
dmc	yes	a dhéanamh-aon rud
is	yes	bochtaineacht deonach
ddp	yes	analphabetic
asm	no	appendage
an	no	pillager
svp	no	overeating
is	yes	villain
an	no	bradacha
ddp	yes	leibideach
cds	no	fop
re	no	gnéasach ionsaí
ddp	yes	quack
pr	no	moth baint leo
cds	no	crossbred
pr	no	máistreás
ddp	yes	lunkhead
qas	no	dramhaíl sholadach chathrach
an	no	hoaxes
re	no	iompar coiriúil
re	no	buirgléir
svp	no	conceitedness
cds	no	pimp
or	no	cucurbita maxima
cds	no	laddie
re	no	murderer
qas	no	boor
ddp	yes	arsehole
qas	no	henchman
asm	no	péineas
an	no	inexorability
re	no	mí-úsáid póilíní
an	no	mhiúil
cds	no	eisreachtú
om	no	téarmaí le haghaidh suíomh anatamaíocha
cds	no	hierarch
ps	yes	mongoloids
an	no	marauder
re	no	mí-úsáid údaráis
cds	no	venality
re	no	scammer
cds	no	hustling
an	no	epifaunal
cds	no	fine
is	yes	outcast sóisialta
ddp	yes	microcephaly
cds	no	sonny boy
cds	no	ualaí
re	no	thieves
pa	yes	shepherdess
cds	no	gaige
cds	no	pilferer
ps	yes	duine dubh
an	no	crocodylidae
asf	no	stothóg
re	no	kidnappers
cds	no	mobster
asm	no	piseanna glas
svp	no	cheapskate
om	no	impersonator baineann
dmc	yes	bigoted
cds	no	tomfool
is	yes	indigent
ddp	yes	aineolas
ddp	yes	taleteller
pa	yes	corporal
qas	no	tionónta
an	no	madraí
asm	no	penile
cds	no	ionlann
cds	no	poncghlasáil
an	no	despoiler
om	no	apical
cds	no	retard
ps	yes	barbaric
om	no	homaighnéasachas
dmc	yes	runt
om	no	péidearastacht
is	yes	trua
pa	yes	ollscoil ollamh
qas	no	ragtag agus bobtail
cds	no	leathcheann
pr	no	buncombe
pr	no	harlot
ddf	yes	olc
an	no	sceartáin
om	no	trasfheisteoir
ps	yes	pobal giúdach
cds	no	bróicéirí
cds	no	grime
cds	no	wonk
an	no	owl urchosc
ddp	yes	retard
dmc	yes	mozzarella cáis
ddf	yes	mhíchumas
or	no	dumbass
an	no	familiaris
pr	no	francach donn
pr	no	striapach
qas	no	doghouse
an	no	eascann
an	no	teaghlaigh crocodylidae
asm	no	wanker
dmc	yes	meirleachas
om	no	finéal
qas	no	bréag
an	no	bufo
an	no	ainmhí
an	no	mollusca
dmc	yes	delinquent óg
ddp	yes	pudden-cheann
cds	no	hibrideach
qas	no	sodbuster
is	yes	tá-ní
re	no	holdup
cds	no	moralizing
re	no	dúmhál
asm	no	ga bog
an	no	infauna
re	no	chiseler
re	no	bréag mhailíseach
pa	yes	teoiriciúil
an	no	nanny-gabhar
cds	no	mischievous
cds	no	ball gang
ps	yes	negroes
cds	no	thief petty
pa	yes	cléireach áirithinte
dmc	yes	salach
ddp	yes	zooerasty
cds	no	egghead
re	no	robáil olcas
an	no	pocán
dmc	yes	caifeach lena
asm	no	píosa eireaball
cds	no	gníomhaire bóthair
dmc	yes	ghluaiste eiticiúil
cds	no	póilíní
cds	no	idler
om	no	asal
dmc	yes	pariah
om	no	gayness
ddp	yes	leathcheann
or	no	numskull
an	no	cainéal bass
or	no	brassica oleracea
re	no	maslach
asm	no	shtup
an	no	anguillidae
re	no	gcion coiriúil
an	no	leech
om	no	contralateral
om	no	fir homosexual
om	no	taobh thiar de
re	no	dúnmharú
or	no	finocchio
re	no	rapist sraitheach
an	no	míol leapa
cds	no	newswriter
an	no	caprinae
cds	no	rth
qas	no	baroqueness
cds	no	bellyacher
asf	no	twat
cds	no	bastaird
cds	no	grúinse
qas	no	seadánachas
ps	yes	cárta dearg
qas	no	péintéir agus decorator
dmc	yes	scum mála
an	no	folderol
svp	no	dearg-ghráin
cds	no	policeman
qas	no	siopadóir
re	no	chlúmhilleadh de charachtar
cds	no	mischief a dhéanamh
ps	yes	bulgárach
cds	no	heaps
is	yes	pauper
om	no	ghnéas céanna
an	no	poulet
asm	no	éin
an	no	ulchabhán beag
ddp	yes	bacach
qas	no	péintéir
pr	no	floozie
dmc	yes	dea-do-aon rud
asm	no	donn dorcha
svp	no	mosach
or	no	tater
an	no	shithead
dmc	yes	dea-do-naught
cds	no	narcissistic
ps	yes	rroma
dmc	yes	moralistic
re	no	fuadach
an	no	muc
dmc	yes	robúlaí
re	no	camorra
cds	no	bas bleu
cds	no	coireanna
cds	no	poltroonery
cds	no	prankishness
ps	yes	mógail
svp	no	angriness
cds	no	gossip
svp	no	leisce
re	no	backbiter
cds	no	boor
asm	no	changelings
cds	no	tribesman
pa	yes	academism
pa	yes	coirp
ps	yes	shliocht hafraice
cds	no	coir
svp	no	acquisitiveness
asm	no	credulousness
an	no	madra
cds	no	plód
dmc	yes	hypocritical
an	no	sí-gabhar
an	no	crogaill
dmc	yes	lowlife
dmc	yes	prevaricator
an	no	looter
an	no	aries
dmc	yes	dillydallier
ps	yes	rásaí
re	no	dúnmharfóirí
re	no	racketeer
an	no	frog buaf
ps	yes	ruiner
cds	no	dúr
cds	no	teoiricí comhcheilge
cds	no	scríbhneoir hack
cds	no	slíbhín
asm	no	fava
dmc	yes	profligate
an	no	eallach mairteola
re	no	sracadh
svp	no	ard-handedness
cds	no	teach-cháil tinn
an	no	anuran
re	no	airgead salach
qas	no	gnáth
re	no	villainous
an	no	parrot
cds	no	gnáth
an	no	pediculus humanus
qas	no	feirmeoireachta tionónta
cds	no	whiner
cds	no	ordú masonic
pa	yes	garda doras
om	no	eireaballach
dmc	yes	clowns
an	no	súmaire
pr	no	slaig
or	no	ceann maróg
svp	no	dea-do-aon rud
dmc	yes	defrauder
ddp	yes	bungler
dmc	yes	barbarous
an	no	siorcanna
cds	no	méid
om	no	posteriorly
cds	no	chiseler
cds	no	hick
asf	no	fhaighin
cds	no	nosy-parker
an	no	éan gé
om	no	derriere
dmc	yes	shirker
or	no	prátaí nua
an	no	ulchabhán
cds	no	barbaric
svp	no	slackers
om	no	tush
cds	no	bás
re	no	cion indíotáilte amháin
an	no	simpleton
asf	no	changelings
an	no	badhbh
an	no	pearóid
an	no	scairp éisc
an	no	coiníní
cds	no	spriosain
an	no	zooerasty
dmc	yes	scattergood
cds	no	reprobate
cds	no	féin-bogás
om	no	prat
cds	no	féin-sásamh
an	no	púic
qas	no	testicular
an	no	bainne gabhair
svp	no	unpleasant
cds	no	camarilla
re	no	neonaticide
dmc	yes	blunderer
ddp	yes	patsy
ddp	yes	fathead
an	no	drúchtín
ddp	yes	amadán
cds	no	swot
dmc	yes	míghníomh
qas	no	barúntachta
cds	no	pillock
qas	no	rang lár
cds	no	feadhna
cds	no	demagogic
an	no	cockroach
cds	no	conceitedness
cds	no	hack liteartha
dmc	yes	mozzarella
cds	no	blunder
ddp	yes	neamhinniúil
is	yes	bochtaineachta domhanda
dmc	yes	mímhorálta
asm	no	tógáil penile
qas	no	oibrí feirme
or	no	cucumbers
cds	no	sassing
ddp	yes	leibide
re	no	manslayer
cds	no	blackballing
cds	no	newspaperwoman
asf	no	dteagmháil bog
an	no	muttonhead
an	no	bhreall
asm	no	éan
cds	no	chawbacon
cds	no	shrewdness
ps	yes	beduin
cds	no	fuirseoir cúirte
cds	no	fhaisisteachais
pa	yes	wagoner
an	no	miocrorgánach
om	no	fagot
qas	no	bungle
dmc	yes	pseud
is	yes	ioncam íseal
ps	yes	interfertility
an	no	frog
asf	no	nitwit
ps	yes	phobal dubh
is	yes	ragamuffin
ps	yes	bhiteicneolaíocht plandaí
or	no	twat
asm	no	pterygiophore
an	no	cuckold
qas	no	barbarian
an	no	buachaillí cíosa
om	no	banríon tarraing
cds	no	féin-adhradh
ddp	yes	informer
cds	no	delinquent
cds	no	swindler
pr	no	hellcat
qas	no	hanger ar
cds	no	boastfulness
om	no	ghnéas céanna a mhealladh
cds	no	diabhlaíocht
cds	no	scammer
an	no	éan oíche
dmc	yes	dallier
cds	no	rabble-rouser
pa	yes	dámh
pa	yes	gnóthaire
cds	no	beguine
asm	no	jerking amach
cds	no	sholáthar
pr	no	moll
an	no	betise
om	no	poove
ddf	yes	droch-
an	no	froig
cds	no	jerk-uaire
dmc	yes	faillitheoir
re	no	rustler
pa	yes	tollamh
pr	no	concubinage
ps	yes	giúdaigh
cds	no	freemasons
cds	no	nigh seomra
or	no	lunkhead
ps	yes	bulgáiris
re	no	cion
an	no	codswallop
re	no	booty
qas	no	hutch
cds	no	iarann dramh
re	no	molested
qas	no	dramhaíl sholadach
cds	no	cockup
ddf	yes	runt
an	no	diddley
re	no	mugged
qas	no	botch
cds	no	mafia na hiodáile
qas	no	talmhaíochtaithe
cds	no	kinsfolk
cds	no	prelate
cds	no	restroom
qas	no	husbandman
svp	no	trencherman
qas	no	feirmeoir tionónta
cds	no	líne teaghlaigh
cds	no	busybody
an	no	microorganisms
cds	no	vaunter
an	no	mosquitos
re	no	raper
an	no	macrofauna
re	no	swindler
ddp	yes	fuckhead
re	no	feileonacht
an	no	choimhdeacht fireann
an	no	trick salach
cds	no	theaghlach
om	no	homophile
om	no	fir aerach
cds	no	praiseach
an	no	scread-owl
re	no	grifter
an	no	snatcher comhlacht
an	no	moilisc
an	no	knucklehead
or	no	vine scuaise
dmc	yes	impostor
cds	no	oifigeach príosúin
cds	no	complacence
pa	yes	cuntasóirí
cds	no	leithreas
dmc	yes	slacker
pr	no	oxen
ddp	yes	animal
an	no	colainnsciobadh
an	no	blattodea
an	no	ghéineas vipera
cds	no	nurseling
ddp	yes	telltale
cds	no	hoi polloi
qas	no	both
cds	no	cathouse
qas	no	fumbler
pa	yes	bellboy
asm	no	leibide
dmc	yes	chiseler
asf	no	knucklehead
cds	no	iarsmaí
re	no	meirleachas
pr	no	striapachas
qas	no	rang gairmiúla
an	no	shote
qas	no	testicle
cds	no	paparazzi
cds	no	balladeer
dmc	yes	faker
cds	no	gang sráide
pr	no	floozy
qas	no	fear gnó
an	no	strigiformes
re	no	ionsaithe gnéis
qas	no	parishioner
an	no	rage
cds	no	bradacha
cds	no	bogás
svp	no	tsaint
an	no	faillitheoir
ps	yes	jerry
cds	no	slua
an	no	asal baile
an	no	gabhar-antalóp
an	no	seilche
ddp	yes	stupe
dmc	yes	reek
ps	yes	síofra
re	no	libeler
cds	no	ciallmhar guy
asm	no	na heorpa bean
cds	no	bagnio
cds	no	ciontóir
ddp	yes	príosúnach
dmc	yes	outcast
re	no	accusations bréagach
an	no	escargot
qas	no	teach madra
ps	yes	hibrideach daonna
re	no	ngníomhaíochtaí mídhleathacha
cds	no	dronganna
re	no	mafia sicile
pr	no	concubines
cds	no	cneámhaireacht
ddp	yes	dteagmháil bog
an	no	eallach intíre
ps	yes	traidisiún giúdach
an	no	aghaidh wry
asm	no	brownness
om	no	gnéas tóna
qas	no	uirí
ddp	yes	dunce
ps	yes	israelite
ps	yes	hibrideach intergeneric
pr	no	john
dmc	yes	coiriúil
qas	no	fódóireacht
dmc	yes	droch-devil
asm	no	slua
re	no	chéasadh
cds	no	slob
dmc	yes	fuadairí a choinneáil amhlaidh
ps	yes	mongoloid
cds	no	rube
re	no	beacht
cds	no	gníomhaíochtaí mídhleathacha
qas	no	barbaric
ddp	yes	animalia
ddp	yes	baois
cds	no	peacach
cds	no	bragger
pr	no	bhean choimeád
cds	no	newspaperman
qas	no	feirmeoirí
an	no	tomfool
svp	no	amour propre
ddp	yes	shithead
an	no	chinch
om	no	peeress
re	no	fuadaigh
re	no	plagiarize
ps	yes	barbarians
cds	no	fancier
dmc	yes	bumpkin
re	no	mobster
ddp	yes	damáiste inchinne
an	no	blatóg choiteann
dmc	yes	bradacha
asf	no	codswallop
qas	no	daoine coiteann
ddp	yes	dolt
an	no	góislín
an	no	nanus
cds	no	eallach rustler
re	no	ferocity
re	no	cion indíotáilte
ddf	yes	míchumas
cds	no	flub
re	no	raped
svp	no	tanha
cds	no	croon
an	no	physiognomy
cds	no	clann
an	no	diddly-squat
ddp	yes	asshole
ddp	yes	mhoilliú meabhrach
ddp	yes	bestiality
an	no	sucker
an	no	bunny
ps	yes	mongólach
qas	no	flub
cds	no	culchie
an	no	riffraff
an	no	buar
ddp	yes	twerp
cds	no	taleteller
qas	no	barún
cds	no	boss mob
an	no	barbarism
om	no	bean uasal
ddp	yes	rudaí agus nonsense
an	no	antalóip gabhar
an	no	bunnies
pa	yes	thoscaire speisialta
ddp	yes	dupe
cds	no	úll polisher
re	no	torturer
dmc	yes	féimheachta mhorálta
cds	no	mingle-mangle
cds	no	rotter
an	no	crocodilians
ps	yes	rommany
svp	no	boastfulness
cds	no	loansharking
an	no	oxen
an	no	caora
dmc	yes	luachanna morálta
dmc	yes	buffoon
cds	no	haughtiness
dmc	yes	fuirseoir cúirte
ps	yes	crossbreed
ps	yes	tras-síolrú
qas	no	meánaoiseach
re	no	dáta-éigniú
pr	no	buar
asf	no	leathcheann
svp	no	aon-chuntas
or	no	aerach
an	no	eallach
asf	no	cunt
cds	no	cuire
ddp	yes	fumbler
cds	no	jailor
cds	no	namby-pamby
qas	no	castes
ddp	yes	mountebank
pr	no	francach
an	no	amadán
cds	no	dronganna óige
dmc	yes	áit chlochach
ddp	yes	idiocy
an	no	scum mála
cds	no	gang
cds	no	neamhdhlisteanach
re	no	bradacha
cds	no	ceann maróg
an	no	hoax
qas	no	farmhand
an	no	neamhinniúil
cds	no	slyboots
an	no	ba
pa	yes	boor
cds	no	fo-clan
qas	no	ectoparasites
qas	no	barúin
an	no	midget
om	no	keister
an	no	de chineál gabhair ainmhithe
ddp	yes	dochtúir quack
cds	no	hayseed
an	no	siorc bán mór
cds	no	crooners
qas	no	fuddle
dmc	yes	bréag
an	no	fear-eater
om	no	homosexuality
pa	yes	ollamh iomlán
ddp	yes	bonehead
dmc	yes	dilly-dallier
dmc	yes	banditti
cds	no	conventicles
an	no	moth
ps	yes	giúdach
cds	no	imbecile
ddp	yes	barbarous
svp	no	cochallach
cds	no	mafiosi
cds	no	biogóideacht
pr	no	fornicatress
pr	no	hogwash
an	no	escargots
cds	no	conspiracy de silence
cds	no	looker ar
cds	no	fanatism
om	no	paederasty
cds	no	iliomad
or	no	prátaí na héireann
ddp	yes	pillock
cds	no	dteach bawdy
svp	no	liúdramán
is	yes	brónach
svp	no	ravenousness
qas	no	blunderer
asf	no	doofus
cds	no	bhfeallaire
an	no	goose brant
an	no	bata-i-an-láibe
cds	no	camorra
pr	no	bó
cds	no	séarachais sláintíochta
dmc	yes	aithriseach
pr	no	gunna moll
pa	yes	ollamh emeritus
cds	no	arriviste
dmc	yes	motley amadán
cds	no	tréada
an	no	bestiality
cds	no	bhiteicneolaíocht plandaí
cds	no	scamp
ps	yes	hibrid
qas	no	rhetorically
pa	yes	ollamh taighde
cds	no	traein wagon
an	no	spriosain
an	no	animalia
qas	no	roscaireacht
re	no	cosa nostra
cds	no	duine dúr
re	no	gníomhú sceimhlitheoireachta
an	no	flea
an	no	damh
dmc	yes	fabricator
cds	no	masonic
qas	no	boo boo-
cds	no	adhartha idol
an	no	siorceanna
an	no	cruimh
asm	no	teste
cds	no	effrontery
dmc	yes	chiseller
dmc	yes	gan dídean
om	no	homoeroticism
cds	no	theorists comhcheilg
cds	no	sochaithe treibhe
qas	no	grandiosity
ddf	yes	duine dall
re	no	gníomhaíochtaí mídhleathacha
cds	no	clotheshorse
an	no	sciaenops ocellatus
om	no	crossdress
cds	no	pimping
pa	yes	scolártha
an	no	vamp
asf	no	traidhfil
an	no	fhios ag aon rud
cds	no	salach-suas
dmc	yes	swindler
an	no	antalóp gabhar
or	no	scuaise butternut
rci	yes	barbarian
cds	no	tattletale
ddp	yes	dimwit
qas	no	comhréireachta
svp	no	minginess
om	no	sodomist
re	no	naíonmharú
svp	no	trencher
an	no	siorc bán
dmc	yes	chaitheamh-uile
an	no	ragtag agus bobtail
dmc	yes	delinquent
svp	no	avaritia
re	no	sceimhlitheoir
svp	no	dillydallier
cds	no	liúdramán
cds	no	abhcóideachta
ddp	yes	prattler
an	no	gadhar
cds	no	omertà
asm	no	saphead
cds	no	conformist
ddp	yes	ainmhí
re	no	foréigneach
qas	no	mishmash
svp	no	wrath
re	no	dúnbhásuithe
qas	no	feirmeoir
re	no	gcion gnéis
ddp	yes	ignoramus
svp	no	niggardliness
an	no	maggot
an	no	parrots
svp	no	mope
cds	no	matchmaker
re	no	feileoin
ddp	yes	barbarian
qas	no	necrotrophic
cds	no	farrago
cds	no	pórú plandaí
svp	no	saint
dmc	yes	libertine
cds	no	bloopers
an	no	creature
or	no	poof
an	no	órga jackal
re	no	eallach rustler
an	no	duine dona
dmc	yes	abjection
qas	no	moocher
dmc	yes	layabout
pa	yes	íosánach
re	no	calumniation
an	no	familiaris lupus canis
an	no	fear-ithe siorc
an	no	mhuiniompair
an	no	siorc
pa	yes	extraordinarius ollamh
dmc	yes	hobos
dmc	yes	hick
an	no	striapach sráide
qas	no	sinker
re	no	leabhal trádála
an	no	striapachas fireann
an	no	muggins
ps	yes	doofus
cds	no	scum mála
cds	no	naircisíocht
an	no	wisent
qas	no	endoparasites
dmc	yes	hayseed
dmc	yes	debauchee
cds	no	amadán
cds	no	freemasonry
ddp	yes	ceann maróg
cds	no	intercessor
ps	yes	uprooter
ddf	yes	míthreorach
an	no	gosling
dmc	yes	roue
pa	yes	dáimhe aguisín
re	no	cionta gnéis
an	no	madra salach
dmc	yes	blackguard
cds	no	ragtag agus bobtail
re	no	robáil armtha
cds	no	fascists
om	no	tras-gúna
ddp	yes	blabbermouth
pr	no	buachaill cíos
svp	no	abulia
dmc	yes	slíghbhín
or	no	meticulousness
re	no	maoin ghoidte
an	no	rotter
qas	no	melange
an	no	óinseach
cds	no	outlawed
pr	no	lampyris noctiluca
cds	no	conlán
an	no	chump
qas	no	seadánacha
an	no	piglet
cds	no	réimeas faisisteacha
asm	no	testicular
om	no	homoerotic
cds	no	rumormonger
an	no	corrmhíoltóg
asm	no	aves
cds	no	moralism
cds	no	hibrideach daonna
cds	no	drongadóir
re	no	ghoid
ddp	yes	betise
svp	no	gourmand
re	no	scamp
dmc	yes	gangster
an	no	poc gabhair
asm	no	pónairí fava
qas	no	péintéireacht teach
an	no	bedbugs
ddp	yes	ainmhithe
qas	no	trádálaí
re	no	sceimhlitheoireachta
an	no	crocodylian
an	no	brúidiúlacht
ps	yes	boor
asm	no	Éin
re	no	traducer
cds	no	lowlife
cds	no	pompousness
pa	yes	cordwainer
ddp	yes	codswallop
an	no	hyaena
qas	no	lumber barún
re	no	a chur chun báis
re	no	robbed
cds	no	nymphomania
qas	no	ceannaire gnó
cds	no	marú
dmc	yes	libertinism
ps	yes	leathcheann
svp	no	lascivious
pa	yes	ollúnacht
cds	no	íolacht
qas	no	parasitize
ps	yes	metics
cds	no	talebearer
ps	yes	ostrogoth
dmc	yes	vagrancy
an	no	lowlife
ddp	yes	motherfucker
qas	no	tradesman
svp	no	ne'er-a dhéanamh-maith
om	no	pederast
an	no	asal
cds	no	boss coireachta
ddf	yes	cnádaí
asf	no	vagina
cds	no	saphead
cds	no	gaoler
cds	no	bordello
an	no	cayman
svp	no	bigoted
ddp	yes	ann
re	no	robálacha armtha
cds	no	leath-pionta
cds	no	nouveau riche-
cds	no	ostentatiousness
svp	no	lewd
om	no	bugaireacht
an	no	gnat
qas	no	kennel
om	no	homaighnéasacht
om	no	dorsoventral
cds	no	jerking amach
qas	no	long tréigthe
ps	yes	pikey
ddp	yes	cúlmhaireacht
an	no	doggy
cds	no	vainglory
cds	no	codswallop
re	no	robúlaí
svp	no	feargach
qas	no	autoinfection
re	no	dúnmharú chéad chéim
an	no	pip-squeak
cds	no	boner
cds	no	sass
cds	no	religiosity
qas	no	crios meáchan
or	no	pit
qas	no	úinéir an ghnó
ddp	yes	mac a bitch
cds	no	bunúsaíocht
om	no	dame
an	no	vulgarity
qas	no	amaitéarach
cds	no	zealotry
re	no	clúmhilleadh agus leabhal
re	no	sicileach mafia
an	no	relentlessness
is	yes	cheapskate
dmc	yes	meirleach
an	no	villainess
ps	yes	leath-caste
an	no	ibeach
re	no	slad
an	no	worm
or	no	dírithe níos mó ar sativus
qas	no	casteism
qas	no	hovel
dmc	yes	deception
cds	no	banditry
cds	no	robúlaí
cds	no	scóir
re	no	robúlaí armtha
re	no	mafia na hiodáile
ps	yes	cretin
an	no	ragtag
cds	no	homunculi
an	no	bison bíosún
re	no	foréigean
pa	yes	abhcóidí
cds	no	casino gambling
pr	no	francach séarachais
an	no	frown
an	no	owls
ddp	yes	infauna
is	yes	bochtaineacht
cds	no	pomposity
ddp	yes	imbecile
an	no	teaghlaigh cimicidae
asm	no	betise
an	no	hyaenidae
om	no	finocchio
ddp	yes	creitíneacht
qas	no	snooper
ps	yes	bán
an	no	sé-gabhar
ddp	yes	lummox
pa	yes	fostaí
or	no	fagot
rci	yes	barbarians
cds	no	intriguer
ddp	yes	ninny
ddf	yes	cripple
ps	yes	mógal
cds	no	greenhorn
is	yes	droch-devil
asm	no	nitwit
an	no	metazoans
ddp	yes	easnamh meabhrach
svp	no	fearg
ddp	yes	folderol
om	no	tras-drisiúir
dmc	yes	mobster
cds	no	groveler
pa	yes	wooer
qas	no	shack
pa	yes	sheepherders
cds	no	a dhéanamh-aon rud
cds	no	scoundrel
asm	no	óinseach
an	no	slowpoke
an	no	cnádaí
re	no	chéad chéim dúnmharú
an	no	dteagmháil bog
pa	yes	pleader speisialta
qas	no	ghnó ó
asm	no	pea
pa	yes	fishmonger
is	yes	bocht
cds	no	ceartúcháin oifigeach
svp	no	tightwad
dmc	yes	outcast sóisialta
cds	no	bluestocking
pa	yes	ollamh oirirc
an	no	buaf na heorpa
re	no	sceimhlitheoirí
ddp	yes	moronity
cds	no	timeserver
qas	no	rialta
cds	no	propagandist
cds	no	intermediator
asf	no	retard
qas	no	lár-rang
cds	no	caitiff
an	no	hyena
rci	yes	barbarous
asf	no	bonehead
qas	no	bourgeoise
an	no	doodly-squat
ddp	yes	titim guy
cds	no	titim guy
re	no	delinquent óg
re	no	mí-úsáid airgeadais
re	no	céasadh
qas	no	teste
ddp	yes	changelings
cds	no	séarachais amh
cds	no	bumbler
qas	no	caste
an	no	cláirseach comhlacht
qas	no	blooper
asf	no	numskull
cds	no	trasformismo
ps	yes	negroid
ddf	yes	midget
re	no	thieving
cds	no	mafia sicile
dmc	yes	trickster
om	no	cliathánach
asm	no	ithyphallic
an	no	crocodilian
qas	no	fieldhand
asf	no	betise
pa	yes	ollamh urghnách
an	no	raunch
cds	no	máistir striapach
cds	no	wiseacre
pr	no	hetaira
an	no	yap
dmc	yes	bréagach
pr	no	paramour
an	no	eurypterids
re	no	rapes
qas	no	blunder
an	no	micrea-orgánach
qas	no	divulgement
an	no	little owl
an	no	coquette
cds	no	mac a bitch
an	no	helix pomatia
ddp	yes	dickhead
cds	no	melange
cds	no	demagog
svp	no	neamhshuim
dmc	yes	malodor
asm	no	fara
svp	no	goof-uaire
cds	no	nymphomaniac
cds	no	egotistical
cds	no	cliste
pa	yes	abhcóide dlí
cds	no	dteagmháil bog
re	no	stealer
qas	no	róidlianna
om	no	dorsolateral
pa	yes	aire-counselor
ps	yes	daoine romani
om	no	homosexualism
ps	yes	negro
om	no	crossdressing
svp	no	aboulia
cds	no	delinquent óg
svp	no	sluggard
ddp	yes	óinseach
om	no	daoine aeracha
asm	no	testicle
ddf	yes	leath-pionta
is	yes	vow na bochtaineachta
dmc	yes	cuibheas
svp	no	mhealladh fisiciúil
dmc	yes	dissimulation
an	no	vipera berus
or	no	duine dúr
an	no	coward
cds	no	náibhí
om	no	buttocks
re	no	goid petty
pr	no	striapach sráide
an	no	bíosún eorpach
qas	no	hata dona
cds	no	muss
re	no	mugging
an	no	chun crocodylia
asm	no	doofus
pa	yes	lucht acadúil
asm	no	faba bean
an	no	dreancaidí
qas	no	barbarians
ddp	yes	rumormonger
ps	yes	mestizaje
dmc	yes	turncoat
ps	yes	interspecific hibrideach
cds	no	strikebreakers
re	no	mí-úsáid ghnéasach
ddp	yes	barbarism
dmc	yes	fumbler
ddp	yes	epifauna
dmc	yes	boor
qas	no	divulgence
ps	yes	vagrant
pa	yes	academician
cds	no	oifigeach póilíní
qas	no	duine coitianta
cds	no	ar ais labhairt
qas	no	ceannaire spioradálta
ps	yes	dubh
pr	no	bos taurus
cds	no	bróicéir
svp	no	neamhghníomh
an	no	otus asio
cds	no	bruscar
pr	no	doxy
cds	no	clóiséad uisce
ddp	yes	simpleton
svp	no	formad
cds	no	ard-handedness
an	no	sicíní
ps	yes	boche
cds	no	roguery
an	no	slob
pr	no	hussy
cds	no	gigolo
cds	no	slacker
cds	no	newborns
om	no	twink
dmc	yes	barbarian
cds	no	restrooms
re	no	gníomh sceimhlitheoireachta
qas	no	coitianta
cds	no	wangler
asf	no	leibide
qas	no	ailtireacht bharócach
re	no	mí-úsáid cumhachta
an	no	diddlysquat
cds	no	pedagog
cds	no	phraiticiúil joker
an	no	seilidí
cds	no	póraitheoirí plandaí
asm	no	donn
cds	no	antic
cds	no	muggins
an	no	buafa
qas	no	citeal na n-iasc
asm	no	réimse bean
an	no	seilide inite
ps	yes	chump
an	no	gabhar ar bainne
svp	no	dilly-dallier
an	no	brent
pa	yes	ollamh cúnta
cds	no	iasachtaí airgid
an	no	eascann fíor
svp	no	slacker
pr	no	buachaillí cíosa
ddp	yes	blockhead
an	no	prostitute fireann
cds	no	folderol
om	no	sodomite
asm	no	bollocks
dmc	yes	evilness
cds	no	fanaticism
re	no	raping
ddp	yes	blabber
cds	no	procuress
cds	no	bunúsachas reiligiúnach
an	no	crogall
cds	no	ceol grunge
asm	no	éirí
an	no	patsy
an	no	damh fiáin
pr	no	bhean pléisiúir
an	no	feithidí
cds	no	meirleach
pa	yes	aturnae defense
ddp	yes	talebearer
cds	no	protagonism
om	no	transvestites
cds	no	simpleton
ddp	yes	riffraff
an	no	crocodylia
dmc	yes	tramp
asm	no	amadán
asm	no	gullibility
asf	no	dunderhead
svp	no	spiritlessness
pr	no	guff
ps	yes	nigga
asm	no	cretin
cds	no	motherfucker
cds	no	throng
an	no	madadh
cds	no	go leor
svp	no	faineance
an	no	ghéineas capra
asm	no	imbecile
an	no	dunce
re	no	outlawed
cds	no	dweeb
cds	no	taoiseach
an	no	chruimheanna
cds	no	changelings
pr	no	eallach intíre
cds	no	ar-buille
cds	no	pedagogue
svp	no	gabhálacht
dmc	yes	sac brónach
om	no	nates
svp	no	barainn
qas	no	freeloader
dmc	yes	slíbhín
re	no	gléas chéasadh
an	no	cootie
an	no	dearg druma
pa	yes	ard-reachtaire cuntas
asm	no	coileach
ps	yes	metic
ddp	yes	moron
ddf	yes	mhíchumas gluaiseachta
re	no	extort
an	no	bíosún
pa	yes	ollúna
ps	yes	retard
an	no	pipistrelle
re	no	goid mhór
an	no	froganna
an	no	sin-agus-sin
cds	no	turnkey
or	no	muttonhead
an	no	phthiraptera
an	no	cláirseach coitianta
pr	no	dam
qas	no	businessperson
re	no	plagiarization
svp	no	ennui
cds	no	iasachtóirí airgid
cds	no	clique
cds	no	scrawler
pr	no	bean scaoilte
ps	yes	vandal
qas	no	lámh réimse
cds	no	oifigeach correctional
cds	no	pudden-cheann
cds	no	bootlicker
an	no	mosquito
cds	no	blackguard
an	no	jackal
ddp	yes	botcher
asm	no	magairlí
qas	no	peasant
ps	yes	mestizo
cds	no	amateurishness
pr	no	comare
or	no	vine cúcamar
qas	no	amateurishness
cds	no	hibrideach nádúrtha
re	no	píoráideacht
cds	no	slackers
om	no	grá collaí de bhuachaillí
qas	no	bothán
re	no	villain tragóideach
an	no	moo-bó
om	no	transvestitism
cds	no	traein bagáiste
asf	no	fuckhead
cds	no	grunge ceol
cds	no	leanbh grá
ddf	yes	gránna
re	no	coir
asm	no	pónaire leathan
or	no	pillock
cds	no	dandy
cds	no	omerta
svp	no	pingin pinching-
asm	no	tomfool
om	no	tras-dresser
dmc	yes	malefactor
cds	no	fundamentalists
cds	no	stickler
ps	yes	rásaí eile
ps	yes	romanis
om	no	plantar
an	no	siorc mór bán
pa	yes	barbarian
re	no	mí-úsáid
cds	no	cretin
asf	no	muttonhead
cds	no	phratry
cds	no	neamhdhleathach
cds	no	thieves
asf	no	amadán
cds	no	sniveller
cds	no	botch
re	no	eallach thief
asm	no	titim guy
an	no	nathair
cds	no	gossipmonger
ddp	yes	unwiseness
qas	no	magnates
pr	no	adulteress
re	no	villainess
re	no	mafiosi
cds	no	interfertility
cds	no	fawner
qas	no	duine gnó
cds	no	coirpigh
ps	yes	mná dubh
cds	no	dirt
cds	no	bhearail
ps	yes	patsy
cds	no	ghaolmhara
svp	no	seacht bpeacaí deadly
pr	no	harlotry
cds	no	homunculus
dmc	yes	brionnú
an	no	muc intíre
ddp	yes	amentia
an	no	siorcanna bán mór
cds	no	thieving
om	no	tras dresser
qas	no	dúsachtach
pr	no	beithígh
cds	no	usurer
re	no	dúnmharuithe
an	no	volaille
cds	no	sneak thief
an	no	madra teaghlaigh
cds	no	post a lámh
pr	no	leamhan
pr	no	bunkum
an	no	moileasc
re	no	éigniú
cds	no	naíonán
om	no	gentlewoman
svp	no	superbia
dmc	yes	falsity
ps	yes	mongol
svp	no	enviousness
cds	no	foxiness
an	no	floozie
cds	no	hellion
cds	no	sac brónach
asf	no	cretin
an	no	péist
qas	no	teach péintéir
om	no	tooshie
cds	no	buffoonery
pa	yes	aire
asm	no	nincompoop
dmc	yes	gadabout
re	no	calunnia
ddp	yes	gossipmonger
an	no	zooerastia
cds	no	leithreas poiblí
svp	no	slothfulness
pa	yes	aturnae
ps	yes	titim guy
om	no	basal
dmc	yes	rógaire
an	no	nathair san fhéar
pa	yes	acadúil
cds	no	puzzler
asf	no	gruaige crotch
ps	yes	judaic
cds	no	tonna
an	no	brant
cds	no	conventicle
pa	yes	bán-collar oibrithe
ps	yes	nitwit
an	no	gyps fulvus
ddp	yes	duine dúr
pr	no	moo-bó
asm	no	pis ghairdín
cds	no	an bunúsaíocht
an	no	sceartán
qas	no	mingle-mangle
asf	no	gruaige poiblí
om	no	ventral
qas	no	testes
re	no	cion gnéasach
cds	no	omnium-gatherum
cds	no	prank
cds	no	pander
ddp	yes	zooerastia
cds	no	mafia
an	no	dumbass
cds	no	teach striapachais
qas	no	chomhpháirtí sa choireacht
pr	no	bean na sráide
cds	no	thievery
cds	no	dreadful pingin
svp	no	ionsaitheach
cds	no	oifigigh póilíní
dmc	yes	hypocrisy
or	no	fata
cds	no	saor in aisce cloiche
cds	no	mhór right-winger
cds	no	blabbermouth
an	no	sráide cailín
an	no	viciousness
cds	no	bangharda
cds	no	peon
is	yes	daoine bochta
asm	no	patsy
ps	yes	faisisteach
cds	no	religiousism
an	no	cláirseach
an	no	grossness
re	no	felon ciontaithe
cds	no	groveller
pr	no	courtiers
ps	yes	blackamoor
ddp	yes	quackery
an	no	sloven
qas	no	ideologist
or	no	préata
pr	no	bean slovenly
svp	no	skinflint
dmc	yes	cealgaireacht
svp	no	apathy
an	no	anura
svp	no	shirker
cds	no	sluggard
dmc	yes	git
qas	no	is gnách
cds	no	bigoted
cds	no	banditti
re	no	defrauder
asm	no	rolla ar an féar
ddp	yes	ainbhios
cds	no	cleas
qas	no	meascán
re	no	rapists
cds	no	máisiúnachas
asm	no	leathan-bean plandaí
pr	no	courtier
dmc	yes	pseudo
ddp	yes	cretin
asm	no	appendages
an	no	slowcoach
cds	no	hibrideach intergeneric
pr	no	prostitute
an	no	caorach baile
ddp	yes	barbarians
svp	no	seacht bpeacaí marfacha
asm	no	nooky
asf	no	faighne
or	no	práta
qas	no	omnium-gatherum
cds	no	fanatic
svp	no	tábhacht
cds	no	oideachasóir
asm	no	síofra
cds	no	usury
cds	no	meddler
cds	no	bearailte
cds	no	grunge
an	no	brant gé
ddp	yes	a thoghfaidh
ps	yes	duine black
re	no	goid
cds	no	idolatry
an	no	bison bonasus
re	no	kidnap
dmc	yes	botcher
cds	no	peons
an	no	animalculum
cds	no	cliste aleck
cds	no	pimps
cds	no	falsity
qas	no	magnate loingseoireachta
cds	no	prig
cds	no	díograiseoir
dmc	yes	pilferer
cds	no	brigand
cds	no	archpriest
or	no	blockhead
svp	no	collaíocht
cds	no	teach bawdy
cds	no	snob
cds	no	nursling
ddp	yes	ragtag
cds	no	teaghlach coireachta
pa	yes	dlíodóirí
re	no	banditti
cds	no	fhadhb
or	no	cabáiste saothraithe
dmc	yes	clown
pa	yes	cúntóir ollamh
asf	no	patsy
ddp	yes	microcephalus
cds	no	ultraconservative
or	no	meticulosity
cds	no	thief
cds	no	leanbh neamhdhlisteanach
asm	no	ninny
ddf	yes	dona
om	no	transvestism
cds	no	comhcheilg de silence
asf	no	dumbass
ddp	yes	gossiper
ddp	yes	knucklehead
dmc	yes	sin-agus-sin
an	no	ghéineas anguilla
qas	no	córas ualú tumadóireacht
pa	yes	suitor
cds	no	íoladhradh
an	no	coinín
cds	no	snooper
an	no	limacidae
cds	no	goid petty
pa	yes	aoirí
asm	no	flouter
asm	no	plandaí pise
cds	no	linn hustling
qas	no	obair tí
cds	no	mountebank
cds	no	craven
ddf	yes	aonsúileach
cds	no	quidnunc
cds	no	iompar coiriúil
pa	yes	comhairleoir-ar-dlí
dmc	yes	drongadóir
cds	no	newsmonger
an	no	ionsaí siorc
asf	no	titim guy
qas	no	speisialtóireachta
or	no	homophile
pr	no	courtesans
an	no	fulvus
re	no	pianadh
re	no	molestation gnéis
cds	no	brigands
pa	yes	academicism
is	yes	villainess
pr	no	prostitutes
cds	no	complainer
ps	yes	amadán
cds	no	mussiness
is	yes	míshásta
cds	no	mob
cds	no	teagascóir
re	no	mafioso
ddp	yes	meabhrach dúshlán
asm	no	ag fuck
asm	no	leathcheann
an	no	buabhall
cds	no	bradach
cds	no	wanker
cds	no	reactionary
ddp	yes	ragtag agus bobtail
an	no	bíosún meiriceánach
cds	no	mafia hiodáile
cds	no	schoolmarm
pr	no	ba
dmc	yes	mhoráltacht
om	no	feistis tras
is	yes	bochtaineacht uirbeach
dmc	yes	go morálta féimheach
cds	no	patsy
qas	no	bumbler
ps	yes	pórú plandaí
re	no	robálacha
cds	no	yokel
an	no	farraige scairp
svp	no	pridefulness
an	no	moth baint leo
re	no	calumny
cds	no	addict
or	no	iasc lag
svp	no	layabout
cds	no	loanshark
is	yes	bochtaithe
cds	no	eallach thief
an	no	megascops
cds	no	bunúsachas
an	no	rentboy
an	no	vamper
asm	no	leathan-bean
an	no	teaghlaigh anguillidae
pr	no	eallach
re	no	éigniú fhorneartach
cds	no	lav
qas	no	fear coiteann
ddp	yes	glaoigh
ddp	yes	muttonhead
om	no	distal
qas	no	acolyte
cds	no	dickhead
an	no	strix varia
qas	no	troubler
om	no	treá anal
qas	no	kennels
cds	no	dlí-bhriseadh
cds	no	siorcanna iasachta
or	no	bonehead
qas	no	nead lárach ar
om	no	homaighnéasach
an	no	vipera
dmc	yes	grifter
cds	no	faisisteachas
asf	no	wench
om	no	fear aerach
ps	yes	reiligiún giúdach
qas	no	fib
cds	no	idiolatry
asm	no	jeerer
re	no	captor
cds	no	sloven
dmc	yes	compás morálta
qas	no	parasite
pa	yes	academicians
asm	no	ballock
om	no	duine faoi mhíchumas
is	yes	scrooge
re	no	marú
ddp	yes	cretinism
ps	yes	judeo
an	no	duine neamhinniúil
dmc	yes	moráltacht
ddp	yes	dúsachtach
an	no	miocróbach
asf	no	óinseach
ps	yes	darkey
re	no	slaying
qas	no	riffraff
cds	no	áis leithris
ps	yes	mestizos
ddp	yes	hooey
is	yes	niggard
pr	no	an iorua francach
asf	no	simpleton
re	no	thief
cds	no	stealer
cds	no	brusaireacht
ps	yes	nigra
an	no	cearc
pr	no	hetaera
om	no	ghluaiseacht homophile
an	no	viper coitianta
an	no	chun crocodilia
qas	no	paróistí
ddp	yes	newsmonger
ddp	yes	stupidity
cds	no	droch-devil
cds	no	gníomh coiriúil
qas	no	mischief-déantóir
cds	no	hibrid
re	no	rógaire
an	no	animal
cds	no	tricker
asf	no	dunce
dmc	yes	gangsters
pa	yes	doirseoir
pa	yes	aoire
ddp	yes	tomfool
svp	no	lazybones
ddp	yes	faoi mhíchumas intleachtúil
cds	no	séarachais
svp	no	lecherousness
cds	no	eallach raiding
ddp	yes	nitwit
an	no	lampyris noctiluca
an	no	freebooter
cds	no	cliques
cds	no	faisisteach
ps	yes	zulus
cds	no	git
ddp	yes	síofra
an	no	eascanna
asm	no	screwing
an	no	lice comhlacht
an	no	culex pipiens
cds	no	interspecific hibrideach
asm	no	uirí
asm	no	pis
cds	no	cosa nostra
ps	yes	dimwit
an	no	swallower balún
re	no	plagiarisation
cds	no	cop
an	no	prickteaser
is	yes	outcast
ps	yes	hibrideach
cds	no	riches nouveaux
an	no	frogspawn
re	no	droch-úsáid
cds	no	cheekiness
cds	no	kinfolk
dmc	yes	idler
pa	yes	sheepherder
om	no	gnéas anal
re	no	dara céim dúnmharú
svp	no	dúil gnéasach
qas	no	meánaicme
pr	no	rentboy
or	no	dolt
an	no	maw
an	no	leamhain
cds	no	persecutor
an	no	éan minerva
cds	no	egotism
cds	no	brigandage
re	no	míghníomh
cds	no	grumbler
ps	yes	moron
an	no	buaf coitianta
cds	no	gobs
om	no	pederastic
ddp	yes	muggins
cds	no	maifia
an	no	stór
an	no	owl
om	no	queer
pa	yes	stiúrthóir sochraide
or	no	pratai
cds	no	splashiness
or	no	dunce
dmc	yes	leath-pionta
cds	no	odds agus a chríochnaíonn
an	no	leibide
ps	yes	drifter
re	no	dlí-bhriseadh
an	no	leamhan
cds	no	topsy-turvyness
dmc	yes	treasonist
cds	no	marbh-deireadh sráide
cds	no	defrauder
asm	no	maroon
om	no	bantiarna
qas	no	gallimaufry
cds	no	idolaters
cds	no	snoop
an	no	mosquitoe
cds	no	shirker
is	yes	miser
cds	no	iasachta airgid
cds	no	narcism
an	no	bug leaba
cds	no	ceann ataithe
pa	yes	adhlacóir
qas	no	amateurs
asm	no	suas
cds	no	ballup
om	no	proximal
ddf	yes	dall
cds	no	pandemonium
an	no	duine slovenly
re	no	delinquent
om	no	tras chóiriú
cds	no	rookie
pr	no	moll gangster ar
om	no	ipsilateral
an	no	stubborn
re	no	mafia hiodáile
ddp	yes	viciousness
re	no	maifia
qas	no	sochaí bourgeois
an	no	bos taurus
qas	no	rhetorics
cds	no	síofra
cds	no	comhfhreagraí
asf	no	chump
ps	yes	lout
dmc	yes	phoney
pa	yes	a thoghfaidh
cds	no	madra phór measctha
ps	yes	crossbred
cds	no	óinseach
svp	no	futility
asm	no	úirí
pa	yes	dlíodóir
dmc	yes	phony
qas	no	scrounger
cds	no	onlooker
an	no	moue
pa	yes	leann
dmc	yes	duine dona
cds	no	relic
asf	no	lunkhead
re	no	plagiarizing
asm	no	avafauna
cds	no	schoolma'am
dmc	yes	coirpeach
ps	yes	glaoigh
qas	no	sac brónach
cds	no	grúpa gaol
or	no	cúcamar
cds	no	moneygrubber
an	no	ialtóg fheascrach
an	no	leeches
ddp	yes	amaideach
cds	no	fios gnó go léir
qas	no	reitric clasaiceach
cds	no	a dhiúltú
cds	no	fachtóir
om	no	mban
pr	no	socialites
pr	no	slut
is	yes	bochtáin
an	no	epifauna
cds	no	moaner
asm	no	piseanna réimse
cds	no	leibide
ddp	yes	barbaric
cds	no	swaggerer
cds	no	áis teagaisc
dmc	yes	mope
asm	no	muggins
an	no	liamhán bán
ps	yes	inkiness
om	no	péidearastach
re	no	foghlaí mara
ddp	yes	doofus
cds	no	presumptuousness
an	no	doggie
cds	no	aicme
cds	no	eallach rustling
asf	no	imbecile
dmc	yes	fetor
an	no	duine uneducated
qas	no	spól blooper
an	no	bó
cds	no	spól blooper
ddp	yes	duine neamhliteartha
dmc	yes	outlawed
an	no	fuckhead
an	no	hirudinea
cds	no	leanaí
pr	no	meirdreach
qas	no	welter
asf	no	saphead
pr	no	strumpet
an	no	blockhead
qas	no	odds agus a chríochnaíonn
cds	no	praiseach-suas
ddp	yes	calaois sláinte
qas	no	bungler
cds	no	nympho
qas	no	madra fola
om	no	buns
cds	no	carraig grunge
asm	no	róidlianna
an	no	grus
qas	no	falsity
an	no	gabhar
an	no	salientian
an	no	numskull
asm	no	salach ghairmiúil
qas	no	comhlíonadh
pa	yes	gníomhaire ticéad
re	no	cion gnéis
dmc	yes	buffoonery
an	no	carcharodon
dmc	yes	liúdramán
re	no	thief petty
cds	no	maolchoille saor in aisce
dmc	yes	malodour
cds	no	cacography
cds	no	paparazzo
cds	no	líne-shooter
pa	yes	bellhop
cds	no	relic naofa
dmc	yes	drochbhéasach
an	no	duillín ar an teanga
cds	no	tras-síolrú
svp	no	lewdness
ps	yes	barbarous
an	no	cimex lectularius
re	no	malversation
an	no	namby-pamby
svp	no	haughtiness
qas	no	cró madra
re	no	eallach rustling
ps	yes	krauthead
ps	yes	romani
an	no	bíosún na heorpa
ddp	yes	saphead
an	no	floozy
cds	no	cowardliness
re	no	maligner
an	no	griffon vulture
asm	no	twirp
cds	no	a thoghfaidh
cds	no	leithris phoiblí
qas	no	magniloquence
ps	yes	bacach
svp	no	cíocrach
dmc	yes	wastrel
is	yes	droch-
an	no	miocróib
re	no	clúmhilleadh
cds	no	whorehouse
asm	no	piseanna
qas	no	lár-ioncam
ps	yes	imbecile
re	no	fíochmhaireacht
cds	no	múinteoir
dmc	yes	duine trua
dmc	yes	villainess
or	no	sativus
cds	no	goid
cds	no	treibhe
cds	no	dramhphost
pa	yes	coláiste ollamh
pr	no	spóirt bhean
an	no	caimans
pa	yes	tréadaí
cds	no	mhustar
re	no	blackmailing
cds	no	theorist comhcheilg
cds	no	siorc iasacht
cds	no	crossbreed
dmc	yes	vagrant
asm	no	cockerel
an	no	comhlacht-sciobadh
ddp	yes	analphabet
asm	no	foreskin
qas	no	cadger
re	no	gangsters
qas	no	iarann dramh
cds	no	slyness
cds	no	gearrtha suas
pr	no	sráide cailín
an	no	batrachian
ddp	yes	nonsense
an	no	meiriceánach bíosún
re	no	mí-úsáid oifige
cds	no	dolt
re	no	pirates
cds	no	barbarians
cds	no	dogmatism
asm	no	phallus
qas	no	sciolist
an	no	midge
cds	no	fumbler
qas	no	a thoghfaidh
cds	no	blunderer
cds	no	fundamentalist
dmc	yes	a thoghfaidh
cds	no	dul idir
asm	no	post a lámh
an	no	carcharodon carcharias
dmc	yes	olc
re	no	cion coiriúil
cds	no	backtalk
an	no	búrcáil
cds	no	mystifier
ddp	yes	míchumas intleachta
cds	no	raftaí
svp	no	míthaitneamhach
svp	no	éad
cds	no	junto
cds	no	nua-naíonna
cds	no	banna
an	no	gé
dmc	yes	immorality
cds	no	superficiality
cds	no	slíghbhín
an	no	ovis aries
or	no	dúr
dmc	yes	duine gan dídean
ddp	yes	boor
svp	no	saint chorparáideach
cds	no	fhios-é-gach
an	no	vulture
cds	no	ingroup
or	no	preáta
pr	no	striapachas fireann
is	yes	tightwad
rci	yes	barbaric
dmc	yes	imposter
an	no	diddly-cac
svp	no	hauteur
qas	no	marú
pr	no	seirbhísí gnéis
dmc	yes	aon-chuntas
re	no	eallach raiding
asm	no	wank
is	yes	tatterdemalion
om	no	shirtlifter
an	no	striapach
cds	no	liathróidí-suas
re	no	ndrangheta
dmc	yes	homunculi
cds	no	strikebreaker
re	no	malefactor
ddp	yes	epifaunal
re	no	post hatchet
ddp	yes	nonsensicality
dmc	yes	barbaric
om	no	éagsúla
ps	yes	negroids
an	no	caiman
an	no	hiéana
svp	no	scrooge
asm	no	dimwit
pa	yes	ollamh
qas	no	farrago
cds	no	coirpeach
cds	no	meirleachas
an	no	sucking cláirseach
an	no	mollusks
ps	yes	fear dubh
re	no	kidnaps
cds	no	gangsterism
cds	no	úrscéalta dime
cds	no	sharking iasacht
qas	no	boner
pa	yes	dlíodóirí trialach
qas	no	magnate
dmc	yes	deceiver
or	no	stupe
an	no	brent gé
dmc	yes	stench
qas	no	bourgeois
asm	no	fuck
cds	no	dramhaíl sholadach chathrach
cds	no	iasc lag
cds	no	nouveau riche
cds	no	bawdyhouse
cds	no	teoiric comhcheilg
pr	no	courtesan
re	no	slanderer
re	no	villain
cds	no	comhfhreagraithe
cds	no	stupe
cds	no	mischief
cds	no	aonaid seapáinis tomhais
cds	no	dream
an	no	hoax idirlíon
cds	no	idirdhealú reiligiúnach
cds	no	conspiracism
qas	no	mob
cds	no	weisenheimer
an	no	suborder blattodea
pa	yes	níosánach
re	no	torturing
pa	yes	academe
svp	no	craos
svp	no	arrogance
svp	no	leadránach
pr	no	bawd
om	no	homosexuals
an	no	villainous
ddp	yes	fána
cds	no	chiseller
ddf	yes	dhíchumasú
ps	yes	kraut
cds	no	sin-agus-sin
re	no	mhór goid
re	no	coiriúil
dmc	yes	deceit
cds	no	schoolmistress
an	no	ferociousness
dmc	yes	chawbacon
pa	yes	cuntasóir
dmc	yes	ne'er-a dhéanamh-maith
an	no	géanna
cds	no	henchman
om	no	neamh-westernized coincheapa na collaíochta fear
pr	no	fraochún
om	no	sodomized
pa	yes	barbarians
ps	yes	barbarian
cds	no	dealaithe
cds	no	fibber
qas	no	ideologue
re	no	scoundrel
cds	no	nua-naíoch
cds	no	desperado
cds	no	racketeer
an	no	culicidae
om	no	ma'am
an	no	mollusk
cds	no	villain
svp	no	niggardness
re	no	capturer
re	no	rapist
svp	no	díomhaointeas
re	no	clúmhillteach
is	yes	scoundrel
dmc	yes	bigot
svp	no	dea-do-naught
an	no	jilt
an	no	mhara
ps	yes	daoine súlúis
or	no	daoine aeracha
qas	no	barbarous
an	no	bloodsucker
asf	no	faighin
ddp	yes	numskull
an	no	viper
cds	no	villainess
or	no	shithead
om	no	crossdresser
cds	no	poltroon
or	no	brassica rapa
om	no	poof
qas	no	monger
ps	yes	fear black
an	no	hemipteron
asm	no	dteagmháil bog
re	no	plagiarized
is	yes	villainous
re	no	coirpigh
cds	no	rógaire
ddf	yes	nanus
pr	no	rattus norvegicus
cds	no	restroom poiblí
ddp	yes	twaddler
om	no	sodomy
or	no	spud
cds	no	jalopy
asf	no	moron
ddp	yes	dunderhead
qas	no	péintéir teach
qas	no	rhetorical
cds	no	boaster
cds	no	amour propre
cds	no	stailc-bhriseadh
or	no	simpleton
ddp	yes	duine neamhinniúil
cds	no	biteicneolaíocht plandaí
ps	yes	bedu
cds	no	boo boo-
cds	no	carrion
asm	no	chump
svp	no	avariciousness
an	no	soith
cds	no	lazybones
pr	no	socialite
pr	no	whoredom
om	no	ventrolateral
qas	no	ragtag
cds	no	venal
cds	no	séaracht tís
an	no	cockroaches
pr	no	leamhain
ps	yes	bedouin
qas	no	industrialist
cds	no	wuss
ddp	yes	hokum
or	no	nance
qas	no	magairlí
svp	no	miser
cds	no	meata
or	no	poove
cds	no	oifigeach ceartúcháin
cds	no	barbarian
ddp	yes	bumbler
svp	no	sloth
cds	no	gcion coiriúil
an	no	anguilla
qas	no	salach-suas
cds	no	an unwashed mór
ps	yes	darkie
qas	no	paróiste
an	no	owl beag
asf	no	blockhead
or	no	fuckhead
re	no	dúnmharú chéasadh
re	no	defamer
an	no	jackals
asm	no	jerk-uaire
re	no	robáil
dmc	yes	drifter
ps	yes	na háise
cds	no	villain tragóideach
re	no	bradaíl
re	no	drongadóir
cds	no	ascart
ddp	yes	iasc lag
cds	no	clan
ps	yes	hispanic
svp	no	gourmandizer
svp	no	concupiscence
cds	no	daoine treibhe
pa	yes	advocator
cds	no	páirtí
cds	no	zealots
an	no	miser
an	no	billy gabhar
is	yes	villain tragóideach
re	no	ionsaí gnéasach
cds	no	éadóchasach coiriúil
an	no	ulchabhán scread
re	no	robbers
qas	no	commoners
cds	no	autolatry
pa	yes	barbarous
dmc	yes	sneak thief
qas	no	acolytes
cds	no	gníomhaíochtaí coiriúla
re	no	chreachadh
pr	no	bean choimeád
qas	no	dauber
re	no	éigniú reachtúil
an	no	balún swallower
om	no	dhul i bhfód anal
re	no	killer
cds	no	éagóiritheoir
asm	no	cloch
cds	no	barbarous
an	no	lunkhead
cds	no	neamhord
an	no	blackguard
cds	no	ciorcal istigh
or	no	fellaini
or	no	finéal
dmc	yes	villain tragóideach
cds	no	duillín ar an teanga
cds	no	duffer
asm	no	maxilliped
cds	no	vanity
svp	no	disgust
an	no	plunderer
or	no	homaighnéasach
re	no	mugger
re	no	sceimhlitheoireacht
pr	no	moth
svp	no	a dhéanamh-aon rud
cds	no	idirghabhálaí
cds	no	scads
cds	no	cion
an	no	ainmhithe
ddp	yes	rumourmonger
ddp	yes	príosúnaigh
cds	no	idolatrous
cds	no	dandies
cds	no	narcissist
cds	no	mishmash
cds	no	garda príosún
asm	no	retard
ddp	yes	leigheas quack
qas	no	bloodhound
cds	no	cultúr gang
dmc	yes	slackers
cds	no	villainous
cds	no	leithris
asf	no	muggins
an	no	mosquitoes
om	no	tras-chóiriú
or	no	prátaí
re	no	mí-úsáid gnéis
an	no	bheochan a bheith
cds	no	nerd
dmc	yes	trifler
an	no	hirudinean
asf	no	technicality
an	no	diddly
ps	yes	teaghlach giúdach
dmc	yes	fibber
cds	no	pedantic
dmc	yes	dissembler
om	no	namby-pamby
re	no	ghníomh sceimhlitheoireachta
ddp	yes	prater
an	no	animalcule
or	no	cabáiste
ddp	yes	fonormálta
ddp	yes	moilliú intinne
an	no	streetwalker
cds	no	stáisiún chompord
qas	no	cloch
asm	no	testes
an	no	bugs leaba
re	no	murderess
cds	no	blooper
svp	no	stinginess
an	no	cadhan
cds	no	slews
ps	yes	cros-síolrach
re	no	chiseller
asf	no	síofra
qas	no	gnó mór
an	no	diddlyshit
asf	no	pit
re	no	dúnbhásaithe
cds	no	bróicéir pósadh
qas	no	a dhiúltú
svp	no	rage
asm	no	avifauna
an	no	sean domhanda bíosún
om	no	caudally
dmc	yes	rakehell
cds	no	dronganna sráide
cds	no	coward
qas	no	conformism
ddp	yes	foolish
dmc	yes	fuaidireacht
cds	no	scuttlebutt
qas	no	peasants
qas	no	bharócach
pr	no	crawling colbha
is	yes	skinflint
is	yes	beggar
an	no	liamhán
re	no	coireachta gnéis
qas	no	comhlíonadh rialála
ps	yes	leath-cine
re	no	droch-chóireáil
cds	no	riffraff
cds	no	hypersexual
an	no	buachaill cíos
an	no	cimicidae
an	no	pipistrellus
om	no	deireadh hind
om	no	lánúnas anal
ps	yes	jew
rci	yes	a thoghfaidh
ps	yes	na giúdaigh
cds	no	narcissism
re	no	éigniú dáta
pr	no	soith
an	no	míol
cds	no	bóthar wagon
dmc	yes	villainous
qas	no	tycoon
cds	no	sonny
cds	no	oodles
an	no	ciaróg
qas	no	rhetorician
dmc	yes	hobo
asm	no	bod
asm	no	phallic
re	no	plagiarise
pa	yes	an tollamh
asf	no	pussy
an	no	tic
cds	no	deacracht
cds	no	gangsters
ddp	yes	ferociousness
ddp	yes	poppycock
svp	no	idler
cds	no	windbag
ddp	yes	nonsensical
cds	no	hypersexuality
re	no	furiousness
dmc	yes	barbarians
re	no	coireanna
pa	yes	halla leann
ddp	yes	chump
an	no	chaser bean
svp	no	dallier
cds	no	bigot
ps	yes	jewry
re	no	vilifier
cds	no	oifigeach
or	no	cuke
an	no	muiscít
ddp	yes	nanocephaly
dmc	yes	liar
asm	no	siombail phallic
pa	yes	fishwife
or	no	cál
pr	no	stór
an	no	aureus
qas	no	reitric
an	no	cláirseach gcorp an duine
an	no	scorpionfish
cds	no	casino
dmc	yes	vagabond
cds	no	malefactor
or	no	oráiste dóite
dmc	yes	deceptive
asm	no	moron
cds	no	pedantry
asf	no	dimwit
an	no	banbh
ps	yes	darky
om	no	pederasty
an	no	hyenas
re	no	raptio
cds	no	oddments
dmc	yes	brigand
an	no	shoat
asm	no	fucking
ps	yes	vagabond
cds	no	schemer
an	no	ghéineas pipistrellus
svp	no	leadrán
pr	no	cúirteoir
an	no	gabhair
is	yes	dealbh
om	no	seó tarraing
cds	no	chomhréire
cds	no	drúthlann
an	no	git
an	no	pudge
qas	no	coimeádaí an mhargaidh
ddf	yes	daoine faoi mhíchumas
qas	no	magairle
an	no	sicín
ddp	yes	charlatan
is	yes	bochtaineachta
an	no	blattaria
dmc	yes	madra salach
cds	no	pedant
an	no	mairteola
an	no	suborder blattaria
om	no	nance
dmc	yes	apostate
cds	no	scientism
an	no	canis familiaris
ddp	yes	microcephalic
cds	no	buirgléir
om	no	chúl deireadh
an	no	asail
cds	no	parvenu
qas	no	bruscar
ps	yes	a thoghfaidh
qas	no	dealaithe
pa	yes	pleader
ddp	yes	twirp
cds	no	diabhal
or	no	potatoe
ps	yes	gorm
qas	no	botcher
cds	no	urchoisc
cds	no	maolchoille saor in aisce agus a nglactar
cds	no	cleasaí
ps	yes	giúdachas
cds	no	tá a fhios-é-gach
re	no	gcion gnéas felony
ddp	yes	bastaird
an	no	miúil
cds	no	chaos
ddp	yes	macrofauna
is	yes	duine bocht
cds	no	prankster
cds	no	pandar
qas	no	long thréigthe
svp	no	cíocras
cds	no	crooner
cds	no	wisenheimer
cds	no	ghoid
cds	no	pulcadh
om	no	réigiún gluteal
an	no	cakehole
cds	no	superbia
cds	no	naíonáin
an	no	chaser sciorta
ddp	yes	tóin
qas	no	rhetor
dmc	yes	lazybones
re	no	kidnapper
cds	no	perspicaciousness
dmc	yes	dara rater
an	no	seilide
cds	no	demagogue
an	no	feithid
cds	no	dramhaíl sholadach
cds	no	sicileach mafia
re	no	kidnaper
an	no	hemipteran
ddp	yes	creature
re	no	coireanna gnéis
an	no	mosquito coitianta
svp	no	apathetic
an	no	inexorableness
dmc	yes	scammer
dmc	yes	foetor
asm	no	stupidity
an	no	an mhuc
cds	no	botcher
dmc	yes	bungler
pr	no	concubine
cds	no	idol bréagach
qas	no	barúntachtaí
cds	no	dara rater
cds	no	ragtag
an	no	saphead
dmc	yes	trua
qas	no	gnó meiriceánach
asm	no	crua-on
cds	no	mischief coiriúil
cds	no	buachaill errand
an	no	siphonaptera
an	no	bufo bufo
pa	yes	búistéir muiceoil
cds	no	cros-síolrach
cds	no	gallimaufry
asm	no	nookie
or	no	knucklehead
an	no	cadhman
pr	no	fraochún crack
dmc	yes	bumbler
cds	no	úrscéal dime
svp	no	indolence
an	no	míolta
pr	no	choimhdeacht fireann
ddp	yes	lout
ps	yes	bedouins
re	no	traducement
dmc	yes	loiterer
qas	no	tsochaí bourgeois comhaimseartha
ps	yes	an giúdachas
svp	no	gorger
svp	no	tightfistedness
asm	no	magairle
re	no	stickup
cds	no	blackleg
ddp	yes	fhios ag aon rud
ddp	yes	máthair fucker
pa	yes	cléireach
ddp	yes	neamhliteartha
dmc	yes	duffer
svp	no	eros
ps	yes	nigger
re	no	mhíúsáid
an	no	bugging
or	no	pudden-cheann
svp	no	bród
cds	no	runt
cds	no	bookworm
cds	no	braggart
svp	no	lust
ddf	yes	fisiciúil dúshlán
dmc	yes	rotter
svp	no	bigot
or	no	noggin
cds	no	telltale
cds	no	ainmhithe tréada
