cds	no	kusar
cds	no	blowhard
cds	no	moneylending
cds	no	keqbërës
an	no	grabitës
om	no	homo
dmc	yes	hipokrizi
an	no	knucklehead
re	no	përdhunues
ps	yes	kërcu
an	no	tutkun
re	no	terroristët
cds	no	gënjej
cds	no	hack letrare
cds	no	varfër djalli
cds	no	bandës rrugë
dmc	yes	hipokrit
an	no	naze
an	no	ndjekës skaj
cds	no	bastard
om	no	fëmija molester
dmc	yes	të rreme
asm	no	kërcu
ddp	yes	idiot
cds	no	zhbiroj
cds	no	komitërisë
is	yes	shejtan tragjik
cds	no	hoi polloi
an	no	shejtan tragjik
qas	no	fundërrine
ddp	yes	barbarët
cds	no	rrenacak
qas	no	fumbler
asm	no	eff
qas	no	katranosje
pa	yes	barbarëve
ps	yes	gjysmë-kastë
an	no	zooerasty
asm	no	bang
cds	no	zgjuar dynjasë
ps	yes	boche
asf	no	knucklehead
asf	no	kërcu
asm	no	have it off
om	no	naze
dmc	yes	endacak
pr	no	rrugë vajzë
asm	no	have intercourse
an	no	ndjekës grua
dmc	yes	qese llum
cds	no	moaner
cds	no	kotësi
svp	no	tërbim
asm	no	pjesë e bishtit
an	no	frikacak
ddp	yes	gjepura
cds	no	wangler
om	no	paederast
qas	no	në rrezik
ddp	yes	dede
cds	no	schoolma'am
an	no	diddlysquat
re	no	përdhunues serial
cds	no	hov-off
cds	no	spurdhjak
cds	no	dini-it-all
asm	no	have it away
cds	no	idiot
cds	no	fundërrinë
an	no	budalla
cds	no	ndjekës
ddp	yes	doofus
or	no	trutharë
ddp	yes	kokëtrashë
re	no	maskara
an	no	gjarpër në bar
re	no	libeler
cds	no	llucë
ddp	yes	gdhë
dmc	yes	i mjerë
is	yes	faqezi
asf	no	folderol
an	no	bien djalë
cds	no	mëkatar
asm	no	nooky
an	no	diddly-mut
an	no	fuckhead
asm	no	be intimate
qas	no	piktor i dobët
svp	no	bishtnues
ddp	yes	barbare
ps	yes	prekje të butë
pr	no	strumpet
dmc	yes	delikuent të mitur
asm	no	kar
asf	no	patsy
cds	no	folderol
dmc	yes	grabitës
cds	no	fanatizmit
an	no	prekje të butë
cds	no	falsifikues
ddp	yes	teveqel
cds	no	nympho
dmc	yes	përtac
ddp	yes	marrëzi
svp	no	dashnor-dallier
cds	no	skrap
cds	no	hoaxer
cds	no	rumourmonger
cds	no	leshko
cds	no	mussiness
dmc	yes	lingerer
qas	no	barbarëve
svp	no	superbia
re	no	përdhunimin
dmc	yes	malodour
cds	no	polici
re	no	delikuent të mitur
dmc	yes	dillydallier
cds	no	mburrje
ddp	yes	personi i paaftë
cds	no	oficer
ddp	yes	ga
cds	no	bragger
cds	no	turme
dmc	yes	defrauder
dmc	yes	cheater
ddp	yes	brutalitet
pr	no	prostituta
cds	no	llum
cds	no	bandës
asm	no	idiot
cds	no	peshk të varfër
asf	no	muttonhead
an	no	brutalitet
dmc	yes	erë e qelbur
qas	no	konformist
ps	yes	krauthead
or	no	rroço
cds	no	grumbull
cds	no	shikues
pr	no	sportive lady
dmc	yes	thes i trishtuar
re	no	maligner
an	no	kurvë
asm	no	twirp
an	no	trutharë
ddp	yes	prekje të butë
ddp	yes	sharlatan
svp	no	pa dobi
asf	no	grua e re
cds	no	fundërri
cds	no	budalla
cds	no	defrauder
or	no	lëvizja homophile
cds	no	mas
re	no	shtrembërues
ps	yes	i shëmtuar
ddp	yes	grabitës
cds	no	demagog
cds	no	ekstreme right-krah
dmc	yes	tradhtar
cds	no	rrëmujë
re	no	faqezi
or	no	pidhi
ps	yes	vorbë
dmc	yes	villainess
svp	no	kurnac
ddp	yes	asshole
cds	no	mafioz
or	no	pidh
asm	no	have a go at it
an	no	fundërrinave dhe bisht
an	no	llucë
ddp	yes	moron
ps	yes	budalla
asf	no	kokëtrashë
pr	no	prostitutë mashkull
pa	yes	harbut
ps	yes	mongoloid
pr	no	zonja e kënaqësi
dmc	yes	dembel
svp	no	kotësinë
cds	no	shkrimtar
dmc	yes	njeri i shushatur
svp	no	mburrje
dmc	yes	rube
ddp	yes	changelings
ddp	yes	pakuptimta
cds	no	njerëz
or	no	muttonhead
qas	no	ngatërrestar
cds	no	frikacak
cds	no	nëna fucker
ddp	yes	horr
ps	yes	idiot
pr	no	muhabet kot
an	no	papërkulim
pa	yes	barbarët
cds	no	rojkë
re	no	defamer
dmc	yes	bumbler
cds	no	i poshtër
an	no	ngordhalaq
cds	no	line-shooter
an	no	mashtrim të pista
qas	no	gënjej
pr	no	kurvë
cds	no	peshkaqen kredi
cds	no	loansharking
dmc	yes	malok
asm	no	hov-off
pr	no	hogwash
svp	no	kotësi
cds	no	blunderer
asf	no	teveqel
cds	no	lartë-bujari
an	no	fundërri
cds	no	amateurishness
pr	no	comare
qas	no	barbare
cds	no	njeri i shushatur
qas	no	amateurishness
cds	no	nerdy
cds	no	mystifier
an	no	djem qira
cds	no	i mjerë
ps	yes	pikey
cds	no	chiseller
pr	no	zvarritje frenuar
cds	no	kamatën
cds	no	grifter
asf	no	fuckhead
cds	no	sharlatan
or	no	gomar
ddp	yes	blunderer
ddp	yes	mjek ga
qas	no	gënjeshtra
or	no	pillock
ddp	yes	informator
cds	no	problemit
cds	no	thashethemës
dmc	yes	barbarëve
asm	no	torollak
an	no	përcjellje mashkull
an	no	turpshëm
an	no	qen të pista
an	no	teveqel
om	no	twink
ddp	yes	gomar
asm	no	prekje të butë
re	no	terrorizmi
cds	no	lëpirës
asm	no	make love
cds	no	mburresh
cds	no	hall
ddp	yes	llafazan
qas	no	ngathtësi
dmc	yes	fundërrinë
ddp	yes	kërcu
re	no	mafia siciliane
ddp	yes	bien djalë
cds	no	mafiozët
svp	no	egërsi
ddp	yes	peshk të varfër
dmc	yes	vjen
an	no	injorant
an	no	wuss
ddp	yes	kompresë
ddp	yes	torollak
cds	no	scrawler
cds	no	konformist
cds	no	spektator
dmc	yes	kimi
cds	no	llafazan
om	no	çmendje
ddp	yes	fundërrine
svp	no	trishtim
re	no	villainess
dmc	yes	i padobishëm
ddp	yes	mjekësi ga
cds	no	fashizmi
cds	no	fawner
cds	no	një të shpejtë
ddp	yes	changeling
cds	no	djalë i mençur
an	no	personi çrregullt
svp	no	pjatancë druri
dmc	yes	gjë e zakonshme
qas	no	punë e dobët
ps	yes	patsy
ddp	yes	nonsensicality
cds	no	ankuesi
cds	no	kompresë
an	no	prostitutë mashkull
an	no	brinar
cds	no	ngalakaq
cds	no	malok
cds	no	njeri i shkathët
dmc	yes	mashtruesi
ddp	yes	gdhe
cds	no	dogmatizëm
ps	yes	doofus
cds	no	i ashtuquajtur
is	yes	maskara
cds	no	fanatizem
qas	no	vjedh
pr	no	fornicatress
cds	no	maskarai
or	no	idiot
dmc	yes	shejtan tragjik
ps	yes	gjysmë-race
cds	no	hypersexual
an	no	qese llum
an	no	llum
ddp	yes	kërpaç
cds	no	refuzoj
cds	no	rishtar
asm	no	know
cds	no	agjent rrugore
ddp	yes	pillock
an	no	dhunë
re	no	përdhunuar
cds	no	cowardliness
an	no	rrugë vajzë
svp	no	ravenousness
asm	no	fuck
qas	no	blunderer
cds	no	frikë
asm	no	trutharë
cds	no	shkencëtar i madh
ps	yes	harbut
asf	no	doofus
cds	no	foxiness
ps	yes	mestizo
is	yes	maskarai
cds	no	horr
pr	no	lavire
cds	no	fashiste
dmc	yes	dorëshpuar
ddp	yes	kaqol
is	yes	koprrac
ddp	yes	guak
cds	no	punë dore
ddp	yes	e di asgjë
cds	no	weisenheimer
dmc	yes	mashtruese
cds	no	mbeturinave shtëpiake
asf	no	njeri i trashë
qas	no	fundërrinave dhe bisht
ddp	yes	njeri i trashë
ddp	yes	vrimë e bythës
pa	yes	barbare
svp	no	dembel
svp	no	që rri pa punë
cds	no	apple polisher
asf	no	idiot
cds	no	harbut
cds	no	kulturës bandës
asm	no	mashtrueshmëri
qas	no	çmendur
cds	no	wank
ps	yes	kraut
asm	no	love
an	no	i mjerë
cds	no	dreq
cds	no	penal
dmc	yes	hipokrizia
an	no	ferociousness
re	no	përdhunuesit
dmc	yes	turpshëm
cds	no	gdhë
re	no	terrorizëm
ddp	yes	zooerasty
pr	no	skorje
cds	no	dastardliness
cds	no	bordelli
asm	no	make out
ddp	yes	tutkun
cds	no	slackers
asf	no	pidhuci
cds	no	kreditimit të parave
ps	yes	barbarëve
cds	no	anëtar i bandës
cds	no	mafia
pr	no	shërbimeve seksuale
dmc	yes	chiseller
an	no	dumbass
an	no	hoaxes
cds	no	mori
dmc	yes	vjedhës vjedhës
asm	no	tutkun
or	no	peshk të varfër
cds	no	pompozitet
svp	no	conceitedness
om	no	personi hendikepuar
cds	no	vjedhës vjedhës
ddp	yes	zooerastia
svp	no	niggardness
cds	no	pimp
asm	no	vidhosje
cds	no	gënjeshtra
ddp	yes	trap
an	no	personi i paaftë
re	no	shantazhuar
dmc	yes	gjysmë-pintë
ddp	yes	arsehole
qas	no	parazit
cds	no	mësuese
cds	no	që rri pa punë
cds	no	gëzim prej dreqit
cds	no	qerrata
cds	no	shakaxhi
re	no	mafia
an	no	grossness
cds	no	gërnjar
ps	yes	mongoloids
dmc	yes	falsifikues
cds	no	luftë bandës
asm	no	shtup
cds	no	barbare
cds	no	trap
cds	no	gomar
cds	no	delikuent të mitur
dmc	yes	kusar
cds	no	hustling
ps	yes	vonoj
svp	no	minginess
cds	no	tregtari wheeler
an	no	veza-shpëtim
cds	no	torollak
an	no	patsy
om	no	poof
pr	no	gjepura
ddp	yes	thashethemexhi
an	no	maskara
dmc	yes	git
cds	no	kriminel
cds	no	kërcu
cds	no	skandal
svp	no	dillydallier
an	no	shaka e internetit
re	no	mafiozët
asm	no	jacking off
ddf	yes	nanus
svp	no	budalla-off
om	no	homoseksual
cds	no	vulgu-rouser
an	no	koketë
qas	no	falsitetin
qas	no	kërkim i ngathët
asf	no	pidh
svp	no	cheapskate
ddf	yes	gjysmë-pintë
cds	no	shkatërrime penale
qas	no	hat e keqe
cds	no	brac
cds	no	ngordhalaq
asf	no	moron
cds	no	faqezi
om	no	jes
cds	no	mbeturinave të ngurta
ddp	yes	i padobishëm
re	no	përqesh
cds	no	i pamoralshëm
rci	yes	barbarët
cds	no	dhunës bandës
cds	no	amour propre
ddp	yes	thashethemaxhi
cds	no	maskara
qas	no	zgjedh
dmc	yes	keqdashje
an	no	shaka
dmc	yes	dallkauk
asm	no	jerking off
dmc	yes	lavire
or	no	pudden-kreu
dmc	yes	spurdhjak
or	no	queer
an	no	gdhe
asm	no	roll in the hay
or	no	poof
cds	no	prokurimeve
cds	no	grup
cds	no	fashizëm
dmc	yes	dissimulator
asf	no	prekje të butë
asm	no	qij
cds	no	lexues i apasionuar
cds	no	nymphomaniac
cds	no	wonk
dmc	yes	bandit
ddp	yes	dumbass
cds	no	wuss
ps	yes	bien djalë
or	no	dumbass
an	no	gdhë
asm	no	get laid
or	no	poove
cds	no	sharking kredisë
dmc	yes	hobos
cds	no	tutor prostitutash
svp	no	amour propre
cds	no	bishtnues
re	no	kriminel
svp	no	marezi
ddp	yes	koprrac
qas	no	përtac
qas	no	refuzoj
ps	yes	barbare
cds	no	snob
cds	no	egoizmin
ps	yes	darkie
ddp	yes	dhunë
ddp	yes	pudden-kreu
or	no	fuckhead
cds	no	shejtan tragjik
cds	no	i padobishëm
ps	yes	nigra
ps	yes	changeling
pr	no	lavire crack
cds	no	reaksionar
qas	no	frekuentues i rregullt
asm	no	rrokulliset në shtrat
an	no	vulgaritet
cds	no	ultraconservative
cds	no	naze
cds	no	problem
ddp	yes	rojkë
is	yes	djalë rrugësh
asf	no	gdhë
asf	no	trutharë
dmc	yes	zot mashtrues
cds	no	arrogancës
cds	no	satyriasis
cds	no	droguar
cds	no	know-it-all
ddp	yes	fumbler
cds	no	loanshark
svp	no	gourmandizer
qas	no	tradhti
cds	no	dhelparak
cds	no	regjimit fashist
cds	no	hundë të madhe-parker
asf	no	dumbass
asm	no	do it
or	no	homo
ddp	yes	vonoj
ddp	yes	knucklehead
cds	no	scammer
an	no	vajzë e hedhur
re	no	grabitës
svp	no	epshor
an	no	idiot
cds	no	nimfomani
cds	no	peshkaqenë të kredisë
re	no	shejtan tragjik
or	no	homoseksualëve
ps	yes	euroaziat
cds	no	fundërrine
cds	no	reaksionare
svp	no	koprrac
asm	no	flouter
asm	no	bed
cds	no	personi çrregullt
qas	no	barbarët
dmc	yes	shthurur
re	no	mafioz
cds	no	oficer policie
or	no	gdhe
cds	no	pudden-kreu
cds	no	rumormonger
dmc	yes	fanatizmit
cds	no	grabitës
an	no	ngalakaq
cds	no	kodoshllëk
pr	no	prostitutë
ddp	yes	trutharë
asm	no	lie with
cds	no	fashistët
dmc	yes	që rri pa punë
ddp	yes	betise
ddp	yes	bumbler
cds	no	egoist
dmc	yes	rrenacak
an	no	i ashtuquajtur
cds	no	fshatar
cds	no	jacking off
an	no	spekulator
cds	no	qese llum
asm	no	kaqol
rci	yes	harbut
cds	no	skartimi
dmc	yes	kriminel
cds	no	mashtrim
ps	yes	trutharë
cds	no	bellyacher
dmc	yes	mashtrues
pr	no	zinaje
cds	no	katundar
om	no	homoseksualëve
asf	no	vaginë
cds	no	mafian italiane
cds	no	shakatar
ddp	yes	codswallop
cds	no	dweeb
rci	yes	barbarëve
ddp	yes	rumourmonger
an	no	koprrac
an	no	improvizim
cds	no	jashtëligjshme
asm	no	marrëzi
asm	no	wanker
pr	no	gruaja mbajtur
ps	yes	zezak
cds	no	fanatik
cds	no	pishinë hustling
dmc	yes	slackers
dmc	yes	libertinism
or	no	homophile
an	no	braktis
cds	no	mësoj përmendsh
dmc	yes	barbare
cds	no	wanker
ddp	yes	ngalakaq
an	no	raunch
dmc	yes	trifler
svp	no	lartë-bujari
re	no	aktin e terrorizmit
dmc	yes	barbarët
cds	no	dinakëri
cds	no	njeri që ndërhyn
dmc	yes	dissembler
qas	no	llum
ddp	yes	injorant
an	no	torollak
qas	no	grabitës
cds	no	patsy
ddp	yes	prater
cds	no	fodullizmin
dmc	yes	loiterer
om	no	pederast
asf	no	gdhe
cds	no	tricker
dmc	yes	erë e keqe
asm	no	budalla
asf	no	vagina
pa	yes	uncouthness
ddp	yes	nëna fucker
ddp	yes	thes i trishtuar
cds	no	peshkaqen kredisë
svp	no	plogështi
re	no	përdhunim
asm	no	get it on
cds	no	jerking off
re	no	debaucher
asm	no	credulousness
cds	no	mashtrues
svp	no	no-llogari
cds	no	praktike joker
an	no	diddlyshit
dmc	yes	qen të pista
an	no	rentboy
an	no	vamper
asf	no	torollak
cds	no	ostentatiousness
dmc	yes	prevaricator
cds	no	përulës
or	no	pidhuci
cds	no	wisenheimer
cds	no	hallkë
dmc	yes	chiseler
dmc	yes	rakehell
cds	no	zgjedh
is	yes	lypës
ps	yes	gdhe
ddp	yes	muttonhead
asf	no	changelings
pr	no	zuskë
dmc	yes	person i keq
dmc	yes	fanatik
dmc	yes	fshatar
an	no	diddly-mbledhje
ps	yes	ruiner
dmc	yes	renegat
re	no	përdhunim me forcë
ps	yes	changelings
cds	no	villainess
ddp	yes	shakaxhi
dmc	yes	grifter
dmc	yes	i ashtuquajtur
pr	no	djem qira
cds	no	codswallop
dmc	yes	ligësi
asm	no	jeerer
an	no	person i keq
dmc	yes	keqe
an	no	trap
pr	no	gruaja lirshme
cds	no	ithtar
ddp	yes	fundërrinave dhe bisht
cds	no	përtac
qas	no	tagalong
cds	no	zhbirues
cds	no	pompoziteti
ddp	yes	personi paarsimuar
svp	no	përtac
asm	no	wank
cds	no	whiner
cds	no	mafia siciliane
ddp	yes	i paaftë
qas	no	harbut
dmc	yes	budalla-off
cds	no	blabbermouth
cds	no	turpshëm
asm	no	patsy
an	no	relentlessness
is	yes	cheapskate
ps	yes	guak
is	yes	villainess
an	no	villainess
cds	no	banditti
qas	no	diletant
cds	no	gangsterizëm
cds	no	gënjeshtër
dmc	yes	mirë-për-asgjë
ddp	yes	ferociousness
asf	no	tutkun
dmc	yes	faqezi
ps	yes	mestizos
dmc	yes	brac
an	no	diddley
cds	no	hypersexuality
cds	no	chiseler
asm	no	have sex
cds	no	palarë madh
asm	no	ndershmerine
an	no	folderol
dmc	yes	varfër djalli
cds	no	thashethemexhi
cds	no	cut-up
svp	no	kurnac i lig
dmc	yes	kërpaç
dmc	yes	tramps
pr	no	john
svp	no	dallier
an	no	hoax
cds	no	mizëri
cds	no	shkatërrime-marrje
ps	yes	metis
re	no	vilifier
cds	no	dhelpëri
qas	no	skartimi
asm	no	shkërdhej
pr	no	gruaja çrregullt
cds	no	gjysmë-pintë
svp	no	slackers
cds	no	huadhënës
cds	no	shkrimtar i pajtuar
dmc	yes	trap
ddp	yes	harbut
an	no	kokëtrashë
an	no	prostitutë
asm	no	betise
asf	no	piçkë
cds	no	dembel
ddp	yes	twaddler
asf	no	budalla
is	yes	kurnac i lig
an	no	njeri i trashë
svp	no	intolerance
cds	no	gjë e zakonshme
cds	no	falsitetin
cds	no	formalist
cds	no	cheekiness
om	no	lëvizja homophile
asm	no	punë dore
asm	no	sleep with
re	no	maskarai
ddp	yes	fundërri
cds	no	burracak
qas	no	qylaxhi
rci	yes	barbare
re	no	përdhunim data
cds	no	arrogancë
is	yes	kurnac
cds	no	bandave të rinjve
qas	no	fundërri
dmc	yes	dashnor-dallier
dmc	yes	bishtnues
cds	no	njeri i qepur
cds	no	git
svp	no	mburresh
cds	no	barbarët
ddf	yes	xhuxh
dmc	yes	pseudo
or	no	homoseksual
cds	no	fanatizëm
ddp	yes	folderol
cds	no	thashethemaxhi
cds	no	sahanlëpirës
dmc	yes	blunderer
ps	yes	nigga
ddp	yes	patsy
ddp	yes	barbarëve
cds	no	mbeturina
cds	no	dickhead
cds	no	bandit
qas	no	pseudodijetar
svp	no	i padobishëm
cds	no	shkatërrime
cds	no	fundërrinave dhe bisht
cds	no	mbeturinave komunale
an	no	git
asf	no	changeling
or	no	piçkë
an	no	i paaftë
asm	no	bonk
cds	no	fashist
or	no	njeri i trashë
cds	no	fajdexhi
cds	no	pillock
an	no	prickteaser
dmc	yes	maskara
re	no	akt terrorist
ddp	yes	injorancë
cds	no	timeserver
is	yes	turpshëm
cds	no	thes i trishtuar
an	no	doodly-mbledhje
cds	no	fumbler
cds	no	sniveller
cds	no	prekje të butë
an	no	fundërrinë
cds	no	barbarëve
re	no	terrorizmit
svp	no	mirë-për-asgjë
cds	no	qen të pista
ddp	yes	i shëmtuar
re	no	mashtrues
ddp	yes	twirp
cds	no	rube
asm	no	copë gomar
or	no	budalla
asf	no	trap
an	no	nanus
pr	no	rentboy
cds	no	mbeturinave të ngurta komunale
ps	yes	barbarët
cds	no	moneylenders
asf	no	bien djalë
an	no	muttonhead
re	no	mafian italiane
ddp	yes	budalla
qas	no	gënjeshtër
an	no	faqezi
dmc	yes	foetor
an	no	përtac
ps	yes	moron
cds	no	mendjemadhësi
dmc	yes	mashtrim
asf	no	pidhi
or	no	gdhë
an	no	i padobishëm
asm	no	hump
ddp	yes	mashtrim
re	no	data-përdhunim
an	no	xhuxh
qas	no	kërpaç
dmc	yes	maskarai
dmc	yes	pseud
cds	no	pandar
cds	no	djallëzuar
asf	no	codswallop
cds	no	kreu rrit
svp	no	hamës i madh
dmc	yes	femohues
pr	no	femër e përdalë
svp	no	mendjemadhësi
or	no	kokëtrashë
om	no	queer
cds	no	bumbler
qas	no	përfitues
pr	no	lavire plas
asf	no	betise
cds	no	splashiness
an	no	personi paarsimuar
cds	no	superbia
pr	no	hellcat
dmc	yes	zemërlig
cds	no	mashtruesi
asf	no	vaginale
asm	no	jazz
pr	no	gruaja e rrugës
asm	no	trap
or	no	pederast
dmc	yes	treasonist
or	no	jes
ddp	yes	llum
an	no	femër e përdalë
om	no	rroço
dmc	yes	trishtim
dmc	yes	dallier
an	no	diddly
cds	no	dëbuar
svp	no	niggardliness
cds	no	teveqel
qas	no	qullos
cds	no	fashizmit
ddp	yes	bastard
ddp	yes	dickhead
dmc	yes	no-llogari
an	no	inexorableness
an	no	kërcu
cds	no	njeri që shet dije
dmc	yes	scammer
an	no	betise
dmc	yes	malodor
om	no	poove
svp	no	arrogancë
cds	no	polic
ddp	yes	blabbermouth
or	no	teveqel
pr	no	përcjellje mashkull
cds	no	tutkun
is	yes	varfër djalli
dmc	yes	njeri i shthurur
cds	no	bien djalë
or	no	çmendje
re	no	traducer
cds	no	conceitedness
dmc	yes	gdhë
or	no	kompresë
asf	no	vonoj
cds	no	korruptim
an	no	codswallop
asm	no	bien djalë
ps	yes	mestizaje
an	no	mashtrues
ddf	yes	spurdhjak
or	no	ngalakaq
cds	no	mburracak
svp	no	llupës
dmc	yes	i shthurur
ddp	yes	qesharake
an	no	pisanjos
re	no	turpshëm
pr	no	grua mbajtur
dmc	yes	katundar
qas	no	thes i trishtuar
cds	no	turmë
asm	no	nookie
or	no	knucklehead
dmc	yes	harbut
asm	no	screw
svp	no	fanatizmit
cds	no	telash
qas	no	bumbler
re	no	shantazh
an	no	maskarai
ps	yes	çrrënjosës
ddp	yes	absurd
cds	no	pafytyrësi
cds	no	demagogjike
pr	no	bisedë pa kuptim
svp	no	gorger
svp	no	tightfistedness
an	no	trashaman
cds	no	pedant
dmc	yes	gënjeshtar
cds	no	mburravec
cds	no	enigmë
svp	no	fanatik
pr	no	mësuese
cds	no	kodosh
cds	no	njeri i bezdisshëm
cds	no	vaunter
svp	no	agresiv
an	no	e di asgjë
re	no	raper
cds	no	fanatizmin
an	no	njeri i prapambetur
dmc	yes	i rremë
is	yes	i leckosur
an	no	fundërrine
asm	no	i ndyrë
asm	no	doofus
ddp	yes	fuckhead
cds	no	pisanjos
svp	no	kotë
an	no	zooerastia
ps	yes	jigaboo
om	no	homophile
qas	no	i padobishëm
ddp	yes	rumormonger
pr	no	prostitucion
cds	no	kërpaç
cds	no	tradhti
qas	no	krijues telashe
cds	no	masa popullore
dmc	yes	fumbler
