ps	yes	idiota
an	no	abutre cinzento
an	no	canis aureus
an	no	anuros
ps	yes	paifoco
or	no	brassica oleracea var. viridis
qas	no	normal
cds	no	prostíbulo
ps	yes	non prometedor
pa	yes	admirador
ddp	yes	cretino
dmc	yes	paiolo
cds	no	multitude
ddp	yes	animal
cds	no	casa de putas
asm	no	parvo
cds	no	vilán
dmc	yes	fraude
pr	no	bos taurus
an	no	equus asinus
ddf	yes	deforme
pr	no	prostituta
dmc	yes	atroz
dmc	yes	disfórico
an	no	mulo
an	no	angüiliformes
svp	no	devorador
asf	no	mula
qas	no	mentira
re	no	botín
cds	no	asasino
ddf	yes	cego
om	no	asno
ddp	yes	prisioneiro
pr	no	puta
cds	no	lixo
om	no	sodomía
svp	no	folgazán
re	no	saqueo
or	no	gay
ddp	yes	analfabetismo
svp	no	de moito xenio
svp	no	luxuria
an	no	brutal
cds	no	fundamentalista
re	no	violento
cds	no	venal
an	no	microorganismos
cds	no	criminal
asm	no	carallo
dmc	yes	pirata
cds	no	charlatán
an	no	vacún
re	no	non autorizado
svp	no	miserento
an	no	sus
cds	no	vaidade
pa	yes	peixeira
asm	no	bronceado
an	no	brutalidade
an	no	selaquimorfo
pr	no	palaciano
cds	no	astucia
cds	no	subtracción
an	no	bestialismo
svp	no	larpán
re	no	terrorismo
qas	no	parasito
cds	no	ladrón de camiños
svp	no	envexa
or	no	batata
ps	yes	vandalos
re	no	mafia
an	no	coello
dmc	yes	vilán
cds	no	pecador
cds	no	grunge
rci	yes	badoco
cds	no	cativo
re	no	rateiro
an	no	burro
re	no	secuestrador
cds	no	comerciante
cds	no	covardía
an	no	insecto
cds	no	groseiro
is	yes	exiguo
an	no	mollusca
ddp	yes	badoco
pa	yes	universidade
ps	yes	raza
an	no	cascudo
ddf	yes	antiestético
ddf	yes	malo
ddp	yes	ridículo
cds	no	prea
ps	yes	zulú
svp	no	indiferencia
cds	no	bandido
qas	no	bárbaros
cds	no	exixente
ps	yes	pailaroco
an	no	fuciño
asm	no	vicia faba
ddp	yes	retraso mental
an	no	batracio
asf	no	burrán
an	no	tiburóns
ps	yes	vándalos
dmc	yes	lerchán
svp	no	arrogante
an	no	carcharodon
svp	no	inchado
cds	no	delincuente
om	no	homosexualidade
cds	no	vago
svp	no	vaidade
ddf	yes	anano
re	no	criminal
cds	no	folgazán
ddp	yes	animalia
re	no	gángster
re	no	malos tratos
cds	no	badoco
om	no	anómalo
re	no	detención ilegal
cds	no	paduán
asm	no	prepucio
cds	no	masonaría
an	no	ra
an	no	ganso
ddf	yes	malfeito
svp	no	irritado
dmc	yes	pillabán
svp	no	altivez
is	yes	precario
re	no	violador
dmc	yes	desprezable
qas	no	frenético
an	no	grifo cinzento
asm	no	pirola
an	no	boi
ps	yes	ridículo
ddp	yes	metazoo
cds	no	servicio
cds	no	fanático
asm	no	falo
dmc	yes	angustiado
cds	no	tratante
cds	no	ilegal
cds	no	hibridación
asm	no	collón
dmc	yes	embuste
cds	no	mestre
svp	no	imperioso
dmc	yes	falsificado
re	no	estafador
pa	yes	pedante
pr	no	trilla
an	no	athene noctua
an	no	animal doméstico
re	no	quebrantamento
an	no	cara
ddf	yes	incapacidade
is	yes	escaso
ddp	yes	animal doméstico
dmc	yes	impostor
pa	yes	teórico
an	no	pulga
is	yes	relegado
an	no	bison bonasus
an	no	vermes
an	no	strigiformes
dmc	yes	estafador
ddp	yes	ollo do cu
cds	no	tribo
pr	no	vaca
om	no	antinatural
an	no	burro fariñeiro galego
om	no	anormal
qas	no	collón
ps	yes	vándalo
cds	no	altivez
cds	no	crime
cds	no	pedagogo
cds	no	inodoro
cds	no	cagón
ps	yes	cigano
an	no	canciño
svp	no	doente
re	no	ladrón
re	no	asasino
re	no	delincuente
qas	no	parroquia eclesiástica
ddp	yes	criatura
or	no	cucumis sativus
ddp	yes	animais
cds	no	bebé
or	no	pataqueiro
cds	no	lacaceiro
cds	no	arrogancia
svp	no	nugallán
an	no	miserento
re	no	piratería
asm	no	trastes
qas	no	conformista
svp	no	vago
an	no	porco
svp	no	larpeiro
or	no	fiúncho
pa	yes	paduán
an	no	rostro
cds	no	idiota
ps	yes	pailán
dmc	yes	trafulqueiro
dmc	yes	mal
re	no	difamación
cds	no	torpe
dmc	yes	pestilente
an	no	inmoral
re	no	torturador
ps	yes	búlgaros
ddp	yes	bárbaro
ps	yes	mestizo
an	no	carcharodon carcharias
dmc	yes	paduán
an	no	anguílidos
dmc	yes	paria
cds	no	perspicaz
re	no	malicioso
dmc	yes	amoral
an	no	obstinado
dmc	yes	lacaceiro
asf	no	tecnicismo
svp	no	lampantín
cds	no	imbécil
dmc	yes	criminal
cds	no	esixente
an	no	suini
pa	yes	partidario
asm	no	apéndice
asf	no	burro
qas	no	can de presa
cds	no	defensa
ddp	yes	analfabeto
ps	yes	vagabundo
an	no	metazoos
or	no	queer
an	no	besta
ps	yes	bárbaros
cds	no	latrina
pa	yes	vendedor de peixe
cds	no	estúpido
is	yes	desvergoñado
ddf	yes	desprezábel
ps	yes	xudaico
an	no	hienas
cds	no	auga de sumidoiro
or	no	pataca
or	no	cucurbita
qas	no	retórica
pa	yes	contador
or	no	brassica rapa var. rapa
an	no	sapo
svp	no	gorxón
ddp	yes	metazoa
ddp	yes	paifoco
ddp	yes	paiolo
dmc	yes	delito
om	no	homosexual
ddp	yes	charlatán
qas	no	medieval
svp	no	rabioso
svp	no	futilidade
pr	no	rattus
cds	no	lacazán
dmc	yes	inmoral
cds	no	rateiro
an	no	avelaíña
pa	yes	xesuíta
ddp	yes	zoofilia
pr	no	prostitución
cds	no	rabañada
or	no	cabaza
or	no	cacho
or	no	cogombro
asf	no	paxara
cds	no	demagogo
ps	yes	imbécil
re	no	asasinato
an	no	atouzar
qas	no	testículo
qas	no	acólito
ddp	yes	brutalidade
an	no	vilán
or	no	burrán
cds	no	mestura
an	no	vulgaridade
cds	no	instrutor
ddp	yes	atraso mental
qas	no	campesiño
svp	no	cobizoso
or	no	exixente
svp	no	comellón
ps	yes	xitano
or	no	esixente
asf	no	imbécil
asm	no	faballón
pr	no	bovino
an	no	quenlla
svp	no	vingativo
ddp	yes	pueril
re	no	malfeitor
cds	no	compracencia
dmc	yes	indecente
an	no	mosquito
cds	no	delito
pr	no	harpía
an	no	cabrúa
qas	no	mestura
cds	no	ladrón
pr	no	gando vacún
asm	no	galo
ps	yes	rao
qas	no	magnate
cds	no	proxenetismo
qas	no	da clase media
an	no	saqueador
is	yes	pobre
ps	yes	búlgaro
dmc	yes	malfeitor
is	yes	intolerante
an	no	asno
cds	no	fachenda
dmc	yes	ladrón
cds	no	mediador
ps	yes	mongol
cds	no	teoría da conspiración
an	no	cabra
dmc	yes	catastrófico
cds	no	prelado
cds	no	demagoxia
an	no	animais
asm	no	ervella
cds	no	fascista
an	no	galiña
ps	yes	badoco
cds	no	porco
asm	no	moreno
dmc	yes	indecoroso
qas	no	pailán
ddp	yes	metazoos
om	no	fiúncho
re	no	uso indebido
cds	no	intelixente
re	no	slayer
cds	no	pandemonio
cds	no	paiolo
pr	no	traza
cds	no	borrancho
qas	no	feudal
dmc	yes	pailán
is	yes	desafortunado
rci	yes	pailaroco
an	no	crocodilo
an	no	bisonte americano
ddp	yes	reino animal
pr	no	rameira
asf	no	moza
an	no	escualo
asm	no	pisum sativum
ddp	yes	paduán
svp	no	noxo
an	no	hiena
ddp	yes	choucho
dmc	yes	lombán
cds	no	váter
asf	no	pelo pubiano
an	no	gyps fulvus
an	no	animalia
an	no	miñoca
ps	yes	visumaro
is	yes	miserento
an	no	falena
om	no	foeniculum vulgare
dmc	yes	lacazán
re	no	roubo
cds	no	cientificismo
is	yes	parco
svp	no	avaro
asf	no	crica
ddp	yes	tolo
ddp	yes	mula
pa	yes	cabo
rci	yes	paduán
cds	no	malicioso
dmc	yes	non escrupuloso
cds	no	quebrantamento
an	no	búfalo
pa	yes	profesor
ps	yes	vándalos asdingos
dmc	yes	fétido
an	no	ovella
dmc	yes	avaro
an	no	sifonáptero
cds	no	conformista
dmc	yes	desterrado
cds	no	insolencia
cds	no	mafia
an	no	peteiro
ddf	yes	torto
qas	no	morea
or	no	col
asm	no	cretino
asf	no	choucho
ps	yes	cretino
qas	no	paifoco
dmc	yes	descortés
pr	no	corta
re	no	homicidio
ddp	yes	incapaz
pr	no	bois
cds	no	rabaño
an	no	bovino
asm	no	marrón
dmc	yes	fedorento
dmc	yes	miserento
an	no	caprinae
ddp	yes	bestial
ps	yes	fridibaldo
dmc	yes	embusteiro
ddp	yes	burrán
is	yes	esmoleiro
svp	no	larfón
asm	no	testículo
re	no	exceso
an	no	caprinos
an	no	pleurotremados
an	no	selachimorpha
cds	no	fundamentalismo
asm	no	pixa
cds	no	integrismo
svp	no	lacazán
svp	no	degoro
dmc	yes	folgazán
an	no	ladrar
re	no	violación
dmc	yes	delincuente
pa	yes	catedrático
qas	no	insán
cds	no	mestra
an	no	suininos
pr	no	couza
cds	no	autocompracencia
cds	no	roubo
cds	no	malfeito
asf	no	idiota
cds	no	latrocinio
an	no	gando vacún
ddp	yes	pailaroco
dmc	yes	maligno
is	yes	avaro
pa	yes	empregado
cds	no	nugallán
re	no	violencia
qas	no	choupana
asf	no	perrecha
qas	no	habitual
cds	no	malfeitor
svp	no	langrán
svp	no	ira
an	no	voitre
om	no	diferente
cds	no	usura
qas	no	turba
an	no	ovis aries
dmc	yes	cheiro
an	no	bison
dmc	yes	bafento
cds	no	falcatruada
asm	no	fabaca
om	no	sexo anal
an	no	cuzo
asm	no	choucho
re	no	desautorizado
svp	no	xenreira
dmc	yes	langrán
cds	no	masonería
cds	no	fachendoso
ddp	yes	atraso
svp	no	lapón
re	no	extorsión
cds	no	preguiceiro
cds	no	langrán
or	no	repolo
an	no	anguía
qas	no	paiolo
or	no	mula
cds	no	metedura de pata
ddf	yes	chosco
an	no	traza
cds	no	vulto
qas	no	disparate
ddp	yes	delator
or	no	cona
re	no	tortura
cds	no	estafador
an	no	malevolencia
svp	no	lapadoiras
cds	no	snob
an	no	cosco
asf	no	parvo
svp	no	alarbe
cds	no	misterio
or	no	homosexual
or	no	burro
ddp	yes	torpe
or	no	pataqueira
dmc	yes	mentireiro
re	no	crime
or	no	solanum tuberosum
svp	no	egoísta
qas	no	bólas
re	no	abuso de poder
or	no	testa
asf	no	parrocha
an	no	aves rapaces nocturnas
ps	yes	pobo xitano
svp	no	rabiado
asm	no	erección
an	no	moucho común
pa	yes	paifoco
an	no	bestialidade
cds	no	ordinario
an	no	selaquimorfos
or	no	perrecha
qas	no	choza
an	no	euselachii
cds	no	clan
ddf	yes	minusvalía
pa	yes	bárbaro
an	no	merda
an	no	microorganismo
pr	no	prostituto
rci	yes	paiolo
svp	no	lacaceiro
cds	no	infractor
an	no	fisionomía
svp	no	inutilidade
cds	no	balbordo
an	no	avaro
an	no	sifonápteros
dmc	yes	sucio
cds	no	casa de tolos
ddp	yes	bobo
an	no	sus scrofa domesticus
cds	no	cretino
cds	no	integrista
an	no	quenllas
pa	yes	pretendente
cds	no	baño
an	no	chacal dourado
an	no	hoax
an	no	piollo
cds	no	asustadizo
cds	no	bufón
cds	no	autosatisfacción
dmc	yes	desvergoñado
or	no	foeniculum vulgare
an	no	gallus gallus domesticus
an	no	canino
ddp	yes	incompetente
or	no	peseta
or	no	brassica oleracea
ps	yes	mausoleo de teodorico
an	no	anguillidae
pa	yes	bárbaros
asm	no	aves
an	no	can
qas	no	tugurio
an	no	ovino
cds	no	banal
cds	no	bobo
or	no	nabo
cds	no	desprezable
cds	no	hybris
dmc	yes	maldade
ddp	yes	vítima
cds	no	pillería
pa	yes	xurista
dmc	yes	aldeán
dmc	yes	pallaso
re	no	raptor
asm	no	bólas
ddp	yes	idiota
cds	no	mestizo
an	no	cascuda
cds	no	clandestino
cds	no	policía
qas	no	usual
cds	no	masón
ddp	yes	pailán
rci	yes	paifoco
svp	no	altivo
an	no	canis familiaris
svp	no	lombán
cds	no	medroso
an	no	vacas
ddp	yes	insensato
asm	no	imbécil
ps	yes	paduán
re	no	rapina
svp	no	resentido
qas	no	sobras
pa	yes	letrado
cds	no	axente de bolsa
is	yes	desventurado
qas	no	tendeiro
dmc	yes	fedento
asm	no	mouro
an	no	moluscos
pa	yes	pailán
an	no	parvo
dmc	yes	groseiro
re	no	latrocinio
cds	no	bárbaros
an	no	caracol
ps	yes	parvo
ddp	yes	infantil
qas	no	ideólogo
ps	yes	negro
dmc	yes	hipócrita
om	no	nádega
is	yes	desterrado
cds	no	caos
an	no	salientio
cds	no	arrogante
ddp	yes	besta
an	no	insecta
cds	no	intolerancia
asf	no	peseta
re	no	ladroízo
cds	no	desprezábel
om	no	distinto
dmc	yes	bandido
pa	yes	pailaroco
an	no	limacha
an	no	mula
om	no	travestismo
pa	yes	non manual
cds	no	normal
re	no	pirataría
an	no	canis lupus familiaris
an	no	anura
is	yes	malicioso
cds	no	pedante
qas	no	desventurado
dmc	yes	imitado
svp	no	presumido
svp	no	agresivo
dmc	yes	gángster
an	no	bison bison
an	no	bois
an	no	teimoso
cds	no	fascismo
svp	no	amuado
ddp	yes	brutal
asm	no	ervello
svp	no	desagradable
cds	no	proxeneta
cds	no	formador
asm	no	ave
pa	yes	avogacía
asf	no	cono
an	no	chinche
cds	no	lerchán
ps	yes	xitanos
dmc	yes	porco
qas	no	lastre
an	no	chacal común
pr	no	vacún
an	no	faciana
qas	no	bárbaro
an	no	fociño
cds	no	disparate
svp	no	fastío
dmc	yes	bufón
ps	yes	rapto, vándalo
dmc	yes	preguiceiro
qas	no	granxeiro
qas	no	hortelán
an	no	rudeza
or	no	cachola
dmc	yes	intolerante
an	no	cadela
asm	no	credulidade
re	no	vilán
om	no	travesti
is	yes	paria
an	no	oportunista
an	no	bacoriño
cds	no	dogmatismo
cds	no	xefe
dmc	yes	arrepiante
an	no	anano
pr	no	cosco
re	no	ferocidade
dmc	yes	bárbaro
an	no	molusco
ddf	yes	breco
re	no	furto
asm	no	pito
qas	no	paduán
an	no	reino animal
asm	no	paxaro
dmc	yes	sen escrúpulos
qas	no	alucinante
cds	no	dandi
ddf	yes	decepcionante
qas	no	negociante
cds	no	parvo
pr	no	vacas
qas	no	pailaroco
dmc	yes	mentira
an	no	sapo común
re	no	pillabán
svp	no	arrogancia
an	no	microbio
ddp	yes	bárbaros
asm	no	pene
an	no	capra
an	no	burrán
pr	no	caruncho
cds	no	ilícito
an	no	insectos
ddf	yes	desprezable
dmc	yes	malvado
cds	no	fanatismo
svp	no	rabuxento
asm	no	membro
an	no	anguilliformes
cds	no	tropel
an	no	barbarie
ps	yes	ostrogodos
pa	yes	traballador
cds	no	ridículo
svp	no	rancoroso
dmc	yes	nugallán
svp	no	aborrecemento
cds	no	paparazzi
is	yes	vilán
ps	yes	xudía
dmc	yes	falso
om	no	gay
pa	yes	universitario
cds	no	mentira
or	no	gai
an	no	metazoa
an	no	trilla
an	no	bico
ddf	yes	invalidez
cds	no	transgresor
an	no	couza
svp	no	aburrimento
an	no	egoísta
re	no	desvergoñado
ps	yes	ostrogodo
re	no	chantaxe
ps	yes	híbrido
an	no	animal
ddf	yes	discapacidade
svp	no	ansia
cds	no	neno
an	no	invasor
svp	no	fachenda
cds	no	covarde
qas	no	comerciante
is	yes	triste
pa	yes	paiolo
is	yes	mendigo
cds	no	casino
ddp	yes	insípido
qas	no	trastes
ddp	yes	bestialismo
cds	no	unha chea
cds	no	sobras
or	no	hinoxo
an	no	porcallada
dmc	yes	egoísta
an	no	corta
is	yes	a destempo
an	no	porquiño
ps	yes	raza negra
qas	no	acostumado
asm	no	ridículo
ddp	yes	malevolencia
an	no	carroucha
dmc	yes	desprezábel
pa	yes	badoco
dmc	yes	disoluto
pa	yes	porteiro
an	no	moucho
svp	no	soberbia
cds	no	camarilla
cds	no	desprezo
or	no	calacueira
qas	no	monaguillo
an	no	selacimorfos
qas	no	badoco
an	no	ave de rapina nocturna
asf	no	cona
cds	no	familia
cds	no	lombán
ddf	yes	invidente
ddp	yes	insán
an	no	culex pipiens
svp	no	lambón
ps	yes	xudeus
cds	no	híbrido
or	no	parvo
qas	no	lixo
dmc	yes	maleducado
or	no	caiota
cds	no	furto
svp	no	orgulloso
ps	yes	paiolo
cds	no	pailaroco
cds	no	vulgo
dmc	yes	mentirán
ddp	yes	fauna
ps	yes	hibridación
dmc	yes	engano
dmc	yes	desastroso
qas	no	metedura de pata
dmc	yes	mozzarella
an	no	carracha
re	no	delito
dmc	yes	torpe
an	no	carantoña
an	no	ignorante
om	no	gai
ddp	yes	retardado
om	no	burro
ddp	yes	ignorancia
an	no	lesma
ddp	yes	crédulo
cds	no	lupanar
dmc	yes	tufo
ddf	yes	feo
asm	no	pardo
ddp	yes	necio
rci	yes	bárbaro
ddp	yes	bestialidade
dmc	yes	trampulleiro
an	no	gallus gallus
svp	no	lerchán
cds	no	ladroízo
cds	no	egoísta
cds	no	paifoco
an	no	verme
an	no	rapaces nocturnas
qas	no	magoante
asf	no	cretino
dmc	yes	vago
rci	yes	bárbaros
cds	no	delator
or	no	cucúrbita
cds	no	aldeán
ps	yes	xudaísmo
is	yes	pobreza
dmc	yes	malicioso
or	no	coella
dmc	yes	moral
pa	yes	empregada
ps	yes	pobo romaní
ps	yes	fascista
cds	no	narcisismo
cds	no	intermediario
or	no	brassica oleraceae var. viridis
cds	no	renarte
asm	no	faba loba
qas	no	tolo
cds	no	meu fillo
qas	no	párroco
pr	no	avelaíña
is	yes	egoísta
is	yes	magoante
cds	no	crooner
asf	no	ridículo
cds	no	turba
an	no	bisonoxe europeo
ddp	yes	imbécil
an	no	euselaquios
om	no	queer
cds	no	descortés
ps	yes	chinés
rci	yes	pailán
an	no	choucho
re	no	malfeito
pa	yes	avogado
cds	no	choucho
asm	no	castaño
cds	no	pillabán
qas	no	burguesía
qas	no	casoupa
re	no	subtracción
ps	yes	bárbaro
re	no	abuso sexual
ddp	yes	estúpido
ps	yes	reino dos vándalos
an	no	desvergoñado
dmc	yes	infeliz
cds	no	astuto
an	no	pillabán
asm	no	idiota
or	no	brassica rapa
is	yes	infeliz
or	no	crica
ps	yes	vándalos silingos
an	no	cochiño
an	no	porcino
pa	yes	político
an	no	bisonte
an	no	angüiliforme
ddp	yes	informador
an	no	estrixiformes
an	no	bisonte europeo
is	yes	desfavorecido
an	no	fauna
an	no	víbora
cds	no	demagóxico
re	no	secuestro
re	no	pirata
qas	no	organización da casa
qas	no	parásito
asf	no	vaxina
svp	no	malhumorado
cds	no	sumidoiro
dmc	yes	vagabundo
dmc	yes	cruel
ddp	yes	barbarie
svp	no	desagradábel
cds	no	pailán
cds	no	egocéntrico
qas	no	parasitismo
asm	no	proceso
ps	yes	reino vándalo
re	no	homicida
dmc	yes	paifoco
cds	no	inmoral
cds	no	enxeñoso
cds	no	retrete
ddp	yes	preso
asm	no	chícharo
cds	no	gángster
cds	no	educador
cds	no	propagandista
an	no	anguilla
qas	no	torpe
cds	no	reaccionario
svp	no	mioqueiro
an	no	zoofilia
dmc	yes	pailaroco
cds	no	pillaría
cds	no	bárbaro
svp	no	apatía
an	no	siphonaptera
cds	no	francmasonería
ddp	yes	parvo
an	no	bufo bufo
an	no	caprino
an	no	cabrún
cds	no	preguntar
an	no	metazoo
pr	no	manceba
om	no	transformismo
asm	no	peixe
or	no	parrocha
cds	no	rede de sumidoiros
or	no	calacú
dmc	yes	estreito
ddp	yes	cu
ddp	yes	ignorante
or	no	cabazo
an	no	hyaenidae
an	no	tiburón
an	no	anuro
is	yes	estreito
an	no	bos taurus
an	no	criatura
an	no	voitre común
dmc	yes	badoco
pr	no	falena
re	no	terrorista
dmc	yes	asasino
ps	yes	xudeu
dmc	yes	cheirento
an	no	vaca
an	no	bestial
cds	no	festa
svp	no	preguiceiro
svp	no	fachendoso
an	no	pleurotremata
dmc	yes	bárbaros
or	no	cono
svp	no	láparo
pr	no	rata
cds	no	cientifismo
ddp	yes	burro
cds	no	soberbia
an	no	malicioso
or	no	paxara
qas	no	ordinario
om	no	hinoxo
cds	no	desvergoñado
an	no	escualos
cds	no	carroña
an	no	caruncho
an	no	tiburón branco
