ddp	yes	алапача
cds	no	Варвар
pa	yes	Варвари
cds	no	одабрати
ddp	yes	думбасс
dmc	yes	дефраудер
cds	no	прогонилац
cds	no	fašizam
cds	no	точка дилер
qas	no	олош и бобтаил
dmc	yes	ловлифе
qas	no	шепртља
asf	no	особа која испашта туђе грешке
asf	no	успорити
cds	no	плашљив
or	no	думбасс
cds	no	новајлија
cds	no	сељак
cds	no	самовољност
ddp	yes	педеру
an	no	кокета
cds	no	реакционарски
is	yes	цхеапскате
dmc	yes	забушант
qas	no	полутан
dmc	yes	лопов
ps	yes	Местици
cds	no	нерадник
cds	no	мафије
asm	no	јеерер
cds	no	реакционар
dmc	yes	фалсификатор
or	no	gay
cds	no	фолдерол
cds	no	учитељица
cds	no	egoizam
cds	no	слацкер
dmc	yes	симулант
cds	no	цхеекинесс
pr	no	сплачине
cds	no	сујете
cds	no	лаиабоут
dmc	yes	клипан
asm	no	kurac
asm	no	јебени
pr	no	prostitucija
ps	yes	Монголоидна раса
cds	no	наметљивац
cds	no	глупак
qas	no	олош
cds	no	гунђало
cds	no	лопов
asm	no	простак
cds	no	фанатик
asm	no	цредулоуснесс
cds	no	проблема
asm	no	рука посао
svp	no	ровокопач
ddp	yes	идиот
cds	no	кретен
asm	no	игра карата или домина
ddp	yes	олош
cds	no	одбити
asf	no	бетисе
dmc	yes	сељак
cds	no	фашиста
svp	no	ароганција
ddf	yes	жгољавац
svp	no	тигхтфистеднесс
ps	yes	Местик
qas	no	лоше шешир
ddp	yes	тикван
re	no	малигнер
asf	no	имбецил
cds	no	глупа особа
re	no	делинквент
an	no	фуцкхеад
ddp	yes	Варвари
pr	no	аљкаво жена
cds	no	игра карата или домина
cds	no	цепидлака
pr	no	курвање
asm	no	ноокие
an	no	олош
an	no	думбасс
is	yes	виллаинесс
an	no	незналица
svp	no	мингинесс
cds	no	битанга
asf	no	кнуцклехеад
an	no	уличарка
ddp	yes	глупан
qas	no	који сеје раздор
dmc	yes	издајник
asm	no	дркаџијо
an	no	вулгарности
ddp	yes	имбецил
an	no	нитков
cds	no	фумблер
cds	no	нимфоманија
or	no	говнар
cds	no	лине-стрелац
an	no	цодсваллоп
dmc	yes	нитков
an	no	патуљак
qas	no	варвара
an	no	неверница
svp	no	без рачуна
cds	no	збрка
cds	no	fasizam
ddp	yes	блундерер
or	no	фуцкхеад
pr	no	девојчура
an	no	гит
asf	no	цхангелингс
om	no	педераст
an	no	неспособан
cds	no	олош и бобтаил
om	no	нансија
cds	no	блундерер
dmc	yes	издајника
asm	no	схтуп
ps	yes	успорити
pa	yes	варвара
asm	no	флоутер
ddp	yes	фолдерол
svp	no	ленчуга
asm	no	доофус
cds	no	сцаммер
qas	no	цулл
ps	yes	грубијан
or	no	хомопхиле
cds	no	сицилијанска мафија
asf	no	Пичкица
ddp	yes	Варвар
an	no	диддли-цуцањ
an	no	особа која испашта туђе грешке
or	no	пиллоцк
cds	no	комуналног отпада
asf	no	цодсваллоп
cds	no	дефраудер
re	no	простачки
cds	no	болећив
pr	no	проституција
svp	no	даллиер
cds	no	шепртља
re	no	уцена
asf	no	пизда
pr	no	дама задовољства
svp	no	неспретњаковић
dmc	yes	блундерер
cds	no	беллиацхер
ddp	yes	варвара
or	no	куеер
cds	no	ванглер
cds	no	Синдром Казанове
cds	no	зависник
svp	no	гооф-офф
cds	no	друмски разбојник
dmc	yes	простачки
cds	no	препреденко
re	no	silovanje
cds	no	бандита
cds	no	домаћег отпада
an	no	мека на додир
cds	no	Банде
cds	no	уништавање
dmc	yes	малодоур
an	no	говнар
ddp	yes	глупости
ddp	yes	некомпетентна особа
cds	no	глуп
ddp	yes	фероциоуснесс
an	no	олош торба
asm	no	дрка
ps	yes	мешанац
rci	yes	варвара
ddp	yes	сиромашних рибе
cds	no	млакоња
re	no	силоватеља
is	yes	нитков
qas	no	сад врећа
cds	no	аљкавац
dmc	yes	хобо
an	no	фероциоуснесс
cds	no	навлачи
ddp	yes	бленути
ddp	yes	олош и бобтаил
cds	no	цовардлинесс
asf	no	мека на додир
ddp	yes	копиле
cds	no	тако и тако
dmc	yes	лицемерје
cds	no	нерди
ps	yes	руинер
ps	yes	краутхеад
svp	no	гурман
an	no	рентбои
dmc	yes	смрдети
dmc	yes	фолирант
cds	no	олош торба
pa	yes	Варвар
om	no	болећив
cds	no	банде
cds	no	екстремне десничар
cds	no	сад врећа
cds	no	сноб
dmc	yes	хобос
dmc	yes	делинквент
ddp	yes	сероња
asf	no	pička
ps	yes	идиот
cds	no	сводник
dmc	yes	разбојник
pr	no	лабава жена
cds	no	аљкаво особа
dmc	yes	сладострасник
cds	no	грешник
cds	no	копиле
dmc	yes	прикривање
pr	no	блудничење
re	no	негативац
cds	no	чврстог отпада
an	no	аљкава особа
cds	no	охолост
re	no	разбојник
cds	no	збуњујуће питање
asm	no	комад репа
or	no	фуј
dmc	yes	либертинизам
dmc	yes	олош торба
qas	no	луњати
cds	no	пудден главе
qas	no	лагати
cds	no	несташлук одлука
svp	no	узалудност
ddp	yes	муттонхеад
cds	no	ваунтер
or	no	пудден главе
ps	yes	Βάρβαρος
is	yes	јадник
cds	no	самољубив
or	no	поове
ddp	yes	компреса
an	no	диддлисхит
re	no	присилно силовање
re	no	терористички акт
svp	no	шкртица
cds	no	аљкава особа
asm	no	тикван
cds	no	охолости
qas	no	неистина
re	no	датум силовање
qas	no	дилетант
ddp	yes	трачибаба
om	no	куеер
an	no	зооерасти
or	no	сиромашних рибе
qas	no	Варвари
ddp	yes	подвала
cds	no	Демагогија
dmc	yes	фумблер
ddp	yes	информатор
svp	no	Гнев
svp	no	Срџба
ddp	yes	успорити
cds	no	зајмодавац
dmc	yes	преваре
cds	no	Хиперсексуалност
cds	no	мафијаш
an	no	тврдица
cds	no	стављање ван закона
cds	no	цхиселлер
cds	no	ништарија
ddp	yes	варалица
cds	no	финаглер
cds	no	нимпхо
dmc	yes	сељачина
dmc	yes	варалица
dmc	yes	фоетор
svp	no	бес
an	no	флоозие
cds	no	очевидац
dmc	yes	бити снужден
cds	no	цонцеитеднесс
om	no	содомит
dmc	yes	простак
re	no	Мафија
cds	no	хиперсекуал
ddp	yes	цхангелинг
cds	no	ванк
re	no	рапер
cds	no	простак
cds	no	нитков
cds	no	сатириасис
an	no	глупак
cds	no	бловхард
ps	yes	глупан
re	no	силовања
an	no	змија у трави
cds	no	цулл
asm	no	мека на додир
dmc	yes	ленчуга
rci	yes	Βάρβαρος
cds	no	подао
cds	no	браггер
or	no	пичко
asf	no	игра карата или домина
cds	no	мафијаши
cds	no	дрскост
cds	no	малолетни деликвент
an	no	диддлеи
cds	no	цут-уп
an	no	неинветиван
cds	no	двееб
dmc	yes	бигот
ddp	yes	грубијан
qas	no	грубијан
ddp	yes	поквареност
rci	yes	грубијан
om	no	хендикепирано лице
svp	no	забушант
an	no	не знам ништа
re	no	Терористи
cds	no	компреса
ps	yes	тикван
an	no	дрска девојка
cds	no	лагати
svp	no	Гњев
om	no	хомопхиле покрет
cds	no	свезналица
dmc	yes	треасонист
cds	no	хоакер
an	no	кнуцклехеад
dmc	yes	скитница
cds	no	жутокљунац
cds	no	Фашиста
cds	no	фабрицатор
pr	no	рентбои
cds	no	базен навлачи
re	no	дебауцхер
cds	no	олош
pr	no	сексуалних услуга
ddp	yes	румоурмонгер
ddp	yes	зооерастиа
cds	no	пут агент
cds	no	трачибаба
cds	no	цхиселер
asf	no	будала
dmc	yes	сад врећа
ps	yes	бленути
re	no	акт тероризма
ps	yes	кретен
cds	no	фашизма
ddp	yes	не знам ништа
asf	no	говнар
dmc	yes	Лицемерје
ddp	yes	мрзовољац
an	no	слабић
cds	no	хвалисавац
is	yes	просјак
ps	yes	Идиот
dmc	yes	лицемерно
ddp	yes	кнуцклехеад
asf	no	Идиот
cds	no	књижевни хацк
cds	no	egotizam
cds	no	педантан
cds	no	дастардлинесс
ddp	yes	необразована особа
cds	no	свот
dmc	yes	нетрпељивости
pr	no	форницатресс
an	no	простачки
cds	no	велики неопран
cds	no	ленштина
om	no	фуј
or	no	глупан
cds	no	дркаџија
dmc	yes	осећати
asm	no	особа која испашта туђе грешке
re	no	малолетни деликвент
or	no	глупак
cds	no	издајнички
re	no	нитков
dmc	yes	развратник
cds	no	Βάρβαρος
svp	no	бити снужден
cds	no	паметњаковић
re	no	мафијаш
ddp	yes	протурач новости
cds	no	педеру
cds	no	муссинесс
qas	no	нерадник
cds	no	ловлифе
or	no	компреса
cds	no	шарлатан
svp	no	нетрпељив
cds	no	комуналног чврстог отпада
cds	no	румормонгер
cds	no	особа која испашта туђе грешке
cds	no	несташлука
qas	no	фумблер
an	no	раунцх
cds	no	народне масе
dmc	yes	цхиселер
ddp	yes	доофус
qas	no	бумблер
an	no	болећив
an	no	вампер
ps	yes	даркие
an	no	битанга
svp	no	охолост
asm	no	завртање
an	no	спора особа
cds	no	мека на додир
qas	no	смутљивац
ddp	yes	мека на додир
dmc	yes	сцаммер
asf	no	доофус
cds	no	самопоштовање
pa	yes	грубијан
svp	no	горгер
an	no	дроља
dmc	yes	дилли-даллиер
ddp	yes	насамарити
an	no	поквареност
asm	no	глупак
qas	no	цадгер
an	no	ловлифе
cds	no	бандит
asm	no	нооки
cds	no	висенхеимер
ddp	yes	зооерасти
qas	no	измамљивач
svp	no	Љутња
cds	no	фиббер
ps	yes	глупак
dmc	yes	лоша особа
cds	no	италијанском мафијом
cds	no	прљави пас
dmc	yes	рубе
pr	no	љубавница
ps	yes	особа која испашта туђе грешке
asf	no	фуцкхеад
cds	no	Банда
dmc	yes	неспретњаковић
cds	no	цодсваллоп
cds	no	уличне банде
cds	no	слабић
an	no	простак
ps	yes	местизаје
ddp	yes	незнања
an	no	Вулгарност
ps	yes	монголоидан
pr	no	метреса
qas	no	невоља кафу
cds	no	Варвари
cds	no	варалица
ps	yes	монголоиди
an	no	диддлискуат
ddp	yes	особа која испашта туђе грешке
ddp	yes	цодсваллоп
asf	no	думбасс
svp	no	равеноуснесс
dmc	yes	лажан
cds	no	егоизма
or	no	глупа особа
cds	no	рука посао
asf	no	девојка
svp	no	дилли-даллиер
dmc	yes	шепртља
re	no	битанга
pr	no	Проститутка
cds	no	спласхинесс
cds	no	Хиперфилија
ddp	yes	глуп
ddp	yes	глупак
dmc	yes	брод другог реда
ddp	yes	здравствене преваре
cds	no	гледалац
svp	no	лењивац
cds	no	будала
qas	no	Варвар
om	no	геј
an	no	олош и бобтаил
svp	no	ниггарднесс
re	no	клеветник
an	no	тако и тако
svp	no	мангуп
cds	no	Фашисти
an	no	инекорабленесс
asf	no	цхангелинг
asm	no	ролл у сену
is	yes	шкртица
or	no	Геј
svp	no	agresivan
dmc	yes	јак смрад
pr	no	кучка
svp	no	самољубља
cds	no	шаљивџија
cds	no	грубијан
an	no	виллаинесс
an	no	профитер
an	no	диддли-срање
dmc	yes	јадник
cds	no	омладинских банди
dmc	yes	гит
re	no	серијски силоватељ
an	no	прљави пас
an	no	превара
dmc	yes	бандита
is	yes	негативац
an	no	тикван
ddp	yes	дркаџија
an	no	пип-шкрипе
cds	no	конформистички
ddp	yes	глупо
cds	no	кукавица
cds	no	Демагог
cds	no	враголија
ddp	yes	надрилекарство
cds	no	полтрон
asf	no	муттонхеад
cds	no	онај који стално нешто бистри
cds	no	злочинац
re	no	сицилијанска мафија
cds	no	сцхоолма'ам
svp	no	хвалисавост
rci	yes	Варвари
cds	no	догматизам
ddp	yes	фумблер
re	no	terorizam
asf	no	простак
an	no	прљави трик
pr	no	Курва
ddp	yes	нонсенсицалити
ps	yes	џери
cds	no	алапача
pr	no	бесмислица
pr	no	цомаре
cds	no	негативац
cds	no	мистификатор
dmc	yes	преварант
cds	no	лењивац
an	no	немилосрдност
dmc	yes	licemerje
om	no	хомосексуалац
cds	no	умишљености
pr	no	курва
ps	yes	цхангелинг
cds	no	носа-паркер
pr	no	флоозие
ps	yes	Жута раса
dmc	yes	диллидаллиер
asm	no	будала
qas	no	тагалонг
ps	yes	црнац
dmc	yes	уљез
ddf	yes	патуљак
an	no	аљкавац
cds	no	ленчуга
dmc	yes	трифлер
or	no	кнуцклехеад
re	no	виллаинесс
an	no	прицктеасер
dmc	yes	ситан крадљивац
ddp	yes	Надрилекарство
svp	no	pohotljiv
ddp	yes	будала
an	no	ништарија
cds	no	моанер
or	no	муттонхеад
svp	no	добар за ништа
qas	no	лаж
svp	no	цхеапскате
asm	no	глупости
cds	no	фанатизам
an	no	игра карата или домина
cds	no	сиромашних рибе
cds	no	подмитљивост
cds	no	протурач новости
ddp	yes	блаббермоутх
svp	no	тврдица
cds	no	клипан
dmc	yes	псеудо
ps	yes	местизо
cds	no	ситан крадљивац
dmc	yes	мангуп
dmc	yes	гооф-офф
cds	no	сцравлер
ps	yes	будала
svp	no	агресиван
ps	yes	простак
or	no	геј
ddp	yes	шепртља
asf	no	пичко
cds	no	цхавбацон
dmc	yes	без рачуна
dmc	yes	пола литре
or	no	хомосексуалац
svp	no	узалудности
pr	no	уличарка
or	no	нансија
svp	no	самопоштовање
dmc	yes	Варвари
qas	no	четкица за мазање
an	no	необразована особа
cds	no	зајмодаваца
pr	no	проститутка
ps	yes	доофус
cds	no	фашистичког режима
svp	no	нетрпељивости
ddp	yes	игра карата или домина
qas	no	онај који живи од туђег рада
cds	no	трицкер
ps	yes	јигабоо
ddp	yes	бесмислене
pr	no	жена улице
svp	no	лаиабоут
cds	no	старо гвожђе
cds	no	официр
om	no	Геј
an	no	простаклук
rci	yes	Варвар
asf	no	vagina
svp	no	ниггардлинесс
svp	no	слацкер
cds	no	делинквент
ddp	yes	бетисе
dmc	yes	расипник
dmc	yes	прљави пас
cds	no	демагог
svp	no	ласциван
cds	no	охола особа
cds	no	нетрпељив
is	yes	простачки
svp	no	диллидаллиер
asm	no	дупенце
an	no	негативац
cds	no	несташко
cds	no	вонк
cds	no	самољубља
ddp	yes	нерадник
an	no	пљачкаш мародер
cds	no	фавнер
asf	no	глупан
ddf	yes	пола литре
cds	no	бандитти
cds	no	лаж
pr	no	дроља
an	no	сукња цхасер
pr	no	црацк курве
cds	no	банда културе
asf	no	вагине
an	no	рогоња
asm	no	бетисе
cds	no	тимесервер
dmc	yes	ленштина
ps	yes	имбецил
cds	no	претенциозности
dmc	yes	онај који прикрива
cds	no	хиперсексуалност
cds	no	цмиздравце
cds	no	дрка
asf	no	идиот
asm	no	глупан
cds	no	подводачица
cds	no	гангстеризам
qas	no	мооцхер
asf	no	пичка
is	yes	дроња
svp	no	прождрљивац
cds	no	улизица
dmc	yes	никоговић
svp	no	лењост
an	no	лоша особа
svp	no	lascivan
ddp	yes	цхангелингс
asf	no	вагина
cds	no	Зеленаш
cds	no	сицилијанске мафије
cds	no	жгољавац
ps	yes	Варвар
pr	no	оштроконџа
dmc	yes	Хипокризија
an	no	аљкаво особа
cds	no	фашизам
dmc	yes	грубијан
cds	no	аматеурисхнесс
dmc	yes	фабрицатор
ddp	yes	издајнички
dmc	yes	добар за ништа
cds	no	неистина
pr	no	чува жену
cds	no	зеленаш
cds	no	забушант
cds	no	сводништва
asf	no	Родница
dmc	yes	лоитерер
cds	no	лоансхарк
dmc	yes	жгољавац
om	no	gay
dmc	yes	лаиабоут
an	no	hoax
an	no	фолдерол
pa	yes	Βάρβαρος
re	no	терориста
svp	no	супербиа
cds	no	кривично несташлука
dmc	yes	цхавбацон
ddp	yes	румормонгер
re	no	оговарач
re	no	вилифиер
or	no	глуп
dmc	yes	отпадник
cds	no	свестраност
cds	no	гит
re	no	тероризма
dmc	yes	лицемер
cds	no	њушкало
pr	no	гаф
ddp	yes	госсипер
an	no	курва
dmc	yes	лажов
cds	no	тикван
cds	no	одметник
asf	no	вагинални
cds	no	зеленашење
qas	no	одбити
svp	no	цонцеитеднесс
cds	no	нетрпељивости
dmc	yes	врдалама
cds	no	достављач
an	no	Хоакс
svp	no	бигот
cds	no	мангуп
ddp	yes	бестијалност
cds	no	проблем
re	no	дефамер
ps	yes	мелез
ddp	yes	фуцкхеад
dmc	yes	виллаинесс
dmc	yes	цхеатер
cds	no	пандар
ddp	yes	пиллоцк
cds	no	нетрпељивост
an	no	Масовна обмана
an	no	некомпетентна особа
cds	no	хои поллои
re	no	мафијаши
ddp	yes	простак
cds	no	ароганција
cds	no	боокворм
an	no	глупан
ps	yes	упроотер
cds	no	помпезност
an	no	кучка
dmc	yes	варвара
cds	no	лукавост
cds	no	полицајац
dmc	yes	лингерер
pr	no	прељубница
asf	no	pizda
re	no	либелер
qas	no	блундерер
ddp	yes	незнање
om	no	злостављач деце
cds	no	снивеллер
qas	no	конформиста
cds	no	поводач
om	no	хомопхиле
or	no	тикван
is	yes	одрпанац
ddp	yes	тваддлер
pr	no	проститутке
asm	no	ванк
ddf	yes	нанус
dmc	yes	нетрпељив
dmc	yes	негативац
cds	no	дркање
ddp	yes	неспособан
cds	no	рубе
cds	no	пискарало
an	no	нанус
cds	no	разбојник
ddp	yes	твирп
asm	no	твирп
cds	no	остентатиоуснесс
asm	no	лаковерност
ps	yes	краут
cds	no	курвин син
cds	no	веисенхеимер
svp	no	шепртља
svp	no	ленштина
ps	yes	местизос
cds	no	бигот
cds	no	штребер
an	no	лењивац
an	no	доодли-цуцањ
an	no	неумољивост
dmc	yes	малодор
cds	no	бумблер
cds	no	јабука полирање
an	no	диддли
cds	no	неваљалост
an	no	бестијалност
ps	yes	пикеи
ddp	yes	шарлатан медицине
svp	no	високе непристрасности
ddp	yes	сад врећа
dmc	yes	даллиер
qas	no	одабрати
ddp	yes	шарлатан
dmc	yes	слацкер
ddp	yes	кретен
dmc	yes	бандит
ddp	yes	никоговић
dmc	yes	битанга
dmc	yes	псеуд
cds	no	Фанатичност
qas	no	Βάρβαρος
om	no	педер
ps	yes	цхангелингс
cds	no	високе непристрасности
svp	no	гоурмандизер
pr	no	спортске дама
cds	no	румоурмонгер
cds	no	лукавство
cds	no	пиллоцк
dmc	yes	смрад
cds	no	лажи
dmc	yes	ракехелл
ps	yes	швабама
cds	no	брод другог реда
cds	no	виллаинесс
pr	no	црацк курва
cds	no	јадник
qas	no	пришипетља
ddp	yes	глупа особа
cds	no	фалсификатор
asm	no	јебати
ddp	yes	незналица
or	no	хомопхиле покрет
an	no	жена цхасер
pa	yes	унцоутхнесс
cds	no	лоансхаркинг
cds	no	супербиа
pr	no	Жиголо
cds	no	госсипер
an	no	бетисе
cds	no	Мафија
cds	no	проклетник
an	no	будала
ps	yes	мека на додир
om	no	туинк
asf	no	кретен
ps	yes	варвара
ddp	yes	Идиот
dmc	yes	Βάρβαρος
cds	no	преварант
is	yes	тврдица
ps	yes	црнчуга
cds	no	конформиста
dmc	yes	ништарија
or	no	педер
an	no	Вулгарности
cds	no	пола литре
qas	no	уништавање
re	no	тероризам
dmc	yes	фиббер
re	no	сицилијанске мафије
re	no	Терорист
dmc	yes	нерадник
cds	no	краснописац
asm	no	лаковерности
qas	no	троублер
cds	no	нимфоманка
dmc	yes	раскалашник
asm	no	дркање
ddp	yes	курвин син
an	no	дебељуца
cds	no	кредита схаркинг
an	no	кукавица
an	no	интернет превара
cds	no	хвалисавост
rci	yes	terrone
asf	no	фолдерол
cds	no	брз један
cds	no	практични шаљивџија
re	no	силовање
cds	no	Нимфоманија
cds	no	простачки
re	no	мафије
dmc	yes	цхиселлер
ps	yes	Варвари
pr	no	којештарија
dmc	yes	тако и тако
svp	no	сујете
ps	yes	нигра
an	no	зооерастиа
asm	no	никоговић
cds	no	брбљивац
cds	no	дркаџијо
cds	no	варвара
asm	no	кретен
an	no	муттонхеад
ddp	yes	бумблер
re	no	традуцер
dmc	yes	Варвар
qas	no	лажи
ddp	yes	говнар
om	no	поове
asf	no	тикван
ps	yes	црња
re	no	силоватељ
ddp	yes	брбљивац
svp	no	никоговић
cds	no	сељачина
svp	no	похотљив
cds	no	кукавичлук
cds	no	блаббермоутх
cds	no	лармаџија
pr	no	блудница
an	no	вамп
qas	no	конформистички
asf	no	глупак
re	no	Терориста
re	no	насилник
qas	no	аматеурисхнесс
re	no	италијанском мафијом
dmc	yes	бумблер
dmc	yes	зло
ddp	yes	пудден главе
ddp	yes	Βάρβαρος
ddp	yes	достављач
an	no	млакоња
pr	no	шљаке
dmc	yes	малолетни деликвент
