cds	no	blowhard
ddp	yes	simple
an	no	rat
dmc	yes	ladre
re	no	moi
cds	no	putain
cds	no	fainéant
dmc	yes	feint qualifier
ddp	yes	idiot
an	no	fada
cds	no	faschiste
is	yes	avare
pa	yes	pignouf
cds	no	néo-réac
ddp	yes	puéril
cds	no	histoires
asm	no	sot
re	no	abus sexuel
ps	yes	rester bouche bée
cds	no	hauteur
dmc	yes	méchante
re	no	diffamateur
cds	no	fraîcheur
cds	no	ravisseur
cds	no	julot casse-croûte
cds	no	péquenaud
qas	no	trouble-fête
dmc	yes	le libertinage
svp	no	vaniteux
dmc	yes	flâneur
cds	no	maîtresse
pr	no	micheton
cds	no	brute
asm	no	coucher
dmc	yes	escroc
asm	no	haltère
re	no	mafia
pr	no	poule
dmc	yes	tel et donc
dmc	yes	avaricieux
asf	no	folderol
ddp	yes	cataplasme
svp	no	oisiveté
cds	no	coquin
qas	no	craque
qas	no	vagabond
dmc	yes	immoralité
om	no	pet
cds	no	satyriasis
cds	no	rejeter
asf	no	poupée
an	no	plaquer
ddp	yes	nonsens
svp	no	belligérant
re	no	mafias
cds	no	rumourmonger
or	no	nullard
ddp	yes	buse
rci	yes	rustaude
cds	no	fouineur
asm	no	baise
an	no	mauvaise personne
an	no	vamper
cds	no	mouche du coche
dmc	yes	bousilleur
cds	no	mentir
re	no	voyous
svp	no	pingre
qas	no	rustaude
cds	no	couarde
cds	no	craintif
cds	no	charlatanisme
cds	no	diablerie
cds	no	charlatan
cds	no	emmerde
dmc	yes	larron
or	no	fif
an	no	froussarde
asm	no	aimer
an	no	mouffette
asm	no	fouille-merde
svp	no	bigoterie
qas	no	barbouilleur
dmc	yes	immorale
cds	no	cataplasme
asf	no	demeuré
cds	no	spectateur
cds	no	papoter
dmc	yes	sale chien
cds	no	fascisme québécois
dmc	yes	rôle du méchant
cds	no	baladin
svp	no	important
cds	no	poule mouillée
an	no	personne négligée
pa	yes	uncouthness
an	no	porc
an	no	pleureur
an	no	friponne
an	no	cochon
dmc	yes	porc
dmc	yes	fabricateur
an	no	prostituée
cds	no	taureau
pr	no	racoleuse
dmc	yes	malfaisant
svp	no	altier
cds	no	maquereau
om	no	1069bf
an	no	méchant
asm	no	nique
an	no	bourrique
cds	no	ronchonneur
asf	no	lampiste
an	no	poltron
or	no	twats
an	no	gnangnan
asm	no	avoir des relations sexuelles
cds	no	pauvre
ps	yes	lourdaud
cds	no	weakly interacting massive particles
cds	no	démagogue
or	no	cunts
cds	no	le grand non lavé
ddp	yes	racaille
asf	no	con
pr	no	con
or	no	couillon
dmc	yes	faux-cul
re	no	ravisseur
ddp	yes	canaille
ddf	yes	naine
cds	no	sbires
an	no	maraudeur
dmc	yes	clochard
re	no	médisance
cds	no	conarde
an	no	bonehead
ddf	yes	nain
ps	yes	kraut
is	yes	méchante
dmc	yes	libertinage
svp	no	carcajou
ddf	yes	nabot
cds	no	fachisme
ddp	yes	mal cuit
cds	no	truckler
ps	yes	retardé
cds	no	porc
an	no	imbécilement
om	no	pédéraste
re	no	coquin
or	no	cunt
re	no	terroriste
an	no	muttonheads
dmc	yes	tocard
cds	no	tocard
or	no	balourd
ddp	yes	de bric et de broc
is	yes	pathétique
ddp	yes	gland
ddp	yes	moulin à paroles
or	no	gai
qas	no	merde
asm	no	putain de
cds	no	aigrefin
an	no	know nothing
ddp	yes	barbares
asm	no	conarde
cds	no	mystificateur
an	no	fureur
cds	no	pompeux
cds	no	démagogique
asm	no	jeerer
an	no	diddlysquat
dmc	yes	entourlouper
cds	no	difficulté
om	no	fée
cds	no	gangs
pr	no	fille de trottoir
qas	no	larmoyant
cds	no	vilain
dmc	yes	hypocrite
asm	no	buse
dmc	yes	menteur
cds	no	mafioso
cds	no	commère
dmc	yes	mauvaises odeurs
or	no	inverti
svp	no	indolent
dmc	yes	trompeur
cds	no	bandits
cds	no	joue
asm	no	branlette
dmc	yes	fripouille
pr	no	renarde
cds	no	fils de pute
ddp	yes	stupide
re	no	scélérat
an	no	selle
pr	no	grue
ddp	yes	loup
asm	no	néné
cds	no	penman
pa	yes	brute
cds	no	fripon
cds	no	valet
cds	no	wank
cds	no	masse
ps	yes	abruti
om	no	lopette
an	no	femme fatale
qas	no	perturbateur
qas	no	mensonginet
cds	no	incapable
cds	no	maffioso
dmc	yes	rustre
cds	no	égocentriste
asf	no	cramouille
cds	no	déchets ménagers
dmc	yes	rapide
pr	no	femme entretenue
cds	no	filou
svp	no	flemmard
dmc	yes	marquignon
svp	no	conceitedness
ps	yes	bourrique
pr	no	pourrir
ddp	yes	pauvre poisson
svp	no	feignant
ddp	yes	bercé trop près du mur
an	no	inexorabilité
svp	no	avarice
asm	no	copuler
an	no	lambin
cds	no	corruptible
ps	yes	asiate
cds	no	poire
asf	no	fica
an	no	escortboy
an	no	profit
dmc	yes	mauvais
ddp	yes	fada
ps	yes	retarder
asf	no	nigaud
an	no	abruti
ddp	yes	cancre
dmc	yes	frauduleux
an	no	wimp
dmc	yes	faux t+
dmc	yes	voyous
cds	no	limace
cds	no	fouine
cds	no	malfaiteur
an	no	harpagnon
asm	no	bercé trop près du mur
ddf	yes	décevante
ps	yes	barbares
asm	no	pine
dmc	yes	fatal
ddp	yes	commérage
cds	no	conte
cds	no	débris
pr	no	buncombe
re	no	rogue
an	no	imbécilité
asf	no	bourrique
ddp	yes	rat
cds	no	usurier
an	no	rue fille
cds	no	réactionnaire
cds	no	wonk
dmc	yes	non déontologique
cds	no	piscine bousculant
dmc	yes	trafiquant
ddp	yes	retard
or	no	tapette
ps	yes	pelle
or	no	niais
is	yes	mendiant
qas	no	gaffeur
asm	no	savoir
an	no	prostituée de la rue
an	no	lésine
ps	yes	barbare
dmc	yes	délinquant
or	no	nigaud
svp	no	lésineur
an	no	avare
svp	no	lésine
asm	no	foutre
asm	no	p
dmc	yes	baguenaudier
pa	yes	homme politique
an	no	sot
an	no	merde
asm	no	bien
ps	yes	concombre
asm	no	pénis
an	no	trouillard
an	no	méchanceté
cds	no	ligne de tir
ddp	yes	fumbler
qas	no	mièvre
ddp	yes	zooerasty
pr	no	putains
re	no	violée
asm	no	four
ddp	yes	doux au toucher
asf	no	débris
cds	no	rustre
ddp	yes	couillon
qas	no	fausseté
qas	no	profiteur
asf	no	tête de nœud
svp	no	glouton
or	no	votzen
cds	no	achille
asm	no	shtup
an	no	personne incapable
ps	yes	sauvage
an	no	chasseur de femme
svp	no	avaricieux
ps	yes	fall guy
cds	no	égotisme
cds	no	barbare
cds	no	rustique
cds	no	jacking off
cds	no	perfide
asm	no	démoulé trop tôt
asf	no	nullard
an	no	diddlyshit
qas	no	aberrant
cds	no	bellyacher
asf	no	twat
ddp	yes	pur
svp	no	tranchoir
re	no	mafia sicilienne
ddp	yes	fils de putain
an	no	folderol
qas	no	bobard
re	no	diffamation
asf	no	crétin
ddp	yes	bousilleuse
dmc	yes	voyou
svp	no	rancunier
an	no	poulet
is	yes	pauvre diable
cds	no	selle
or	no	connaud
pr	no	floozie
pa	yes	barbares
qas	no	bousiller
ddp	yes	crédule
dmc	yes	dissolu
cds	no	arlequin
cds	no	flemmard
cds	no	foule
cds	no	astucieux
or	no	minou
dmc	yes	foetor
asm	no	jerk-off
or	no	bûche
ddp	yes	haltère
asf	no	connil
asm	no	entuber
an	no	grossièreté
an	no	loup
dmc	yes	sectaire
an	no	crétin
asm	no	nigaud
om	no	pédé
cds	no	idiot
re	no	debaucher
ps	yes	gaspilleur
cds	no	projet réactionnaire
or	no	hop
dmc	yes	lowlife
an	no	miette
asm	no	cloche
cds	no	méfait criminel
ddp	yes	voyou
svp	no	lascif
pa	yes	rustaude
cds	no	académique
dmc	yes	dillydallier
cds	no	incivil
pr	no	putain
dmc	yes	artificiel
ddp	yes	connard
ddp	yes	rebouteur
cds	no	tire-au-flanc
asm	no	pierre
cds	no	saloperie
cds	no	fanatisme hindou
re	no	viol par contrainte
ddf	yes	demi-pinte
or	no	conin
an	no	peureux
cds	no	raton
qas	no	tagalong
cds	no	sournoiserie
cds	no	bousculant
cds	no	italie mussolinienne
asm	no	zob
is	yes	ladrerie
ddp	yes	enfoiré
cds	no	bêtise
pr	no	prostitué
ddp	yes	aberration
dmc	yes	cochon
qas	no	enculer
an	no	sac de racaille
cds	no	chiseler
an	no	bâton-dans-la-boue
cds	no	nosy-parker
dmc	yes	impoli
pr	no	laitier
asm	no	outil
asf	no	retarder
cds	no	malhonnête
an	no	prostitution de rue
cds	no	vantard
asm	no	idiot
cds	no	opérateur
qas	no	sac triste
cds	no	ridicule
cds	no	badaude
re	no	criminel sexuel
cds	no	espiègle
asf	no	tripe
an	no	zooerasty
ddp	yes	rester bouche bée
om	no	hop
cds	no	hypothèse
cds	no	cafteur
an	no	achille
qas	no	mensonges
cds	no	ordures ménagères
ddp	yes	bête
is	yes	vilain
ddp	yes	abasourdir
cds	no	clown
svp	no	vindicatif
an	no	acharnement
svp	no	ne rien faire
an	no	fripouille
cds	no	jerk-off
or	no	fotze
cds	no	git
svp	no	goof-off
svp	no	rat
rci	yes	brute
om	no	tapette
ddp	yes	adolescent
dmc	yes	fabricatrice
cds	no	sniveller
an	no	tel et donc
ps	yes	mongoloïde
cds	no	espièglerie
dmc	yes	faux
qas	no	histoire
om	no	tante
cds	no	universitaire
an	no	nanus
cds	no	flemmarde
cds	no	bourrique
ddp	yes	fou
cds	no	pandar
an	no	enculé
cds	no	proxenetisme
dmc	yes	mal l
cds	no	chawbacon
om	no	chochotte
cds	no	réactionnarisme
dmc	yes	négligé
or	no	con
ps	yes	pigeon
ddp	yes	mufle
asf	no	cancre
cds	no	lécheur
dmc	yes	glandeur
pr	no	sirène
cds	no	proxénète
or	no	twat
ps	yes	andouille
cds	no	officier de police
cds	no	officier
asf	no	oiseau
an	no	moi
an	no	valet
is	yes	harpagon
dmc	yes	dallier
qas	no	confondre
cds	no	bête
ddf	yes	demi
cds	no	rustaude
an	no	pur
or	no	crétin
om	no	poove
svp	no	flâneur
cds	no	déchets
cds	no	souillon
cds	no	fascisme européen
re	no	turbulent
cds	no	menterie
cds	no	spectatrice
an	no	clochard
re	no	maffia
asm	no	blouser
cds	no	demagogie
dmc	yes	cancre
cds	no	insolence
an	no	codswallop
an	no	dupe
dmc	yes	cambrioleur
cds	no	maquerelle
or	no	buche
qas	no	sciolist
an	no	diddley
dmc	yes	scélérat
an	no	prédateur
ps	yes	buse
an	no	fou
ddp	yes	personne stupide
ddp	yes	sauvage
an	no	stupidité
an	no	bestial
an	no	rosse
cds	no	policier
an	no	chochotte
cds	no	facho
re	no	raper
cds	no	ordures menageres
cds	no	cul-terreux
svp	no	fierté
ps	yes	jigaboo
om	no	homophile
an	no	couard
cds	no	gringalet
ddp	yes	pigeon
dmc	yes	maléfique
dmc	yes	méchant tragique
asm	no	bite
cds	no	tricheur
or	no	anthony simon
cds	no	rustaud
or	no	prout
cds	no	fausseté
asf	no	muttonheads
an	no	prostitué
cds	no	jules
cds	no	tête de nœud
asm	no	doux au toucher
svp	no	agressif
asm	no	baisage
qas	no	fumbler
om	no	gonzesse
re	no	mafia: the city of lost heaven
an	no	coucou
asf	no	knucklehead
ddp	yes	médecin charlatan
cds	no	pécheuse
dmc	yes	brute
ps	yes	bête
dmc	yes	faker
cds	no	râleuse
is	yes	méchant de fiction
svp	no	tire-au-flanc
dmc	yes	bigoterie
svp	no	d'autoritarisme
cds	no	fascisant
ps	yes	jerry
cds	no	salaud
ddp	yes	âne
re	no	mafieuse
asm	no	crétin
re	no	maffioso
an	no	parasite
or	no	imbécile
svp	no	frivole
ddp	yes	hokum
cds	no	pédant
an	no	férocité
cds	no	fascistes
ps	yes	race jaune
cds	no	agent
svp	no	futilité
cds	no	fanatique
svp	no	lubrique
asm	no	handjob
cds	no	égoïste
cds	no	solennité
ps	yes	benêt
re	no	violeuse
is	yes	étroit
an	no	vampire
is	yes	radin
ddp	yes	dunce
an	no	fille publique
asm	no	balourd
pr	no	john
an	no	débris
cds	no	crevette
cds	no	mafia sicilienne
ddp	yes	demeuré
cds	no	fasciste
or	no	abruti
cds	no	policiers
ddp	yes	démoulé trop tôt
or	no	poove
asf	no	imbécile
cds	no	bragger
cds	no	matois
om	no	prout
svp	no	présomptueux
an	no	lampiste
ps	yes	crétin
cds	no	grossier
cds	no	swaggerer
or	no	pauvre poisson
cds	no	stupide
an	no	limace
cds	no	idéologie réactionnaire
ddp	yes	rustre
asm	no	branlage
qas	no	barbares
ddp	yes	niais
qas	no	mufle
asf	no	codswallop
asm	no	ignorant
cds	no	fox
ps	yes	destroyer
an	no	avarice
ddp	yes	concombre
re	no	traducteur
cds	no	rôle du méchant
or	no	astreignant
pr	no	fille de joie
dmc	yes	imitatif
qas	no	chiper
pr	no	garçons loyer
an	no	diddly-squat
pa	yes	sauvage
ddp	yes	brutalité
an	no	radin
ps	yes	darkie
svp	no	intolérant
asm	no	couillon
cds	no	fouiner
or	no	bœuf
asm	no	escroquer
asf	no	jupe
cds	no	shylock
cds	no	étage
cds	no	moi
cds	no	oisif
cds	no	singe
ddp	yes	dupe
cds	no	proxénètes
dmc	yes	mauvaise personne
rci	yes	bâtard
an	no	rogue
dmc	yes	libertin
cds	no	froussarde
an	no	grigou
pa	yes	pédante
asf	no	balourd
cds	no	bague
is	yes	grippe-sou
pr	no	services sexuels
or	no	enculé
cds	no	bûcheur
re	no	viol conjugal
asf	no	niais
cds	no	ordures
cds	no	mufle
pr	no	femme négligée
cds	no	violence religieuse
cds	no	usuriers
dmc	yes	à la gomme
asf	no	nana
cds	no	gâcheur
cds	no	resquilleur
pr	no	vache
asf	no	blockhead
ddp	yes	ravi
cds	no	mensonginet
svp	no	avare
cds	no	morve
cds	no	gang
asm	no	faire zizi-panpan
cds	no	fanatique religieux
ddp	yes	gogo
cds	no	craque
dmc	yes	charlatan
cds	no	pensée réactionnaire
pr	no	fille
or	no	bêta
qas	no	rustre
cds	no	nerd
ps	yes	uprooter
cds	no	plèbe
cds	no	ultraconservateur
an	no	voyou
cds	no	nigaud
dmc	yes	têtu
dmc	yes	mal
cds	no	huileux
ddp	yes	personne incapable
an	no	poule
pr	no	femme de la rue
cds	no	égocentrique
ddp	yes	sac triste
ddp	yes	bonehead
dmc	yes	dilly-dallier
cds	no	exigeant
re	no	fripouille
is	yes	parcimonieux
dmc	yes	ravisseur
ps	yes	asiatique
asf	no	fotze
cds	no	tripoteur
cds	no	mafiosi
dmc	yes	impolitesse
cds	no	dogmatisme
pr	no	c'est de la foutaise
or	no	idiot
re	no	viol par la force
dmc	yes	râteau
qas	no	brute
or	no	bête
dmc	yes	débauché
asm	no	conasse
ddp	yes	rustaude
svp	no	ravenousness
cds	no	tripe
asf	no	doux au toucher
an	no	cruche
dmc	yes	grossier
asf	no	doofus
svp	no	amour-propre
qas	no	fauteur de troubles
or	no	fotzen
re	no	cramoisi
dmc	yes	moi
qas	no	démonstratif
re	no	valet
ddp	yes	charlatanisme
or	no	hammerhead
svp	no	gourmandizer
an	no	plouc
dmc	yes	pharisien
ddp	yes	cul
an	no	entourloupette
dmc	yes	plouc
is	yes	rapiat
dmc	yes	boucher
svp	no	bougon
dmc	yes	pauvre diable
asm	no	ravi
asm	no	imbécilité
svp	no	prétentieux
dmc	yes	non éthique
re	no	méchant de fiction
or	no	dunce
dmc	yes	laboureur
dmc	yes	atroce
qas	no	relation
cds	no	mother fucker
cds	no	enculé
dmc	yes	dieu filou
cds	no	prétentieux
svp	no	hargneux
om	no	pédophile
qas	no	dilettante
qas	no	troubla
qas	no	pitoyable
an	no	vulgarité
cds	no	pudden-tête
an	no	pute
an	no	cuckolding
or	no	buse
cds	no	régimes fascistes
dmc	yes	impostrice
pa	yes	universitaire
qas	no	va-nu-pieds
or	no	stupide
dmc	yes	talon
cds	no	rogue
an	no	vamp
cds	no	larron
an	no	poule mouillée
cds	no	voleur
an	no	mouette
an	no	naine
an	no	rôle du méchant
qas	no	cueillir
re	no	viols
asf	no	ducon
cds	no	orgueilleux
cds	no	outrecuidant
ps	yes	boule
is	yes	ladre
svp	no	minginess
ddf	yes	moche
re	no	dénigrement
pa	yes	pédant
asm	no	faire crac-crac
an	no	cric
svp	no	dillydallier
cds	no	sac triste
cds	no	fourbe
an	no	catin
cds	no	populace
asm	no	connaître
svp	no	maussade
ddp	yes	tête de noeud
ps	yes	métis
asm	no	fall guy
or	no	queer
ddp	yes	conteur
cds	no	farceur
cds	no	hypersexualité
dmc	yes	sneak thief
asf	no	concombre
ps	yes	nègre
re	no	attentat
asf	no	minette
ddp	yes	hammerhead
pr	no	sportif dame
or	no	tante
cds	no	ciseleur
svp	no	rancuneux
cds	no	mac
an	no	nabot
cds	no	renard
asf	no	poule
cds	no	reactionnaire
ddp	yes	bâtard
qas	no	niquer
cds	no	régime réactionnaire
cds	no	râleur
cds	no	commérage
an	no	muggins
dmc	yes	sang
cds	no	sectarisme
ddp	yes	saloperie
ps	yes	changeling
dmc	yes	imposture
ddp	yes	bourru
asf	no	mouette
ps	yes	ignorant
dmc	yes	pestilentiel
asf	no	simple
dmc	yes	sans-abri
an	no	stupidement
or	no	gays
pr	no	prostitution de rue
dmc	yes	mystificateur
ps	yes	idiote
or	no	pédé
ddp	yes	bousilleur
asf	no	fille
re	no	violeur
ddp	yes	muttonheads
an	no	vache
ddp	yes	codswallop
an	no	bêtement
cds	no	imbécile
cds	no	fachiste
an	no	faible
cds	no	redoutable
cds	no	fascists
cds	no	cuivre
ddp	yes	blabbermouth
om	no	pédale
dmc	yes	cruel
dmc	yes	étroit
dmc	yes	propre à rien
re	no	cambrioleur
dmc	yes	ne rien faire
svp	no	bon à rien et
cds	no	fanatisme juif
an	no	grue
re	no	canaille
cds	no	bigoterie
ddp	yes	mouchard
an	no	de bric et de broc
cds	no	cochon
asm	no	cruche
an	no	nullard
cds	no	hors la loi
pr	no	connard
cds	no	confusion
or	no	androgame
cds	no	faible
dmc	yes	truqué
dmc	yes	sans scrupules
dmc	yes	immoral
ddp	yes	imbécilité
asm	no	gogo
svp	no	gourmand
ps	yes	rustaud
cds	no	liturgie fasciste
cds	no	félon
svp	no	dédaigneux
asm	no	stupide
cds	no	mafia: the city of lost heaven
dmc	yes	dégoutant
asm	no	ﬁcken
cds	no	wisenheimer
asm	no	queue
dmc	yes	bâtard
an	no	allumeuse
cds	no	lowlife
cds	no	égoïsme
cds	no	gouaille
ddp	yes	mother fucker
cds	no	wimps
an	no	parcimonieux
re	no	rôle du méchant
svp	no	sectaire
dmc	yes	poli
dmc	yes	barbare
asf	no	gogo
cds	no	causa nostra
an	no	raunch
dmc	yes	déserteur
svp	no	vaurien
cds	no	orgueilleuse
svp	no	indigné
an	no	buche
an	no	lowlife
re	no	rouge
or	no	éprouvant
cds	no	lèche-bottes
ddp	yes	buche
or	no	personne stupide
ddp	yes	s'abêtir
re	no	violation
or	no	connasse
dmc	yes	misérable
asm	no	cornichon
ps	yes	sky girls
dmc	yes	vil
cds	no	diable
asf	no	vagin
asf	no	möse
cds	no	ostentatiousness
qas	no	foirer
or	no	tête de noeud
cds	no	agent de la route
ddp	yes	patapouf
cds	no	personne stupide
ddp	yes	poire
asf	no	fall guy
cds	no	abruti
dmc	yes	imposteur
ddp	yes	innocent
ddp	yes	four
asm	no	faire l'amour
cds	no	chapardeur
cds	no	prêteurs
asm	no	niais
om	no	inverti
cds	no	onctueux
svp	no	furie
cds	no	codswallop
cds	no	gens
dmc	yes	qui tergiverse
cds	no	taux d'usure
ddf	yes	crevette
an	no	pip-squeak
pr	no	maitresse
ddp	yes	ignorant
ps	yes	rustaude
asf	no	anthony simon
dmc	yes	niqué
cds	no	blabbermouth
or	no	connin
an	no	wimps
dmc	yes	git
ps	yes	couillon
cds	no	escroc
an	no	mari trompé
asm	no	bitte
cds	no	déchet métallique
is	yes	avaricieux
an	no	piranha
om	no	gay
asm	no	crédulité
an	no	gogo
cds	no	accro
an	no	froussard
or	no	votze
asm	no	ridicule
pr	no	fornicatrice
re	no	acte de terrorisme
an	no	couarde
dmc	yes	contrefait
dmc	yes	supercherie
qas	no	histoires
cds	no	le fascisme
asf	no	bonehead
re	no	terrorisme international
dmc	yes	goof-off
qas	no	gésir
asf	no	âne
asf	no	chatte
ps	yes	destructeur
pr	no	racoler
cds	no	réprouver
asm	no	con
an	no	agneau
asm	no	putain
cds	no	bâtard
an	no	bœuf
asm	no	vit
cds	no	cosa nostra
svp	no	gourmet
or	no	chochotte
qas	no	récit
ps	yes	fritz
dmc	yes	traîtresse
ddp	yes	folderol
an	no	feignant
cds	no	wimp
cds	no	groveler
svp	no	croix
cds	no	clochard
dmc	yes	bousilleuse
qas	no	sauvage
svp	no	harpagnon
ps	yes	mufle
qas	no	pauvre
re	no	chantage
qas	no	contrevérité
asf	no	poire
qas	no	boucher
re	no	vilain
svp	no	propre à rien
re	no	cosa nostra
cds	no	béjaune
is	yes	rat
ps	yes	lout
pr	no	garce
asf	no	retard
cds	no	souteneur
ddp	yes	indicateur
an	no	inexorable
ddp	yes	sot
dmc	yes	apostat
svp	no	ladrerie
dmc	yes	fainéant
an	no	doodly-squat
qas	no	flaque
svp	no	fainéant
dmc	yes	sac triste
cds	no	hack écrivain
cds	no	fanatisme chrétien
cds	no	vaunter
asm	no	imbécile
cds	no	conard
dmc	yes	crevette
dmc	yes	factice
cds	no	malfrat
dmc	yes	trickster
cds	no	couillon
dmc	yes	guignol
dmc	yes	treasonist
cds	no	gros malin
or	no	exigeant
dmc	yes	gredin
qas	no	bousilleuse
an	no	bêtise
asf	no	buse
cds	no	bouffon
cds	no	personne négligée
dmc	yes	fausses
dmc	yes	renégat
svp	no	bon à rien
cds	no	ruse
qas	no	embrouillamini
qas	no	embêter
re	no	violent
dmc	yes	bon à rien
ddp	yes	vert
is	yes	misérable
an	no	coquette
ddp	yes	ignare
dmc	yes	radin
cds	no	arnaqueur
ddp	yes	tête de vier
cds	no	délit de lâcheté
cds	no	demagog
qas	no	bâtard
qas	no	mauvais chapeau
dmc	yes	malin
an	no	garçons loyer
svp	no	fainéants
dmc	yes	canaille
cds	no	bandit de grand chemin
dmc	yes	valet
qas	no	tapeur
ps	yes	mouette
rci	yes	mufle
cds	no	conceitedness
cds	no	systèmes mafieux
cds	no	faiblesse
cds	no	mêle-tout
ps	yes	hun
ps	yes	mélange des peuples
cds	no	moulin à paroles
qas	no	éponge
an	no	canular internet
cds	no	branler
is	yes	pingrerie
dmc	yes	dissimulation
ddf	yes	décevant]]
cds	no	révélateur
asm	no	niquer
cds	no	connasse
asf	no	bêta
dmc	yes	dissimulateur
cds	no	cohue
cds	no	sauvage
cds	no	quignon
an	no	coquin
asf	no	ridicule
cds	no	sermonner
an	no	lâche
ddp	yes	marchand de ragots
cds	no	réac
svp	no	vantardise
dmc	yes	incapable
dmc	yes	girouette
an	no	canulars
asm	no	doofus
or	no	cataplasme
dmc	yes	empester
an	no	simple
ddp	yes	rumormonger
ddp	yes	ignard
re	no	violeurs
asm	no	nibard
asm	no	lever
dmc	yes	fumbler
dmc	yes	à la noix
an	no	serpent dans l'herbe
dmc	yes	noir
pr	no	péripatéticienne
cds	no	chiens
is	yes	méchant tragique
ddp	yes	naïf
cds	no	hors-la-loi
dmc	yes	duperie
ps	yes	mongoloïdes
dmc	yes	malodorant
ddp	yes	folie
ddp	yes	stupidité
an	no	knucklehead
cds	no	vantardise
asm	no	débile
cds	no	institutrice
pr	no	morue
ps	yes	boche
ddp	yes	brute
ps	yes	doux au toucher
cds	no	peuple
or	no	gay
om	no	lesbienne
cds	no	présomptueux
or	no	fée
svp	no	libidineux
or	no	connerie
dmc	yes	clodo
cds	no	wangler
dmc	yes	fichu
dmc	yes	vaurien
is	yes	scrooge
ps	yes	doofus
svp	no	fainéante
svp	no	orgueil
cds	no	muggins
or	no	andouille
asm	no	conard
qas	no	crampon
cds	no	gredin
svp	no	fureur
ddf	yes	avorton
svp	no	dilly-dallier
pr	no	escort-boy
dmc	yes	laid
ddp	yes	crétin
ddp	yes	blockhead
om	no	drôle
cds	no	folderol
cds	no	délinquant juvénile
qas	no	conformiste
cds	no	masses
ddp	yes	idiote
ps	yes	changelins
pr	no	prostituées
cds	no	quérulent
cds	no	touche-à-tout
an	no	entourloupe
asf	no	connasse
pr	no	guff
cds	no	fraudeur
qas	no	mensonge
ps	yes	nigga
cds	no	satyriasiste
asm	no	branleur
dmc	yes	abject
ps	yes	ravageur
an	no	blanchaille
dmc	yes	coquin
om	no	gays
an	no	dunce
cds	no	dweeb
asf	no	vittu
asf	no	connaud
ddp	yes	cancan
ps	yes	contre-torpilleur
an	no	bestialité
ddp	yes	ne savent rien
dmc	yes	trompeuse
ddp	yes	bestialité
qas	no	freeloader
asm	no	simplet
cds	no	inflation
is	yes	moi
dmc	yes	râteau de jardinier
an	no	couillon
an	no	foutriquet
dmc	yes	méchant de fiction
dmc	yes	fainéante
cds	no	homme de néandertal
qas	no	mensonge blanc
svp	no	cupide
or	no	connichon
an	no	racoleuse
cds	no	lâcheté
an	no	tripe
ps	yes	retard
an	no	méchant de fiction
an	no	sangsue
dmc	yes	chevalier d'industrie
cds	no	anneau
qas	no	rejet
ps	yes	idiot
asf	no	cunt
pa	yes	rustaud
cds	no	barbares
or	no	tête boudin
asf	no	idiote
cds	no	gésir
cds	no	scrawler
qas	no	étage
qas	no	putain
asm	no	avoir
is	yes	pauvre
an	no	fourbe
ddp	yes	zoophilie
pr	no	prostituée de la rue
ddp	yes	enculé
asm	no	selle
pr	no	comare
ddp	yes	ridicule
qas	no	barbare
qas	no	les boules
pr	no	coquine
dmc	yes	indécent
or	no	drôle
dmc	yes	pingre
cds	no	slackers
an	no	lésineur
an	no	pigeon
dmc	yes	tire-au-flanc
asf	no	sot
cds	no	déchet ménager et assimilé
dmc	yes	oisif
ps	yes	vandale
an	no	bête
asf	no	votze
svp	no	jaloux
an	no	paresseux
dmc	yes	jeûner
re	no	fourbe
cds	no	méchante
asm	no	lampiste
qas	no	rejeter
an	no	chien
an	no	escort-boy
an	no	chipie
re	no	abus sexuels
dmc	yes	désastreux
cds	no	usurière
cds	no	lampiste
svp	no	libidineuse
cds	no	amateurisme
re	no	méchante
dmc	yes	sale type
re	no	mafiosi
cds	no	fawner
ddp	yes	changeling
ddp	yes	bourrique
qas	no	misérable
asf	no	bêtise
dmc	yes	tromper
dmc	yes	gâcheur
or	no	1069bf
cds	no	casse-tête
asm	no	merde
asm	no	truander
an	no	vautour
asf	no	votzen
asm	no	paf
svp	no	voyou
or	no	pudden-tête
an	no	imbécile
an	no	fille des rues
cds	no	sneak thief
qas	no	sentimental
cds	no	fanfaron
is	yes	canaille
svp	no	envieux
an	no	rager
cds	no	je-sais-tout
dmc	yes	tromperie
cds	no	tête de vier
asf	no	bœuf
svp	no	plein de luxure
ddp	yes	cruche
ps	yes	demeuré
an	no	connard
an	no	floozie
re	no	action terroriste
asm	no	bourrique
cds	no	falot
cds	no	noix
cds	no	simple
cds	no	oléagineux
asf	no	haltère
an	no	péripatéticienne
ddp	yes	non sens
an	no	poire
asf	no	minou
ddp	yes	ignorance
cds	no	couardise
an	no	ladrerie
cds	no	trublion
rci	yes	barbares
ddp	yes	la bêtise
cds	no	satan
svp	no	arrogant
pa	yes	barbare
asm	no	arnaquer
or	no	connard
an	no	ladre
asm	no	coucher avec
cds	no	crétin
cds	no	dépendance au sexe
svp	no	orgueilleuse
cds	no	pleureur
cds	no	culture des gangs
or	no	möse
or	no	benêt
dmc	yes	pignouf
ddp	yes	pie
cds	no	méprisable
dmc	yes	dégoûtant
re	no	acte terroriste
or	no	simple
an	no	opiniâtreté
asm	no	dadais
ddp	yes	zooerastia
an	no	putain
re	no	violeur en série
dmc	yes	scandaleux
dmc	yes	avare
or	no	homosexuelle
asm	no	connasse
ddp	yes	tripe
cds	no	mafia
cds	no	miette
cds	no	ordure
qas	no	histrionique
re	no	libeler
asm	no	poire
an	no	profiteur
dmc	yes	fripon
ddp	yes	cornichon
om	no	minet
cds	no	débutant
dmc	yes	calamiteux
cds	no	astreignant
qas	no	mensonge par omission
cds	no	tête boudin
pr	no	roulure
qas	no	abattage
cds	no	bandit de grands chemins
qas	no	trublion
ddp	yes	bébête
cds	no	désordre
cds	no	con
dmc	yes	sauvage
cds	no	mise hors la loi
cds	no	proxo
qas	no	vagabonde
dmc	yes	méchant
asf	no	connichon
pr	no	foutaises
or	no	enfoiré
asm	no	jacking off
asm	no	bêtise
cds	no	réactionnaires
ddp	yes	nullard
pr	no	ramper trottoir
cds	no	déchets solides municipaux
dmc	yes	pseudo
cds	no	bandit
asm	no	benêt
cds	no	conne
pr	no	fille publique
asm	no	inintelligence
cds	no	connarde
cds	no	vaches
ps	yes	bâtard
pr	no	rue fille
ps	yes	poire
ddp	yes	incompétent
cds	no	fanatisme religieux
cds	no	chien
ddp	yes	méchanceté
asm	no	nichon
dmc	yes	traitre
an	no	fall guy
svp	no	grigou
cds	no	gonzesse
cds	no	bande criminelle
ddp	yes	traître
ddp	yes	bûche
asf	no	cunts
asf	no	cruche
dmc	yes	sac de racaille
pr	no	blague
svp	no	sensuel
ddp	yes	fureur
an	no	voyous
dmc	yes	fanatique
asf	no	fotzen
dmc	yes	traîneur
cds	no	brigand
om	no	fif
pr	no	pute
or	no	blockhead
is	yes	pingre
pa	yes	pointilleux
cds	no	snob
asf	no	couillon
cds	no	méchant tragique
qas	no	bousilleur
pr	no	coureuse
dmc	yes	borné
om	no	mouvement homophile
cds	no	gangs de jeunes
cds	no	la grosse tête
ddp	yes	simplet
or	no	sot
or	no	clope
cds	no	bêta
cds	no	pauvre diable
qas	no	écume
or	no	fighe
asm	no	morceau d'âne
cds	no	scélérat
cds	no	rusé
cds	no	nazi
asf	no	la bêtise
asf	no	connard
an	no	incompétent
svp	no	radin
dmc	yes	chawbacon
ddp	yes	gossiper
or	no	homo
ddp	yes	knucklehead
is	yes	lésine
an	no	idiot
cds	no	de bric et de broc
pr	no	salope
cds	no	gaffeur
asm	no	flouter
ps	yes	dupe
cds	no	turlupin
qas	no	chahuteur
cds	no	abattage
re	no	mafia italienne
pr	no	crack whore
is	yes	lésineur
qas	no	mentir
pr	no	filles de joie
cds	no	parti réactionnaire
an	no	gonzesse
cds	no	wheeler dealer
cds	no	hybris
or	no	homophile
dmc	yes	bidouillé
ddp	yes	bestial
cds	no	fascisme islamique
an	no	balourd
ps	yes	balourd
svp	no	outrecuidant
asm	no	jouer à zizi-panpan
cds	no	coque
an	no	nain
ddp	yes	anus
dmc	yes	clochards
cds	no	gangs de rue
cds	no	chevalier d'industrie
re	no	mafioso
ddp	yes	informateur
ps	yes	fada
cds	no	médiocrité
cds	no	peureux
an	no	cocu
cds	no	pointilleux
cds	no	bosser
an	no	brute
an	no	benêt
ddp	yes	tête boudin
ddp	yes	changelins
cds	no	fils de putain
cds	no	rapporteur
ddp	yes	personne sans instruction
svp	no	sans compte
ddp	yes	fils de pute
ddp	yes	gourde
cds	no	fureteur
cds	no	vanité
cds	no	égocentré
dmc	yes	filou
cds	no	vénal
ps	yes	bougnoule
ps	yes	gogo
an	no	rentboy
cds	no	arrogance
asf	no	buche
ps	yes	saccageur
asm	no	baiser
svp	no	goulu
asm	no	duper
ddp	yes	empirisme
ddp	yes	non-sens
qas	no	frénétique
cds	no	intolérant
cds	no	mouette
asm	no	bêta
cds	no	console
or	no	bonehead
qas	no	pignouf
asf	no	selle
ddp	yes	coucou
re	no	causa nostra
cds	no	récupération de ferraille
or	no	mouvement homophile
qas	no	mélanger
qas	no	parasite
svp	no	abattement
cds	no	gossiper
an	no	talon
qas	no	factotum
ddp	yes	incapable
asf	no	bûche
cds	no	un rapide
cds	no	histoire
cds	no	écume
an	no	doux au toucher
dmc	yes	foutu
ps	yes	imbécile
ddp	yes	lampiste
ps	yes	darkey
cds	no	arrogant
dmc	yes	nauséabond
re	no	calomniatrice
ps	yes	nigra
cds	no	sectaire
cds	no	membre d'un gang
cds	no	fanatisme
re	no	viol
an	no	weakly interacting massive particles
ddp	yes	nichon
qas	no	rustaud
cds	no	cafteuse
dmc	yes	maquillé
dmc	yes	trafiqué
dmc	yes	tricheur
cds	no	tricker
cds	no	canaille
asf	no	andouille
an	no	avaricieux
dmc	yes	tripoteur
cds	no	rejet
cds	no	impudence
ddp	yes	selle
ps	yes	con
ps	yes	manouche
cds	no	guerre des gangs
an	no	garçon loyer
ddp	yes	con
cds	no	boniment
asm	no	poupe
cds	no	d'extrême-droite
dmc	yes	avorton
is	yes	rôle du méchant
or	no	pur
qas	no	de bric et de broc
cds	no	saute-au-paf
ps	yes	attardé
cds	no	proxénétisme
cds	no	morgue
asm	no	nookie
cds	no	pharisien
is	yes	coquin
qas	no	sangsue
an	no	bêta
an	no	prickteaser
ddp	yes	enfantin
svp	no	avide
svp	no	paresseux
svp	no	de mauvaise humeur
an	no	gros lard
svp	no	rapiat
cds	no	fabricatrice
an	no	salaud
cds	no	troupeau
om	no	gai
an	no	cornard
ddp	yes	bétasse
cds	no	mauviette
cds	no	doux au toucher
dmc	yes	chapardeur
an	no	vilain
cds	no	fabricateur
cds	no	branleur
cds	no	demi
pr	no	rentboy
ddp	yes	bœuf
ddp	yes	médicastre
cds	no	fou
cds	no	minutieux
or	no	bourrique
ddp	yes	nibard
an	no	fille de trottoir
svp	no	gastronome
ddp	yes	pudden-tête
asm	no	andouille
dmc	yes	vilain
cds	no	sale chien
cds	no	tel et donc
cds	no	pécheur
ddp	yes	muggins
qas	no	énormité
svp	no	orgueilleux
ps	yes	lampiste
or	no	moule
om	no	queer
re	no	gredin
an	no	lavette
cds	no	splashiness
re	no	calomnie
dmc	yes	mouffette
an	no	canular
cds	no	fainéante
svp	no	trancheuse
dmc	yes	baisé
an	no	morue
pr	no	prostitution
ddp	yes	bavardeur
asf	no	connin
ps	yes	goujat
svp	no	morgue
cds	no	plaisantin
re	no	délinquant
ddp	yes	gugusse
ddp	yes	bêtise
dmc	yes	lâche
cds	no	racaille
svp	no	irrité
dmc	yes	flemmard
ddp	yes	férocité
dmc	yes	achille
cds	no	finagler
asf	no	enfoiré
ddp	yes	poupe
cds	no	rookie
asf	no	hammerhead
cds	no	gogo
or	no	connil
asf	no	tête de noeud
dmc	yes	fourbe
an	no	pingre
cds	no	hypersexualite
qas	no	mendiant
svp	no	boulimique
an	no	brutalité
dmc	yes	fainéants
pr	no	hellcat
re	no	voyou
re	no	prédateur sexuel
dmc	yes	méprisable
cds	no	amour-propre
cds	no	mauvais plaisant
dmc	yes	rogue
svp	no	glandeur
svp	no	court
an	no	salope
ddp	yes	dadais
an	no	zooerastia
cds	no	couille molle
cds	no	voyou
ddp	yes	mouette
or	no	lesbienne
om	no	homo
dmc	yes	mufle
an	no	fainéante
cds	no	cueillir
ddp	yes	sottise
cds	no	paquet
cds	no	gouvernement réactionnaire
cds	no	schoolma'am
cds	no	benêt
cds	no	multitude
cds	no	rumormonger
dmc	yes	puer
cds	no	chochotte
asm	no	rouler dans le foin
svp	no	arrogante
cds	no	boucher
dmc	yes	apostate
an	no	andouille
re	no	systèmes mafieux
svp	no	grognon
cds	no	fierté
asm	no	enculé
cds	no	méticuleux
cds	no	maffia
cds	no	gangstérisme
qas	no	conte
pr	no	slut
ddp	yes	balourd
or	no	ducon
is	yes	méchant
cds	no	demi-pinte
asm	no	muggins
qas	no	pathétique
pr	no	escortboy
ddf	yes	insatisfaisante
an	no	buse
an	no	diddly-shit
cds	no	poule-mouillée
cds	no	mussiness
ddp	yes	doofus
ddp	yes	inintelligence
cds	no	méchant de fiction
asm	no	dupe
cds	no	bleu
asm	no	mange-merde
ps	yes	connard
svp	no	voracité
asf	no	enculé
cds	no	artificieux
asm	no	nooky
or	no	chatte
cds	no	gendarme
cds	no	mafieux
ps	yes	four
re	no	délinquant juvénile
cds	no	agent de police
cds	no	plouc
an	no	blockhead
ddp	yes	obtus
ps	yes	nibard
cds	no	pédante
cds	no	nympho
cds	no	policière
cds	no	quidnunc
cds	no	blanc-bec
asm	no	tromper
cds	no	sale type
asf	no	imbécilité
pa	yes	bâtard
svp	no	superbia
cds	no	déchet
ddp	yes	cafteuse
ps	yes	butor
cds	no	cancan
cds	no	nymphomane
cds	no	déchets solides
pa	yes	rustre
asm	no	sottise
dmc	yes	crasseux
re	no	voleur
ps	yes	selle
or	no	pédale
cds	no	démagogues
pr	no	garçon loyer
an	no	méchant tragique
ps	yes	krauthead
cds	no	écrou
re	no	maligner
cds	no	cercle
asm	no	twirp
svp	no	pingrerie
an	no	prostitution masculine
cds	no	fourberie
svp	no	harpagon
cds	no	hubris
cds	no	déchet domestique
ddf	yes	vil
an	no	enfoiré
cds	no	retors
om	no	androgame
dmc	yes	paquet
ddp	yes	abruti
qas	no	amateurisme
re	no	mafieux
cds	no	pleutre
dmc	yes	intolérant
cds	no	piratage littéraire
cds	no	méchant
cds	no	scribe
cds	no	cognes
an	no	âne
asf	no	moule
ddp	yes	attardé
asm	no	connarde
asf	no	connerie
cds	no	déchet d'emballage
qas	no	gâcheur
svp	no	grincheux
cds	no	gens du commun
ddf	yes	décevant
ddp	yes	putain
dmc	yes	fraudeur
dmc	yes	puanteur
ddp	yes	nonsense
asf	no	ignorant
cds	no	police
ddp	yes	pignouf
cds	no	niais
svp	no	contrarié
an	no	ovin
dmc	yes	paresseux
cds	no	paresseux
cds	no	fumbler
dmc	yes	pauvre
cds	no	buse
pr	no	prostitution masculine
cds	no	persécuteur
asf	no	jeune fille
an	no	tête de noeud
ddp	yes	butor
an	no	nigaud
cds	no	important
cds	no	meute
an	no	poltronne
asf	no	gonzesse
cds	no	poltronne
ps	yes	brute
ddp	yes	goujat
dmc	yes	quignon
ps	yes	sot
dmc	yes	délinquant juvénile
ddp	yes	derrière
ps	yes	patapouf
cds	no	fanatisme catholique
svp	no	étroitesse
an	no	flemmard
dmc	yes	miette
cds	no	présomption
cds	no	flic
pr	no	rosse
cds	no	bousilleur
cds	no	flagorneur
cds	no	criminel
re	no	cyber-terroristes
ps	yes	malotru
qas	no	enquiquiner
dmc	yes	parcimonieux
cds	no	pauvre poisson
qas	no	crépisseur
om	no	gnangnan
asm	no	frauder
pr	no	femme adultère
cds	no	polisseur d'apple
pr	no	harpie
svp	no	intolérance
ddp	yes	absurdité
cds	no	régime fasciste
svp	no	hauteur
cds	no	cambrioleur
asm	no	fou
cds	no	déchets municipaux
qas	no	hystérique
asm	no	wank
cds	no	feignant
an	no	tombeur
dmc	yes	fétide
asm	no	abruti
ddp	yes	colporteur de ragots
cds	no	mouffette
an	no	gredin
svp	no	mangeur
dmc	yes	barbares
asf	no	twats
qas	no	resquilleur
cds	no	barbeau
dmc	yes	puante
svp	no	scrooge
cds	no	cogne
cds	no	interdire
cds	no	talon
svp	no	vorace
pa	yes	politicien
cds	no	prêt usuraire
dmc	yes	hypocrisie
cds	no	gland
or	no	fada
svp	no	vanité
dmc	yes	broyer du noir
dmc	yes	aigrefin
is	yes	gueux
asm	no	fuck
asm	no	demeuré
asm	no	fourrer
pa	yes	méticuleux
ddp	yes	absurde
dmc	yes	saisonnier
cds	no	effronté
cds	no	couard
qas	no	baratin
svp	no	hautain
ddp	yes	benêt
ddp	yes	malotru
ddp	yes	cafteur
an	no	pudge
ddp	yes	débris
qas	no	menterie
pr	no	amante
dmc	yes	demi
cds	no	weisenheimer
ps	yes	métissage
or	no	homme
cds	no	contrevérité
svp	no	ronchon
svp	no	arrogance
ddp	yes	rapporteur
an	no	quignon
ddf	yes	abject
asf	no	changelins
asf	no	idiot
an	no	grippe-sou
re	no	méchant
cds	no	éprouvant
cds	no	poltron
ddp	yes	oie
svp	no	fâché
an	no	flirter
ddf	yes	insatisfaisant
dmc	yes	demi-pinte
ddp	yes	la bête
cds	no	sot
cds	no	ruffian
cds	no	ostentation
cds	no	nymphomanie
cds	no	lâche
cds	no	prêteur
ddp	yes	gaffeur
is	yes	grigou
asf	no	pur
cds	no	malin
or	no	vittu
an	no	escorte masculine
cds	no	entremetteur
cds	no	conasse
an	no	scélérat
dmc	yes	sans compte
svp	no	irascible
svp	no	fanatique
cds	no	marquignon
an	no	sale tour
svp	no	niggardness
cds	no	glandeur
om	no	homosexuelle
ddp	yes	tête de nœud
cds	no	conteur
dmc	yes	bigot
asm	no	enconner
ddp	yes	absurdes
asm	no	mouette
ddp	yes	trou du cul
asm	no	entourloupe
cds	no	voyous
ps	yes	néné
cds	no	fada
cds	no	trafiquant
ddp	yes	révélateur
rci	yes	rustaud
cds	no	lèche-cul
asf	no	benêt
dmc	yes	méphitique
or	no	pet
an	no	souillon
asm	no	peter
asm	no	stupidité
an	no	éponge
re	no	médisant
cds	no	balourd
cds	no	colporteur de ragots
ddf	yes	nanus
cds	no	toxicomane
ddp	yes	twaddler
cds	no	mafia italienne
asm	no	la bêtise
an	no	cocufier
cds	no	mafieuse
pr	no	maîtresse
cds	no	violence des gangs
asf	no	retardé
cds	no	réaction
om	no	homme
cds	no	froussard
cds	no	méfait
an	no	ignorant
or	no	minutieux
cds	no	mensonges
dmc	yes	cul-terreux
dmc	yes	traître
asf	no	four
pr	no	escorte masculine
cds	no	violence fanatique
ddp	yes	boule
asm	no	mal cuit
ddp	yes	andouille
qas	no	chamailleur
an	no	la bête
an	no	écume
asm	no	connard
ddp	yes	bêta
an	no	oie
or	no	nance
cds	no	méfaits de décision
rci	yes	pignouf
cds	no	réaction politique
cds	no	baratin
an	no	serpent
ddf	yes	laid
cds	no	prêt d'argent
cds	no	pur
an	no	cancre
ps	yes	bêta
asm	no	teub
svp	no	dégustateur
dmc	yes	vieux
ddp	yes	victime
asm	no	sauter
cds	no	andouille
cds	no	laboureur
asf	no	vitut
an	no	personne sans instruction
dmc	yes	bêcheur
ddp	yes	nigaud
ps	yes	nichon
ddp	yes	dénonciateur
qas	no	maniéré
cds	no	conformiste
ps	yes	voyou
an	no	sale chien
or	no	homosexuel
dmc	yes	voleur
ddp	yes	anthony simon
ddp	yes	rustaud
pr	no	prostituée
cds	no	muscle
cds	no	keuf
cds	no	fall guy
ps	yes	pignouf
ddp	yes	barbare
an	no	coureur de jupons
dmc	yes	péquenaud
an	no	gros porc
cds	no	fripouille
cds	no	démagogie
an	no	perroquet
pr	no	fille des rues
asm	no	enculer
or	no	cancre
cds	no	ringard
cds	no	sottise
asf	no	fou
cds	no	mécréante
ddp	yes	boucher
cds	no	rigoriste
ddp	yes	analphabète
cds	no	bande
cds	no	criminelle
asf	no	abruti
cds	no	connard
cds	no	mensonge d'urgence
cds	no	mafias
ps	yes	métisse
an	no	ridicule
ddp	yes	rumourmonger
cds	no	moudre
cds	no	fanatisme évangélique
cds	no	usure
pr	no	trainée
cds	no	menteur
dmc	yes	rustaude
dmc	yes	infâme
dmc	yes	slackers
an	no	la bêtise
qas	no	éperdu
asf	no	muggins
dmc	yes	mal poli
ddp	yes	candide
dmc	yes	trifler
dmc	yes	mystification
an	no	diddly
cds	no	relation
cds	no	pigeon
cds	no	arrogante
ddp	yes	prater
cds	no	friponnerie
an	no	racaille
pr	no	dame de plaisir
ddp	yes	fall guy
cds	no	gardien de la paix
pa	yes	mufle
pr	no	traînée
dmc	yes	puant
re	no	chaud
an	no	zoophilie
cds	no	sournois
ps	yes	tête de nœud
cds	no	pusillanimité
cds	no	gnangnan
svp	no	limace
svp	no	rage
cds	no	duperie
ddp	yes	cloche
cds	no	réactionnisme
dmc	yes	rakehell
qas	no	pleurnicheur
an	no	pingrerie
dmc	yes	rustaud
is	yes	scélérat
an	no	flemmarde
cds	no	effronterie
svp	no	oisif
dmc	yes	gaffeur
pr	no	chipie
qas	no	affecté
cds	no	paillasson
re	no	organisation terroriste
cds	no	puzzle
svp	no	broyer du noir
asf	no	néné
ddp	yes	lourdaud
cds	no	avorton
or	no	muttonheads
cds	no	rusée
cds	no	roublard
dmc	yes	falsifié
is	yes	harpagnon
dmc	yes	arnaqueur
ddp	yes	insensé
ddp	yes	débile
qas	no	gâcher
cds	no	bobard
asf	no	attardé
cds	no	handjob
cds	no	hypersexuelle
cds	no	ne rien faire
an	no	louve
cds	no	dupe
dmc	yes	hobo
dmc	yes	débraillé
asm	no	fada
cds	no	vénalité
qas	no	boniment
or	no	knucklehead
ps	yes	rustre
cds	no	récit
dmc	yes	bandit
an	no	tempête
cds	no	lavette
cds	no	pleurnicheur
dmc	yes	rat
cds	no	cut-up
an	no	hammerhead
svp	no	dallier
an	no	fille de joie
cds	no	bigot
re	no	vilifier
qas	no	mensonge d'urgence
cds	no	opportuniste
asf	no	fada
an	no	garce
cds	no	satyriasisme
cds	no	d'autoritarisme
cds	no	mensonge blanc
asf	no	nibard
qas	no	incapable
cds	no	branlage
dmc	yes	menteuse
re	no	terroristes
dmc	yes	vagabond
cds	no	bête t+
asf	no	conin
cds	no	fainéants
ps	yes	darky
rci	yes	barbare
pr	no	catin
cds	no	oreille
cds	no	obséquieux
ddp	yes	know nothing
asm	no	pigeon
cds	no	nimpho
dmc	yes	brigand
cds	no	énormité
cds	no	chiot
is	yes	parcimonie
cds	no	cancre
svp	no	vain
or	no	uraniste
asf	no	fighe
ps	yes	âne
cds	no	société fasciste
ddp	yes	néné
asm	no	ficken
an	no	git
asf	no	changeling
ddp	yes	charlatan
asm	no	visser
svp	no	paresse
is	yes	pitoyable
cds	no	reaction
om	no	nance
re	no	méchant tragique
or	no	vitut
qas	no	canaille
an	no	con
ddp	yes	illettré
dmc	yes	médiocrité
ps	yes	xanthoderme
asf	no	nichon
cds	no	bégueule
svp	no	ladre
cds	no	fanatisme protestant
cds	no	veule
pa	yes	académique
asf	no	bête
asf	no	pigeon
is	yes	épouvantail
ddp	yes	twirp
an	no	paillasson
svp	no	lascive
asm	no	forniquer
an	no	parcimonie
ddp	yes	bête t+
cds	no	problème
cds	no	fascismes
asf	no	poussin
cds	no	flâneur
svp	no	parcimonieux
rci	yes	sauvage
ddp	yes	retardé
an	no	mauviette
cds	no	cruche
asm	no	pièce de queue
svp	no	grippe-sou
cds	no	chaos
qas	no	racaille
re	no	terrorisme
om	no	homosexuel
cds	no	ferraille
svp	no	goinfre
cds	no	pignouf
cds	no	bœufs
cds	no	branlette
cds	no	delit de lachete
cds	no	badaud
asm	no	gugusse
svp	no	vengeur
cds	no	superbia
ddp	yes	salaud
cds	no	bousilleuse
asf	no	vaginale
qas	no	furieux
cds	no	fascisme
an	no	gringalet
ps	yes	haltère
an	no	méchante
dmc	yes	indolent
cds	no	sac de racaille
asm	no	branler
svp	no	libidineuses
cds	no	orgueil
rci	yes	rustre
svp	no	slackers
ddp	yes	commère
is	yes	avarice
asm	no	conne
ps	yes	bêche
an	no	sale type
qas	no	fou
svp	no	flemmarde
om	no	personne handicapée
cds	no	ubris
ddp	yes	gâcheur
cds	no	bas
asf	no	stupidité
an	no	canaille
cds	no	mécréant
ps	yes	négro
is	yes	gredin
cds	no	dégonflé
cds	no	recrue
an	no	niais
asf	no	dunce
dmc	yes	chien
dmc	yes	chiseler
dmc	yes	bon à rien et
cds	no	trouillard
cds	no	mensonge par omission
dmc	yes	criminel
an	no	bûche
or	no	fica
an	no	anthony simon
cds	no	fanatisme musulman
svp	no	indolence
ddp	yes	lout
asm	no	bête
pr	no	sexuels commerciaux
svp	no	parcimonie
svp	no	gorger
svp	no	tightfistedness
cds	no	rat
asm	no	gourde
qas	no	agacer
om	no	uraniste
cds	no	marchand de ragots
dmc	yes	moche
cds	no	poulet
dmc	yes	incivil
an	no	fainéant
pr	no	adultère
an	no	roulure
cds	no	mensonge
ps	yes	nigger
ddp	yes	retarder
an	no	ne savent rien
cds	no	boulot
re	no	calomniateur
asf	no	dupe
cds	no	salonard
ddp	yes	imbécile
om	no	clope
dmc	yes	étroit d'esprit
cds	no	délinquant
asm	no	vis
qas	no	clochard
svp	no	bigot
dmc	yes	ciseleur
