an	no	rat
dmc	yes	feint qualifier
cds	no	parvenue
ddp	yes	simple
qas	no	ordures ménagères
cds	no	fainéant
ddp	yes	idiot
an	no	fada
re	no	singe
is	yes	avare
ddp	yes	captif
qas	no	faux pas
dmc	yes	naufragé
ddp	yes	gourde
ddp	yes	puéril
cds	no	histoires
asm	no	changeling
cds	no	forçat
ps	yes	rester bouche bée
is	yes	attristé
re	no	l'argent sale
or	no	couillon
dmc	yes	méchante
cds	no	fraîcheur
cds	no	ravisseur
asm	no	pois sec
pa	yes	avocat de la défense
cds	no	péquenaud
ddp	yes	crétinisme
qas	no	tourbillon
ps	yes	israélite
dmc	yes	le libertinage
svp	no	vaniteux
dmc	yes	flâneur
an	no	bique
cds	no	maîtresse
ddf	yes	estropié
dmc	yes	merry andrew
cds	no	brute
asm	no	coucher
cds	no	blackbouler
dmc	yes	escroc
svp	no	lenteur
an	no	pilleur
re	no	mafia
cds	no	camorra
pr	no	poule
dmc	yes	tel et donc
asm	no	bafouer
or	no	murphy
an	no	pourceau
cds	no	delit penal en france
dmc	yes	dégradation
an	no	anoure
cds	no	terre
cds	no	coquin
cds	no	avaler son extrait de naissance
dmc	yes	immoralité
pr	no	rat gris
cds	no	satyriasis
cds	no	rejeter
an	no	cochette
re	no	affaire criminelle
om	no	inhabituel
an	no	plaquer
asm	no	tête de nœud
ps	yes	fall guy
cds	no	rumourmonger
or	no	nullard
or	no	courge musquée
an	no	Âne commun
an	no	eurasian griffon
cds	no	conspirationniste
ps	yes	monohybrides
cds	no	ruffian
ps	yes	Ébène
an	no	mauvaise personne
an	no	cafards
an	no	vamper
cds	no	mouche du coche
re	no	infraction
dmc	yes	bousilleur
om	no	systeme de reference en anatomie
om	no	sexualité anale
re	no	meurtres
cds	no	conventicules
cds	no	mentir
asm	no	grenat
cds	no	partie
qas	no	testicule
cds	no	couarde
dmc	yes	gaffe
an	no	bufo vulgaris var. obtusirostris
an	no	crocodilia
pa	yes	envoyé spécial
cds	no	diablerie
cds	no	charlatan
cds	no	emmerde
cds	no	papparazzi
om	no	bourricot
svp	no	goulu
an	no	gigantostracés
cds	no	cur
an	no	trafic des cadavres
asm	no	demeuré
dmc	yes	mozarella
asf	no	demeuré
cds	no	préjugé scientiste
ddp	yes	empirisme
an	no	bisons d'europe
cds	no	papoter
an	no	bufo carbunculus
cds	no	fascisme québécois
rci	yes	génois
cds	no	baladin
qas	no	ballock
cds	no	poule mouillée
an	no	personne négligée
cds	no	cambrioleuse
an	no	mesohorinis
ps	yes	métisser
ddp	yes	idiotie
an	no	cochon
dmc	yes	porc
an	no	strigiformes
an	no	coquillage
ddp	yes	lesion cerebrale
asm	no	appendice
pr	no	concubines
cds	no	boules-up
ps	yes	hébreu
svp	no	volupté
cds	no	crime
pr	no	génisse
asm	no	timon
svp	no	altier
dmc	yes	malfaiteur
cds	no	galérien
om	no	1069bf
ddp	yes	faune
asm	no	nique
cds	no	ragots
pa	yes	avocat d'affaires
dmc	yes	pauvre diable
qas	no	cultivateur
cds	no	menus larcins
asm	no	testicule
qas	no	bloopers
re	no	ravisseurs
or	no	twats
an	no	gnangnan
dmc	yes	éthique
re	no	gangster
cds	no	tribalisme
cds	no	culte des idoles
an	no	Ânes
ps	yes	lourdaud
dmc	yes	vil
ddp	yes	charlatanisme
re	no	tourment
cds	no	le grand non lavé
re	no	tripoteur
ddp	yes	racaille
asf	no	con
cds	no	hauteur
dmc	yes	faux-cul
ps	yes	famille juive
ddp	yes	canaille
or	no	queer
cds	no	pandémonium
an	no	maraudeur
dmc	yes	clochard
qas	no	rustique
an	no	bonehead
ddf	yes	nain
svp	no	sept péchés capitaux
ddp	yes	créature
dmc	yes	libertinage
svp	no	carcajou
pa	yes	maître assistant
cds	no	baron voleur
is	yes	les pauvres
cds	no	fachisme
cds	no	écoutes
om	no	sodomie
cds	no	liturgie fasciste
qas	no	fouillis
an	no	aphaniptère
cds	no	maison de tolérance
qas	no	médiévale
an	no	imbécilement
om	no	pédéraste
re	no	coquin
dmc	yes	délit
asm	no	européenne haricots
qas	no	part domaine
re	no	slayer
cds	no	tocard
cds	no	penny dreadful
dmc	yes	moralement en faillite
ddp	yes	de bric et de broc
ddp	yes	gland
ddp	yes	moulin à paroles
an	no	gogo
om	no	postérieur
qas	no	merde
qas	no	mendiant
cds	no	aigrefin
cds	no	grandes compagnies
ddp	yes	barbares
asm	no	conarde
qas	no	ceinture de poids
cds	no	rustler
cds	no	sociétés de courtage
an	no	fureur
qas	no	bourgeoisie francophone
cds	no	pompeux
cds	no	franc-maconnerie
an	no	poulet domestique
ddp	yes	animaux
cds	no	geolier
cds	no	difficulté
ddp	yes	lésions cérébrales
om	no	fée
cds	no	gangs
pr	no	fille de trottoir
qas	no	larmoyant
re	no	mensonge malveillant
qas	no	trou
cds	no	demeuré
ps	yes	autres courses
dmc	yes	hypocrite
cds	no	fiston
an	no	chevreau
cds	no	commère
pr	no	vers luisant
cds	no	seigneur du crime
dmc	yes	mauvaises odeurs
qas	no	commun
or	no	inverti
svp	no	indolent
cds	no	affaire criminelle
pa	yes	chaire
cds	no	fausse idole
cds	no	lèvre
om	no	sodomite
pr	no	courtisane
re	no	agressée sexuellement
ddp	yes	stupide
re	no	scélérat
an	no	selle
cds	no	gâcher
cds	no	pourriel
or	no	punctiliousness
pr	no	grue
pa	yes	savetier
ddp	yes	loup
cds	no	fondamentalisme
an	no	civelle
cds	no	idolâtrer
an	no	sangsue
cds	no	peuple
an	no	teleovipera
pa	yes	brute
or	no	nouille
asm	no	barre
cds	no	colline
cds	no	coiffeuse
om	no	lopette
an	no	femme fatale
or	no	citrouille du cap
cds	no	maison de débauche
asf	no	technicité
om	no	culture gay
pa	yes	professeur titulaire
qas	no	mensonginet
qas	no	couille
cds	no	incapable
ddf	yes	difforme
cds	no	bungle
om	no	foeniculum vulgare
cds	no	égocentriste
qas	no	accoutumé
an	no	porcelet
cds	no	chéri
cds	no	filou
svp	no	flemmard
cds	no	agent matrimonial
svp	no	conceitedness
pr	no	ramper trottoir
cds	no	gardien pénitentiaire
cds	no	ordre maçonnique
asf	no	toison
an	no	asins
svp	no	péché de chair
cds	no	délit du code pénal français
ddp	yes	pauvre poisson
svp	no	feignant
cds	no	scélérat
an	no	petits chiens
cds	no	infraction pénale
svp	no	avarice
dmc	yes	bouffon
cds	no	cliques
cds	no	cercle intérieur
cds	no	écume
qas	no	ordinaire
an	no	insectes
is	yes	taux de pauvreté
qas	no	burne
cds	no	modérateur
ddp	yes	gâcheur
cds	no	e-courtier
asm	no	retarder
re	no	activité criminelle
asf	no	fica
an	no	blatte
re	no	embêter
cds	no	garçon
cds	no	free mason
an	no	effraie
re	no	crimes sexuels
an	no	grenouille
ddp	yes	fada
ps	yes	retarder
asf	no	nigaud
an	no	lait de chèvre
cds	no	avisé
an	no	crocodylidae
ddp	yes	cancre
an	no	furie
pa	yes	corporal
dmc	yes	faux t+
dmc	yes	voyous
an	no	microbe
cds	no	limace
re	no	vol de bétail
cds	no	ndrangheta
an	no	bufo palmarum
qas	no	énormité
an	no	harpagnon
cds	no	retard
asm	no	bercé trop près du mur
qas	no	rossignol
ddf	yes	décevante
is	yes	pauvreté urbaine
asm	no	pine
svp	no	irrité
an	no	boucherie
an	no	bison
cds	no	conte
re	no	délit du code pénal français
ddf	yes	personne handicapée
pr	no	rat brun
re	no	tueuse
ddp	yes	rat
asf	no	buisson
an	no	bison d'amérique
cds	no	réactionnaire
pa	yes	homme de loi
cds	no	wonk
dmc	yes	non déontologique
re	no	biens volés
cds	no	piscine bousculant
qas	no	le gardien du marché
or	no	tapette
an	no	famille cimicidae
ps	yes	hebraica
dmc	yes	singe
or	no	niais
cds	no	métisse
qas	no	gaffeur
asm	no	savoir
an	no	prostituée de la rue
ddp	yes	lésion cérébrale
an	no	aphaniptera
ps	yes	barbare
dmc	yes	boussole morale
an	no	psittaciforme
qas	no	sodbuster
asm	no	foutre
cds	no	sélection massale
qas	no	commune
cds	no	fondamentalisme américain
asm	no	p
dmc	yes	baguenaudier
cds	no	scotophinus
pa	yes	homme politique
re	no	chiseler
an	no	taure
asm	no	couille
an	no	merde
cds	no	bordel légal
ps	yes	concombre
ps	yes	bédouin
ps	yes	minorité ethnique non sédentarisée
ddp	yes	fumbler
an	no	voleurs de corps
om	no	non occidentalisés concepts de la sexualité masculine
an	no	bisons
cds	no	voleur
an	no	mouton domestique
pr	no	putains
svp	no	perte de volonté
ddf	yes	bossu
an	no	hyènes
ddp	yes	couillon
qas	no	profiteur
asf	no	tête de nœud
cds	no	commodité publique
qas	no	baragouin
an	no	naine
or	no	brassica oleracea
asm	no	shtup
an	no	anguillidae
an	no	leech
cds	no	maladresse
an	no	chasseur de femme
svp	no	avaricieux
cds	no	clanisme
ddp	yes	nichon
an	no	crocodile
cds	no	marieur
re	no	supplice
cds	no	jacking off
cds	no	perfide
asm	no	démoulé trop tôt
asm	no	repos
an	no	diddlyshit
qas	no	aberrant
an	no	herpétofaune
ddp	yes	pur
cds	no	tribaux
pr	no	papillon(s) de nuit
qas	no	homme d'affaire
cds	no	enfant de l'amour
re	no	mafia sicilienne
ddp	yes	fils de putain
cds	no	sportif maison
ps	yes	métis
qas	no	paroissiale
ps	yes	culture selective des plantes
pa	yes	poissarde
ddp	yes	bousilleuse
qas	no	collaborateur
an	no	poulet
cds	no	train
om	no	travelo
is	yes	pauvre diable
cds	no	selle
an	no	cafard
qas	no	bousiller
ddp	yes	crédule
dmc	yes	dissolu
qas	no	troupeau
pr	no	concubin
cds	no	arlequin
asm	no	bizoune
qas	no	mosaïque
cds	no	astucieux
asf	no	cheveux entrejambe
or	no	minou
re	no	camorra
cds	no	bas bleu
asm	no	jerk-off
dmc	yes	mensonginet
ddp	yes	haltère
pr	no	surmulot
asf	no	connil
svp	no	angriness
qas	no	peintre en bâtiments
an	no	tzarevcsya
an	no	loup
dmc	yes	sectaire
an	no	aboyer
ddp	yes	absurdité
an	no	blatoptère
ps	yes	histoire des roms
or	no	bonce
om	no	pédé
re	no	assassiner
ps	yes	gaspilleur
an	no	sous-ordre blattodea
cds	no	projet réactionnaire
asm	no	baise
an	no	miette
asm	no	prépuce
ddp	yes	butor
qas	no	crépisseur
an	no	ewe
qas	no	villageoise
cds	no	incivil
om	no	fenouil
qas	no	bordel
pr	no	putain
or	no	chou commun
pa	yes	université
re	no	agressions sexuelles
cds	no	tire-au-flanc
cds	no	letrines
dmc	yes	tripoteur
pr	no	hétaïre
cds	no	passer de vie à trépas
pr	no	moo-cow
or	no	conin
an	no	peureux
cds	no	sournoiserie
ps	yes	métèque
cds	no	italie mussolinienne
cds	no	hôtel de passe
om	no	âne
is	yes	ladrerie
dmc	yes	rapide
cds	no	bêtise
pr	no	prostitué
qas	no	récupération de ferraille
dmc	yes	clowns
an	no	equus africanus asinus
cds	no	vols de bétail
an	no	pigeonner
an	no	crocodiles
cds	no	vestige
cds	no	bordels
asm	no	couilles
asm	no	symbole phallique
an	no	sac de racaille
an	no	bâton-dans-la-boue
cds	no	nosy-parker
dmc	yes	impoli
pr	no	rats
cds	no	sainte relique
om	no	derriere
ps	yes	noir d'encre
cds	no	malhonnête
is	yes	pauperisme
re	no	diffamation
cds	no	hybride intergénérique
pa	yes	professeur ordinaire
cds	no	poltronnerie
pa	yes	savatier
qas	no	sac triste
ddp	yes	rebouteur
is	yes	have-not
cds	no	fanatisme hindou
cds	no	espiègle
asf	no	tripe
cds	no	néonatale
cds	no	théoriciens de la conspiration
cds	no	journaliste
om	no	hop
an	no	chouette
cds	no	hypothèse
cds	no	charlatanisme
qas	no	mensonges
cds	no	camarilla
ps	yes	sélection massale
asf	no	bête
an	no	groin
ddp	yes	abasourdir
qas	no	homme commun
cds	no	clown
svp	no	vindicatif
cds	no	utilité publique
an	no	acharnement
svp	no	ne rien faire
an	no	fripouille
an	no	carne
qas	no	bourgeoisie
re	no	arnaqueur
cds	no	retarder
ddp	yes	aberrant
svp	no	rat
an	no	goule
an	no	genre anguilla
cds	no	ragot
cds	no	embrouillamini
asm	no	faute professionnelle
an	no	rage
an	no	tel et donc
ps	yes	mongoloïde
cds	no	espièglerie
asm	no	pois
re	no	tortionnaire
cds	no	universitaire
ps	yes	bulgare
cds	no	blackballing
cds	no	clann
an	no	enculé
svp	no	bigoterie
cds	no	proxenetisme
cds	no	chawbacon
ddf	yes	handicapée
om	no	chochotte
pa	yes	conseiller légal
ps	yes	beduin
cds	no	réactionnarisme
dmc	yes	négligé
cds	no	table à langer
an	no	bos primigenius taurus
qas	no	baroque
qas	no	bungle
ddp	yes	mufle
cds	no	scientisme
re	no	fripouille
pr	no	sirène
cds	no	proxénète
or	no	twat
asm	no	fall guy
cds	no	plaidoyer
asm	no	pterygiophore
an	no	maringouin commun
cds	no	officier de police
asf	no	oiseau
qas	no	agriculteur
an	no	valet
is	yes	harpagon
an	no	caster
re	no	dur
cds	no	gratter
or	no	crétin
cds	no	courtage
svp	no	flâneur
an	no	mangeur d'hommes
dmc	yes	cruel
cds	no	fascisme européen
cds	no	menterie
qas	no	maladresse
cds	no	spectatrice
qas	no	correspondance
qas	no	bouts
cds	no	cadavre animal
asm	no	blouser
ddp	yes	retard mental
om	no	female impersonator
dmc	yes	cancre
ps	yes	nègre
an	no	codswallop
om	no	dragqueen
dmc	yes	cambrioleur
pr	no	ver luisant
cds	no	maquerelle
qas	no	sciolist
an	no	prédateur
re	no	voler
an	no	hyaenidae
cds	no	charogne
pr	no	mondains
an	no	fou
cds	no	intégriste
ddp	yes	personne stupide
an	no	vipera berus pseudaspis
an	no	bestial
an	no	athene noctua
cds	no	relation
cds	no	passionné
an	no	arionidae
re	no	raper
qas	no	paysannes
an	no	chacal commun
cds	no	ordures menageres
svp	no	important
cds	no	crimes
svp	no	fierté
om	no	les relations sexuelles anales
qas	no	moyenâgeux
ddp	yes	épifaune
re	no	sauvage
ddp	yes	pigeon
dmc	yes	maléfique
qas	no	déchet métallique
cds	no	fondamentaliste
cds	no	actu
cds	no	hors-la-loi
cds	no	primate
dmc	yes	mise hors la loi
cds	no	rustaud
cds	no	francs maçons
qas	no	hutte
cds	no	fausseté
asm	no	bander
asf	no	muttonheads
ps	yes	sélection récurrente
asm	no	bistouquette
an	no	prostitué
ddp	yes	animal
cds	no	tête de nœud
an	no	trou
an	no	equus asinus
re	no	kidnapping
an	no	pleureur
asm	no	baisage
cds	no	maçonnerie
re	no	mafia: the city of lost heaven
cds	no	offre
an	no	coucou
dmc	yes	histoires
asf	no	knucklehead
ddp	yes	médecin charlatan
cds	no	en gros
dmc	yes	brute
cds	no	maçonniques
is	yes	intouchable
pa	yes	conseil
ps	yes	religion juive
cds	no	nouveau-nés
ps	yes	homme noir
cds	no	râleuse
qas	no	État bourgeois
dmc	yes	bigoterie
re	no	rapt
cds	no	fascisant
ps	yes	jerry
an	no	vipère berus
an	no	têtu
asm	no	crétin
an	no	prostituée
an	no	parasite
svp	no	rapace
qas	no	monsieur tout-le-monde
om	no	miches
re	no	libeler
asm	no	quéquette
pr	no	taure
cds	no	pédant
an	no	férocité
svp	no	en colère
an	no	poisson scorpion
asm	no	lever
svp	no	lubrique
qas	no	homme d'affaires
re	no	enlèvements
an	no	bœuf domestique
ps	yes	benêt
qas	no	betisier
cds	no	pauvre diable
ddp	yes	dunce
an	no	fille publique
pa	yes	bergère
ddp	yes	bâtard
cds	no	blague
cds	no	prêt d'argent
qas	no	bourde
asm	no	rouston
ddp	yes	demeuré
cds	no	fasciste
cds	no	brigands
cds	no	agent des services correctionnels
or	no	abruti
qas	no	propriétaire d'entreprise
cds	no	mauviette
cds	no	policiers
cds	no	scab
cds	no	hybride
an	no	boeuf
pr	no	racoleuse
ps	yes	judaica
om	no	prout
dmc	yes	chapardeur
re	no	calomniatrice
re	no	infraction pénale
cds	no	grossier
svp	no	dégout
re	no	braquage de banque
or	no	caboche
an	no	chev%c3%aache d%e2%80%99ath%c3%a9na
cds	no	stupide
an	no	limace
an	no	sébaste
qas	no	exploitant agricole
ddp	yes	niais
ddp	yes	des trucs et non-sens
asf	no	codswallop
an	no	cochon domestique
re	no	fausses accusations
cds	no	beguine
asf	no	arbrisseau
cds	no	maquereau
ps	yes	destroyer
svp	no	léthargie
ddp	yes	concombre
om	no	exceptionnel
svp	no	tṛṣṇā
or	no	astreignant
pr	no	fille de joie
qas	no	roubignolle
cds	no	croon
pa	yes	caporaux
pr	no	fille des rues
pa	yes	sauvage
ps	yes	peuple d'israël
ddp	yes	balourd
an	no	mouilek
svp	no	indifférence
cds	no	criminalité
cds	no	méchant de fiction
asm	no	couillon
is	yes	prier
svp	no	feignantise
cds	no	paraisons
cds	no	fouiner
ps	yes	Économie noire
asf	no	jupe
cds	no	shylock
cds	no	étage
an	no	cabri
svp	no	col
dmc	yes	code moral
cds	no	moi
cds	no	oisif
ddp	yes	nibard
an	no	aphaniptères
cds	no	proxénètes
cds	no	lapsus de langue
asm	no	faute de main
ps	yes	hybride artificiel
rci	yes	bâtard
dmc	yes	libertin
an	no	grigou
cds	no	discrimination religieuse
pa	yes	pédante
ddp	yes	fabrique
cds	no	casser sa queue de billard
asf	no	balourd
cds	no	maçoniques
asm	no	concombre
or	no	enculé
cds	no	bûcheur
re	no	viol conjugal
cds	no	hybride artificiel
svp	no	luxure
is	yes	chagrin
an	no	bos taurus domesticus
an	no	barred owl
re	no	infraction sexuelle
cds	no	violence religieuse
dmc	yes	vagabonde
an	no	maringouin domestique
re	no	travail de démolition
svp	no	oisif
cds	no	baratin
qas	no	paroisses
svp	no	concupiscence
cds	no	infatuation
asm	no	faire zizi-panpan
an	no	latasteopara
an	no	phthiraptère
an	no	sangsues
cds	no	craque
ddp	yes	analphabète
cds	no	pensée réactionnaire
qas	no	trique
pr	no	fille
qas	no	rustre
cds	no	nerd
an	no	stupidement
qas	no	ectoparasites
cds	no	radiation
om	no	keister
cds	no	ultraconservateur
om	no	séant
svp	no	ire
an	no	voyou
cds	no	franc-mestiers
cds	no	toupet
cds	no	leader
cds	no	pleurnicheur
or	no	fenouil sauvage
ddp	yes	personne incapable
an	no	aureus
an	no	squalus carcharias
an	no	biston betularia
ddp	yes	sac triste
pa	yes	moutonnière
dmc	yes	dilly-dallier
ps	yes	selle
cds	no	fondamentalisme religieux
is	yes	parcimonieux
cds	no	hybride interspécifique
cds	no	nourisson
ps	yes	asiatique
re	no	maltraitement
an	no	faune
cds	no	tripoteur
cds	no	mafiosi
cds	no	dogmatisme
svp	no	lasciveté
cds	no	tribale
cds	no	théorie des complots
dmc	yes	râteau
pa	yes	employée
dmc	yes	débauché
an	no	attaque de requin
qas	no	baraque
ddp	yes	rustaude
an	no	macrofaune
asf	no	doux au toucher
an	no	cruche
dmc	yes	grossier
asf	no	doofus
qas	no	sbire
qas	no	fauteur de troubles
or	no	fotzen
svp	no	stupre
an	no	chacal
cds	no	société de courtage
asm	no	jeune coq
cds	no	pauvre
an	no	bœufs
an	no	plouc
dmc	yes	pharisien
cds	no	high rollers
cds	no	arriviste
cds	no	collaborateur parlementaire
re	no	gredin
is	yes	rapiat
qas	no	débris
asm	no	imbécilité
qas	no	abandonné le navire
re	no	méchant de fiction
re	no	calomnie
ps	yes	negre
dmc	yes	atroce
om	no	travestisme
dmc	yes	mouffette
dmc	yes	dieu filou
an	no	animalia
svp	no	aversion
cds	no	charognes
om	no	pédophile
an	no	afin crocodylia
qas	no	dilettante
an	no	chèvre sauvage domestique
cds	no	latrine
pr	no	mite
qas	no	troubla
an	no	cul
an	no	larve de mouche
asm	no	caserne
an	no	pute
an	no	nounou
an	no	cuckolding
cds	no	s'éteindre
or	no	buse
cds	no	régimes fascistes
dmc	yes	impostrice
svp	no	fainéantise
qas	no	va-nu-pieds
dmc	yes	étroit
an	no	sciaenops ocellatus
or	no	stupide
dmc	yes	talon
an	no	vamp
dmc	yes	mozza
cds	no	tumulte
cds	no	enseignant
asm	no	burne
an	no	hétérocère
qas	no	cueillir
re	no	viols
an	no	caprinae
pr	no	lampyre
dmc	yes	banni
ps	yes	boule
is	yes	ladre
an	no	renarde
or	no	doubeurre
svp	no	minginess
cds	no	armée
an	no	corps à l'arraché
cds	no	séchoir à linge
qas	no	art oratoire
an	no	selachimorpha
cds	no	boulette
svp	no	avaritia
svp	no	dillydallier
qas	no	trading systématique
re	no	vols
cds	no	omertà
om	no	tantouze
cds	no	voleuse
pa	yes	professoral
ps	yes	hybride
cds	no	cogner
qas	no	chien de saint-hubert
asm	no	connaître
cds	no	théories du complot
ddp	yes	tête de noeud
svp	no	envie
ddp	yes	conteur
qas	no	ordure
cds	no	farceur
cds	no	cloaque
cds	no	badinerie
cds	no	farrago
asf	no	concombre
asf	no	minette
cds	no	bloopers
cds	no	newspaperwoman
pr	no	sportif dame
or	no	tante
an	no	hyène
cds	no	christianisme scientifique
dmc	yes	arlequin
an	no	face
re	no	pour diffamation
cds	no	populations tribales
cds	no	mac
ddf	yes	bossue
qas	no	vide poche
asm	no	volatile
cds	no	groupe de parenté
cds	no	renard
asf	no	poule
ddp	yes	dommages au cerveau
cds	no	reactionnaire
dmc	yes	infortuné
svp	no	paresse
cds	no	râleur
an	no	lapin
cds	no	culture sélective des plantes
cds	no	commérage
asm	no	bandaison
an	no	muggins
dmc	yes	sang
qas	no	parasiter
ps	yes	le judaïsme
re	no	frauder
an	no	chouette effraie
ps	yes	changeling
qas	no	endoparasites
re	no	abus de pouvoir
asf	no	simple
cds	no	gaffe
an	no	limaçon
dmc	yes	sans-abri
dmc	yes	bidouillé
pr	no	prostitution de rue
re	no	tromper
ps	yes	idiote
an	no	poule
ddp	yes	bousilleur
asf	no	fille
cds	no	camorriste
re	no	violeur
re	no	'ndrangheta
cds	no	confusion
an	no	bêtement
cds	no	fachiste
an	no	anesse
ps	yes	sauvage
dmc	yes	non éthique
om	no	baudet
om	no	pédale
an	no	poux
dmc	yes	propre à rien
cds	no	designer
dmc	yes	ne rien faire
svp	no	bon à rien et
ddp	yes	férocité
cds	no	être
pr	no	lampyris noctiluca
an	no	grue
re	no	acte criminel
or	no	foeniculum vulgare
an	no	gallus gallus domesticus
an	no	de bric et de broc
dmc	yes	règle morale
cds	no	hall
an	no	nullard
om	no	salaud
cds	no	rumormonger
cds	no	pédagogique
pr	no	connard
cds	no	fermer les yeux
pr	no	rat d'égoût
om	no	tarlouze
dmc	yes	truqué
dmc	yes	sans scrupules
dmc	yes	immoral
cds	no	bobo
svp	no	gourmand
cds	no	merde noire
ps	yes	rustaud
qas	no	misérable
cds	no	félon
asm	no	stupide
an	no	ixodida
asm	no	œuf
dmc	yes	dégoutant
asm	no	ﬁcken
re	no	mauvais traitement
an	no	hyene
om	no	plan sagittal médian
an	no	hyaena
an	no	scorpaenidae
cds	no	gouaille
an	no	escargots de bourgogne
an	no	famille anguillidae
cds	no	wimps
cds	no	primat
an	no	parcimonieux
re	no	rôle du méchant
ddp	yes	moronity
cds	no	hack écrivain
pa	yes	groom
qas	no	industriels
cds	no	causa nostra
an	no	raunch
cds	no	porc
dmc	yes	déserteur
qas	no	bâtard
cds	no	matcher
or	no	choux cultivés
an	no	bourrin
re	no	rouge
asm	no	prepuce
or	no	choux
ddp	yes	ignard
qas	no	bourgeoisie anglaise
ddp	yes	arrieration mentale
cds	no	diable
asf	no	möse
pr	no	vaches laitières
an	no	bison bison
re	no	trophée
cds	no	sauf
ddp	yes	patapouf
cds	no	personne stupide
dmc	yes	dépensier
ps	yes	melanoderme
cds	no	professeur
cds	no	lâcheté
an	no	pegaeus
ddp	yes	innocent
cds	no	chapardeur
pa	yes	scolastique
pa	yes	avocats
qas	no	agriculteurs
om	no	inverti
cds	no	codswallop
ddp	yes	cérébrolésé
cds	no	casini
cds	no	taux d'usure
ddf	yes	crevette
an	no	pip-squeak
ddp	yes	ignorant
ps	yes	rustaude
cds	no	go-between
cds	no	franc-maçonnisme
om	no	dame
asf	no	anthony simon
dmc	yes	homoncules
cds	no	lowlife
asm	no	âne
is	yes	prématuré
svp	no	excédé
cds	no	escroc
asm	no	bitte
is	yes	avaricieux
an	no	piranha
an	no	genre pipistrellus
an	no	froussard
re	no	instrument de torture
or	no	votze
asm	no	ridicule
re	no	acte de terrorisme
om	no	région fessière
dmc	yes	supercherie
cds	no	égoïsme
om	no	finocchio
cds	no	le fascisme
re	no	terrorisme international
dmc	yes	goof-off
qas	no	gésir
an	no	gouffre
cds	no	jeux de casino
asf	no	âne
asf	no	chatte
pa	yes	controleur de gestion
qas	no	bourgeoisie capitaliste
asm	no	con
an	no	lignes latérales
asm	no	putain
cds	no	bâtard
an	no	bœuf
ps	yes	mélanoderme
cds	no	theorie du complot
svp	no	inactivité
asm	no	vit
cds	no	cosa nostra
svp	no	gourmet
an	no	mangeurs d'hommes
an	no	achète
an	no	faunistique
om	no	lune
qas	no	huttes
an	no	grimace
an	no	crapeaud
qas	no	sauvage
an	no	bufo cinereus var. hybridus
ps	yes	mufle
ps	yes	tzigane
asm	no	roubignolle
qas	no	contrevérité
an	no	selachii
dmc	yes	personne malheureuse
re	no	viol par contrainte
om	no	ipsilatéral
re	no	criminels
an	no	Équidé asinien
om	no	puanteur
qas	no	déchet
re	no	vilain
ddf	yes	mal-voyant
svp	no	propre à rien
re	no	truander
pa	yes	greffier
pr	no	garce
om	no	pénétration anale
cds	no	souteneur
ps	yes	négroïdes
an	no	vers luisant
ddf	yes	handicapées
an	no	inexorable
ddp	yes	sot
or	no	la pomme de terre
svp	no	ladrerie
cds	no	camper
dmc	yes	fainéant
an	no	doodly-squat
an	no	mule
an	no	caprinidé
svp	no	fainéant
pr	no	epimys norvegicus
cds	no	transformisme
dmc	yes	poli
an	no	pediculus corporis
an	no	métastigmata
cds	no	fanatisme chrétien
an	no	blattes
qas	no	déchets
asm	no	imbécile
cds	no	trasformismo
dmc	yes	crevette
dmc	yes	factice
dmc	yes	trickster
dmc	yes	ismaël
cds	no	gros malin
or	no	exigeant
an	no	pudge
qas	no	bousilleuse
an	no	bêtise
asf	no	buse
cds	no	bouffon
svp	no	aï
svp	no	fâché
cds	no	hybride naturel
dmc	yes	renégat
svp	no	bon à rien
cds	no	révérer
cds	no	ruse
qas	no	embrouillamini
qas	no	langage politique
dmc	yes	bon à rien
an	no	crapauds
asm	no	la bêtise
qas	no	mélange
is	yes	misérable
an	no	coquette
dmc	yes	radin
qas	no	habituel
cds	no	délit de lâcheté
cds	no	demagog
dmc	yes	homoncule
svp	no	vaurien
qas	no	mauvais chapeau
ps	yes	ostrogoth
asm	no	fèves
cds	no	patron
dmc	yes	canaille
an	no	anguille
ddp	yes	balivernes
dmc	yes	valet
qas	no	tapeur
ps	yes	judaïque
rci	yes	mufle
cds	no	conceitedness
cds	no	systèmes mafieux
pa	yes	entrepreneur
cds	no	feignant
cds	no	fatigué
cds	no	bousilleur
re	no	arnaquer
re	no	escroquer
cds	no	pote
an	no	canular internet
cds	no	branler
is	yes	pingrerie
ddf	yes	décevant]]
an	no	lapsus
qas	no	incapable
asm	no	niquer
is	yes	lutte contre la pauvreté
cds	no	croisement
pa	yes	caporal
cds	no	sauvage
is	yes	malheureux
cds	no	sermonner
asm	no	brun foncé
cds	no	lèche-bottes
pa	yes	cabot
svp	no	vantardise
dmc	yes	incapable
dmc	yes	girouette
an	no	canulars
cds	no	mafioso
or	no	cataplasme
cds	no	francs-maçons
dmc	yes	empester
an	no	hyenidae
ddp	yes	rumormonger
ddp	yes	mouette
cds	no	trou
re	no	violeurs
asm	no	avafauna
dmc	yes	fumbler
re	no	abus
an	no	serpent dans l'herbe
an	no	piège
qas	no	bourgeoisie conservatrice
is	yes	méchant tragique
svp	no	les 7 pêché capitaux
an	no	insecte
an	no	pou
pa	yes	académisme
ddp	yes	stupidité
pr	no	doxy
qas	no	homme d%e2%80%99affaires
cds	no	zelotes
om	no	transvestisme
ps	yes	boche
re	no	violente
ps	yes	doux au toucher
cds	no	agent de détention
ps	yes	sky girls
pa	yes	salarié
an	no	petit-duc macule
cds	no	imprimés publicitaires
an	no	hirudinées
cds	no	claniques
dmc	yes	bouffon du roi
dmc	yes	clodo
cds	no	wangler
an	no	avaricieux
an	no	bufo minutus
cds	no	schoolma'am
qas	no	homme du commun
cds	no	pétaudière
qas	no	bourgeoisie française
cds	no	grungeur
cds	no	chien de race mixte
cds	no	pedagog
ddp	yes	imbécile
svp	no	fainéante
svp	no	orgueil
cds	no	muggins
asm	no	conard
an	no	pou de corps humain
qas	no	crampon
cds	no	gredin
svp	no	fureur
re	no	assassiner au deuxième degré
an	no	brent
asm	no	coq
cds	no	sigisbée
pr	no	escort-boy
an	no	pou de corps
an	no	pilotage
cds	no	membre de la tribu
cds	no	poire
cds	no	scores
ddp	yes	blockhead
pr	no	renarde
cds	no	liasses
dmc	yes	sdf
or	no	chou cabus
ps	yes	gogo
cds	no	masses
re	no	n'dranghetta
ddp	yes	idiote
an	no	caprins
ps	yes	changelins
an	no	organisme animal
cds	no	surveillant pénitentiaire
an	no	crocodylia
an	no	entourloupe
svp	no	spiritlessness
qas	no	personne commune
cds	no	musique grunge
cds	no	rock grunge
om	no	petits pains
asf	no	connasse
cds	no	cafteur
ps	yes	nigga
an	no	blanchaille
dmc	yes	coquin
cds	no	le culte des idoles
an	no	oiseau de nuit
ps	yes	monohybride
cds	no	biotechnologie des plantes
ps	yes	croix
ps	yes	contre-torpilleur
cds	no	réac
ddp	yes	ne savent rien
or	no	soin méticuleux
qas	no	huche
re	no	rapine
qas	no	homme du peuple
ps	yes	vagabond
cds	no	néofondamentalisme
cds	no	correspondant
is	yes	moi
cds	no	paparazzi
an	no	couillon
an	no	foutriquet
asm	no	pois cassé
dmc	yes	méchant de fiction
om	no	drag queens
an	no	bufo ferruginosus
qas	no	bourgeoisie anglophone
svp	no	cupide
or	no	connichon
cds	no	idolâtrie
cds	no	égout sanitaire
re	no	braquage
cds	no	idéologie maçonnique
an	no	pipistrelle
cds	no	transformisme politique
asf	no	arbuste
ps	yes	juif
qas	no	travail à la maison
asm	no	faire l'amour
qas	no	conte
svp	no	ennui
cds	no	gésir
cds	no	scrawler
cds	no	nigaud
re	no	enlevement
cds	no	attaché parlementaire
asm	no	avoir
is	yes	pauvre
re	no	duper
asm	no	rayons mous
asm	no	café
ddp	yes	zoophilie
cds	no	tripe
qas	no	bidonville
ddp	yes	enculé
asm	no	selle
pr	no	comare
ps	yes	infortuné
qas	no	les boules
ps	yes	nègres
dmc	yes	indécent
cds	no	dévorer
pr	no	rat
dmc	yes	pingre
ps	yes	carton jaune
an	no	lombrosianisme
qas	no	confiture
cds	no	slackers
cds	no	spoliation
ps	yes	zoulous
om	no	pédérastique
svp	no	abomination
om	no	dames
pr	no	odalisque
an	no	aurochs
an	no	pigeon
dmc	yes	chalutier
asf	no	sot
cds	no	diminuer
cds	no	déchet ménager et assimilé
cds	no	dandy
cds	no	omerta
asf	no	fighe
dmc	yes	oisif
ps	yes	vandale
asm	no	pois cassés
an	no	crocodilien
asf	no	votze
svp	no	jaloux
re	no	enfant battu
cds	no	méchante
cds	no	monohybridisme
an	no	mollusques
qas	no	paysans
dmc	yes	bâtard
an	no	physionomie
re	no	piraterie maritime
cds	no	clé en main
an	no	escort-boy
an	no	bufavus
an	no	chipie
asm	no	à base de fèves usine
asm	no	ovule
cds	no	collaborateurs parlementaires
cds	no	prêteurs
cds	no	lampiste
svp	no	libidineuse
re	no	méchante
dmc	yes	sale type
svp	no	faignant
cds	no	déchet métallique
cds	no	fawner
qas	no	classe professionnelle
ddp	yes	changeling
cds	no	caravane
ddp	yes	bourrique
asf	no	bêtise
ps	yes	hybride intergénérique
asm	no	loi 12 du football : fautes et comportement antisportif
dmc	yes	gâcheur
or	no	1069bf
an	no	bourricot
cds	no	casse-tête
asm	no	truander
or	no	pudden-tête
re	no	agresser sexuellement
an	no	fille des rues
cds	no	sélectionneur de plantes
an	no	volaille
cds	no	sneak thief
qas	no	sentimental
cds	no	fanfaron
is	yes	canaille
svp	no	envieux
cds	no	connasse
cds	no	je-sais-tout
dmc	yes	tromperie
qas	no	vagabond
an	no	poule domestique
svp	no	plein de luxure
ps	yes	demeuré
an	no	floozie
an	no	sus
cds	no	kamarilla
asm	no	bourrique
cds	no	falot
cds	no	noix
cds	no	simple
cds	no	oléagineux
qas	no	ballast
dmc	yes	rustre
pr	no	gangster moll
an	no	zooerastia
cds	no	cambrioleur
ddp	yes	ignorance
dmc	yes	gaspilleur
cds	no	couardise
an	no	ladrerie
qas	no	chaumière
cds	no	trublion
an	no	poulets de chair
rci	yes	barbares
ddp	yes	la bêtise
cds	no	satan
qas	no	baloche
ddp	yes	détenu
asm	no	arnaquer
or	no	connard
asm	no	haltère
cds	no	crétin
cds	no	dépendance au sexe
qas	no	classe bourgeoise
cds	no	déchets ménagers
an	no	gyps fulvus
an	no	phryne
cds	no	pleureur
asm	no	plant de pois
cds	no	culture des gangs
or	no	möse
or	no	benêt
dmc	yes	pignouf
ddp	yes	pie
ps	yes	population de couleur noire
qas	no	merde noire
dmc	yes	valeurs morales
re	no	acte terroriste
cds	no	coterie
asm	no	changelins
or	no	homosexuelle
cds	no	mafia
re	no	enlèvement
qas	no	vagabonde
qas	no	rapiécer
ps	yes	croisés
cds	no	marquignon
asm	no	connasse
cds	no	inner circle
cds	no	purin
cds	no	w.-c.
cds	no	ordure
qas	no	histrionique
cds	no	delit de lachete
ddp	yes	arriération mentale
an	no	profiteur
dmc	yes	fripon
ddp	yes	cornichon
om	no	minet
asm	no	mange-merde
qas	no	mensonge par omission
cds	no	riches
cds	no	tête boudin
asm	no	zguègue
an	no	grenouilles
cds	no	bandit de grands chemins
cds	no	montagne
pr	no	gun moll
ddp	yes	déficience intellectuelle
cds	no	con
cds	no	mise hors la loi
an	no	anura
re	no	vol à main armée
cds	no	péon
asf	no	connichon
cds	no	valet
cds	no	changeling
or	no	enfoiré
asm	no	jacking off
an	no	rana acephala
asm	no	bêtise
cds	no	réactionnaires
ddp	yes	nullard
ps	yes	bourrique
asf	no	enculé
dmc	yes	pseudo
cds	no	bandit
cds	no	conne
asm	no	inintelligence
cds	no	connarde
cds	no	vaches
ps	yes	bâtard
pr	no	rue fille
asf	no	lampiste
ddp	yes	incompétent
qas	no	omnium-gatherum
ddf	yes	jeu
ddp	yes	méchanceté
asm	no	nichon
re	no	meurtrière
om	no	fessier
an	no	fall guy
cds	no	gonzesse
ps	yes	rrom
cds	no	bande criminelle
ddp	yes	traître
an	no	chèvre marrone
ddp	yes	bûche
asf	no	cunts
an	no	coluber berus
dmc	yes	sac de racaille
pr	no	taurin
or	no	pomme-de-terre
pr	no	blague
dmc	yes	falsification
re	no	crucifixion
re	no	entourloupe
qas	no	niche à chien
cds	no	surveillant pénitentaire
ddp	yes	fureur
an	no	voyous
cds	no	eaux usées domestiques
cds	no	sale type
an	no	mouche
qas	no	auto-infection
ps	yes	origine africaine
dmc	yes	traîneur
pr	no	pute
an	no	heteroceres
om	no	anomal
pa	yes	pointilleux
qas	no	businessman
cds	no	snob
cds	no	symbole maçonnique
qas	no	classes moyennes
an	no	blockhead
an	no	créature
qas	no	bousilleur
ps	yes	vandales
an	no	animaux pluricellulaires
cds	no	la grosse tête
or	no	solanum tuberosum
pr	no	phalène
ddp	yes	goujat
or	no	clope
ddp	yes	microcephalus
cds	no	bêta
an	no	canal des basses
asm	no	morceau d'âne
ps	yes	noir
pr	no	hétérocère
ps	yes	chinois
an	no	pirate
an	no	inexorabilité
qas	no	notion générales de parasitologie
an	no	incompétent
ps	yes	peuple zoulou
dmc	yes	voyou
cds	no	sociétés tribales
re	no	crimes
ddp	yes	gossiper
or	no	homo
asm	no	à base de fèves
an	no	escorte masculine
asm	no	érection du pénis
pr	no	mus americanus
asm	no	fèverole
asf	no	connard
asm	no	entourloupe
om	no	homosexual
om	no	rapport anal
qas	no	patchwork
cds	no	rusé
ddf	yes	personne aveugle
om	no	postérieurement
an	no	canasson
cds	no	turlupin
qas	no	commerçant
an	no	phthiraptères
cds	no	impertinence
pr	no	filles de joie
an	no	gonzesse
an	no	phalène du bouleau
cds	no	wheeler dealer
asm	no	copuler
pa	yes	gardien de la porte
or	no	homophile
cds	no	gribouillage
dmc	yes	délit du code pénal français
ps	yes	balourd
an	no	vautour fauve
asm	no	jouer à zizi-panpan
asm	no	baloche
svp	no	jalousie
qas	no	compatriote
ps	yes	gascon
cds	no	violation de la loi
an	no	batracien
ddp	yes	anus
pr	no	phalène du bouleau
an	no	chien domestique
re	no	mafioso
an	no	phylum des mollusques
ps	yes	fada
svp	no	agressive
re	no	pillage
qas	no	femme d'affaires
pa	yes	pyronia tithonus
cds	no	peureux
an	no	cocu
ps	yes	peuple mongol
an	no	brute
ddp	yes	changelins
cds	no	fils de putain
an	no	vacca
cds	no	rat
cds	no	méli-mélo
svp	no	sans compte
svp	no	pridefulness
svp	no	furieux
an	no	connard
qas	no	testicules
pa	yes	portier
or	no	chou pommé blanc
svp	no	cupidité
cds	no	vanité
ddp	yes	cafteuse
cds	no	égocentré
pa	yes	professeur de recherche
dmc	yes	filou
qas	no	plébéien
ps	yes	tziganes
an	no	ixode
an	no	megascops
an	no	rouncey
an	no	Ânon
an	no	rentboy
cds	no	péons
ps	yes	saccageur
an	no	acanthobdelliformes
pa	yes	politique
asm	no	duper
re	no	argent sale
pa	yes	cordonnerie
pa	yes	éminent professeur
cds	no	petit coin
an	no	cancrelat
om	no	dorso-ventrale
cds	no	console
or	no	bonehead
qas	no	pignouf
asf	no	selle
ddp	yes	coucou
ps	yes	race noire
cds	no	chanteur de charme
ddp	yes	déficience mentale
pa	yes	conseiller juridique
cds	no	fouillis
re	no	causa nostra
dmc	yes	contrevérité
an	no	Ânesse
or	no	mouvement homophile
qas	no	mélanger
ddp	yes	peine d'emprisonnement
svp	no	abattement
asm	no	ballock
cds	no	gangs de rue
ps	yes	biotechnologie des plantes
an	no	talon
cds	no	tohu-bohu
qas	no	factotum
an	no	saccageur
re	no	sévère
asf	no	bûche
or	no	chou pommé hâtif
ddf	yes	handicaps physiques
asm	no	avifaune
re	no	meutrier
an	no	chevêche d'athéna
an	no	puce
dmc	yes	vagabonder
ps	yes	darkey
svp	no	aboulie
cds	no	trépasser
cds	no	muguet
dmc	yes	nauséabond
an	no	abruti
an	no	asticot
cds	no	liberi muratori
qas	no	chien de la maison
cds	no	garçon de courses
ps	yes	nigra
om	no	homosexuelles
re	no	viol
svp	no	glouton
cds	no	collectif
re	no	racketteur
dmc	yes	maquillé
svp	no	cupidité des entreprises
cds	no	contentement de soi
dmc	yes	trafiqué
svp	no	kāma-rāga
cds	no	canaille
dmc	yes	gangsters
om	no	fouindé
cds	no	rejet
re	no	question ordinaire
ddp	yes	selle
an	no	rapace nocturne
an	no	lampyris noctiluca
qas	no	cohue
svp	no	gula
an	no	ne savent rien
an	no	insecte hémiptère
asm	no	phallique
cds	no	guerre des gangs
cds	no	git
cds	no	camping-car
asm	no	poupe
or	no	cocombre
cds	no	d'extrême-droite
dmc	yes	avorton
ddf	yes	infirmité
cds	no	bagne
qas	no	de bric et de broc
svp	no	grincheux
cds	no	proxénétisme
cds	no	maçonnisme
cds	no	morgue
qas	no	magasinier
cds	no	pharisien
re	no	plagiarisation
dmc	yes	fétide
svp	no	avide
svp	no	paresseux
an	no	roquet
re	no	extorquer
cds	no	gardien de prison
cds	no	maison de joie
qas	no	récit
cds	no	troupeau
om	no	gai
pr	no	personnalité mondaine
cds	no	bouffer
cds	no	littéraliste
an	no	branta bernicla nigricans
an	no	escargot de bourgogne
an	no	vilain
cds	no	fabricateur
cds	no	demi
qas	no	détaillant
cds	no	ilegal
pr	no	rentboy
cds	no	racketteur
ddp	yes	brutalité
cds	no	fou
cds	no	minutieux
or	no	bourrique
qas	no	conformiste
ps	yes	romanichels
om	no	pleine lune
an	no	fille de trottoir
cds	no	fouine
an	no	porcin
asm	no	andouille
an	no	avaleur de ballon
an	no	lapereau
ddp	yes	muggins
cds	no	pédanterie
ddp	yes	prisonniers
is	yes	naufragé
re	no	tueur
qas	no	bourgeoisie nationaliste
ps	yes	lampiste
an	no	branta bernicla
re	no	malfaiteur
cds	no	fourberie
cds	no	splashiness
an	no	canular
cds	no	fainéante
an	no	rana rubeta
cds	no	assainissement
an	no	eurypterida
om	no	cul
ddp	yes	bavardeur
ps	yes	barbares
qas	no	bourgeoisie canadienne
an	no	requin blanc
an	no	moucherons
ddp	yes	bêtise
dmc	yes	mensonge d'urgence
cds	no	racaille
ddp	yes	blabbermouth
ddp	yes	barbarie
an	no	museau
qas	no	amateurs
cds	no	merde
dmc	yes	souple
dmc	yes	achille
an	no	chêvre
re	no	assaut sexuel
asf	no	enfoiré
cds	no	enseigné
ddp	yes	poupe
cds	no	tribal
cds	no	rookie
svp	no	furibond
ddp	yes	reproduction des animaux
om	no	bougrerie
cds	no	libre maçon
cds	no	gogo
pa	yes	cap d'escadre
dmc	yes	fourbe
an	no	pingre
cds	no	hypersexualite
qas	no	trading
pa	yes	bonzesse
asm	no	appendices
cds	no	tramer
qas	no	industriel
ps	yes	fritz
cds	no	clochard
ps	yes	economie souterraine
ps	yes	lout
re	no	voyou
cds	no	maisons closes
dmc	yes	méprisable
cds	no	amour-propre
cds	no	mauvais plaisant
dmc	yes	rogue
svp	no	glandeur
dmc	yes	paquet
cds	no	maison de mauvaise réputation
ddp	yes	tête de vier
an	no	petit-duc maculé
pa	yes	charretier
cds	no	couille molle
cds	no	dandysme
cds	no	voyou
cds	no	sbires
or	no	lesbienne
an	no	pipistrellus|fr: pipistrelle
cds	no	histoire de la franc-maçonnerie
an	no	fainéante
ps	yes	retardé
cds	no	paquet
cds	no	putain
cds	no	benêt
qas	no	société bourgeoise contemporaine
an	no	bovins
or	no	sativus
an	no	old world buffle
cds	no	chochotte
cds	no	moneygrubber
dmc	yes	méchanceté
svp	no	arrogante
cds	no	boucher
ps	yes	tsigane
an	no	andouille
re	no	systèmes mafieux
re	no	assassin
re	no	vols de bétail
om	no	fenouil commun
pa	yes	diplomate
cds	no	méticuleux
cds	no	gâfe
cds	no	vol
pr	no	slut
cds	no	low rollers
qas	no	mélimélo
ps	yes	asiatiques
cds	no	extrémisme religieux
dmc	yes	moralisme
is	yes	méchant
re	no	homicide
asm	no	muggins
qas	no	pathétique
cds	no	gamin
re	no	ndranghetta
re	no	second degré assassiner
an	no	buse
pr	no	bos primigenius taurus
or	no	poove
cds	no	poule-mouillée
ddp	yes	doofus
qas	no	chenils
cds	no	omnium-gatherum
cds	no	prêtre
re	no	diffamatoire
pa	yes	professeur de collège
cds	no	bleu
dmc	yes	calamiteux
cds	no	délit pénal
svp	no	voracité
cds	no	artificieux
asm	no	nooky
an	no	u*u
cds	no	gendarme
or	no	chou pommé
an	no	vaches
an	no	le grand requin blanc
cds	no	routiers
om	no	coït anal
qas	no	welter
cds	no	agent de police
qas	no	général
re	no	blouser
dmc	yes	clown
ps	yes	nibard
cds	no	unite de mesure japonaise
ps	yes	pelle
om	no	dorsolatéral
asf	no	retard
an	no	balourd
qas	no	grande bourgeoisie
asf	no	imbécilité
cds	no	bourde
an	no	carcharodon
svp	no	superbia
cds	no	déchet
cds	no	paparazzo
an	no	echidnoides
cds	no	dandys
pa	yes	rustre
asm	no	trique
cds	no	charivari
cds	no	charges
re	no	pirate
dmc	yes	fromage mozzarella
re	no	voleur
or	no	pédale
cds	no	démagogues
re	no	malversation
pr	no	garçon loyer
dmc	yes	prodigue
qas	no	foule
an	no	méchant tragique
ps	yes	krauthead
ps	yes	romani
an	no	endofaune
ps	yes	peuples noirs
cds	no	écrou
re	no	maligner
an	no	bernache du pacifique
pr	no	courtisan
an	no	clébard
cds	no	francs-maçon
svp	no	harpagon
cds	no	hubris
cds	no	déchet domestique
an	no	lésine
qas	no	courant
cds	no	retors
an	no	hirudinés
is	yes	pauvres
or	no	ducon
qas	no	amateurisme
is	yes	paria
qas	no	flaque
re	no	diffamatoires
cds	no	pleutre
dmc	yes	intolérant
pa	yes	les universités
cds	no	piratage littéraire
an	no	papillon(s) de nuit
pa	yes	académiciens
cds	no	méchant
cds	no	scribe
re	no	camora
asf	no	moule
ddp	yes	attardé
dmc	yes	crasseux
cds	no	déchet d'emballage
pa	yes	militant de
qas	no	gâcheur
svp	no	nausée
cds	no	gens du commun
ddf	yes	décevant
an	no	canis canis
ddp	yes	nonsense
asf	no	ignorant
cds	no	police
pr	no	taureau
ddp	yes	pignouf
an	no	porc domestique
an	no	crocodilidé
an	no	genre capra
om	no	homme gay
dmc	yes	paresseux
cds	no	bouche
or	no	fada
pr	no	prostitution masculine
cds	no	etendoir
ps	yes	culte israélite
an	no	tête de noeud
an	no	nigaud
cds	no	important
asm	no	marron
om	no	lady
cds	no	poltronne
pa	yes	trésorier
dmc	yes	fou du roi
cds	no	prélature
cds	no	sélection végétale
ps	yes	personne de couleur
an	no	ovis aries
om	no	ventrolatérale
dmc	yes	miette
cds	no	présomption
or	no	drôle
pr	no	bos taurus domesticus
cds	no	criminel
an	no	anguillidé
an	no	vipera berus berus
svp	no	acedie
cds	no	ingroup
ps	yes	malotru
cds	no	latrines
pa	yes	juriste
ddp	yes	boucher
cds	no	'ndrangheta
om	no	gnangnan
asm	no	frauder
an	no	vipère commune
asm	no	sexe de l'homme
cds	no	polisseur d'apple
pr	no	harpie
qas	no	féodal
svp	no	intolérance
cds	no	régime fasciste
pa	yes	contrôleur
svp	no	hauteur
asm	no	fou
cds	no	déchets municipaux
asm	no	mâle
asm	no	wank
om	no	shirtlifter
om	no	arrière-train
an	no	tombeur
svp	no	tanhā
asm	no	abruti
ddp	yes	colporteur de ragots
cds	no	mouffette
an	no	gredin
svp	no	mangeur
an	no	visage
qas	no	canaille
cds	no	barbeau
svp	no	scrooge
pa	yes	croque mort
cds	no	interdire
qas	no	peinture
svp	no	vorace
an	no	taurin
cds	no	prêt usuraire
pa	yes	croquemort
cds	no	brokerage
cds	no	societe de courtage
dmc	yes	hypocrisie
cds	no	gland
pa	yes	chaire personnelle
dmc	yes	pauvre
cds	no	saleté
ps	yes	rroms
cds	no	ridicule
is	yes	gueux
pa	yes	méticuleux
qas	no	granger
cds	no	grunge
dmc	yes	saisonnier
cds	no	effronté
cds	no	couard
qas	no	baratin
ddp	yes	benêt
pa	yes	employe
ddp	yes	malotru
dmc	yes	gredin
an	no	carcharodon carcharias
dmc	yes	personne sans abri
re	no	mafia calabraise
qas	no	paysanne
pr	no	amante
qas	no	perturbateur
cds	no	weisenheimer
cds	no	spectateur
or	no	homme
svp	no	arrogance
ddp	yes	oligophrène
dmc	yes	menterie
an	no	quignon
pa	yes	prof
cds	no	truchement
asm	no	vis
pa	yes	charcutier
an	no	spoliateur
re	no	comportement criminel
an	no	siphonaptères
an	no	flirter
dmc	yes	demi-pinte
pr	no	courtisanes
cds	no	lâche
cds	no	prêteur
ddp	yes	gaffeur
cds	no	briseur de grève
asf	no	pur
cds	no	malin
re	no	piraterie
or	no	cucurbita maxima
re	no	délinquant sexuel
an	no	scélérat
svp	no	irascible
dmc	yes	va-nu-pieds
svp	no	fanatique
an	no	entourloupette
ps	yes	mongols
cds	no	glandeur
re	no	capturer
om	no	homosexuelle
qas	no	ferraille
asm	no	mouette
ddp	yes	trou du cul
an	no	méchanceté
qas	no	système des castes
om	no	ligne médio-claviculaire
ps	yes	noirs
cds	no	trafiquant
rci	yes	rustaud
an	no	coquerelle
cds	no	voleur de bétail
cds	no	narcissisme
asf	no	benêt
asf	no	gonzesse
cds	no	dime novel
an	no	souillon
qas	no	operateur de marche
an	no	hemipteron
an	no	éponge
cds	no	tour
cds	no	colporteur de ragots
cds	no	toxicomane
an	no	platosphus
cds	no	mélange
an	no	cocufier
om	no	fesse
an	no	poulet rôti
cds	no	mafieuse
pr	no	maîtresse
cds	no	réaction
cds	no	rance
an	no	anguillidés
an	no	chevêche
pr	no	pistolet moll
cds	no	froussard
cds	no	méfait
an	no	ignorant
cds	no	mensonges
cds	no	homoncule
dmc	yes	cul-terreux
dmc	yes	traître
dmc	yes	delit penal en france
cds	no	zélotes
qas	no	conformité réglementaire
ps	yes	patapouf
qas	no	bourgeois catholique
svp	no	économie
an	no	bétail de boucherie
cds	no	maçons libres et acceptés
ps	yes	achromatique
pa	yes	jésuite
cds	no	croûte
ddp	yes	andouille
qas	no	chamailleur
an	no	la bête
an	no	écume
svp	no	étroitesse
qas	no	classe possédante
ddp	yes	hokum
cds	no	bouffonnerie
om	no	l'homosexualité
rci	yes	pignouf
svp	no	vengeur
ddf	yes	laid
re	no	furieux
or	no	votzen
cds	no	pur
an	no	sale chien
an	no	bouc
cds	no	nouveau-riche
or	no	concombres
ps	yes	juive
cds	no	soutien
pr	no	femme négligée
cds	no	laboureur
pa	yes	moutonnier
svp	no	apathie
an	no	gigantostraca
cds	no	corniaud
cds	no	égout
ddp	yes	dénonciateur
svp	no	gourmandizer
cds	no	guimbarde
or	no	homosexuel
an	no	chiennes
ddp	yes	anthony simon
an	no	phtiraptères
an	no	hibou
ddf	yes	désactiver
ddp	yes	rustaud
re	no	diffamation commerciale
re	no	crime contre la personne
cds	no	autolatry
re	no	torturant
cds	no	maison de passe
ddp	yes	métazoaires
re	no	bandits
pr	no	courtisans
qas	no	enquiquiner
cds	no	démagogie
an	no	bufo ventricosus
pa	yes	employé
re	no	sévice
an	no	ver
re	no	vol
cds	no	sottise
cds	no	mécréante
an	no	ballon avaleur
cds	no	sélection récurrente
qas	no	se mêlent-mangle
an	no	animaux
an	no	pif
svp	no	furie
an	no	animalité
pr	no	rattus
asm	no	féverole
ps	yes	métisse
cds	no	canalisation
cds	no	scads
cds	no	moudre
cds	no	usure
pr	no	trainée
cds	no	menteur
cds	no	banditisme
svp	no	l'attirance physique
dmc	yes	slackers
cds	no	manigancer
qas	no	éperdu
cds	no	moraliser
dmc	yes	mal poli
cds	no	bouffon de la cour
qas	no	boulette
ddp	yes	candide
pa	yes	croque-morts
an	no	hirudinean
cds	no	cataplasme
pa	yes	membre correspondant
or	no	pomme de terre nouvelle
pr	no	femme adultère
cds	no	friponnerie
an	no	papillon de nuit
an	no	racaille
ddp	yes	fall guy
cds	no	gardien de la paix
dmc	yes	puant
om	no	éonisme
pr	no	mus hibernicus
an	no	zoophilie
cds	no	blooper
ps	yes	tête de nœud
an	no	latastea
an	no	bufo cinereus var. minor
ps	yes	Économie souterraine
pa	yes	bergers
om	no	plan sagittal
ps	yes	statut du métèque
an	no	poux de corps
svp	no	rage
qas	no	méli-mélo
pr	no	phalene du bouleau
an	no	cochons
is	yes	pauvreté mondiale
an	no	dispositif d'écoute secrète
dmc	yes	rustaud
pa	yes	pignouf
an	no	euryptéridé
qas	no	affecté
an	no	cabot
dmc	yes	boniment
cds	no	troupeaux
dmc	yes	clownerie
cds	no	puzzle
cds	no	moulin à paroles
cds	no	pillage
cds	no	roublard
ddp	yes	insensé
ddp	yes	débile
om	no	spectacle de travestis
qas	no	gâcher
qas	no	idéologique
an	no	bufo commutatus
cds	no	bobard
cds	no	hypersexuelle
an	no	crapaud
an	no	louve
qas	no	neuilly-auteuil-passy
cds	no	dupe
an	no	grand requin blanc
an	no	reproduction animale
an	no	canis familiaris
asm	no	fada
cds	no	vénalité
re	no	délit
qas	no	gaffe
cds	no	waters
ddf	yes	personnes handicapées
qas	no	cabanon
an	no	être animé
om	no	mouvement homophile
cds	no	farce
an	no	hammerhead
svp	no	dallier
cds	no	négocier
an	no	fille de joie
an	no	weakly interacting massive particles
cds	no	croix
asm	no	pois commun
cds	no	publique lavabo
dmc	yes	forgerie
ddp	yes	nanocephaly
asf	no	fada
cds	no	d'autoritarisme
om	no	médial
cds	no	révélateur
ddf	yes	personne à mobilité réduite
cds	no	casino
cds	no	récupération de ferraille
an	no	bison européen
om	no	proximale
cds	no	bête t+
cds	no	bellâtre
asm	no	testiculaire
pr	no	hétérocères
an	no	sucer pou
cds	no	bouts
cds	no	fainéants
ps	yes	darky
om	no	attirance homosexuelle
re	no	raptio
asm	no	pois mangetout
qas	no	bobo
re	no	mise hors la loi
or	no	méticulosité
an	no	shoat
cds	no	énormité
an	no	pou commune
cds	no	griffer
an	no	anguilles d'eau douce
re	no	fort
an	no	bison d'europe
cds	no	adorer
dmc	yes	baisé
ps	yes	âne
cds	no	letrine
cds	no	coursier
asf	no	changeling
ddp	yes	charlatan
asm	no	visser
is	yes	pitoyable
or	no	haricot
cds	no	marchander
om	no	nance
dmc	yes	apostate
or	no	vitut
ddp	yes	illettré
ps	yes	xanthoderme
asm	no	zigounette
pa	yes	cordonnier
svp	no	ladre
dmc	yes	mat
cds	no	fanatisme protestant
qas	no	trader institutionnel
is	yes	épouvantail
cds	no	broker
an	no	paillasson
ddp	yes	bête t+
cds	no	problème
cds	no	fascismes
an	no	chèvre domestique
is	yes	mendier
re	no	activités illégales
asf	no	pilosité pubienne
cds	no	flâneur
is	yes	chagriné
ps	yes	juifs "evrei"
cds	no	ferraille
rci	yes	sauvage
ddp	yes	retardé
ddf	yes	laideur
cds	no	backtalk
an	no	fainéant
svp	no	grippe-sou
cds	no	chaos
qas	no	racaille
re	no	banditisme
is	yes	faible revenu
cds	no	pandar
pr	no	mouche à feu
ddp	yes	état arriéré
ddf	yes	handicap
an	no	physiognomie
ddp	yes	absurde
asm	no	loi 12 du football: fautes et comportement antisportif
cds	no	bœufs
qas	no	peintre
om	no	apicale
ddp	yes	salaud
an	no	perroquet
asf	no	vaginale
re	no	néonaticide
qas	no	furieux
cds	no	fascisme
an	no	germe
om	no	andouille
cds	no	perspicaciousness
re	no	médisant
qas	no	déchets solides
an	no	chouette chevèche
re	no	kidnaper
asm	no	faute
ps	yes	bedu
qas	no	hommes d%e2%80%99affaires
svp	no	libidineuses
cds	no	orgueil
cds	no	tribales
cds	no	prélat
cds	no	archiprêtre
ddp	yes	microcephalie
an	no	vipera nikolskii
om	no	homoérotisme
pa	yes	paysan
an	no	crocodylinae
cds	no	fou du roi
an	no	sale type
an	no	euryptérides
dmc	yes	bouffon de la cour
qas	no	fou
cds	no	clérical
or	no	chou
cds	no	maisons de tolérance
is	yes	ismaël
asf	no	stupidité
or	no	minutie
cds	no	propagandiste
pr	no	concubinat
ps	yes	négro
is	yes	gredin
cds	no	recrue
asf	no	dunce
ps	yes	hybride interspécifique
dmc	yes	chiseler
an	no	bufo bufo
an	no	Âne domestique
dmc	yes	bon à rien et
cds	no	mensonge par omission
an	no	bûche
or	no	fica
an	no	anthony simon
an	no	ovidé
om	no	sexualité masculine
svp	no	indolence
ddp	yes	lout
asm	no	bête
ps	yes	bedouins
svp	no	tightfistedness
cds	no	ubris
an	no	microbes
re	no	tourmenter
dmc	yes	incivil
an	no	jacarea
om	no	travestis
cds	no	théorie du complot
svp	no	eros
svp	no	voluptueux
pr	no	concubine
cds	no	boulot
cds	no	coupant
cds	no	mess-up
cds	no	béguine
ddp	yes	personne analphabète
svp	no	péché capital
cds	no	expirer
om	no	clope
dmc	yes	étroit d'esprit
cds	no	délinquant
qas	no	clochard
cds	no	représentant
qas	no	fermier
qas	no	divulgement
cds	no	blowhard
dmc	yes	à la noix
an	no	puces
an	no	canis aureus
dmc	yes	ladre
re	no	moi
cds	no	blackboulé
cds	no	fête
cds	no	bagnard
dmc	yes	amoral
svp	no	belligérant
cds	no	faschiste
is	yes	supplier
cds	no	quérulent
cds	no	néo-réac
cds	no	unités japonaises de mesure
cds	no	nouveau riche
an	no	microorganisme
re	no	abus sexuel
svp	no	luxuria
cds	no	franc-maçon
asm	no	fourrer
ps	yes	race jaune
re	no	diffamateur
cds	no	julot casse-croûte
qas	no	lestage
dmc	yes	rustaude
pa	yes	conseiller en droit
qas	no	trouble-fête
cds	no	aux
svp	no	gloutonnerie
or	no	fenouil
pr	no	micheton
dmc	yes	mentir
an	no	gigantostracé
dmc	yes	baladin
an	no	requin
dmc	yes	avaricieux
asf	no	folderol
ddp	yes	cataplasme
cds	no	dihybridisme
svp	no	désir sexuel
qas	no	taudis
ddp	yes	incarcération
svp	no	oisiveté
cds	no	confiture
qas	no	craque
an	no	mollusca
om	no	pet
cds	no	dude
cds	no	clans
asf	no	poupée
cds	no	commenter
ddp	yes	nonsens
cds	no	voleurs
re	no	mafias
cds	no	rustique
om	no	différent
ddp	yes	buse
an	no	humanus
dmc	yes	médiocrité
ps	yes	paint it
cds	no	fouineur
an	no	oison
cds	no	stock broker
cds	no	fondamentalistes
asm	no	loi 12 du football
asm	no	oiseaux
pa	yes	académicien
qas	no	idéologue
re	no	voyous
svp	no	pingre
an	no	animalcules
qas	no	rustaude
cds	no	opérateur
svp	no	antipathie
cds	no	intelligent
cds	no	craintif
ps	yes	clochard
pr	no	bœufs
svp	no	exécration
dmc	yes	larron
or	no	fif
an	no	chouette rayée
an	no	larves de moustiques
asm	no	aimer
an	no	mouffette
asm	no	fouille-merde
cds	no	badinage
svp	no	envier
qas	no	barbouilleur
asm	no	gosse
dmc	yes	immorale
qas	no	paire de manches
is	yes	miséreux
qas	no	déchet ménager et assimilé
ps	yes	métissage
dmc	yes	sale chien
svp	no	tṛṣna
dmc	yes	rôle du méchant
an	no	papillons de nuit
cds	no	franc-maçons
ps	yes	jigaboo
om	no	enculade
pa	yes	théoriques
pa	yes	uncouthness
an	no	porc
re	no	vol de voiture
an	no	friponne
an	no	rana pluvialis
dmc	yes	fabricateur
re	no	maffioso
an	no	porc marron
rci	yes	rustaude
cds	no	taureau
pr	no	bovin domestique
dmc	yes	malfaisant
ddp	yes	brute
an	no	bufavus meneghinii
om	no	damoche
an	no	coq domestique
an	no	méchant
ddp	yes	fade
an	no	bourrique
qas	no	halluciné
qas	no	grandiloquence
cds	no	autosatisfaction
cds	no	ronchonneur
cds	no	perle
an	no	poltron
pa	yes	avocat marron
asm	no	avoir des relations sexuelles
an	no	bufo communis
qas	no	bollocks
ddf	yes	crookback
an	no	grippe-sou
dmc	yes	paria
cds	no	weakly interacting massive particles
cds	no	démagogue
or	no	cunts
cds	no	illégal
cds	no	sol
cds	no	conspiration du silence
is	yes	sérieux
qas	no	gosse
re	no	ravisseur
ddf	yes	naine
cds	no	bousiller
an	no	buffle
ps	yes	négrophilie
an	no	bison d%e2%80%99europe
re	no	médisance
cds	no	conarde
ddf	yes	boiteuse
cds	no	concepteur
ps	yes	kraut
is	yes	méchante
asm	no	bordeaux
cds	no	idolatrie
cds	no	finagler
cds	no	batard
ddf	yes	nabot
svp	no	libidineux
ddp	yes	mal cuit
cds	no	truckler
re	no	infractions sexuelles
asm	no	pierre
re	no	force
or	no	connasse
ps	yes	nazi
qas	no	gens burgher
ps	yes	chinoise
or	no	cunt
cds	no	rebattu
re	no	terroriste
an	no	muttonheads
dmc	yes	tocard
re	no	voleur de bétail
or	no	balourd
qas	no	grand homme d'affaires
is	yes	pathétique
re	no	calvaire
or	no	gai
an	no	know nothing
cds	no	phratrie
dmc	yes	traîtresse
cds	no	activités criminelles
svp	no	arrogant
cds	no	irrégulier
cds	no	démagogique
svp	no	invidia
an	no	diddlysquat
dmc	yes	bandits
dmc	yes	entourlouper
re	no	torturée
an	no	roncin
cds	no	amélioration des plantes
cds	no	vilain
ps	yes	négroïde
cds	no	intrigant
cds	no	topsy-turvydom
asm	no	buse
svp	no	peche capital
ps	yes	ostrogoths
dmc	yes	menteur
cds	no	bévue
ps	yes	latino
qas	no	amateuse
dmc	yes	trompeur
cds	no	bric-à-brac
cds	no	mat
cds	no	bandits
cds	no	joue
asm	no	branlette
dmc	yes	fripouille
cds	no	raton
cds	no	fils de pute
cds	no	patron du crime
cds	no	arnaqueur
cds	no	dweeb
cds	no	promotion
cds	no	enthousiaste
asm	no	néné
re	no	assassiné
cds	no	penman
is	yes	grigou
an	no	viande de cochon
cds	no	fripon
an	no	salientia
cds	no	wank
cds	no	masse
ps	yes	abruti
an	no	paresseux
qas	no	marchand de
re	no	agacer
qas	no	fureteur
is	yes	vœu de pauvreté
om	no	sodomiser
cds	no	maffioso
ddp	yes	macrocéphale
asm	no	ithyphallique
re	no	crime sexuel
asf	no	cramouille
svp	no	orgueilleuse
pr	no	femme entretenue
ddp	yes	vie animale
cds	no	bazar
dmc	yes	marquignon
pa	yes	pastoure
an	no	bufo vulgaris var. acutirostris
asm	no	perche
om	no	hommes gais
cds	no	laddie
pr	no	pourrir
ddp	yes	herpétofaune
ps	yes	doofus
ddp	yes	bercé trop près du mur
an	no	chacals
cds	no	courtier
ps	yes	hybride naturel
pa	yes	pâtre
asm	no	petit pois
qas	no	ordures
an	no	lambin
cds	no	corruptible
ddp	yes	microcéphalie
ps	yes	asiate
cds	no	futé qualifier
an	no	escortboy
an	no	profit
dmc	yes	mauvais
ddp	yes	amentifère
re	no	meurtre au second degré
cds	no	wc
pa	yes	comptables
qas	no	magnat
cds	no	pédantisme
is	yes	paupérisme
re	no	acte criminel seule
ps	yes	amélioration des plantes
an	no	physiognomoniste
re	no	homicide détective
dmc	yes	frauduleux
qas	no	petit-bourgeois
an	no	wimp
qas	no	détective
asm	no	poissons
pa	yes	concierge
qas	no	rejet
cds	no	griffonner
an	no	crocodiliens
svp	no	ira
pr	no	vaches
dmc	yes	fatal
an	no	vipera berus bosniensis
om	no	coit anal
ddp	yes	commérage
cds	no	débris
pr	no	buncombe
cds	no	ne rien faire
cds	no	larcin
re	no	rogue
cds	no	médiateur
an	no	croco
an	no	imbécilité
asf	no	bourrique
cds	no	usurier
an	no	rue fille
an	no	types de poules domestiques
cds	no	fierté
re	no	meutrière
ddf	yes	mal
cds	no	protagonisme
ddp	yes	retard
qas	no	saint-hubert
cds	no	correspondant de nouvelles
an	no	familiaris
ddp	yes	bébête
is	yes	mendiant
ps	yes	bibliothèque de canet-en-roussillon
cds	no	métis
re	no	exacte
an	no	bufo
qas	no	déchet domestique
dmc	yes	délinquant
or	no	nigaud
asm	no	idiote
svp	no	lésineur
re	no	bandit
or	no	navet
cds	no	flic
cds	no	toilettes publiques
qas	no	opérateur de marché
an	no	sot
svp	no	désir
asm	no	bien
an	no	vipère péliade
asm	no	pénis
an	no	trouillard
cds	no	ligne de tir
asm	no	pois fourrager
asm	no	teste
re	no	délinquant
re	no	aggression sexuelle
pa	yes	poissonniers
dmc	yes	motif éthique
qas	no	mièvre
an	no	requins
dmc	yes	malveillance
ddp	yes	zooerasty
cds	no	théoricien de la conspiration
re	no	violée
asm	no	four
ddp	yes	doux au toucher
asf	no	débris
cds	no	rustre
asm	no	pois verts
pa	yes	directeur de funérailles
dmc	yes	morale
cds	no	briseurs de grève
qas	no	conformité
qas	no	fausseté
cds	no	amour de soi
cds	no	achille
re	no	butin
ddp	yes	déficiences intellectuelles
an	no	personne incapable
an	no	coureur de jupons
or	no	finocchio
cds	no	essaim
cds	no	égotisme
ddf	yes	handicapés physiques
cds	no	newswriter
dmc	yes	mystification
pr	no	hétaire
re	no	criminel condamné
asf	no	nullard
cds	no	théoricien du complot
cds	no	bellyacher
cds	no	amélioration végétale
asf	no	twat
qas	no	magnats
svp	no	tranchoir
cds	no	mason
an	no	folderol
ps	yes	personne de race noire
ddp	yes	prisonnier
asf	no	crétin
cds	no	parvenu
an	no	cochonnet
cds	no	enseignants
cds	no	mélimélo
or	no	connaud
pr	no	floozie
pa	yes	barbares
cds	no	payer sa dette à la nature
qas	no	baron du bois
or	no	tater
cds	no	flemmard
cds	no	professeur de prématernelle
pa	yes	commis
dmc	yes	foetor
re	no	épreuve
or	no	bûche
cds	no	fanatisme musulman
cds	no	prankishness
asm	no	entuber
an	no	grossièreté
cds	no	groupe
cds	no	intégrisme
an	no	crétin
asm	no	nigaud
re	no	forban
an	no	moutons domestiques
cds	no	site
cds	no	scientiste
an	no	baudet
an	no	punaises
cds	no	idiot
re	no	debaucher
cds	no	recommandation
an	no	règne animal
qas	no	système de pondération plongée
or	no	hop
dmc	yes	lowlife
asm	no	cloche
cds	no	méfait criminel
ddp	yes	voyou
svp	no	lascif
pa	yes	rustaude
cds	no	académique
an	no	aries
is	yes	morne
pr	no	heterocera
cds	no	belligérant
asm	no	peter
re	no	voleurs
qas	no	bêtisier
re	no	fauche
asm	no	fava
dmc	yes	artificiel
ddp	yes	connard
pa	yes	col blanc
pa	yes	communauté universitaire
dmc	yes	interdire
cds	no	saloperie
om	no	sagittal
asm	no	stupidité
ddf	yes	demi-pinte
an	no	anoures
re	no	piratage
an	no	chersea vulgaris
an	no	hyénidés
qas	no	tagalong
ps	yes	goujat
qas	no	rheteur
an	no	pediculus humanus
cds	no	bousculant
cds	no	mineur
asm	no	zob
asm	no	sot
ddp	yes	enfoiré
cds	no	idiote
or	no	potiron
ps	yes	culture sélective des plantes
dmc	yes	hors la loi
ddp	yes	aberration
dmc	yes	cochon
qas	no	enculer
qas	no	déchets municipaux
an	no	moustiques
om	no	hommes homosexuels
cds	no	activité criminelle
cds	no	n'dranghetta
re	no	tortures
asm	no	avien
cds	no	chiseler
cds	no	patronat
ps	yes	meteque
pr	no	laitier
asm	no	outil
asf	no	retarder
qas	no	tabi%e2%80%98in
ddf	yes	borgne
ddp	yes	reproduction animale
cds	no	interfertilité
an	no	prostitution de rue
dmc	yes	fou
om	no	tush
ps	yes	black
ddp	yes	twaddler
dmc	yes	scattergood
dmc	yes	malfrat
re	no	extorsion
asm	no	oiseau
cds	no	saisines
re	no	criminel sexuel
an	no	dispositif d'écoute
re	no	calomnie et diffamation
re	no	homicide involontaire
ddf	yes	personnes à mobilité réduite
cds	no	motley fool
an	no	zooerasty
an	no	types
ddp	yes	rester bouche bée
dmc	yes	qui tergiverse
om	no	arrière
pa	yes	amaryllis
an	no	moustique commun
svp	no	répulsion
pr	no	guff
an	no	achille
or	no	spud
asm	no	attardé
cds	no	fraudeur
cds	no	ordures ménagères
is	yes	vilain
ps	yes	race
pa	yes	cordonnerie en france
dmc	yes	bobard
cds	no	jerk-off
asm	no	verge
or	no	fotze
cds	no	graisse
ddp	yes	déficients intellectuels
svp	no	goof-off
qas	no	bourgeoisie nationale
om	no	tapette
ddp	yes	adolescent
cds	no	nourrisson
asm	no	moquerie
dmc	yes	mozzarella
dmc	yes	fabricatrice
ddf	yes	aveugle
an	no	bufo rouselei
svp	no	flemmardise
qas	no	déchets ménagers
dmc	yes	faux
om	no	tante
ps	yes	hoto
ddf	yes	handicapé
re	no	question
cds	no	sassing
re	no	plagiat
cds	no	flemmarde
cds	no	bourrique
ddp	yes	fou
re	no	kidnappeur
qas	no	limier
qas	no	perle
dmc	yes	mal l
pa	yes	ministre
cds	no	eaux usées
om	no	sodomisé
pa	yes	wagoner
ps	yes	pigeon
asf	no	cancre
cds	no	lécheur
dmc	yes	glandeur
cds	no	correspondant de presse
cds	no	vis
cds	no	claboter
ps	yes	andouille
qas	no	homme d'affaires américain
qas	no	ordures menageres
cds	no	l'auto-suffisance
an	no	chacal dore
cds	no	officier
cds	no	réseau d'égouts
pa	yes	universitaire
an	no	moi
re	no	dénigrement
cds	no	croisés
dmc	yes	dallier
an	no	rana scorodesma
qas	no	confondre
an	no	Âne
cds	no	bête
cds	no	instituteur
asm	no	érection
ddf	yes	demi
ddp	yes	captivité
an	no	wisent
om	no	poove
ddp	yes	oligophrénie
cds	no	imbécile
ps	yes	chalutier
cds	no	souillon
re	no	turbulent
re	no	homicides
cds	no	opportuniste
cds	no	toilette
an	no	clochard
an	no	ampoule de lorenzini
re	no	petit voleur
an	no	zoobionte
re	no	maltraitance
re	no	rustler
re	no	maffia
pr	no	concubinage
an	no	rascasse
re	no	question extraordinaire
cds	no	bétail voleur
cds	no	lapsus
cds	no	demagogie
cds	no	insolence
pr	no	bœuf domestique
an	no	moo-cow
an	no	trafic de cadavres
or	no	buche
cds	no	cockup
an	no	diddley
an	no	pour les crocodiliens
dmc	yes	scélérat
cds	no	tonnes
pr	no	rat des villes
ps	yes	buse
om	no	plan médian
ddp	yes	sauvage
an	no	stupidité
an	no	chacal doré
an	no	rosse
ddp	yes	règne animal
an	no	chochotte
cds	no	facho
an	no	grenouille crapaud
qas	no	bourgeoisie professionnelle
cds	no	cul-terreux
om	no	plan axial
om	no	homophile
an	no	couard
cds	no	gringalet
cds	no	cohue
cds	no	bain
om	no	rétroversion
asm	no	bite
or	no	concombre
or	no	anthony simon
re	no	félonie
cds	no	jules
qas	no	père
an	no	cockroach
an	no	blattodea
dmc	yes	moraliste
asm	no	doux au toucher
svp	no	agressif
cds	no	succomber
cds	no	cueillir
pa	yes	croque-mort
cds	no	cathouse
qas	no	fumbler
om	no	gonzesse
cds	no	inflation
pa	yes	rustaud
dmc	yes	vadrouilleur
an	no	shote
re	no	meurtriers
an	no	bison bonasus
cds	no	balladeer
pr	no	mélanisme industriel
ps	yes	bête
dmc	yes	faker
an	no	heterocera
qas	no	partisan
om	no	région glutéale
svp	no	tire-au-flanc
cds	no	zélote
an	no	strix varia
re	no	torturé
cds	no	comploter
svp	no	d'autoritarisme
cds	no	salaud
ddp	yes	âne
re	no	grand theft
an	no	phtiraptère
cds	no	délit
cds	no	ferveur
an	no	bovins domestiques
re	no	meurtre d'enfant
an	no	limacidé
pa	yes	banquier
or	no	imbécile
an	no	goret
om	no	pederastie
qas	no	Épice gériatrique
an	no	lapins
re	no	truand
an	no	capriné
an	no	escargot
cds	no	fascistes
an	no	froncement
cds	no	agent
svp	no	futilité
cds	no	fanatique
asm	no	handjob
an	no	ombrine
or	no	nance
qas	no	tabi'în
cds	no	solennité
asm	no	brownness
re	no	violeuse
ddp	yes	barbarisme
an	no	vampire
is	yes	radin
an	no	punaise
qas	no	équipage
om	no	pédérastie
asm	no	balourd
om	no	homoaffinité
an	no	épifaune
an	no	débris
cds	no	crevette
cds	no	mafia sicilienne
qas	no	mensonge blanc
cds	no	intermédiaire
an	no	renfrogner
cds	no	médiocrité
an	no	lampyre
re	no	larcin
ddp	yes	démoulé trop tôt
an	no	caïmans
or	no	patate
an	no	bovin domestique
ddp	yes	animalia
asf	no	imbécile
cds	no	bragger
cds	no	matois
re	no	tempétueux
an	no	lampiste
an	no	tripe
re	no	agression sexuelle en droit pénal français
cds	no	swaggerer
or	no	pauvre poisson
an	no	chinch
cds	no	blanc-bec
re	no	dépouiller
pa	yes	professeur extraordinarius
ddp	yes	rustre
asm	no	branlage
dmc	yes	mensonges
qas	no	barbares
ps	yes	gitan
cds	no	pécheur
cds	no	éculé
qas	no	testiculaire
is	yes	pauvreté volontaire
an	no	nanus
cds	no	eaux d'égout
an	no	avarice
cds	no	jeu
svp	no	énervé
cds	no	conjurer
cds	no	rôle du méchant
ddf	yes	paralyser
an	no	salope
re	no	escroc
svp	no	tanha
or	no	vigne concombre
qas	no	chiper
pr	no	garçons loyer
an	no	diddly-squat
re	no	détournement de mineur
svp	no	gastronome
cds	no	extrémiste religieux
cds	no	papier-poussoir
ps	yes	bêta
asm	no	oisel
asm	no	teub
an	no	megascops asio
om	no	anormal
cds	no	radeaux
asm	no	escroquer
an	no	japper
cds	no	calancher
cds	no	route wagon
or	no	cucumis sativus
an	no	antilope chèvre
cds	no	singe
pr	no	rat de norvège
ddp	yes	dupe
qas	no	peintre en batiment
re	no	torturer
dmc	yes	mauvaise personne
an	no	euryptéride
an	no	rogue
cds	no	religiosite
asf	no	hammerhead
ps	yes	rommany
an	no	vipère
cds	no	bague
is	yes	grippe-sou
pr	no	services sexuels
asf	no	niais
cds	no	être aux écoutes
an	no	psittaciformes
cds	no	ordures
ps	yes	bédouines
cds	no	mufle
re	no	plagier
an	no	ver luisant
cds	no	canalisations
re	no	kidnappe
pa	yes	avocat
an	no	canis lupus familiaris
qas	no	trader indépendant
cds	no	usuriers
cds	no	s'empiffrer
an	no	chienchien
asf	no	nana
cds	no	gâcheur
cds	no	resquilleur
qas	no	castes
an	no	chersea
an	no	otus asio
pr	no	vache
asf	no	blockhead
or	no	con
ddp	yes	ravi
cds	no	par coup
svp	no	avare
cds	no	morve
pr	no	cohabitation
cds	no	fanatique religieux
ddp	yes	gogo
qas	no	bévue
an	no	punaise des lits
dmc	yes	charlatan
om	no	truie
pr	no	bétail
re	no	assassinat
an	no	moustique domestique
qas	no	épice gériatrique
an	no	chèvre
cds	no	plèbe
ddp	yes	buche
cds	no	crooners
is	yes	indigent
cds	no	mettre
asf	no	attardé
an	no	vie animale
qas	no	putain
an	no	scorpaena
cds	no	huileux
pr	no	femme de la rue
cds	no	égocentrique
asf	no	ducon
ps	yes	vandal
ddp	yes	bonehead
ps	yes	tsiganes
asf	no	fotze
dmc	yes	impolitesse
pr	no	c'est de la foutaise
an	no	bufo alpinus
or	no	idiot
qas	no	fermiers
cds	no	correspondants
qas	no	brute
cds	no	mafia calabraise
asf	no	poil
ddp	yes	retarder
cds	no	clan
svp	no	ravenousness
pr	no	prostituée de la rue
ddp	yes	lampiste
asf	no	connerie
svp	no	amour-propre
cds	no	peur du complot
an	no	commerce des cadavres
re	no	cramoisi
qas	no	démonstratif
re	no	valet
dmc	yes	délit pénal
or	no	hammerhead
cds	no	idéologie réactionnaire
is	yes	peiné
an	no	strigiforme
qas	no	bourdes
ddp	yes	cul
asm	no	zizi
qas	no	barbare
dmc	yes	plouc
dmc	yes	boucher
svp	no	bougon
pr	no	bovins domestiques
asm	no	ravi
svp	no	prétentieux
an	no	grands requins blancs
pr	no	coquine
dmc	yes	niqué
pa	yes	bonze
dmc	yes	laboureur
om	no	même sexe
cds	no	mother fucker
cds	no	enculé
pr	no	hellcat
cds	no	franc maconnerie
qas	no	trader
ps	yes	croisement
svp	no	hargneux
re	no	cosa nostra
ps	yes	communauté noire
an	no	cancrelats
om	no	noble
an	no	pouilleux
an	no	vulgarité
cds	no	pudden-tête
an	no	ver marin
qas	no	jument nid
om	no	coronal
om	no	crossdress
cds	no	rogue
an	no	avare
an	no	couleuvre
cds	no	larron
an	no	poule mouillée
is	yes	implorer
re	no	crise de violence
an	no	mouette
an	no	phalene du bouleau
qas	no	peintre et décorateur
an	no	rôle du méchant
cds	no	barbare
re	no	voleur armé
cds	no	orgueilleux
cds	no	outrecuidant
asm	no	erection
is	yes	pauvreté relative
om	no	sodomist
cds	no	type
re	no	impétuosité
an	no	verrat
ddf	yes	moche
or	no	pomme de terre
pa	yes	professeur extraordinaire
cds	no	froussarde
pa	yes	pédant
asm	no	faire crac-crac
an	no	bos primigenius f. taurus
an	no	cric
svp	no	écœurement
cds	no	sac triste
cds	no	fourbe
re	no	dérober
om	no	contralatéral
pr	no	bovin
qas	no	magnat des affaires
re	no	torturés
cds	no	complaisance
cds	no	populace
rci	yes	brute
svp	no	maussade
om	no	drag queen
cds	no	cul-de-sac
ddp	yes	ridicule
cds	no	sectarisme
pa	yes	poissonnerie
ps	yes	Égyptiens
cds	no	des dizaines
dmc	yes	flexible
cds	no	hypersexualité
cds	no	instructeur
cds	no	tache
re	no	attentat
cds	no	maître d'école
ddp	yes	hammerhead
qas	no	cultivatrice
om	no	retroversion
cds	no	ciseleur
an	no	crapaud européenne
cds	no	vif
svp	no	rancuneux
cds	no	grand banditisme
dmc	yes	abjection
an	no	ouaille
qas	no	rhéteur
dmc	yes	péquenaud
cds	no	eaux usées brutes
an	no	rascasses
an	no	nabot
svp	no	ennuyant
pr	no	salonnard
re	no	menus larcins
qas	no	tabi'in
qas	no	niquer
re	no	hold-up
pa	yes	pastre
cds	no	n%e2%80%99drangheta
cds	no	régime réactionnaire
qas	no	haute bourgeoisie
cds	no	rustaude
an	no	pur
pa	yes	membre du corps professoral
ddp	yes	saloperie
ddp	yes	macrofaune
dmc	yes	imposture
dmc	yes	moralement
an	no	bétail
ddp	yes	bourru
asf	no	mouette
ps	yes	ignorant
an	no	bête
dmc	yes	pestilentiel
qas	no	laboureur
ps	yes	uprooter
or	no	gays
an	no	microorganismes
or	no	pédé
cds	no	Épice gériatrique
or	no	bête
ddp	yes	muttonheads
an	no	vache
ddp	yes	codswallop
an	no	mesohoronis
an	no	faible
asm	no	fève
cds	no	déchets
cds	no	redoutable
cds	no	fascists
cds	no	cuivre
svp	no	abulia
re	no	n%e2%80%99drangheta
an	no	moucheron
re	no	cambrioleur
cds	no	fanatisme juif
cds	no	le mat
re	no	canaille
cds	no	volume
dmc	yes	jeûner
cds	no	bigoterie
ddp	yes	mouchard
re	no	mise à mort
cds	no	cochon
asm	no	cruche
re	no	meurtrier
cds	no	gars
cds	no	hors la loi
asm	no	aves
or	no	androgame
cds	no	faible
an	no	le mouton de la ferme
ddp	yes	imbécilité
asm	no	gogo
asm	no	burnes
dmc	yes	parénèse
an	no	pou de la tête
dmc	yes	gangster
svp	no	dédaigneux
cds	no	mafia: the city of lost heaven
cds	no	wisenheimer
cds	no	maton
asm	no	queue
cds	no	fascista
an	no	crocodylian
an	no	allumeuse
or	no	connin
cds	no	tribalisme ethnique
svp	no	acquisivité
qas	no	starlette
qas	no	histoires
ddp	yes	mother fucker
an	no	mollusque
an	no	hémiptères
an	no	vie microbienne
an	no	phalène
svp	no	sectaire
an	no	reproduction des animaux
dmc	yes	barbare
cds	no	persécuteur
asf	no	gogo
re	no	traducteur
re	no	abus des entreprises
cds	no	suralimenter
an	no	moutons
an	no	batrachus
cds	no	orgueilleuse
svp	no	indigné
an	no	capridé
an	no	buche
an	no	lowlife
an	no	hyénidé
or	no	éprouvant
or	no	personne stupide
ddp	yes	s'abêtir
re	no	violation
dmc	yes	misérable
cds	no	vantard
asm	no	cornichon
an	no	blattoptères
an	no	vaches laitières
ps	yes	judaïsme
asf	no	vagin
svp	no	péchés capitaux
cds	no	conspirer
cds	no	ostentatiousness
qas	no	foirer
or	no	tête de noeud
cds	no	agent de la route
cds	no	fondamentalisme chrétien
cds	no	junte
ddp	yes	poire
an	no	caprinés
asf	no	fall guy
cds	no	criminelle
cds	no	abruti
dmc	yes	imposteur
ddp	yes	four
an	no	scorpion de mer
qas	no	middle class
qas	no	société bourgeoise
ps	yes	rom
ps	yes	romanis
cds	no	famille
svp	no	flemme
cds	no	onctueux
ps	yes	roma
cds	no	âne
om	no	fesses
cds	no	gens
is	yes	pauvreté dans le monde
pr	no	maitresse
cds	no	mafia italienne
qas	no	bourgeoisie médiévale
ps	yes	rouge
cds	no	maison close
cds	no	blabbermouth
pa	yes	poissonnier
an	no	wimps
cds	no	trivial
ddp	yes	zoobionte
dmc	yes	git
ps	yes	couillon
cds	no	salonard
an	no	acridophaga
qas	no	épave
ddp	yes	déficient intellectuel
cds	no	claque
asm	no	branler
dmc	yes	vagabondage
cds	no	privé
re	no	homicide volontaire
om	no	gay
cds	no	interprétation littérale
ps	yes	peuple juif
cds	no	mourir
an	no	culicidés
pr	no	fornicatrice
cds	no	mec
an	no	couarde
cds	no	courtage en travaux
dmc	yes	contrefait
cds	no	rapporteur
an	no	brebis
cds	no	retardé
pa	yes	journal d'un avocat
asf	no	bonehead
qas	no	baroquisme
cds	no	mouette
ddp	yes	cretinisme
ps	yes	destructeur
pa	yes	défenseur
ps	yes	sélectionneur de plantes
pr	no	racoler
cds	no	réprouver
ps	yes	condition noire
an	no	agneau
an	no	aboyeur
qas	no	fermage
an	no	flemmard
qas	no	grandiosité
an	no	mesocoronis
re	no	piquer
qas	no	femme d'affaire
ddp	yes	folderol
an	no	feignant
cds	no	wimp
cds	no	groveler
qas	no	villageois
svp	no	croix
cds	no	tribu
cds	no	pusillanimité
dmc	yes	bousilleuse
re	no	tuer
svp	no	harpagnon
qas	no	pauvre
om	no	fessières
dmc	yes	fainéants
asf	no	poire
cds	no	métisser
cds	no	croisé
qas	no	boucher
dmc	yes	abaissement
an	no	dupe
ps	yes	juives
cds	no	instituteurs
cds	no	égoïste
pr	no	papillon
cds	no	béjaune
is	yes	rat
qas	no	foul-up
asf	no	muggins
ddp	yes	indicateur
qas	no	bourgeoise
dmc	yes	apostat
qas	no	chien de saint hubert
re	no	mauvais traitements
pr	no	⚯
qas	no	teste
dmc	yes	sac triste
an	no	siphonaptère
qas	no	caste
qas	no	œuf
an	no	caprine
cds	no	policier
qas	no	blooper
cds	no	vaunter
svp	no	le désir sexuel
pr	no	vacca
cds	no	conard
ps	yes	roms
qas	no	paysannerie
cds	no	malfrat
cds	no	talon
qas	no	common people
cds	no	couillon
an	no	bisons européens
dmc	yes	treasonist
qas	no	fieldhand
svp	no	suralimentation
qas	no	emploi bureau
cds	no	personne négligée
dmc	yes	fausses
dmc	yes	trifler
re	no	voleuse
qas	no	embêter
re	no	violent
or	no	brassica rapa
an	no	tique
ddp	yes	vert
cds	no	briseurs grève
an	no	little owl
ddp	yes	ignare
an	no	helix pomatia
ddp	yes	microcéphale
ddp	yes	informateur
dmc	yes	malin
an	no	haridelle
svp	no	fainéants
re	no	meurtre
qas	no	couilles
svp	no	excès de table
cds	no	bandit de grand chemin
om	no	bite au cul
ps	yes	mouette
re	no	kidnappage
cds	no	scientisme religieux
svp	no	désir ardent
cds	no	faiblesse
pa	yes	théorique
cds	no	slews
cds	no	mêle-tout
ps	yes	hun
ps	yes	mélange des peuples
ps	yes	monde juif
cds	no	clamser
re	no	chantage
re	no	criminel
dmc	yes	dissimulation
ddp	yes	prater
an	no	genisse
an	no	vipera berus
pr	no	genisse
om	no	aborale
ddp	yes	animaux pluricellulaires
cds	no	mon pote
dmc	yes	dissimulateur
pa	yes	cordonniers
cds	no	quignon
om	no	enculer
cds	no	embouchure
an	no	coquin
dmc	yes	faillite morale
asf	no	ridicule
an	no	lâche
asm	no	gugusse
cds	no	unité de mesure de japonaise
asm	no	doofus
ddp	yes	handicapés mentaux
dmc	yes	méchant tragique
an	no	simple
asm	no	nibard
an	no	pillard
svp	no	désagréable
ddf	yes	invalidité
or	no	butternut
cds	no	maçonnique
pr	no	péripatéticienne
re	no	délit pénal en france
cds	no	chiens
ps	yes	judéo
an	no	culicidé
ddp	yes	naïf
cds	no	tricheur
cds	no	babiller
dmc	yes	duperie
cds	no	sale chien
ps	yes	mongoloïdes
an	no	bernache cravant
cds	no	conciliabule
pr	no	bos taurus
ddp	yes	folie
an	no	bufo cinereus var. medius
om	no	uranisme
an	no	knucklehead
cds	no	vantardise
qas	no	paroisse ecclésiastique
asm	no	débile
pa	yes	professeur d'université
om	no	fessière
cds	no	institutrice
pr	no	morue
cds	no	ordinaire
an	no	vipera berus sachalinensis
ddp	yes	cruche
pa	yes	employés
re	no	molesté
or	no	gay
om	no	lesbienne
cds	no	présomptueux
cds	no	gigolo
or	no	fée
or	no	prout
or	no	connerie
re	no	chou
dmc	yes	fichu
re	no	droits des criminels
an	no	hyanidae
cds	no	maison de prostitution
qas	no	chef spirituel
an	no	porcs
qas	no	maquiller
or	no	andouille
re	no	fraudeur
cds	no	bavarder
ddf	yes	avorton
svp	no	dilly-dallier
svp	no	obscènes
an	no	cochonne
qas	no	parasites
dmc	yes	laid
qas	no	peinture en bâtiment
ddp	yes	crétin
re	no	avoir plagié
om	no	drôle
cds	no	folderol
asm	no	bollocks
cds	no	courtiers
cds	no	grande compagnie
cds	no	crasse
dmc	yes	imitation
cds	no	assistant parlementaire
om	no	tooshie
an	no	viande de mouton
ps	yes	sélection végétale
or	no	pommes de terre
dmc	yes	malodorant
pr	no	prostituées
an	no	vipera berus nikolskii
dmc	yes	dillydallier
re	no	marquignon
pa	yes	contrôleur de gestion
cds	no	touche-à-tout
an	no	escargot comestible
svp	no	limace
qas	no	emphase
ps	yes	blanc
asm	no	idiot
re	no	ciseleur
ddp	yes	non sens
svp	no	radin
qas	no	mensonge
ddp	yes	bête
cds	no	satyriasiste
asm	no	branleur
an	no	pourceaux
dmc	yes	abject
ps	yes	Économie parallèle
ps	yes	ravageur
pr	no	rat d'égout
svp	no	faineance
om	no	gays
an	no	dunce
asf	no	vittu
an	no	mangeur d'homme
pa	yes	partisan
asf	no	connaud
an	no	larve
ddp	yes	cloche
asf	no	minou
cds	no	réactionnisme
an	no	bestialité
om	no	nates
ps	yes	femmes noires
dmc	yes	trompeuse
ddp	yes	bestialité
dmc	yes	proscrit
qas	no	freeloader
pr	no	rat norvège
qas	no	cabane
om	no	sexe anal
asm	no	simplet
asm	no	tromper
re	no	meurtre au 1er degré
dmc	yes	râteau de jardinier
cds	no	faction
an	no	chouette chevêche
dmc	yes	fainéante
cds	no	homme de néandertal
dmc	yes	triste
svp	no	lubricité
cds	no	nourrissons
re	no	agresseur
an	no	buffo strumosus
ddp	yes	néné
dmc	yes	mensonge blanc
om	no	derrière
an	no	euryptéridés
is	yes	indigents
asf	no	bêta
cds	no	désespérée criminelle
ps	yes	retard
an	no	papillon
an	no	méchant de fiction
dmc	yes	chevalier d'industrie
cds	no	anneau
an	no	phthiraptera
asm	no	cigare à moustache
ps	yes	idiot
asf	no	cunt
cds	no	courant
cds	no	pécheuse
qas	no	peuple paysan
cds	no	barbares
asf	no	idiote
cds	no	clique
pa	yes	poissonnière
qas	no	étage
dmc	yes	mal
ps	yes	galeux
pr	no	chipie
cds	no	impasse
dmc	yes	moi
pa	yes	prétendant
pa	yes	avocate
an	no	voleur de corps
pa	yes	professeurs
an	no	génisse
re	no	violence sexuelle
cds	no	fat
re	no	interdire
cds	no	démarcheur
asm	no	marron pourpré
qas	no	bric-à-brac
cds	no	bâfrer
an	no	catin
dmc	yes	tire-au-flanc
ps	yes	erratique
re	no	acharnement
pa	yes	ministre-conseiller
pr	no	papillon de nuit
qas	no	burnes
re	no	fourbe
ps	yes	jais
asm	no	lampiste
qas	no	rejeter
an	no	chien
is	yes	méchant de fiction
pa	yes	corporel
re	no	abus sexuels
dmc	yes	désastreux
svp	no	horreur
cds	no	sniveller
cds	no	pillard
cds	no	usurière
cds	no	foi en la science
cds	no	amateurisme
an	no	mélanisme industriel
ddp	yes	unwiseness
an	no	mari trompé
cds	no	trop manger
re	no	mafiosi
om	no	hors norme
cds	no	nouveaux riches
cds	no	intriguer
an	no	cousin commun
an	no	vipere berus
dmc	yes	tromper
pa	yes	professeur
cds	no	sélection variétale
dmc	yes	mozzarelle
pa	yes	auxiliaire du corps professoral
asm	no	merde
re	no	malfrat
an	no	vautour
asf	no	votzen
asm	no	paf
svp	no	voyou
an	no	imbécile
an	no	garçons loyer
is	yes	harpagnon
an	no	mine renfrognée
an	no	rager
ddf	yes	mauvais
cds	no	tête de vier
ps	yes	mongol
svp	no	enviousness
cds	no	sagace
is	yes	scrooge
qas	no	magnat du transport maritime
an	no	vautours
re	no	action terroriste
ps	yes	judaisme
cds	no	amateur
asf	no	haltère
cds	no	narcissique
an	no	chienne
ddf	yes	boiteux
an	no	péripatéticienne
cds	no	faux pas
re	no	calunnia
cds	no	prostitué
an	no	poire
an	no	métazoaires
pa	yes	berger
cds	no	méprisable
ddp	yes	cancan
re	no	bétail voleur
asf	no	twats
dmc	yes	mensonge par omission
an	no	gueule
cds	no	complotisme
an	no	fourbe
qas	no	cadre supérieur
ps	yes	ostrogot
pa	yes	barbare
cds	no	chahut
an	no	mulassière
an	no	micro-organismes
asm	no	coucher avec
an	no	brant
cds	no	monohybrides
an	no	pediculus humanus corporis
qas	no	usuel
or	no	simple
asf	no	bœuf
dmc	yes	dégoûtant
qas	no	amateur
qas	no	émécher
an	no	opiniâtreté
asm	no	dadais
ddp	yes	zooerastia
an	no	putain
re	no	violeur en série
dmc	yes	scandaleux
re	no	meurtre au troisième degré
cds	no	courtage bancaire
cds	no	concombre
dmc	yes	erratique
ddp	yes	tripe
dmc	yes	fausseté
cds	no	miette
asf	no	fotzen
asm	no	poire
asf	no	broutille
qas	no	paroisse
qas	no	plomb
cds	no	crever
cds	no	religiousism
an	no	limacidae
cds	no	débutant
pr	no	rat surmulot
cds	no	astreignant
dmc	yes	débraillé
pa	yes	avocature
pr	no	roulure
qas	no	abattage
cds	no	cabot
svp	no	frivole
ddp	yes	retard psychomoteur
dmc	yes	sauvage
cds	no	proxo
cds	no	passer l'arme à gauche
an	no	gier
an	no	chevre
re	no	une mauvaise utilisation
cds	no	zelote
dmc	yes	méchant
ps	yes	culte juif
an	no	equus asinus asinus
pr	no	foutaises
cds	no	unité de mesure japonaise
ps	yes	imbécile
cds	no	bébé
qas	no	rustaud
cds	no	correspondant local de presse
dmc	yes	avare
ps	yes	culture juive
asm	no	benêt
qas	no	baron
pr	no	fille publique
an	no	oiseau de minerve
ps	yes	poire
cds	no	lignée familiale
cds	no	fondamentalisme biblique
an	no	être
cds	no	littéralisme
dmc	yes	le mat
an	no	chèvre-antilope
cds	no	étendoir
dmc	yes	traitre
om	no	fenouil sauvage
svp	no	grigou
pa	yes	travailleur
dmc	yes	à la gomme
ddp	yes	non-sens
asf	no	cruche
dmc	yes	bandit
an	no	bogue
cds	no	dogme de l'évolution
an	no	animalculum
an	no	tempête
dmc	yes	fanatique
cds	no	mobilisation
dmc	yes	vagabonds
cds	no	cancan
cds	no	brigand
om	no	fif
or	no	blockhead
is	yes	pingre
dmc	yes	motley fool
cds	no	vol à main armée
asf	no	couillon
cds	no	méchant tragique
cds	no	piété
qas	no	opérateur
cds	no	attardé
pr	no	coureuse
cds	no	accro
dmc	yes	borné
dmc	yes	rat
cds	no	gangs de jeunes
cds	no	buse
ddp	yes	simplet
qas	no	rhetorique
is	yes	étroit
an	no	suceur de sang
cds	no	peon
or	no	sot
qas	no	écume
or	no	fighe
cds	no	nazi
re	no	exécution
an	no	mulassier
svp	no	soif de richesse
om	no	madame
an	no	bufo spelaeus
cds	no	contrevérité
ps	yes	vagabonde
qas	no	nécrotrophe
ddf	yes	insatisfaisant
re	no	fraude
an	no	sus scrofa domesticus
pr	no	partenaire
an	no	idiot
cds	no	de bric et de broc
qas	no	paroissien
an	no	palaeophrynos
ddp	yes	débilité mentale
asm	no	flouter
ddp	yes	faunistique
qas	no	style classique
svp	no	courroucé
cds	no	croyance scientiste
ps	yes	dupe
qas	no	chahuteur
cds	no	abattage
an	no	froncer les sourcils
cds	no	idolâtre
cds	no	facteur
pr	no	crack whore
pr	no	john
is	yes	lésineur
an	no	bison américain
om	no	distale
qas	no	mensonge d'urgence
or	no	citrouille
cds	no	parti réactionnaire
cds	no	hybris
pa	yes	comment devenir avocat ?
pr	no	rat husky
svp	no	les 7 péchés capitaux
is	yes	affligé
ddp	yes	bestial
cds	no	fascisme islamique
cds	no	claquer
an	no	fulvus
svp	no	outrecuidant
ps	yes	romanichel
cds	no	infraction
pr	no	amant
ps	yes	religion des juifs
an	no	nain
dmc	yes	chawbacon
qas	no	roturier
cds	no	reste
dmc	yes	clochards
re	no	férocité
qas	no	roi
om	no	homosexuels
cds	no	intrigue
qas	no	trublion
cds	no	intermédiateur
asm	no	brun
ddp	yes	endofaune
cds	no	cabinet
ddf	yes	handicap de mobilité les amputés
or	no	brassica oleracea var. capitata
cds	no	pointilleux
cds	no	bosser
an	no	benêt
ddp	yes	tête boudin
cds	no	bagnole
cds	no	suffisance
cds	no	désordre
cds	no	trouillard
asm	no	gaule
ddp	yes	personne sans instruction
cds	no	zèle
cds	no	décéder
re	no	torture
cds	no	fureteur
om	no	homoerotisme
an	no	ventouse
om	no	homosexualite
cds	no	cénacle
cds	no	vénal
ps	yes	bougnoule
asm	no	niais
is	yes	solliciter
an	no	caimaninae
cds	no	arrogance
asf	no	buche
re	no	braqueur
asm	no	baiser
an	no	froussarde
cds	no	illégitime
re	no	furie
cds	no	tacot
dmc	yes	craque
qas	no	acolyte
cds	no	gangster
re	no	spoliation
is	yes	triste
qas	no	frénétique
an	no	anguilliformes
cds	no	intolérant
asm	no	bêta
cds	no	camora
pr	no	con
an	no	vipera
om	no	travesti
cds	no	dandynisme
cds	no	idiolatry
dmc	yes	vagabond
asm	no	jeerer
asm	no	anglais haricot
an	no	faune mammalienne
qas	no	parasite
cds	no	gossiper
ddp	yes	incapable
ps	yes	peuple noir
qas	no	ménagère
an	no	torrentophryne
ps	yes	manouches
cds	no	un rapide
cds	no	histoire
asm	no	forniquer
an	no	doux au toucher
dmc	yes	foutu
cds	no	arrogant
re	no	meurtre au premier degré
svp	no	présomptueux
an	no	barbarie
ddp	yes	hooey
ps	yes	comitatif
ps	yes	crétin
dmc	yes	sale
svp	no	lésine
cds	no	sectaire
cds	no	membre d'un gang
re	no	plagié
cds	no	fanatisme
cds	no	vol de bétail
an	no	bison d%e2%80%99am%c3%a9rique du nord
re	no	enquiquiner
qas	no	hystérique
an	no	tiques
an	no	perroquets
cds	no	cafteuse
cds	no	surveillant de prison
dmc	yes	truand
dmc	yes	hors-la-loi
an	no	animal
cds	no	tricker
cds	no	acte criminel
asf	no	andouille
cds	no	lavez chambre
an	no	mesovipera
ps	yes	pignouf
cds	no	geôlier
pa	yes	académie
re	no	delit penal en france
ddf	yes	handicapés
pa	yes	professeur émérite
cds	no	petit voleur
re	no	assassinats
cds	no	impudence
cds	no	plaisanterie
an	no	crapaud commun
qas	no	bucolique
ps	yes	con
qas	no	satellite
om	no	enculage
asm	no	sottise
cds	no	obséquieux
ps	yes	manouche
cds	no	déchets solides municipaux
an	no	garçon loyer
an	no	branta nigricans
cds	no	souillure
cds	no	boniment
re	no	hors-la-loi
pa	yes	professeur adjoint
asm	no	brunâtre
cds	no	épave
is	yes	rôle du méchant
cds	no	se gorger
qas	no	idéologie
or	no	pur
cds	no	saute-au-paf
an	no	culex pipiens
ps	yes	attardé
qas	no	rhétorique classique
an	no	micro-organisme
cds	no	délinquants
asm	no	nookie
om	no	sodomiste
is	yes	coquin
qas	no	sangsue
an	no	écorce
an	no	bêta
an	no	prickteaser
ddp	yes	enfantin
qas	no	divulgation
svp	no	de mauvaise humeur
an	no	gros lard
an	no	frogspawn
svp	no	rapiat
cds	no	fabricatrice
an	no	salaud
dmc	yes	ciseleur
an	no	chouette cheveche
an	no	cornard
ddp	yes	bétasse
cds	no	lupanar
ps	yes	jaune
cds	no	kinfolk
cds	no	doux au toucher
qas	no	bourgeoisie québécoise
dmc	yes	gésir
an	no	squale
cds	no	branleur
ddp	yes	bœuf
ddp	yes	médicastre
an	no	maw
qas	no	at-tabi'ûn
qas	no	chenil
qas	no	ménage
cds	no	bedlam
cds	no	brigandage
ddp	yes	pudden-tête
is	yes	parcimonie
dmc	yes	vilain
re	no	viol par la force
cds	no	tel et donc
qas	no	mufle
pr	no	adultère
cds	no	bas-bleu
asm	no	phallisme
qas	no	rhétorique
qas	no	parasitaire
qas	no	lune
or	no	uraniste
svp	no	orgueilleux
cds	no	mystificateur
re	no	activités criminelles
dmc	yes	mensonge
or	no	moule
om	no	queer
cds	no	blagueur
cds	no	endogroupe
cds	no	parenté
or	no	dunce
qas	no	relation
svp	no	trancheuse
cds	no	fanatisme religieux
cds	no	franc-maçonnerie
an	no	gardon
re	no	enlèvement politique
an	no	morue
an	no	man-eater
qas	no	peintre en bâtiment
dmc	yes	malheureux
cds	no	chien
asf	no	connin
re	no	infanticide
an	no	barbarisme
ddp	yes	prisonnier de la chair
svp	no	morgue
cds	no	plaisantin
cds	no	chef
ddp	yes	gugusse
an	no	moue
dmc	yes	lâche
dmc	yes	flemmard
cds	no	fox
om	no	cross dressing
cds	no	se mêlent-mangle
cds	no	ballup
cds	no	changelins
an	no	crocodilidés
cds	no	contrevenant
cds	no	épice gériatrique
cds	no	assistante parlementaire
an	no	bufo vulgaris
cds	no	gardiens de prison
ddp	yes	organisme animal
or	no	connil
asf	no	tête de noeud
cds	no	ardeur
an	no	chasse aux oies
dmc	yes	mystificateur
svp	no	boulimique
qas	no	salmigondis
an	no	rhinaspis
an	no	bos taurus
ps	yes	amélioration végétale
an	no	brutalité
om	no	drag-queen
an	no	commerce de cadavres
cds	no	duplicité
re	no	prédateur sexuel
qas	no	hommes d'affaires
re	no	torture scientifique
dmc	yes	guignol
asm	no	crédulité
svp	no	court
cds	no	reaction
qas	no	histoire
ddp	yes	dadais
cds	no	crime contre la personne
an	no	body snatcher
re	no	entuber
dmc	yes	imitatif
ps	yes	bédouins
rci	yes	paysan
qas	no	médiéval
om	no	homo
dmc	yes	mufle
ddp	yes	fabrique de jardin
ddp	yes	sottise
cds	no	gouvernement réactionnaire
dmc	yes	vaurien
an	no	lésineur
cds	no	multitude
ps	yes	facho
dmc	yes	puer
om	no	cross-dressing
asm	no	rouler dans le foin
pa	yes	cols blancs
cds	no	intercesseur
an	no	taureau
an	no	con
cds	no	zavattarica
svp	no	grognon
cds	no	franc maçon
cds	no	terrassier
asm	no	enculé
cds	no	maffia
cds	no	gangstérisme
or	no	tête boudin
an	no	maringouins
an	no	radin
is	yes	maigre
qas	no	classe moyenne
pr	no	nana
an	no	physiognomonie
cds	no	demi-pinte
ps	yes	inkiness
pr	no	escortboy
ddf	yes	insatisfaisante
qas	no	bain
cds	no	bégueule
or	no	courge
cds	no	activités illégales
cds	no	toilettes
an	no	diddly-shit
asf	no	les poils pubiens
ddf	yes	mal-voyante
pa	yes	pasteur
ddp	yes	inintelligence
is	yes	pauvrete
cds	no	bêtisier
an	no	pelias
svp	no	intolérant
asm	no	dupe
ps	yes	connard
svp	no	sensuel
pr	no	mus decumanus
or	no	chatte
svp	no	langueur
cds	no	mafieux
an	no	hirudinea
pa	yes	entrepreneur de pompes funèbres
ps	yes	four
re	no	délinquant juvénile
ddp	yes	barbare
cds	no	plouc
om	no	vice anglais
ddp	yes	obtus
cds	no	topsy-turvyness
qas	no	trading discrétionnaire
an	no	petit cochon
cds	no	pédante
cds	no	nympho
cds	no	policière
svp	no	épargne
qas	no	négociant
cds	no	quidnunc
re	no	abduction
cds	no	homoncules
cds	no	mussiness
pa	yes	bâtard
asm	no	poteau
svp	no	répugnance
cds	no	cacography
asf	no	poil pubien
qas	no	déchet d'emballage
or	no	chou blanc
an	no	capra aegagrus hircus
cds	no	nymphomane
cds	no	déchets solides
pa	yes	plaideur
dmc	yes	clown blanc
cds	no	wagon de train
ddp	yes	con
cds	no	adoration des idoles
or	no	fenouil commun
cds	no	cercle
asm	no	twirp
svp	no	pingrerie
cds	no	cuvette de toilette
an	no	prostitution masculine
an	no	lavette
an	no	chouette rayee
ddf	yes	vil
cds	no	vide poche
an	no	bison d'amérique du nord
an	no	hiboux
om	no	androgame
re	no	extorsion de fonds
ddp	yes	abruti
re	no	exploitation financière
cds	no	franc maçonnerie
an	no	mulet
re	no	les pirates
om	no	homosexualité
an	no	brant goose
qas	no	niche
re	no	gangsters
re	no	agresser
cds	no	comportement criminel
an	no	ânes
is	yes	banni
cds	no	cognes
an	no	âne
cds	no	bordel
ddp	yes	illettrée
asm	no	connarde
cds	no	professeur de maternelle
re	no	cambrioleuse
an	no	anguilliforme
cds	no	perspicacité
dmc	yes	mozarelle
ddp	yes	putain
cds	no	astuce
dmc	yes	fraudeur
dmc	yes	puanteur
svp	no	parcimonieux
cds	no	tas
an	no	rossinante
cds	no	passer l%e2%80%99arme %c3%a0 gauche
cds	no	niais
cds	no	cacographie
svp	no	contrarié
re	no	pirates
an	no	ovin
asm	no	phallus
svp	no	fâchée
cds	no	paresseux
cds	no	fumbler
re	no	abducteur
cds	no	vénérer
pa	yes	agent de la billetterie
an	no	microbien
an	no	ovidés
cds	no	ndranghetta
qas	no	bobard
asm	no	poisson
asf	no	jeune fille
asm	no	pisum sativum
svp	no	dégoût
cds	no	meute
an	no	famille crocodylidae
an	no	poltronne
ddp	yes	retards psychomoteurs
ps	yes	brute
om	no	homme
dmc	yes	quignon
ps	yes	sot
dmc	yes	délinquant juvénile
ddp	yes	derrière
re	no	camorriste
cds	no	béguines
cds	no	fanatisme catholique
svp	no	ire de dieu
ddp	yes	handicapé mental
or	no	dôme
ddp	yes	analphabetisme
asm	no	pois gourmand
svp	no	dégustateur
pr	no	rosse
re	no	violation de la loi
asm	no	maxillipède
cds	no	flagorneur
or	no	bêta
re	no	cyber-terroristes
re	no	violents
an	no	anguille vrai
dmc	yes	parcimonieux
cds	no	pauvre poisson
ps	yes	bulgares
pa	yes	commis réservation
asm	no	vicia faba
cds	no	hiérarque
an	no	racoleuse
cds	no	délinquant juvénile
re	no	délit pénal
om	no	homoérotique
om	no	contre-robe
an	no	oie sauvage
dmc	yes	moralité
asm	no	aviaire
cds	no	fauche
qas	no	rouston
re	no	ndrangheta
or	no	pomme
pa	yes	employé de bureau
re	no	agresseur sexuel
re	no	braquage de magasin
cds	no	délit pénal en france
pr	no	catin
dmc	yes	barbares
qas	no	affaires
qas	no	resquilleur
an	no	caiman
dmc	yes	puante
cds	no	cogne
qas	no	rhétorique politicienne
qas	no	farrago
cds	no	manger les pissenlits par la racine
svp	no	goinfre
cds	no	bousilleuse
pa	yes	politicien
re	no	mauvais usage
cds	no	casser sa pipe
cds	no	malfaiteur
pr	no	biston betularia
om	no	homosexuel
is	yes	mesquin
cds	no	chiottes
pr	no	sexuels commerciaux
ps	yes	fasciste
re	no	vol qualifié
svp	no	vanité
cds	no	déshydrater
re	no	volé
dmc	yes	broyer du noir
dmc	yes	aigrefin
qas	no	bourgeois
asm	no	fuck
qas	no	pitoyable
cds	no	bawdyhouse
an	no	âne domestique
cds	no	religiosité
ps	yes	tradition juive
asf	no	la bêtise
svp	no	hautain
an	no	sus domesticus
ddp	yes	cafteur
svp	no	acédie
qas	no	menterie
dmc	yes	demi
om	no	le sexe anal
cds	no	branlette
dmc	yes	intouchable
asm	no	corne
ddp	yes	débris
svp	no	ronchon
an	no	sous-ordre blattaria
ddp	yes	rapporteur
pr	no	mus norvegicus
ddf	yes	abject
asf	no	changelins
asf	no	idiot
re	no	méchant
cds	no	foul-up
cds	no	éprouvant
cds	no	poltron
cds	no	baragouin
ddp	yes	oie
om	no	plantaire
pr	no	papillons de nuit
ps	yes	dihybridisme
qas	no	barons
ddp	yes	la bête
cds	no	sot
cds	no	moralisme
cds	no	ostentation
cds	no	nymphomanie
an	no	moustique
om	no	système de référence en anatomie
an	no	chiens
dmc	yes	sales
qas	no	tabi%e2%80%98un
or	no	vittu
ddp	yes	knucklehead
cds	no	entremetteur
an	no	bovin
cds	no	desperado
qas	no	architecture baroque
an	no	culicidae
dmc	yes	sans compte
is	yes	lésine
ps	yes	hispanique
qas	no	melange
svp	no	les 7 pêchés capitaux
an	no	sale tour
svp	no	niggardness
an	no	anguilles
ddp	yes	tête de nœud
cds	no	conteur
asf	no	poils pubiens
dmc	yes	bigot
ps	yes	hébraïsme
asm	no	enconner
ddp	yes	absurdes
om	no	ventrale
cds	no	voyous
re	no	assassiner au premier degré
ps	yes	néné
cds	no	fada
asm	no	retardé
ddp	yes	animalité
is	yes	appauvrissement
qas	no	peintre en bâtiment et décorateur
ddp	yes	révélateur
asm	no	penis
ddp	yes	être animé
cds	no	lèche-cul
cds	no	gueuletonner
an	no	roussin
or	no	bœuf
an	no	bison d'amerique du nord
an	no	suchia
pa	yes	porte-parole
dmc	yes	méphitique
or	no	pet
dmc	yes	maux
cds	no	salle de bain
qas	no	pouvoir
ps	yes	gitans
an	no	méchante
ddp	yes	jaseur
qas	no	ovule
cds	no	balourd
pa	yes	mandataire
an	no	genre vipera
cds	no	machiner
ddf	yes	nanus
pa	yes	mufle
pr	no	rattus norvegicus
an	no	caïman
cds	no	salle de bains
cds	no	nouveau-né
svp	no	inaction
cds	no	gaffeur
cds	no	goinfrer
re	no	mafieux
cds	no	conspirationnisme
cds	no	violence des gangs
asf	no	retardé
qas	no	baronnies
om	no	travestissement
an	no	canin
or	no	minutieux
svp	no	désintérêt
dmc	yes	trafiquant
pa	yes	salle de portier
asf	no	four
pa	yes	défenseurs
pr	no	escorte masculine
cds	no	beaucoup
cds	no	intellectuel
ddp	yes	boule
svp	no	hors de soi
asm	no	mal cuit
asm	no	connard
ddp	yes	bêta
pa	yes	chasseur
an	no	oie
or	no	tomate
cds	no	méfaits de décision
cds	no	réaction politique
ddp	yes	être
cds	no	criminels
an	no	serpent
cds	no	idolâtres
rci	yes	rustre
an	no	anguilla
an	no	oiselet
asm	no	ignorant
ddp	yes	handicap mental
an	no	cancre
pr	no	bos primigenius f. taurus
ps	yes	darkie
dmc	yes	vieux
cds	no	charbon symptomatique
ddp	yes	victime
qas	no	fatras
re	no	trafiquant
svp	no	courroux
re	no	crime
asm	no	sauter
cds	no	andouille
svp	no	aboulique
qas	no	parasitisme
qas	no	éponge
asf	no	vitut
cds	no	dévisser son billard
an	no	personne sans instruction
cds	no	religion scientifique
svp	no	Éros
dmc	yes	bêcheur
re	no	mafia italienne
ddp	yes	nigaud
ps	yes	nichon
cds	no	mensonginet
qas	no	maniéré
an	no	tambour rouge
cds	no	théorie du complot archive 1
cds	no	conformiste
an	no	hétérocères
dmc	yes	voleur
svp	no	trsna
qas	no	paysan
qas	no	chef d'entreprise
pr	no	prostituée
qas	no	bourgeoisie d'affaires
cds	no	théoriciens du complot
cds	no	muscle
cds	no	gang
cds	no	keuf
cds	no	bouffon du roi
cds	no	fall guy
dmc	yes	sneak thief
qas	no	acolytes
dmc	yes	criminelle
cds	no	truand
cds	no	oeuvre maçonnique
an	no	gros porc
qas	no	mentir
cds	no	fripouille
cds	no	reliques
an	no	mites
ps	yes	mongole
re	no	filou
asm	no	enculer
or	no	cancre
cds	no	banal
pa	yes	politiques
svp	no	acquisitif
svp	no	colère
cds	no	ringard
cds	no	trique
asf	no	fou
an	no	anoploure
dmc	yes	clown auguste
cds	no	commentaire
qas	no	fouiner
cds	no	badaude
pr	no	bovins
cds	no	rigoriste
cds	no	bande
qas	no	paroissial
cds	no	enfant illégitime
asf	no	abruti
cds	no	connard
pa	yes	expert-comptable
cds	no	mensonge d'urgence
cds	no	mafias
an	no	ridicule
qas	no	conformisme
ddp	yes	rumourmonger
ps	yes	juifs
cds	no	fanatisme évangélique
qas	no	tabi'un
cds	no	betisier
or	no	chochotte
asm	no	putain de
or	no	chou vert
dmc	yes	infâme
an	no	chat-huant
cds	no	mécréant
asm	no	retard
pa	yes	universitaires
qas	no	bloodhound
an	no	la bêtise
re	no	difficile
re	no	mafieuse
qas	no	bourgeoisie juive
an	no	diddly
cds	no	éducateur
cds	no	pigeon
cds	no	tribus
qas	no	baronne
cds	no	arrogante
pr	no	heteroceres
an	no	insecta
an	no	animalcule
ddp	yes	marchand de ragots
an	no	mite
pr	no	dame de plaisir
dmc	yes	parénétique
dmc	yes	noir
pr	no	traînée
dmc	yes	bouffonnerie
cds	no	futé
asm	no	testicules
re	no	chaud
om	no	postérieure
an	no	limacidae famille
cds	no	sournois
re	no	vols à main armée
an	no	microbienne
an	no	asinus
cds	no	gnangnan
ps	yes	butor
an	no	capra hircus
an	no	poulets
dmc	yes	passer le tout
cds	no	duperie
asm	no	membre
dmc	yes	rakehell
qas	no	pleurnicheur
om	no	pairesse
an	no	pingrerie
is	yes	scélérat
an	no	flemmarde
an	no	caprin
cds	no	effronterie
dmc	yes	gaffeur
cds	no	maître
ddf	yes	paralytique
cds	no	paillasson
re	no	organisation terroriste
qas	no	roturiers
svp	no	broyer du noir
asf	no	néné
ddp	yes	lourdaud
or	no	muttonheads
cds	no	rusée
cds	no	coque
dmc	yes	falsifié
ps	yes	arithmétique
dmc	yes	arnaqueur
an	no	cimicidae
an	no	pipistrellus
svp	no	avidité
an	no	punaises de lit
dmc	yes	tricheur
cds	no	beauté
an	no	ladre
qas	no	personnalité du monde des affaires
dmc	yes	têtu
cds	no	handjob
an	no	écoute
ps	yes	monohybridisme
ps	yes	interfertilité
dmc	yes	hobo
ps	yes	blackamoor
an	no	capra
qas	no	boniment
cds	no	relique
cds	no	compagnie de courtage
cds	no	gangsters
or	no	knucklehead
ps	yes	rustre
cds	no	récit
ddf	yes	handicaps
an	no	enfoiré
cds	no	clébard
re	no	agonie
re	no	furiousness
cds	no	lavette
dmc	yes	moraux
cds	no	cut-up
cds	no	bourdes
pr	no	salope
cds	no	bigot
cds	no	superficialité
re	no	vilifier
cds	no	violence fanatique
or	no	cuke
cds	no	avorton
dmc	yes	délit pénal en france
an	no	garce
cds	no	satyriasisme
pa	yes	conseiller
svp	no	apathique
cds	no	mensonge blanc
asf	no	nibard
ps	yes	mélanodermie
cds	no	bébés
ddp	yes	analphabétisme
cds	no	branlage
dmc	yes	menteuse
re	no	terroristes
cds	no	enfant
dmc	yes	moralité publique
asf	no	conin
rci	yes	barbare
cds	no	oreille
ddp	yes	know nothing
ddp	yes	faune mammalienne
asm	no	pigeon
cds	no	nimpho
dmc	yes	brigand
cds	no	chevalier d'industrie
an	no	biquette
qas	no	planète
cds	no	chiot
ps	yes	métèques
qas	no	agricultrice
cds	no	cancre
svp	no	vain
pa	yes	comptable
an	no	crapeau
cds	no	paire de manches
cds	no	exigeant
pr	no	prostitution
cds	no	société fasciste
qas	no	partenaire dans le crime
an	no	cimex lectularius
asm	no	ficken
is	yes	pauvreté
an	no	git
pr	no	mites
qas	no	agacer
qas	no	fermière
an	no	blattaria
re	no	méchant tragique
dmc	yes	ravisseur
ps	yes	sélection variétale
an	no	oies
pa	yes	rang diplomatique
asf	no	nichon
an	no	coquelet
svp	no	convoitise
an	no	anoplura
cds	no	veule
pa	yes	académique
om	no	homophilie
asf	no	pigeon
ddp	yes	twirp
ps	yes	voyou
svp	no	lascive
an	no	parcimonie
cds	no	foule
an	no	blattoptère
asf	no	poussin
an	no	lapsus de langue
an	no	mouton
an	no	toutou
cds	no	gorger
an	no	mauviette
cds	no	cruche
re	no	criminelle
qas	no	déchets solides municipaux
is	yes	infortuné
cds	no	culchie
re	no	hors la loi
cds	no	sous-clan
re	no	terrorisme
an	no	salientian
an	no	ralouf
cds	no	crooner
cds	no	pinpin
an	no	bison des bois
is	yes	proscrit
cds	no	pignouf
an	no	chèvres
cds	no	badaud
an	no	cakehole
cds	no	superbia
an	no	boeuf sauvage
cds	no	prétentieux
om	no	caudale
re	no	agression sexuelle en droit penal francais
an	no	gringalet
qas	no	ouvrier agricole
re	no	kidnapper
an	no	race caprine
ps	yes	haltère
re	no	piger
dmc	yes	indolent
cds	no	sac de racaille
an	no	rana bufo
an	no	maringouin
an	no	escargots
svp	no	slackers
ddp	yes	commère
is	yes	avarice
asm	no	conne
cds	no	monohybride
ps	yes	bêche
an	no	mouche à feu
re	no	les agressions sexuelles
re	no	agression sexuelle
svp	no	flemmarde
om	no	personne handicapée
om	no	extrémité arrière
an	no	canaille
re	no	calomniateur
qas	no	revenu intermédiaire
cds	no	dégonflé
an	no	niais
cds	no	lav
dmc	yes	chien
an	no	siphonaptera
cds	no	contenter
or	no	orange brûlé
dmc	yes	criminel
cds	no	épistolier
qas	no	lest
an	no	asticots
dmc	yes	souillé
cds	no	dime novels
or	no	la courge
cds	no	pédagogue
an	no	bovins de boucherie
asm	no	oiselle
re	no	traducement
svp	no	parcimonie
svp	no	gorger
asm	no	gourde
ps	yes	communauté juive
om	no	uraniste
cds	no	marchand de ragots
an	no	requin mangeur d'hommes
re	no	violence
cds	no	poulet
qas	no	conformisme religieux
cds	no	auto-culte
re	no	agression
asm	no	pièce de queue
an	no	vol de cadavres
qas	no	cirque
an	no	roulure
cds	no	mensonge
ps	yes	nigger
asm	no	conasse
cds	no	culture selective des plantes
svp	no	gourmandise
cds	no	bas
cds	no	conasse
asf	no	dupe
ddp	yes	fils de pute
dmc	yes	moche
svp	no	rancunier
svp	no	bigot
qas	no	acolytat
svp	no	radinerie
