pr	no	זוֹנָה
dmc	yes	צק עצוב
cds	no	הערב רב של החיילים וובייה
svp	no	קמצן
or	no	pudden ראש
or	no	כוסית
dmc	yes	מופקר
dmc	yes	נוכלים
an	no	רכרוכי
cds	no	תַּעֲלוּל
or	no	טמבל
ddp	yes	ברברים
or	no	חתיכת טיפש
om	no	הומופיל
ddp	yes	נופל בחור
dmc	yes	גסות רוח
re	no	פיגוע טרור
cds	no	פה גדול
pr	no	זנזונת
or	no	מִתְרוֹמֵם
svp	no	טוב ל- תוהו
ddp	yes	בּוּרוּת
svp	no	יהירות
asm	no	שָׁכַב-עִם
dmc	yes	בזבזן
pr	no	זמה
svp	no	כִּילַי
ddp	yes	להג
cds	no	סַרְסוּר
or	no	התנועה ההומופילית
asf	no	tomfool
cds	no	wangler
ddp	yes	לא מוכשר
om	no	paederast
an	no	diddlysquat
ddp	yes	פראייר
pr	no	פרה
svp	no	!רַגְזָן
is	yes	נבל-על
an	no	שמץ של מושג
ddp	yes	ראש הפודינג
pr	no	זונה
dmc	yes	הולל
cds	no	יומרנות
dmc	yes	נואף
cds	no	!מְאַהֶבֶת
ddf	yes	תאנוס
re	no	debaucher
an	no	זונה
asf	no	folderol
re	no	סחט
dmc	yes	כך וכך
ddp	yes	dumbass
cds	no	חסיד
an	no	!זְאֵב
cds	no	folderol
an	no	בְּהֵמִי
cds	no	satyriasis
dmc	yes	כלב מלוכלך
svp	no	בתיאבון
re	no	!סְחִיטָה
cds	no	משתמט
ps	yes	אידיוט
re	no	רשע
cds	no	hoaxer
ps	yes	מסטיסו
cds	no	rumourmonger
ddp	yes	לבהות
cds	no	צרות אופקים
an	no	חלשלוש
cds	no	גרוטאות
cds	no	סרסור
dmc	yes	dillydallier
an	no	קמצן
ddp	yes	פראטר
dmc	yes	defrauder
ddp	yes	קמצן
svp	no	משתמט
qas	no	גולם
cds	no	אדם מרושל
pa	yes	החיספוס
cds	no	המשטר הפשיסטי
qas	no	שנורר
ddp	yes	פה גדול
dmc	yes	סחבן
cds	no	!חֻצְפָּה
svp	no	לא בחשבון
cds	no	!הַשְׁעָרָה
pr	no	זוֹנַת-רְחוֹב
asf	no	כוס
pr	no	שירותי מין
an	no	נחש בעשב
re	no	!סַחְטָנוּת
cds	no	סתגלן
cds	no	עָרוּם
an	no	!סַפְסָר
cds	no	נוכלות
asm	no	מתמימות
re	no	המאפיה הסיציליאנית
is	yes	נבל טרגי
cds	no	כנופייה
is	yes	כִּילַי
an	no	תקיפותו
an	no	זנות רחוב
is	yes	קמצנות
svp	no	חסר תועלת
dmc	yes	גַּס-רוּחַ
cds	no	הולכים בטל
ddp	yes	אַנְאַלְפָבֵּיתִי
ddp	yes	יוצלח
cds	no	עבריין צעיר
qas	no	בארבאריים
or	no	muttonhead
cds	no	צָרָה
ddp	yes	רשעות
an	no	אדם חסר השכלה
ps	yes	ברברים
cds	no	היבריס
or	no	דגים מסכנים
cds	no	slyboots
cds	no	scrawler
an	no	בַּהֲמִי
ddp	yes	בּוּר
cds	no	גַּס-רוּחַ
dmc	yes	בארבאריים
ddp	yes	botcher
an	no	כלבה
cds	no	שמוק
an	no	זוֹנַת-רְחוֹב
dmc	yes	הולכים בטל
ddp	yes	כסיל
ps	yes	מגע רך
ddp	yes	pudden ראש
asf	no	טִפֵּשׁ
is	yes	לבושת סחבות
cds	no	חידה
svp	no	trencher
ddp	yes	תחת
an	no	לנטוש
cds	no	בריונות
dmc	yes	!רַמָּאוּת
cds	no	חץ ליטר
cds	no	ערמומי
dmc	yes	dissimulator
qas	no	טַפִּיל
an	no	נוכלים
ps	yes	מונגולואידים
cds	no	יְהִירוּת
asm	no	tomfool
an	no	מאחר
ddp	yes	שטויות
cds	no	finagler
dmc	yes	כפרי ותמים
dmc	yes	מטעה
cds	no	מוג לב
dmc	yes	מושח
asf	no	פרגית
cds	no	מיחזור מתכת
cds	no	truckler
cds	no	!שׁוּעָל
re	no	נבל
dmc	yes	מזויף
asm	no	מאונן
cds	no	חנאג'
asm	no	זִיּוּן
dmc	yes	חץ ליטר
an	no	קרנן
cds	no	איסור ריבית
cds	no	פלילי
pr	no	המקצוע העתיק בעולם
cds	no	שסק
dmc	yes	נוכל
cds	no	נבל טרגי
ddp	yes	בַּהֲמִי
asm	no	טפש
cds	no	fawner
cds	no	ראקציונר
dmc	yes	טוב תמורת כלום
ps	yes	להאט
dmc	yes	נוודים
an	no	אהבהבנית
cds	no	רמאי
ddp	yes	רכלן
cds	no	מאפיה הסיציליאנית
cds	no	מפברק
cds	no	צופה
ddp	yes	טפשה
an	no	החברמן
cds	no	שרלטן
ddp	yes	בְּהֵמִי
ddp	yes	חרא אחד
re	no	אינוס קטינה
cds	no	מתרפס
cds	no	להתגנב גנב
cds	no	מַפִיָה
om	no	תנועת homophile
ps	yes	בוש
dmc	yes	לא יוצלח
re	no	פח"ע
an	no	זנות הומוסקסואלית
cds	no	שוטרים
cds	no	תפוח מלטש
ddp	yes	חַיָּתִי
cds	no	קַנָּאוּת
pr	no	אישה המשיכה
dmc	yes	אַכְזָר
pa	yes	ברבריות
cds	no	dastardliness
an	no	עצל
pr	no	פילגש
an	no	zooerastia
svp	no	שחצנות
asf	no	וגינה
asf	no	בחורה
svp	no	לא יוצלח
cds	no	הלוואות בריבית קצוצה
ddf	yes	ננס
svp	no	רברבנות
dmc	yes	צַחֲנָה
cds	no	גבוה handedness
cds	no	הבלגן
ps	yes	מטיסים
cds	no	שְׁטֻיּוֹת
asm	no	טיפש
cds	no	מַלְוֶה-בְּרִבִּית
ddp	yes	נוכלות
qas	no	מטורף
ddp	yes	מגע רך
ps	yes	קראוט
cds	no	דגים מסכנים
dmc	yes	בּוֹגֵד
svp	no	יוצלח-לעשות היטב
svp	no	טוב תמורת כלום
ddp	yes	zooerastia
cds	no	פסולת ביתית
cds	no	!רְכִילוּת
an	no	dumbass
an	no	זונה זכרית
ddp	yes	בן כלבה
cds	no	נבל
dmc	yes	לשקוע בעצבות
asf	no	להאט
om	no	עליז
asm	no	פראייר
pa	yes	גולם
ps	yes	לבהות
pr	no	שטויות
an	no	inexorability
dmc	yes	פסאודו
is	yes	נבל על
cds	no	טיפש
re	no	אונס קבוצתי
svp	no	מתגרה
cds	no	בן כפר
an	no	תאנוס
an	no	בור
ddp	yes	מְפַגֵּר
dmc	yes	לא יצלח
cds	no	בארבאריים
cds	no	בכיין
ddp	yes	בן זונה
or	no	הוֹמוֹסֶקסוּאָל
cds	no	קנאי
re	no	אונס תאריך
cds	no	בחור חכם
re	no	טרוריסט
ps	yes	טיפש
cds	no	כנופיה
an	no	טיפש
ddp	yes	taleteller
cds	no	סנוב
dmc	yes	churl
cds	no	שוטרת
cds	no	יודע יותר טוב מכל
an	no	חַיָּתִי
svp	no	אפס מעשה
cds	no	שודד דרכים
ddp	yes	להאט
cds	no	המפלגה הפשיסטית
is	yes	קבצן
ddp	yes	טומטום
is	yes	פאטתית
cds	no	מחזור מתכת
pr	no	buncombe
asf	no	טפש
ps	yes	פראייר
cds	no	אחד מהר
an	no	זונה ממין זכר
cds	no	wonk
pr	no	סיגים
cds	no	רודף
is	yes	רשע
dmc	yes	גולם
ddp	yes	מסתבך
an	no	סרבול
or	no	dumbass
an	no	גמד
an	no	נער ליווי
cds	no	מורה
an	no	פרה
asf	no	טמבל
ddp	yes	טִפֵּשׁ
cds	no	פסולת עירונית מוצקה
qas	no	אספסוף
ddp	yes	ראש פטיש
an	no	נבל-על
an	no	!נָבָל
cds	no	חטא ההיבריס
cds	no	נוכלים
asf	no	תעלת הלידה
dmc	yes	גַּס
an	no	!נוֹכֵל
svp	no	רַבְרְבָנוּת
cds	no	סרסורים
cds	no	רכרוכי
cds	no	רכיכה
rci	yes	churl
asf	no	הבלים
cds	no	המונים הנבערים
ddp	yes	fumbler
re	no	מלשין
asf	no	dumbass
ddp	yes	zooerasty
ddp	yes	פרצוף תחת
cds	no	פשיסט
cds	no	!נָבָל
an	no	מתחנחן
cds	no	snooper
asf	no	שְׁטֻיּוֹת
cds	no	יהירות
cds	no	נבל על
re	no	המאפיונר
asm	no	flouter
cds	no	פַּחְדָן
an	no	גולם
qas	no	לדחות
cds	no	המאפיה הסיציליאנית
rci	yes	ברברים
asm	no	shtup
ddp	yes	פתי
ddp	yes	רכילאים
om	no	התנועה ההומופילית
asf	no	טומטום
asm	no	אידיוט
or	no	!סָכָל
cds	no	פרצוף תחת
cds	no	newsmonger
cds	no	!עֵדֶר
cds	no	!קַנַּאי
cds	no	להוציא מחוץ לחוק
dmc	yes	והעמדת פן
cds	no	wank
cds	no	נימפומניה
an	no	diddlyshit
cds	no	כבוד עצמי
cds	no	bellyacher
cds	no	החכם אלק
an	no	folderol
dmc	yes	רמאי
dmc	yes	chawbacon
cds	no	פנמן
cds	no	מלשין
cds	no	מניאק
asf	no	ואגינה
cds	no	נוכל
pr	no	שרלילה
or	no	מוזר
is	yes	המסכן הזה,
pr	no	נערת ליווי
cds	no	הוצאה לחוק
cds	no	תיק חלאות
cds	no	חלשלוש
cds	no	שחצנות
dmc	yes	foetor
cds	no	נימפומנית
qas	no	bumbler
an	no	קַמְצָן
svp	no	חוסר תוחלת
asm	no	פאק
pr	no	ג׳יגולו
om	no	גיי
pr	no	סרסורית לזנות
an	no	דידלי
or	no	הומוסקסואל
cds	no	ברברים
qas	no	ברבריות
cds	no	נבל-על
ddp	yes	אמא זונה
cds	no	רברבנות
an	no	rentboy
an	no	vamper
is	yes	!נָבָל
asf	no	הנרתיק
cds	no	מלווה בריבית
pr	no	זנות
an	no	מתיחת אינטרנט
an	no	נבל
ddp	yes	muttonhead
ddp	yes	tomfool
an	no	כך וכך
cds	no	!חוֹטֵא
cds	no	יודע הכול
ps	yes	ruiner
ps	yes	חיל גרמני
qas	no	קולב על
dmc	yes	לפשל-off
cds	no	עצל
dmc	yes	grifter
dmc	yes	שודד
ddp	yes	נִבְעָרוּת
asm	no	טומטום
ddp	yes	מפגר
asm	no	jeerer
svp	no	קַמְצָן
ddp	yes	נונסנס
qas	no	tagalong
qas	no	דאובר
an	no	פרוץ
asf	no	פרצוף תחת
or	no	תנועת ההומופיל
dmc	yes	ננס
ps	yes	פרייר
re	no	סחיטה
ps	yes	darkey
om	no	ילד התוקף
om	no	מוזר
cds	no	מתלונן
cds	no	חתיכה על
qas	no	מסתבך
cds	no	סרסרות
ps	yes	nigra
ddp	yes	בהמיות
dmc	yes	נבל טרגי
qas	no	!סִפּוּר
dmc	yes	צחנה
asm	no	מגע רך
cds	no	נושה
ddp	yes	newsmonger
qas	no	פאטתית
ddp	yes	חתיכת טיפש
cds	no	ברבריות
cds	no	tricker
cds	no	רוטר
cds	no	המאפיה
qas	no	לשוטט
or	no	מטומטם
cds	no	אי-סדר
cds	no	כסיל
asm	no	זיונים
ddp	yes	!רַכְלָן
cds	no	יוצלח
an	no	דביל
asf	no	ראש פטיש
an	no	פיפס-ציוץ
an	no	zooerasty
ddp	yes	אספסוף
cds	no	סחבן
re	no	אלים
ddp	yes	אי-גיון
cds	no	tomfool
cds	no	swot
cds	no	git
dmc	yes	לסטים
asf	no	מגע רך
re	no	השמצה
cds	no	טִפֵּשׁ
cds	no	מאפיונר
cds	no	אמא זונה
re	no	נבל-על
cds	no	!סִפּוּר
ddp	yes	שרלטן
ddp	yes	בַּעֲרוּת
cds	no	מנהלת בית ספר
dmc	yes	בטלן
is	yes	קמצן
pr	no	זונות
an	no	prickteaser
ddp	yes	חנטריש
asm	no	!הוֹנָה
ddp	yes	saphead
cds	no	שובבה
cds	no	גרוטאות ברזל
ddp	yes	הערב רב של החיילים וובייה
pr	no	חוצפן
cds	no	אפס מעשה
cds	no	קנאות
re	no	פעילות חבלנית עוינת
om	no	סדומאי
dmc	yes	עָצֵל
re	no	דילטור
svp	no	לפשל-off
an	no	טַפִּיל
cds	no	רַבְרְבָנוּת
pr	no	פְּרוּצָה
dmc	yes	אָוֶן
pr	no	rentboy
cds	no	בטלן
cds	no	ריאקציונר
an	no	muttonhead
dmc	yes	רע
cds	no	מטומטם וגס
cds	no	chawbacon
cds	no	צרה
ddp	yes	קולס
dmc	yes	נבל
dmc	yes	בן כפר
cds	no	!סָכָל
dmc	yes	מפברק
svp	no	חסיד
an	no	ראש פטיש
svp	no	כבוד עצמי
or	no	כוס
dmc	yes	pseud
dmc	yes	רשע
cds	no	תחבלנות
pr	no	מְאַהֶבֶת
svp	no	התנפחות
dmc	yes	צר אופק
cds	no	splashiness
cds	no	סוכן כביש
cds	no	נשך
svp	no	שפריצים-dallier
ddp	yes	נון-סנס
qas	no	עֲלוּקָה
asf	no	דביל
dmc	yes	החברמן
ps	yes	הורס
an	no	יצאנית
pr	no	זונה זכרית
dmc	yes	dallier
an	no	יודע דבר
dmc	yes	ריח רע
an	no	הבלים
cds	no	חננה
om	no	מִתְרוֹמֵם
or	no	חרא אחד
an	no	betise
om	no	poove
cds	no	נפיחות
ddp	yes	צק עצוב
cds	no	הלוואת כספים
qas	no	הערב רב של החיילים וובייה
cds	no	שקר
re	no	traducer
ddp	yes	!טִפֵּשׁ
cds	no	מלחמת כנופיות
ddf	yes	גמד
an	no	טריק מלוכלך
svp	no	גַּאַוְתָן
ps	yes	mestizaje
cds	no	גזענות
an	no	לנבל את הפה
cds	no	חתיכת טיפש
qas	no	sciolist
cds	no	אספסוף
an	no	פרצוף תחת
pr	no	פלגש
asm	no	טִפֵּשׁ
an	no	כלב מלוכלך
cds	no	לסטים
qas	no	נוהג לפי מוסכמות
ps	yes	שחרחר
cds	no	עַרְמוּמִיּוּת
cds	no	מתערב בכל
an	no	זנות גברית
cds	no	אדם טיפש
ps	yes	ברבריות
cds	no	vaunter
dmc	yes	רֶשַׁע
pr	no	שרמוטה
an	no	כִּילַי
cds	no	פשיסטים
an	no	זנות זכרית
cds	no	סקרן
re	no	אַנָּס
om	no	homophile
cds	no	התנפחות
asf	no	נופל בחור
cds	no	גוזמן
ps	yes	בן תערובת
cds	no	!דָּרַשׁ
cds	no	בזוי
cds	no	schoolma'am
re	no	מלחמת כנופיות
cds	no	תַּחְמָנוּת
asm	no	אוויל שכמוך
cds	no	pudden ראש
ddp	yes	מְטֻפָּשׁ
ps	yes	אוויל שכמוך
an	no	מתיחות
asm	no	חלק מזנב
cds	no	איזה חנון
dmc	yes	עברין
an	no	אדם רע
ddp	yes	טיפש
dmc	yes	נוד
qas	no	fumbler
cds	no	יָהֳרָה
pr	no	גברת של הנאה
ddp	yes	אוויל שכמוך
cds	no	ראוותנות
ddp	yes	שְׁטֻיּוֹת
cds	no	המאפיונר
ddp	yes	בארבאריים
cds	no	ריאקציה
cds	no	עזות-מצח
or	no	קולס
pr	no	פרא
cds	no	שוטר סמוי
cds	no	פרייר
cds	no	בן זונה
cds	no	sniveller
dmc	yes	לא בחשבון
or	no	גיי
pa	yes	בארבאריים
or	no	עליז
asm	no	דביל
ddp	yes	stupe
or	no	הומופיליה
is	yes	פאטתי
an	no	רודף שמלות
re	no	libeler
cds	no	רברבן
ddp	yes	גולם
cds	no	מַעֲשֵׂה-קֻנְדָּס
dmc	yes	צרות אופקים
an	no	רשלן
ps	yes	המשתנים
pr	no	ג'ון
or	no	ראש פטיש
svp	no	יָהֳרָה
ddp	yes	שטותיות
ddp	yes	!סָכָל
dmc	yes	מִתְחַזֶּה
asf	no	לדן
cds	no	quidnunc
asf	no	דפוק
cds	no	mussiness
ps	yes	מטומטם
ddf	yes	חץ ליטר
dmc	yes	התמהמה
svp	no	superbia
svp	no	גבוה handedness
pr	no	יַצְאָנִית
pr	no	פרוצה
cds	no	שקרן
ps	yes	כושי
cds	no	חוטא
cds	no	bragger
an	no	tomfool
cds	no	swaggerer
asf	no	מפגר
ps	yes	krauthead
cds	no	עָרְמָה
cds	no	חבר כנופיה
re	no	מחבל
qas	no	לברור
an	no	פראותו
ps	yes	מסטיסים
re	no	עברין
re	no	maligner
asm	no	twirp
cds	no	דביל
pr	no	זנות הומוסקסואלית
an	no	אדם מרושל
cds	no	defrauder
rci	yes	בארבאריים
cds	no	תרעומן
or	no	טפש
pa	yes	ברברים
ps	yes	נופל בחור
svp	no	אהבה עצמית
an	no	טמבל
cds	no	גולם
or	no	stupe
cds	no	ההיבריס
or	no	הומו
re	no	אימתנות
cds	no	מאפיונרים
dmc	yes	אפס מעשה
cds	no	בלש משטרה
cds	no	הבלים
svp	no	יְהִירוּת
dmc	yes	!רַמַּאי
ps	yes	גולם
cds	no	taleteller
qas	no	cadger
qas	no	יוצלח
dmc	yes	צָבוּעַ
pr	no	קדשה
re	no	נבל טרגי
qas	no	עושה צרות
an	no	רכיכה
cds	no	פחדנות
dmc	yes	bumbler
om	no	תנועת ההומופיל
cds	no	fumbler
ddp	yes	שמוק
cds	no	stupe
ps	yes	מפגר
asm	no	דפק
qas	no	כובע רע
cds	no	mystifier
cds	no	לא יצלח
cds	no	מלוה בריבית
ddp	yes	מטופש
svp	no	עָצֵל
cds	no	מאפיה
cds	no	כך וכך
cds	no	דמגוג
cds	no	הבעיה
ddp	yes	יודע דבר
cds	no	כלב מלוכלך
or	no	אדם טיפש
cds	no	צדקן
pr	no	פרוץ
svp	no	סקרוג'
an	no	פסול
svp	no	גזען
svp	no	לשקוע בעצבות
re	no	פגוע
ps	yes	גֹּלֶם
an	no	טומטום
cds	no	חנפן
an	no	מקל-in-the-הבץ
cds	no	בזויה
an	no	נבל טרגי
cds	no	תרבות כנופיה
dmc	yes	המסכן הזה,
cds	no	מוּג-לֵב
cds	no	פשיסטי
cds	no	כזב
asm	no	עָשָׂה-אַהֲבָה
cds	no	חרשן
dmc	yes	עַצְלָן
ps	yes	churl
cds	no	hayseed
cds	no	פדנט
dmc	yes	עבריין צעיר
dmc	yes	נִבְזֶה
ddp	yes	גֹּלֶם
pr	no	אישה מרושלת
pr	no	זְנוּת
ddp	yes	מטומטם
dmc	yes	כפרי ומגושם
svp	no	עצל
cds	no	המאפיה האיטלקית
dmc	yes	להתגנב גנב
asm	no	fucking
ddp	yes	איגיון
asf	no	פתח הנרתיק
rci	yes	גולם
cds	no	!גּוּר
is	yes	יחפן
pr	no	fornicatress
cds	no	בלש משטרתי
om	no	ננס
dmc	yes	נווד
cds	no	כנופיות
cds	no	fanatism
an	no	עֲלוּקָה
ps	yes	הכושי
or	no	קוויר
ps	yes	קְלוֹץ
dmc	yes	סרחון
cds	no	סתם בכיין
om	no	קוויר
svp	no	גבהות
om	no	הומו
asm	no	fuck
ps	yes	מסטיסוס
an	no	טִפֵּשׁ
cds	no	!רַכְלָן
dmc	yes	כפרי
re	no	מאפיונר
cds	no	קו יורה
qas	no	חובבנות
pr	no	זנות רחוב
ps	yes	בני תערובת
cds	no	weisenheimer
asm	no	מניאק
cds	no	נפוח סגנון
cds	no	המסכן הזה,
dmc	yes	גזענות
an	no	רשעות
cds	no	שודד
qas	no	פאטתי
cds	no	חכם בלילה
cds	no	עתק
cds	no	chiseller
is	yes	קַמְצָן
cds	no	פָנָטִיּוּת
cds	no	שוטר
re	no	המאפיה
ddp	yes	בערות
pr	no	פִּילֶגֶשׁ
ddp	yes	הונאת בריאות
qas	no	!שְׁנוֹרֶר
ddp	yes	קְלוֹץ
cds	no	ערמומיות
cds	no	חנונית
cds	no	פראייר
dmc	yes	chiseller
cds	no	צק עצוב
cds	no	החברמן
cds	no	רכלן
cds	no	קצין המשטרה
svp	no	niggardness
asf	no	saphead
cds	no	גזען
an	no	נופל בחור
svp	no	!יָהִיר
dmc	yes	יוצלח
or	no	הומופיל
ddp	yes	טיפשות
svp	no	קמצנות
re	no	משמיץ
cds	no	עברין
cds	no	הלוואה בריבית
re	no	סחטנות
re	no	שודד
or	no	ננס
an	no	שרמוטה
om	no	הומופיליה
an	no	שמץ של מושג-חרא
cds	no	!טִפֵּשׁ
cds	no	רשע
svp	no	minginess
pr	no	מיניים מסחריים
pr	no	יצאנית
qas	no	churl
ddp	yes	אדם חסר השכלה
cds	no	grifter
an	no	פחדן
pr	no	כלבה
cds	no	אהבה עצמית
an	no	doodly-גוץ
ddp	yes	דפוק
cds	no	אַשְׁפָּה
asm	no	להתגלגל בערימת השחת
svp	no	dillydallier
qas	no	פושט
asm	no	טיפשות
asm	no	saphead
ddp	yes	פראותו
ddp	yes	אנאלפבית
ddp	yes	twaddler
om	no	רכרוכי
cds	no	המונים
cds	no	גיק
ddp	yes	הברברת
an	no	מטומטם וגס
cds	no	בעיה
cds	no	שובב
dmc	yes	בזוי
pr	no	המקצוע העתיק ביותר בעולם
ddp	yes	דגים מסכנים
ddp	yes	פרייר
cds	no	לנבל את הפה
an	no	אספסוף
ddp	yes	ברבריות
svp	no	trencherman
cds	no	גרזן ספרותי
cds	no	גזור
asm	no	להזדיין
dmc	yes	מתחזים
dmc	yes	מסתבך
pr	no	זונת קראק
an	no	inexorableness
asf	no	כוסית
or	no	poove
ddp	yes	bumbler
dmc	yes	נבל-על
cds	no	ליסטים
ps	yes	בארבאריים
ddp	yes	הבלים
cds	no	זֶבֶל
svp	no	היצריות
ps	yes	כושי סמבו
pr	no	ספורט גברת
asm	no	זיין
ddp	yes	!טִפְּשִׁי
re	no	מחבלים
dmc	yes	hayseed
asm	no	עבודת יד
an	no	מגע רך
an	no	אסימון שחוק
cds	no	לברור
cds	no	!מִשְׁתַּמֵּט
cds	no	מסתבך
cds	no	חובבנות
cds	no	!מוּקְיוֹן
ps	yes	uprooter
cds	no	תעלול
cds	no	פטפטן
dmc	yes	שקרן
cds	no	עַרְמוּמִי
cds	no	עסקן
cds	no	דוגמטי
svp	no	gourmandizer
cds	no	נוהג לפי מוסכמות
dmc	yes	עצלנים
cds	no	!נוֹכֵל
pr	no	זנות גברית
asf	no	נרתיק
cds	no	שמרני קיצוני
dmc	yes	יוצלח-לעשות היטב
cds	no	ראש הפודינג
cds	no	פחדנית
asm	no	גולם
dmc	yes	אַכְזָרִי
cds	no	שׁוֹטֵר
dmc	yes	!רְמִיָּה
an	no	פרייר
asm	no	הִזְדַּיֵּן
dmc	yes	חסר תועלת
re	no	אינוס
dmc	yes	אדם רע
svp	no	עתק
cds	no	rumormonger
cds	no	כנופיות נוער
cds	no	תַּחְבְּלָן
pr	no	זונה ממין זכר
qas	no	ושקר
an	no	נבל על
cds	no	פסולת מוצקה
re	no	פעולת טרור
or	no	ראש הפודינג
dmc	yes	!נָבָל
asf	no	אוויל שכמוך
cds	no	!פּוֹשֵׁעַ
an	no	טפש
qas	no	ברברים
an	no	שְׁטֻיּוֹת
qas	no	שקר
or	no	דפוק
re	no	כופר נפש
cds	no	wisenheimer
ddp	yes	betise
an	no	ברווזים
or	no	תנועת homophile
cds	no	ראש התנפח
pr	no	הבל גמור
an	no	חרא אחד
ddp	yes	לֹא-בָּקִי
an	no	כסיל
asf	no	טיפש
asm	no	מזוין
ddp	yes	אליל
cds	no	גַּס
an	no	נָחָשׁ
dmc	yes	משומד
ddp	yes	טיפשי
or	no	homophile
asm	no	זין
cds	no	דמגוגיה
an	no	raunch
dmc	yes	trifler
cds	no	עצלנים
asm	no	הברגה
cds	no	כפרי ומגושם
cds	no	בן כלבה
cds	no	פאשיזם
re	no	מאפיה הסיציליאנית
dmc	yes	זיפן
re	no	אנס
ddp	yes	בורות
cds	no	saphead
cds	no	רשלן
asm	no	טפשה
re	no	עבריין צעיר
svp	no	צרות אופקים
ps	yes	דביל
dmc	yes	טוב ל- תוהו
pr	no	אישה משוחררת
dmc	yes	ברבריות
dmc	yes	עִפּוּשׁ
or	no	כסיל
cds	no	סמן ימני קיצוני
dmc	yes	!מִשְׁתַּמֵּט
cds	no	קפדן
asm	no	נופל בחור
dmc	yes	השני rater
ddp	yes	פסול
an	no	מתיחה
asm	no	חתיכה מתחת
pr	no	זחילת מדרכה
re	no	המאפיה האיטלקית
ps	yes	pikey
asf	no	מטומטם
asf	no	muttonhead
pr	no	נער ליווי
ddp	yes	דביל
re	no	אונס
dmc	yes	!נוֹכֵל
cds	no	hypersexual
cds	no	כרישי הלוואה
is	yes	נבל
cds	no	שכיר עט
dmc	yes	נבל על
ddp	yes	!רְכִילוּת
asm	no	wank
an	no	תיק חלאות
asf	no	פראייר
ddp	yes	אידיוט
cds	no	השני rater
cds	no	מגע רך
asm	no	פתיות
asf	no	פרייר
dmc	yes	git
cds	no	לחטט
qas	no	תעלול
ddp	yes	טִיפֵּש
asf	no	קולס
qas	no	כזב
cds	no	hypersexuality
cds	no	קונדס
asm	no	יָדַע
cds	no	רכילאים
svp	no	גזענות
cds	no	ושקר
cds	no	חנון
pr	no	זנות זכרית
svp	no	dallier
dmc	yes	צביעות
cds	no	לפלף
re	no	vilifier
dmc	yes	חמקמקן
ddp	yes	rumourmonger
svp	no	הבל
cds	no	ננס
asm	no	betise
re	no	נוכלים
svp	no	עַצְלָן
svp	no	עצלנים
re	no	טרור
cds	no	לדחות
cds	no	מאונן
cds	no	!טִפְּשִׁי
an	no	בהמיות
cds	no	כפרי ותמים
re	no	מעשה הטרור
svp	no	תַּאַוְתָנִי
cds	no	נופל בחור
dmc	yes	מתחזה
ddp	yes	folderol
om	no	הוֹמוֹסֶקסוּאָל
asm	no	פרצוף תחת
cds	no	מכור
cds	no	נִבְזֶה
cds	no	טירון
svp	no	אכלן
an	no	זחילה
an	no	מוּג-לֵב
ddp	yes	בור
cds	no	אהבת בצע
an	no	git
is	yes	סקרוג'
ddp	yes	רפואת אליל
or	no	גולם
ddp	yes	אדם טיפש
asf	no	המשתנים
dmc	yes	שפריצים-dallier
an	no	פחדנית
asf	no	חרא אחד
ddp	yes	twirp
cds	no	caitiff
pa	yes	churl
dmc	yes	בזויה
ddp	yes	רמאי
an	no	רודף אישה
an	no	וולגריות
qas	no	botcher
om	no	הומוסקסואל
cds	no	עבודת יד
re	no	!נָבָל
dmc	yes	סִרָחוֹן
cds	no	bumbler
qas	no	עוכר
re	no	מַפִיָה
ddp	yes	המשתנים
re	no	אנס סדרתי
dmc	yes	משתמט
asf	no	גולם
re	no	מאפיה
an	no	דפוק
asm	no	טמבל
asf	no	אידיוט
cds	no	pandar
dmc	yes	ברברים
dmc	yes	גזען
dmc	yes	treasonist
an	no	לא מוכשר
asf	no	betise
qas	no	עושים צרות
pr	no	נפקנית
cds	no	superbia
an	no	הערב רב של החיילים וובייה
ddp	yes	טמבל
asm	no	פרייר
svp	no	בטלן
cds	no	כפרי
cds	no	חוצפה
qas	no	חובבן
cds	no	botcher
cds	no	אונן
cds	no	demagog
or	no	טומטום
dmc	yes	הונאה
re	no	!נוֹכֵל
ddp	yes	טפש
dmc	yes	רוטר
re	no	טרוריזם
svp	no	עצלות
ps	yes	טמבל
cds	no	חבלה במזיד
an	no	פראייר
an	no	רוטר
dmc	yes	סֵרָחוֹן
an	no	saphead
pr	no	נואפת
ddp	yes	churl
svp	no	זעם
cds	no	תולעת ספרים
cds	no	משלהב היצרים שוכנים
svp	no	!מִשְׁתַּמֵּט
qas	no	צק עצוב
rci	yes	ברבריות
an	no	קולס
asm	no	אונן
an	no	זנזונת
ddp	yes	טִפְּשִׁי
ps	yes	מסטיצו
ddp	yes	טִפֵּשׁ
dmc	yes	לנבל את הפה
dmc	yes	חסיד
dmc	yes	צבוע
dmc	yes	בוגד
pr	no	שרמותה
dmc	yes	תיק חלאות
cds	no	פחדן
om	no	אדם נכה
cds	no	ריאקציוני
cds	no	פשיזם
svp	no	gorger
svp	no	tightfistedness
ddp	yes	מלשין
svp	no	הולכים בטל
an	no	שודד
re	no	נבל על
an	no	קמצנות
cds	no	churl
cds	no	מהומה
an	no	פַּחְדָן
or	no	טיפש
dmc	yes	botcher
asf	no	כסיל
pr	no	אשת הרחוב
re	no	מאפיונרים
cds	no	סרסורית
or	no	פוף
an	no	מטומטם
re	no	backbiter
cds	no	פסולת עירונית
om	no	פוף
cds	no	גבהות
ddp	yes	rumormonger
an	no	רשע
om	no	סיסי
an	no	ספסר
dmc	yes	fumbler
ddp	yes	רופא אליל
