ddp	yes	verteller
cds	no	joekel
qas	no	paladijn
cds	no	boosaardigheid
an	no	oliebol
cds	no	onbenul
cds	no	klaploper
svp	no	absurditeit
cds	no	slappeling
cds	no	zelfingenomen
dmc	yes	frutselaar
dmc	yes	boosaardig
svp	no	leegloper
asm	no	klok-en-hamerspel
asf	no	debiel
pr	no	losse vrouw
cds	no	rapalje
dmc	yes	boerenkarhengst
an	no	lichtgewicht
cds	no	zeloot
qas	no	stoethaspel
re	no	verkrachters
svp	no	razernij
re	no	uitgelaten
an	no	kalfskop
cds	no	heikneuter
an	no	huur jongens
pr	no	seksverzorgende
cds	no	botterik
asm	no	wip
dmc	yes	dissident
an	no	fats
cds	no	stommeling
an	no	bitch
cds	no	galgenaas
om	no	paederast
dmc	yes	valse
an	no	vuilpeuk
cds	no	koe
cds	no	lulhannes
or	no	koe
asm	no	gek
ddp	yes	onzinnige
dmc	yes	stinkend
dmc	yes	onwelriekend
pr	no	straatprostitutie
qas	no	plukken
cds	no	loanshark
an	no	geteisem
re	no	mafia
or	no	snede
dmc	yes	knoeier
ps	yes	woedend
asf	no	folderol
ddp	yes	oliebol
dmc	yes	knuppel
an	no	mug
dmc	yes	veinzer
cds	no	klootspiraal
ddp	yes	dumbass
ddp	yes	gat
svp	no	hoogmoed
svp	no	dweper
cds	no	aanschaf
cds	no	satyriasis
asm	no	ezel
rci	yes	boerenpummmel
is	yes	arme drommel
an	no	nitwit
cds	no	misdadiger
or	no	domoor
ddp	yes	nonsens
cds	no	hoaxer
cds	no	paardenlul
cds	no	gek
dmc	yes	lingerer
cds	no	betweter
ps	yes	zwarte
om	no	homofiele
cds	no	primitieveling
cds	no	sloddervos
re	no	maffiosi
cds	no	weg-agent
cds	no	lamgat
dmc	yes	misleiding
dmc	yes	libertijnisme
pa	yes	proleet
dmc	yes	cheater
dmc	yes	schelm
cds	no	verduiveld
cds	no	stuntelaar
cds	no	mensen
ddp	yes	mongool
cds	no	zeikvent
ddp	yes	rotzak
cds	no	charlatan
dmc	yes	onverdraaglijke
cds	no	stomme
ddp	yes	klungelaar
qas	no	bedelaar
qas	no	verkankelemienen
an	no	gek
cds	no	eigendunk
svp	no	rentenier
ddp	yes	klikspaan
an	no	aansteller
an	no	zondigheid
cds	no	vuilpeuk
asm	no	seksen
pa	yes	palurk
cds	no	egotisme
asm	no	roe
or	no	homoseksuele
cds	no	bemoeial
or	no	kalfskop
dmc	yes	onecht
asm	no	minkukel
ddp	yes	lomperik
ddp	yes	domme
or	no	sufkop
ps	yes	jigaboo
qas	no	leugentje
cds	no	etterbuil
pa	yes	uncouthness
cds	no	ondeugende
asm	no	druif
cds	no	onbeschaamdheid
qas	no	primitieveling
cds	no	gewiekst
rci	yes	boerenpummel
ps	yes	minkukel
an	no	prostituée
re	no	tragische slechterik
om	no	holebi
cds	no	massa
dmc	yes	wout
ddp	yes	uilenbal
cds	no	zelf-liefde
asm	no	naar bed gaan met
ps	yes	jan-van-gent
ddp	yes	stompzinnig
cds	no	struikroverij
qas	no	boerenkinkel
dmc	yes	rube
qas	no	infesteren
cds	no	shylock
ddp	yes	naïef
ddp	yes	jan-van-gent
qas	no	boerenkarhengst
cds	no	pens
ps	yes	mestiezen
dmc	yes	pummel
asm	no	lomperd
dmc	yes	onverdraagzaamheid
cds	no	lummel
cds	no	boerenpummmel
ps	yes	boerenpummmel
asm	no	flensen
asm	no	onbenulligheid
or	no	dom
cds	no	reactionaire
ddp	yes	dikkop
cds	no	viespeuk
cds	no	nerdy
cds	no	volksleider
dmc	yes	rampzalig
asm	no	domoor
an	no	vuile truc
ddp	yes	lomperd
an	no	snoodaard
cds	no	crimineel
re	no	verkrachten
qas	no	pummel
an	no	ongeschoold persoon
dmc	yes	kwalijkriekend
svp	no	trencher
an	no	mafkees
or	no	knucklehead
asf	no	kretijn
ddp	yes	blunderer
or	no	queer
cds	no	maffiosi
asf	no	achterlijke
dmc	yes	deugniet
dmc	yes	clochard
cds	no	dom persoon
ddp	yes	iezegrim
asf	no	dwaas
cds	no	beginneling
ps	yes	straatschender
cds	no	finagler
ddp	yes	oen
qas	no	plomperd
dmc	yes	januskop
cds	no	fabricator
ddf	yes	tegenvallend
or	no	sukkel
an	no	weet niets
or	no	homofiel
asf	no	minkukel
ps	yes	drol
cds	no	sukkel
ps	yes	barbaar
dmc	yes	klungel
svp	no	gierigaard
om	no	nicht
dmc	yes	snoever
ddp	yes	dombo
svp	no	rancuneus
an	no	sufkont
cds	no	pluimstrijker
cds	no	leugentje
rci	yes	kinkel
cds	no	reactionair
dmc	yes	stinker
dmc	yes	huichelarij
svp	no	vrekkig
dmc	yes	valsaard
cds	no	zeiker
or	no	stommeling
an	no	tippelen
an	no	boerenlul
ddp	yes	beroerling
dmc	yes	rioolrat
qas	no	bietser
an	no	kreng
an	no	diddlysquat
ddp	yes	oetlul
ps	yes	mongool
ddp	yes	augurk
qas	no	beunhaas
cds	no	deugniet
ddp	yes	het beest
cds	no	soepzootje
ddp	yes	naarling
asf	no	goedzak
cds	no	sufkont
cds	no	verboden
svp	no	gemakzucht
cds	no	fluim
cds	no	koddebeier
cds	no	schacht
ddp	yes	nieuwtjesjager
rci	yes	hufter
ddf	yes	teleurstellend
dmc	yes	slecht
ddp	yes	flapdrol
pa	yes	boerenhufter
cds	no	wout
asm	no	coïteren
cds	no	geteisem
cds	no	mussiness
cds	no	hals
ps	yes	augurk
ps	yes	botterik
cds	no	oetlul
ddp	yes	sukkel
pa	yes	hufter
cds	no	schavuit
cds	no	zelfvoldaanheid
or	no	minkukel
ddp	yes	stupide
cds	no	dastardliness
cds	no	dommerik
cds	no	dweeb
dmc	yes	kerkverlater
or	no	kwezel
an	no	domoor
ddp	yes	sad sack
cds	no	politiebeambte
svp	no	verwaand
ddp	yes	smiecht
qas	no	krukken
cds	no	apple polisher
dmc	yes	afvallige
or	no	pudden-head
cds	no	wank
is	yes	boosdoener
asf	no	schaapskop
cds	no	bobby
cds	no	schijtebroek
cds	no	patjakker
cds	no	onbeschoftheid
an	no	femme fatale
cds	no	koppelaar
dmc	yes	proleet
ddp	yes	debiel
ddp	yes	kletskous
ddp	yes	uil
or	no	homofiele
ps	yes	kretijn
cds	no	ruimen
asf	no	griet
an	no	dier
asf	no	spetter
cds	no	verfoeilijk
ps	yes	lobbes
qas	no	amateur
an	no	hoaxes
re	no	afpersing
qas	no	stuntelen
cds	no	lazersteen
dmc	yes	kwaaddoener
cds	no	vuilak
or	no	eendvogel
cds	no	politieagent
dmc	yes	vrekkig
ddp	yes	tuig
qas	no	oproerkraaier
an	no	boef
an	no	kwaaddoener
cds	no	luiaard
ps	yes	kalfskop
dmc	yes	kluns
ddp	yes	onbenulligheid
ps	yes	homp
an	no	snertvent
re	no	verkrachting
rci	yes	lomperd
ddp	yes	ei
cds	no	vast afval
asf	no	sufkop
cds	no	zultkop
svp	no	vijandig
cds	no	narcisme
an	no	viespeuk
cds	no	brol
ps	yes	barbaarse
cds	no	listig
cds	no	huishoudelijk afval
cds	no	motoragent
cds	no	ezel
pa	yes	hork
cds	no	moederneuker
asm	no	domme gans
svp	no	nietsnut
cds	no	droplul
asm	no	pik
an	no	smeerpoets
cds	no	zanik
re	no	roddelpraat
cds	no	woekeraarster
ddp	yes	lamgat
ddp	yes	pokkenlijer
ddp	yes	lastpak
pr	no	seksuele diensten
an	no	debiel
svp	no	cheapskate
cds	no	mispunt
dmc	yes	minimumlijder
cds	no	souteneurs
svp	no	zinloosheid
qas	no	sukkel
cds	no	oelewapper
ps	yes	boerenlul
asf	no	oliebol
an	no	sloddervos
cds	no	zwijnjak
re	no	vuilspuiterij
asm	no	slapen
asf	no	schaamspleet
pr	no	hoer
ddp	yes	fielt
an	no	treuzelaar
cds	no	pokkenlijder
an	no	weetniet
ddp	yes	ongeschoold persoon
asf	no	kutje
an	no	meedogenloosheid
ps	yes	plebejer
ddp	yes	larie
svp	no	agressief
pr	no	prostituees
dmc	yes	mislukkeling
qas	no	verstieren
ddp	yes	kletskoek
qas	no	conformistische
pr	no	brutaaltje
cds	no	wonk
cds	no	watje
qas	no	kaffer
an	no	doetje
or	no	dumbass
pr	no	cocotte
an	no	zwijnjak
pr	no	dame van plezier
ps	yes	woudezel
an	no	mannelijke escort
qas	no	roervink
cds	no	lomperd
asm	no	wanker
cds	no	lolita
an	no	rauwheid
asm	no	oliebol
svp	no	zelfingenomenheid
asm	no	stommerd
cds	no	fanatiek
dmc	yes	immoreel
ddp	yes	lomp iemand
an	no	homofilie
cds	no	hoogmoedig
asf	no	mafkikker
dmc	yes	dakloze
is	yes	booswicht
ddp	yes	waanzinnige
pr	no	vrouw van de straat
asf	no	sufkut
cds	no	ribbemoos
ps	yes	kuiken
cds	no	flic
cds	no	kinderkaartspel
cds	no	zemelaar
ddp	yes	eend
dmc	yes	boer
ps	yes	sukkel
ps	yes	lomperd
pr	no	stoeprand kruipen
pa	yes	boerenkinkel
dmc	yes	snoodaard
asm	no	lichtgelovigheid
ddp	yes	kelerelijer
pr	no	stoephoer
cds	no	verwaandheid
asm	no	fokken
cds	no	rouwdouw
ddp	yes	zooerasty
an	no	stommeling
qas	no	verwerpen
cds	no	modder
ddp	yes	lelijkerd
cds	no	flessentrekker
qas	no	vagebond
cds	no	kwaaddoener
cds	no	geldschieter
svp	no	traagheid
cds	no	egoïstische
re	no	geroddel
an	no	schijt
pa	yes	boerenpummel
an	no	hoorndrager
ddp	yes	gezondheid fraude
cds	no	bout
ps	yes	gehaktbal
an	no	varken
cds	no	verworpen
asm	no	leeghoofd
or	no	ei
cds	no	labbekak
cds	no	extreem-winger
qas	no	leugen
cds	no	sjouter
asm	no	shtup
cds	no	gespuis
asf	no	kaffer
cds	no	dweperij
asm	no	goedzak
ddp	yes	prutser
asm	no	penis
pr	no	mannelijke prostituee
cds	no	uilebal
cds	no	oliebol
asm	no	debiel
ddp	yes	minkukel
dmc	yes	slecht persoon
asm	no	fuq
cds	no	teem
an	no	diddlyshit
dmc	yes	ploert
cds	no	bellyacher
pr	no	domme koe
asm	no	zot
svp	no	onbescheidenheid
cds	no	opschepperij
ddp	yes	oelewapper
an	no	onnozele bloed
an	no	folderol
qas	no	opruier
ddp	yes	roerverklikker
ps	yes	hals
pa	yes	kaffer
rci	yes	plomperd
ddp	yes	vlerk
cds	no	kudde
dmc	yes	kriel
cds	no	griener
an	no	shithead
or	no	shithead
cds	no	prulleboel
dmc	yes	foetor
cds	no	schoelje
re	no	lasteraar
asm	no	jerk-off
asm	no	kwezel
cds	no	afval
cds	no	duivel
pr	no	nonsens
cds	no	zwarthemd
cds	no	schuldig
cds	no	hondelul
cds	no	ballingschap
cds	no	simpele ziel
cds	no	stinker
cds	no	kwezelarij
svp	no	fierheid
re	no	debaucher
asm	no	credulousness
pa	yes	lomperik
asf	no	gehaktbal
dmc	yes	barbaars
re	no	achterklap
dmc	yes	dreutel
dmc	yes	lowlife
dmc	yes	farizeeër
asm	no	lastpak
asf	no	augurk
re	no	aanranding
an	no	uitvreter
cds	no	politieman
svp	no	pretentieus
ps	yes	ruiner
svp	no	zelfingenomen
svp	no	luiheid
an	no	galgenaas
an	no	slechterik
an	no	zot
ddp	yes	bedrog
cds	no	uilenbal
ddp	yes	heet kompres
dmc	yes	prutser
qas	no	stokebrand
qas	no	tagalong
ddp	yes	argeloos
an	no	tragische slechterik
re	no	violatie
dmc	yes	overloper
asm	no	toeter
dmc	yes	geloofsverzaker
pr	no	buitenvrouw
ddp	yes	stomkop
ps	yes	bal gehakt
ddp	yes	leeghoofd
ddp	yes	kwal
asm	no	wippen
asm	no	dwaas
re	no	siciliaanse maffia
svp	no	dilly-dallier
cds	no	rentenier
cds	no	laf
qas	no	liefhebber
cds	no	agente
asm	no	uilskuiken
an	no	lafaard
re	no	italiaanse maffia
an	no	element
an	no	schijterd
cds	no	chiseler
cds	no	abject
cds	no	nosy-parker
asm	no	ezelsveulen
an	no	hoax
asm	no	seks hebben
dmc	yes	jezuïet
asf	no	dikkop
asf	no	domme gans
cds	no	eitje
asf	no	poes
cds	no	bleeksnoet
svp	no	slackers
asf	no	hals
ddp	yes	kelerelijder
ddp	yes	nitwit
asf	no	pens
cds	no	hooimold
cds	no	smiecht
ps	yes	oen
cds	no	mafketel
om	no	pedo
ddp	yes	geteisem
cds	no	klungel
asf	no	stuk
cds	no	janker
cds	no	sufkut
dmc	yes	plebejer
dmc	yes	liegbeest
ps	yes	zultkop
cds	no	arglistig
asf	no	stommeling
an	no	nar
cds	no	bedrieger
ddp	yes	rapalje
svp	no	woede
an	no	zooerasty
cds	no	kuiken
om	no	mietje
ddp	yes	kalfskop
cds	no	kalfskop
dmc	yes	boerenpummel
asm	no	neuken
dmc	yes	hypocriet
pr	no	mevrouw
an	no	zo-en-zo
cds	no	hack schrijver
dmc	yes	blunderer
qas	no	uitvreter
om	no	homo's
an	no	haasvreter
dmc	yes	kruimeldief
cds	no	mooidoener
cds	no	jerk-off
cds	no	boef
cds	no	hyperseksueel
pr	no	pesterij
re	no	gechanteerd
asm	no	augurk
dmc	yes	onderkruipsel
cds	no	pillock
ddp	yes	imbeciliteit
ps	yes	eendvogel
dmc	yes	vlegel
om	no	vreemd
asm	no	stommeling
cds	no	vlasbaard
cds	no	ezelsveulen
asf	no	druif
an	no	rage
or	no	homoseksueel
cds	no	schelm
ddp	yes	mafketel
asf	no	stommerd
ps	yes	mongoloïde
ddp	yes	lijp
pr	no	rund
cds	no	kruimeldief
cds	no	fascisten
cds	no	krachtpatser
an	no	landloper
asf	no	uilenbal
cds	no	rouwdouwer
cds	no	hyperseksualiteit
rci	yes	boerenhufter
cds	no	schijterd
an	no	nanus
ddp	yes	zwijn
cds	no	pimpen
an	no	muttonhead
asf	no	vaginaal
cds	no	onverdraagzaamheid
asf	no	hansworst
cds	no	chawbacon
cds	no	klerezooi
asf	no	mogool
svp	no	toorn
ddf	yes	dwerg
an	no	slappeling
svp	no	bits
cds	no	nar
om	no	pedofiel
cds	no	politieambtenaar
an	no	rioolrat
dmc	yes	schuldig
asf	no	nitwit
ddp	yes	etterbuil
cds	no	grote ongewassen
ps	yes	dommerik
cds	no	huilbaby
ddp	yes	idioot
asm	no	imbeciliteit
cds	no	zwijnenstal
an	no	dommerik
or	no	zakkenwasser
asf	no	waanzinnige
ddf	yes	mini-
svp	no	schraper
pa	yes	barbaarse
ddp	yes	verblinden
qas	no	schijngeleerde
cds	no	officier
svp	no	ijdel
re	no	verkrachtingen
ps	yes	oetlul
qas	no	raudauwer
qas	no	kinkel
an	no	publieke vrouw
svp	no	verbitterd
cds	no	eergevoel
cds	no	plattelander
dmc	yes	dallier
asf	no	boerenlul
om	no	homoseksuele
an	no	minkukel
svp	no	goed-voor-niets
ddp	yes	eikel
cds	no	angsthaas
an	no	betise
om	no	poove
an	no	schijtlaars
dmc	yes	bietser
ddp	yes	koe
an	no	clochard
re	no	maffia
ps	yes	sufkut
svp	no	hovaardig
cds	no	demagogie
svp	no	humeurig
ddp	yes	tipgever
cds	no	loeder
dmc	yes	stuntelaar
cds	no	lammeling
om	no	homobeweging
ddp	yes	weetniet
cds	no	gedrevene
ddp	yes	lul
an	no	meeuw
dmc	yes	vuilik
an	no	stommerik
ddp	yes	rouwdouw
dmc	yes	luiaard
ddp	yes	hondenlul
or	no	zultkop
cds	no	politie-agent
cds	no	minimumlijder
or	no	flapdrol
cds	no	zwijnenpan
svp	no	onverdraagzaamheid
asm	no	schroeven
ps	yes	ei
cds	no	rover
qas	no	stumper
cds	no	boosdoener
cds	no	slinksheid
cds	no	ultraconservatieve
re	no	raper
asf	no	lijpo
cds	no	zooi
cds	no	kriel
an	no	schijtlijster
cds	no	hond
cds	no	apekop
cds	no	jeugdbendes
ps	yes	oelewapper
cds	no	scribent
dmc	yes	hannes
asm	no	ketsen
dmc	yes	amateur
cds	no	ondeugd
cds	no	volksmenner
asf	no	meid
dmc	yes	libertijn
an	no	knucklehead
pa	yes	lomperd
ddp	yes	dom
an	no	bangerik
svp	no	lijntrekker
rci	yes	barbaar
dmc	yes	slacker
an	no	slons
asf	no	wisselaars
cds	no	snertvent
cds	no	pooier
cds	no	zaniker
cds	no	gemenerik
qas	no	fumbler
an	no	vrouw van lichte zeden
ddp	yes	kinkel
asf	no	shithead
asf	no	knucklehead
svp	no	lustig
ddp	yes	judas
cds	no	malloot
cds	no	rumourmonger
cds	no	computeroperator
cds	no	lichtgewicht
cds	no	brutaliteit
asm	no	f**k
svp	no	gelddorstig
cds	no	randfiguur
cds	no	egocentrisch
cds	no	fascistisch
an	no	slordig persoon
ps	yes	jerry
an	no	schelm
ps	yes	kwezel
re	no	maffioso
cds	no	ei
cds	no	rekel
dmc	yes	bedriegelijk
re	no	libeler
an	no	afzetter
asm	no	dafuq
ddp	yes	agnosie
re	no	serieverkrachter
asm	no	sufkop
cds	no	agent
cds	no	tweede-rater
rci	yes	boerenkarhengst
pr	no	straatprostituee
an	no	deerne
an	no	lobbes
cds	no	stouterd
ddp	yes	dunce
cds	no	zot
cds	no	stouterik
dmc	yes	kinkel
or	no	eendenkuiken
ddp	yes	klungel
cds	no	bende cultuur
cds	no	lelijkerd
pr	no	john
pa	yes	boerenlul
qas	no	klunzen
an	no	idioot
asm	no	aftrekken
dmc	yes	vuile hond
re	no	snoodaard
cds	no	vervolger
ps	yes	mongoloide ras
ps	yes	palurk
cds	no	rube
an	no	serpent
cds	no	koppelaarster
or	no	rund
ddp	yes	fluim
asf	no	fuckhoofd
ps	yes	uilskuiken
asf	no	schede
ddp	yes	onnozel
an	no	onbevoegde
an	no	homoseksualiteit
qas	no	geteisem
cds	no	tijdserver
ddp	yes	shithead
or	no	oelewapper
cds	no	sufkop
asf	no	codswallop
cds	no	zeikstraal
cds	no	jojo
cds	no	schelmerij
dmc	yes	boerenkaffer
an	no	eend
cds	no	demagoog
asm	no	zakkenwasser
ddp	yes	patjakker
svp	no	slechtgehumeurd
re	no	jeugddelinquent
asm	no	sukkel
qas	no	joekel
qas	no	raddraaier
ddp	yes	woordenkakker
asf	no	snee
an	no	diddly-squat
asm	no	lid
cds	no	apenjong
dmc	yes	hork
ddp	yes	zondigheid
svp	no	begerig
svp	no	deugniet
dmc	yes	smoelentrekker
an	no	smeerkees
or	no	sufkut
cds	no	roversbende
qas	no	slechte hoed
cds	no	eend
dmc	yes	namaak
an	no	kippenvlees
asm	no	spotvogel
asm	no	lastpost
asm	no	stommerik
cds	no	demagogisch
an	no	kloris
ddp	yes	dupe
dmc	yes	primitieveling
cds	no	kloothommel
cds	no	zootje
asm	no	vozen
asm	no	fuckin'
or	no	muttonhead
asf	no	imbeciel
ddp	yes	piechem
re	no	defamer
dmc	yes	tweede-rater
cds	no	vlegel
cds	no	loansharking
asf	no	krankzinnige
rci	yes	plebejer
cds	no	jankepot
cds	no	fanatiekeling
an	no	vuile hond
pr	no	koe
asm	no	sul
or	no	jojo
ddp	yes	sufferd
ddp	yes	teringlijder
ps	yes	achterlijke
qas	no	uitkeringstrekker
cds	no	kankerzooi
cds	no	schoft
cds	no	schijtluis
cds	no	futselaar
cds	no	betuttelaar
ps	yes	ezelsveulen
cds	no	gang
ddp	yes	onverstandig
asm	no	kalf
dmc	yes	infaam
ps	yes	kalf
ddp	yes	gedupeerde
an	no	parasiet
dmc	yes	charlatan
cds	no	pokkenlijer
pr	no	bitch
qas	no	wilde
asm	no	lijpo
an	no	adder in het gras
cds	no	nerd
cds	no	bangerik
ps	yes	uprooter
cds	no	vakidioot
an	no	bangerd
dmc	yes	toddik
ps	yes	churl
cds	no	scrawler
an	no	goedgelovige
asm	no	fleppen
pr	no	kutwijf
or	no	augurk
pr	no	prostitutie
ddp	yes	kloothommel
cds	no	prulschrijver
ddp	yes	klier
cds	no	frutselaar
asm	no	schaapskop
pr	no	koppelaarster
cds	no	pokkenvent
or	no	heet kompres
qas	no	leugentje om bestwil
re	no	roddel
ddp	yes	hork
cds	no	druiloor
cds	no	lobbes
ps	yes	sufferd
cds	no	hoogdravendheid
cds	no	wise guy
ps	yes	vernieler
cds	no	woekeraars
ddp	yes	paardelul
ps	yes	lomperik
an	no	onbeschaafdheid
qas	no	parasiet
asf	no	wisselkind
cds	no	dogmatisme
pr	no	fornicatress
or	no	homo-
cds	no	verwatenheid
or	no	schaapskop
an	no	hals
ddp	yes	rouwdouwer
ddp	yes	pokkenvent
asf	no	poppetje
ps	yes	sul
re	no	gewelddadig
asm	no	bonken
dmc	yes	boerenhufter
ddp	yes	pillock
cds	no	nymfomane
or	no	flamoes
svp	no	ravenousness
cds	no	beroerling
qas	no	blunderer
asf	no	doofus
an	no	piechem
re	no	boosdoener
cds	no	beunhaas
cds	no	strooplikker
cds	no	hautain
asm	no	fuck y'all
ps	yes	zwartje
cds	no	baldadigheid
cds	no	eikel
asm	no	piemel
an	no	prul
cds	no	lamstraal
svp	no	eigenliefde
ddp	yes	slachtoffer
ddp	yes	goedgelovige
ddp	yes	pens
dmc	yes	leugen
asm	no	hansworst
qas	no	botterik
pr	no	mannelijke escort
dmc	yes	berucht
an	no	grofheid
svp	no	hoogmoedig
ddp	yes	onnozele bloed
cds	no	roerverklikker
qas	no	naar de knoppen helpen
qas	no	hork
svp	no	fanaat
ddp	yes	onnozel persoon
qas	no	barbaarse
cds	no	vossen
ps	yes	hansworst
pr	no	kalle
svp	no	zelfgenoegzaam
om	no	homofiel
asm	no	lijp
asm	no	oetlul
qas	no	kluns
cds	no	boerenkarhengst
asf	no	stomkop
cds	no	achterlijke
re	no	cosa nostra
dmc	yes	huichelaar
an	no	brutale meid
dmc	yes	fabricator
cds	no	volk
or	no	nitwit
asm	no	boerenlul
rci	yes	proleet
cds	no	struikrover
cds	no	zever
asf	no	appelflap
dmc	yes	modderaar
dmc	yes	chiseller
an	no	cuckolding
pa	yes	grobbejanus
cds	no	leugenaar
cds	no	barbaars
dmc	yes	boef
ddp	yes	boerenkarhengst
ddp	yes	wisselaars
asf	no	saphead
asm	no	tamp
or	no	bal gehakt
cds	no	siciliaanse maffia
cds	no	blaag
cds	no	palurk
an	no	vamp
an	no	halvezool
cds	no	iem. die te veel geld leent
cds	no	fielt
or	no	homofielen
cds	no	zelfzuchtigheid
an	no	stroper
cds	no	smeerlap
cds	no	probleemstelling
cds	no	metaalafval
is	yes	slechterik
pr	no	kankerwijf
svp	no	grimmig
om	no	kinderlokker
ddp	yes	dimwit
svp	no	minginess
dmc	yes	klaploper
an	no	ezelsveulen
om	no	homofilie
qas	no	beroerder
cds	no	knoert
an	no	lilliputter
cds	no	bigotterie
svp	no	pretentie
ddp	yes	stommerik
ddp	yes	babbelkous
ddp	yes	stommerd
an	no	angsthaas
svp	no	dillydallier
asm	no	saphead
cds	no	knurft
cds	no	conformist
ddp	yes	mafkees
asm	no	lul
an	no	rund
ddp	yes	verdoven
cds	no	lening sharking
ps	yes	vlerk
re	no	terroristen
dmc	yes	blunderaar
cds	no	zelfingenomenheid
an	no	zultkop
ddp	yes	roddelaarster
dmc	yes	kwartjesvinder
re	no	belastering
an	no	lijpo
asf	no	mafketel
an	no	cuckold
dmc	yes	picaro
cds	no	scammer
asf	no	imbeciliteit
asf	no	steenezel
cds	no	zwarthemden
cds	no	meeuw
dmc	yes	stoethaspel
qas	no	verknoeien
ddp	yes	imbeciel
asm	no	piel
dmc	yes	stuntel
or	no	hals
svp	no	nors
asf	no	ezel
an	no	zakkenvuller
ddp	yes	beest
qas	no	geteisem qualifier
cds	no	goorlap
ddp	yes	ignorantie
ps	yes	mongoloïden
qas	no	krankzinnige
asm	no	druiloor
asm	no	ettertje
cds	no	omkoopbaar
dmc	yes	grobbejanus
rci	yes	hork
cds	no	soft touch
cds	no	practical-joker
asm	no	uil
an	no	zwakkeling
asm	no	kinderkaartspel
an	no	vagebond
cds	no	appelflap
pr	no	temeier
cds	no	roddelaarster
ddp	yes	kwakzalver
or	no	gehaktbal
svp	no	opschepperij
an	no	schijtluis
svp	no	krentenweger
om	no	utrechtenaar
qas	no	conformist
cds	no	bloodaard
or	no	stommerik
or	no	hansworst
cds	no	janhagel
ddp	yes	codswallop
ddp	yes	stoorzender
cds	no	nieuwsjager
rci	yes	rouwdouw
cds	no	snotjongen
ps	yes	barbaars
or	no	sodemiet
asf	no	sufkont
cds	no	verwaand
svp	no	kniezen
ddp	yes	kloris
re	no	kleinering
qas	no	sneu
an	no	oen
asf	no	klootzak
ddp	yes	babbelaar
asf	no	domkop
cds	no	klerelijer
an	no	slecht persoon
qas	no	aanstoker
asm	no	nar
asm	no	soppen
asm	no	bibberen
ps	yes	rouwdouw
cds	no	rumormonger
qas	no	onrustzaaier
asf	no	zakkenwasser
an	no	cocotte
asm	no	palen
qas	no	boerenlul
dmc	yes	misdadig
an	no	watje
ddp	yes	vertragen
rci	yes	grobbejanus
svp	no	nietsdoener
ddp	yes	betise
svp	no	gourmand
re	no	terroristische aanslag
asf	no	vulva
cds	no	bendegeweld
cds	no	knoeier
asf	no	stoeipoes
cds	no	fascismo
asf	no	doos
ddp	yes	grobbejanus
cds	no	bandiet
or	no	droplul
cds	no	schobbejak
qas	no	boer
ddp	yes	versliegeraar
cds	no	lowlife
ddp	yes	onzin
cds	no	kinkel
dmc	yes	detestabel
an	no	oelewapper
ddp	yes	mother fucker
asf	no	ei
dmc	yes	onzedelijk
cds	no	jeugddelinquent
svp	no	opvliegend
ddp	yes	hondelul
ddp	yes	kontgat
cds	no	schijtlijster
ddp	yes	onzinnigheid
cds	no	brombeer
svp	no	hatelijk
cds	no	snel een
cds	no	beestenbende
dmc	yes	bandiet
an	no	raunch
pr	no	deern
dmc	yes	boerenkinkel
ddp	yes	miesgasser
is	yes	schobbejak
an	no	lowlife
ddp	yes	lazersteen
dmc	yes	verachtelijk
cds	no	arrogantie
cds	no	tyfuslijer
or	no	kut
qas	no	mispeuteren
om	no	pederast
qas	no	door mekaar mengen
ddp	yes	breinloos
ddp	yes	lammeling
or	no	weetniet
cds	no	kakkebroek
cds	no	saphead
dmc	yes	broddelaar
an	no	bal gehakt
cds	no	slacker
cds	no	achterbaks
or	no	reetkever
an	no	tippelprostitutie
an	no	codswallop
an	no	krent
svp	no	krenterig
cds	no	ostentatiousness
pr	no	seksuele dienstverlening
cds	no	rund
cds	no	janboel
asm	no	soft touch
cds	no	tinnef
ps	yes	vertragen
rci	yes	heikneuter
an	no	lijp
cds	no	wisenheimer
re	no	booswicht
ps	yes	mestizaje
asm	no	mafketel
cds	no	rommel
cds	no	kundig
ddp	yes	zwammer
ddp	yes	zoöfilie
ddp	yes	kwakzalverij
cds	no	tuig
cds	no	kalf
re	no	terreuraanslagen
ddp	yes	eendenkuiken
asm	no	flapdrol
cds	no	picaro
om	no	homofielen
ps	yes	pikey
re	no	terroristische organisatie
an	no	drol
rci	yes	pummel
cds	no	pleurislijder
ddp	yes	zakkenwasser
asm	no	drol
ddp	yes	geesteloos
cds	no	codswallop
asm	no	rukker
ddp	yes	eendvogel
rci	yes	kaffer
an	no	pip-squeak
pr	no	maitresse
ddp	yes	ignorant
ddp	yes	kankeraar
an	no	sentimenteel gedoe
ddp	yes	lulletje
ddf	yes	dwerg-
cds	no	grifter
ddp	yes	dwaas
is	yes	cheapskate
dmc	yes	git
ps	yes	idioot
om	no	kinderverkrachter
ddp	yes	onwijs
ddp	yes	verklikker
pr	no	del
an	no	diddley
ps	yes	uilenbal
an	no	jojo
qas	no	hufter
ps	yes	cretin
asf	no	droplul
om	no	gay
asm	no	vogelen
asm	no	plasser
cds	no	homp
svp	no	inbeelding
an	no	scum bag
asm	no	sannie
or	no	uilskuiken
ddp	yes	druif
ddp	yes	klerelijer
an	no	zeikerd
an	no	rokkenjager
ddp	yes	paardenlul
cds	no	provinciaal
ddp	yes	pleurislijder
asm	no	betise
ps	yes	proleet
ps	yes	onbenul
pa	yes	raudauwer
ps	yes	moor
cds	no	detestabel
qas	no	stoker
cds	no	blaaskaak
ddp	yes	ondoordacht
cds	no	uitgekookt
cds	no	nieuwsgierigaard
svp	no	narcisme
an	no	eitje
pa	yes	barbaren
ddp	yes	domheid
cds	no	oen
cds	no	lijpo
cds	no	knuppel
asm	no	jojo
cds	no	stommerik
ddp	yes	moroon
asm	no	kwibus
cds	no	facisme
is	yes	krenterig
an	no	gierig
or	no	eend
asm	no	f***ing
cds	no	hand job
cds	no	pagadder
ddp	yes	barbaren
dmc	yes	damp
cds	no	kniesoor
ps	yes	stommerik
an	no	boosdoener
cds	no	aanmatiging
re	no	wtc-verkrachter
cds	no	plukken
cds	no	zemel
qas	no	jokken
ps	yes	flapdrol
dmc	yes	hobo's
dmc	yes	outlaw
ddf	yes	ontoereikend
dmc	yes	slechterik
dmc	yes	uitvreter
re	no	chantage
ps	yes	pummel
ps	yes	vandaal
asf	no	homp
an	no	ei
pa	yes	plomperd
asm	no	meeuw
dmc	yes	zwerver
dmc	yes	element
cds	no	element
dmc	yes	zwervers
qas	no	rapalje
or	no	oetlul
cds	no	souteneur
ps	yes	negerin
an	no	bestialiteit
svp	no	verwaandheid
pa	yes	churl
dmc	yes	snertvent
ddp	yes	reptiel
ddp	yes	malloot
an	no	doodly-squat
asf	no	kalf
cds	no	weetal
asm	no	zwengel
ddf	yes	jammerlijk
ps	yes	boer
asm	no	uilenbal
cds	no	bangeschijter
cds	no	bumbler
ddp	yes	homoseksualiteit
cds	no	zelfzucht
cds	no	gladakker
asm	no	fallus
asf	no	zot
ddp	yes	mogool
svp	no	zelfgenoegzaamheid
an	no	mannelijke prostituee
dmc	yes	apostaat
om	no	homoseksueel
is	yes	gierigaard
dmc	yes	volksverlakker
qas	no	klodderaar
an	no	sul
ddp	yes	afstompen
cds	no	pudden-head
dmc	yes	oneervol
asm	no	eendenkuiken
cds	no	aftrekken
an	no	beest
cds	no	huisvuil
dmc	yes	treasonist
cds	no	rotzooi
asf	no	betise
ddp	yes	pummel
dmc	yes	booswicht
is	yes	krentenkakker
re	no	laster
an	no	softie
qas	no	haspelen
ddp	yes	boerenkaffer
or	no	holtor
an	no	wild dier
ddp	yes	tyfuslijer
asf	no	onnozel persoon
cds	no	augurk
an	no	coquette
ps	yes	kinkel
an	no	stinker
ps	yes	mof
ddp	yes	dickhead
cds	no	smeerpoets
ddp	yes	droplul
an	no	kwibus
pr	no	hoererij
asm	no	oelewapper
asf	no	piechem
ddp	yes	mispunt
dmc	yes	losbol
cds	no	zeveraar
cds	no	freak
ddp	yes	zak
ddp	yes	churl
re	no	terreuraanslag
an	no	dwerg
ddp	yes	dommerik
ddp	yes	stom
ps	yes	hun
cds	no	diender
cds	no	pretentie
asf	no	poesje
qas	no	heikneuter
cds	no	flik
dmc	yes	fanaticus
asm	no	geslachtsdeel
ddp	yes	kalf
ddp	yes	boerenlul
cds	no	geld lenen
asf	no	kut
dmc	yes	vervalser
asf	no	weetniet
dmc	yes	stumper
dmc	yes	beunhaas
an	no	kalle
ddp	yes	aanbrenger
pr	no	tippelaarster
pr	no	mannelijke prostitutie
pr	no	hoeren
dmc	yes	futselaar
ddp	yes	keuvelaar
an	no	streek
ddf	yes	verachtelijk
ddp	yes	zwetser
asm	no	eendvogel
asm	no	doofus
cds	no	knol
or	no	oliebol
dmc	yes	krenterig
ddp	yes	rumormonger
cds	no	hazenhart
cds	no	stuntel
dmc	yes	rampspoedig
pa	yes	woudezel
asf	no	gestoorde
dmc	yes	fumbler
an	no	incompetent persoon
cds	no	flauwerik
an	no	viezerik
ddp	yes	botterik
ddp	yes	wisselbalg
or	no	oen
asm	no	gehaktbal
an	no	uil
cds	no	gerechtsdienaar
cds	no	schijtlaars
asm	no	stuk van ass
cds	no	strafrechtelijk
pa	yes	barbaars
asf	no	vagina
pr	no	publieke vrouw
an	no	schijthuis
an	no	dwerg-
svp	no	geldzuchtig
asm	no	de liefde bedrijven
or	no	sul
ps	yes	boche
asm	no	gekheid
svp	no	onverdraaglijke
cds	no	schoonschrijver
cds	no	troep
or	no	gay
ddp	yes	achterlijk
cds	no	champetter
cds	no	opschepper
an	no	fuckhoofd
svp	no	zelf-liefde
cds	no	boefje
pa	yes	wilde
om	no	twink
rci	yes	palurk
cds	no	toeschouwer
ps	yes	doofus
ps	yes	goedzak
cds	no	proleet
an	no	wout
pr	no	zever
asm	no	potlood
cds	no	bendeoorlogen
asf	no	spleet
cds	no	moedeloos
cds	no	zeikerd
cds	no	listige
asm	no	zwendelen
re	no	onstuimig
dmc	yes	boerenpummmel
cds	no	regelneef
an	no	straatprostitutie
dmc	yes	jandoedel
dmc	yes	nietsnut
asf	no	nar
asf	no	fien
an	no	kaffer
dmc	yes	nepper
cds	no	nietdeug
cds	no	boer
an	no	zoetje
qas	no	sad sack
re	no	mafiabaas
ps	yes	sufkop
cds	no	hoi polloi
svp	no	minimumlijder
cds	no	raudauwer
ddp	yes	slungel
cds	no	roddelaar
svp	no	slacker
cds	no	flapdrol
ps	yes	geesteszieke
qas	no	woudezel
cds	no	folderol
an	no	slapjanus
an	no	het beest
or	no	dom persoon
cds	no	kelerelijder
rci	yes	boer
dmc	yes	dweper
ddp	yes	onbenul
asm	no	leuter
qas	no	lastpost
cds	no	plebs
dmc	yes	flessentrekker
ddp	yes	incompetent persoon
ddp	yes	stomme
cds	no	zelfgenoegzaam
svp	no	onverdraagzame
an	no	lapzwans
cds	no	gehaktbal
ps	yes	appelflap
re	no	belediging
om	no	geïnverteerde
is	yes	boef
dmc	yes	dillydallier
cds	no	belhamel
cds	no	gappen
ddp	yes	serpent
an	no	prostituee
cds	no	piechem
asm	no	klier
cds	no	modderaar
an	no	uilskuiken
qas	no	jabroer
re	no	mafioso
ps	yes	mogool
cds	no	zwerver
pr	no	slovenly vrouw
ddp	yes	rasploert
an	no	don juan
cds	no	moeial
pr	no	guff
ps	yes	nigga
ddp	yes	sufferig
ddp	yes	kwibus
cds	no	puinhoop
asf	no	oetlul
cds	no	sekreet
cds	no	klikspaan
cds	no	deliquent
an	no	dunce
cds	no	insolentie
cds	no	schurk
cds	no	brandhout
asm	no	kaffer
or	no	homofilie
cds	no	jandoedel
ps	yes	zakkenwasser
an	no	prop
asf	no	kanjer
cds	no	balling
cds	no	zwendelaar
cds	no	nietsnut
qas	no	vergallen
or	no	lobbes
cds	no	mafiabaas
cds	no	vuilpoes
dmc	yes	valserik
pr	no	huur jongen
asf	no	kinderkaartspel
ddp	yes	moron
ddp	yes	boerenpummmel
dmc	yes	jeugddelinquent
ddf	yes	betreurenswaardig
ps	yes	wilde
ddp	yes	bestialiteit
cds	no	lijp
is	yes	tragische slechterik
ddp	yes	flapuit
svp	no	hongerlijder
an	no	eendenkuiken
cds	no	politieagenten
asm	no	kloris
cds	no	veldwachter
dmc	yes	bedrieger god
asf	no	wisselbalg
ddp	yes	onwetend
asm	no	klojo
cds	no	fierheid
cds	no	broddelaar
dmc	yes	vuilpeuk
asm	no	tampeloeres
or	no	boerenlul
an	no	imbeciliteit
cds	no	huilebalk
dmc	yes	rover
ps	yes	hufter
cds	no	line-shooter
dmc	yes	rentenier
cds	no	woeker
dmc	yes	nagemaakt
asf	no	kwezel
asm	no	lobbes
svp	no	verbeelding
re	no	verkracht
ps	yes	mestizo
cds	no	stoethaspel
pr	no	comare
qas	no	prutser
dmc	yes	deserteur
cds	no	politie
dmc	yes	varken
ddp	yes	boer
cds	no	mother fucker
ddp	yes	goedzak
an	no	vrek
asm	no	sulligheid
cds	no	slackers
svp	no	verwatenheid
asf	no	meeuw
an	no	tuig
dmc	yes	knurft
or	no	schede
cds	no	massa's
dmc	yes	sad sack
cds	no	hetzer
cds	no	moaner
asm	no	bedriegen
cds	no	keet
or	no	sufferig
or	no	pruim
cds	no	aansteller
or	no	pillock
an	no	malloot
ddp	yes	schoft
an	no	gierigheid
cds	no	bendelid
ps	yes	dwaas
an	no	mannelijke prostitutie
ddp	yes	homofilie
cds	no	schooljuffrouw
cds	no	bendes
an	no	straatmadelief
cds	no	bal gehakt
ps	yes	vallen guy
cds	no	juut
dmc	yes	wilde
cds	no	roffelaar
ddp	yes	lobbes
cds	no	sad sack
or	no	sufkont
ddp	yes	verrader
an	no	klaploper
an	no	kuiken
ddp	yes	klikker
cds	no	axiometer
qas	no	dakloze
pr	no	straatmadelief
cds	no	augiasstal
cds	no	misdadige ellende
cds	no	amateurisme
an	no	straatprostituee
cds	no	gossipmonger
cds	no	onverdraaglijke
ddp	yes	stoethaspel
cds	no	weetniet
ddp	yes	sul
ps	yes	domoor
svp	no	luiaard
or	no	ezel
cds	no	zakkenwasser
pr	no	tippelprostitutie
an	no	stomkop
cds	no	leegloper
cds	no	oudwijf
an	no	vallen guy
an	no	sukkel
cds	no	eigenliefde
qas	no	verkloten
asm	no	naaien
dmc	yes	goof-off
asf	no	goedgelovige
rci	yes	barbaarse
ps	yes	imbeciel
asf	no	sul
ddp	yes	verstandeloos
ddp	yes	klojo
ddp	yes	blunderaar
cds	no	computer nerd
or	no	stommerd
or	no	kuiken
ddp	yes	lastpost
or	no	steenezel
qas	no	barbaars
qas	no	verwarren
ddp	yes	axiometer
cds	no	gannef
cds	no	amateur
asf	no	cretin
an	no	onbekwaam
an	no	pens
ps	yes	eend
cds	no	pandoer
cds	no	italiaanse maffia
an	no	zooerastia
ps	yes	eendenkuiken
dmc	yes	jokkebrok
cds	no	verwerpen
ddp	yes	onwetende
ddp	yes	kinderkaartspel
ddp	yes	kwebbel
cds	no	kloris
svp	no	strijdlustig
cds	no	mug
an	no	hansworst
ddp	yes	janhagel
pa	yes	kinkel
cds	no	vagebond
svp	no	arrogant
an	no	eikel
asf	no	jojo
ddp	yes	appelflap
asf	no	onbenul
dmc	yes	schandelijk
an	no	kwezel
asf	no	malloot
or	no	homo's
qas	no	klungel
dmc	yes	vals
dmc	yes	provinciaal
ps	yes	nitwit
cds	no	tuut
dmc	yes	galgenaas
or	no	kloris
cds	no	mafkees
dmc	yes	spitsboef
ps	yes	raudauwer
pr	no	sportieve dame
cds	no	slechterik
asm	no	ei
cds	no	boerenkinkel
re	no	schuldig
pr	no	onzin
or	no	uil
or	no	utrechtenaar
cds	no	bietser
an	no	kinderkaartspel
or	no	homobeweging
ddp	yes	zooerastia
cds	no	mafia
cds	no	lulletje
an	no	mini-
an	no	dumbass
ddp	yes	dier
an	no	temeier
cds	no	hovaardij
an	no	straatmeid
pr	no	helleveeg
dmc	yes	bekrompen
dmc	yes	zwendelaar
asm	no	slapen met
dmc	yes	boosdoener
dmc	yes	botterik
ddp	yes	uilebal
asm	no	sufkut
dmc	yes	zondig
pa	yes	boerenkaffer
an	no	profiteur
cds	no	dwaas
an	no	sufkut
dmc	yes	no-rekening
cds	no	blunderer
an	no	vetzak
ddp	yes	hals
qas	no	klaploper
cds	no	beestenboel
asf	no	druiloor
pa	yes	barbaar
is	yes	gierig
an	no	fatale vrouw
cds	no	schorremorrie
cds	no	snuffelen
svp	no	trots
cds	no	hosselen
dmc	yes	leugenaar
an	no	schijtebroek
ps	yes	roetmop
re	no	slechterik
cds	no	zeur
dmc	yes	klungelaar
dmc	yes	schijnheilige
an	no	bangebroek
cds	no	blunderaar
ddp	yes	simpel
qas	no	lomperik
svp	no	futiliteit
dmc	yes	vagebond
asm	no	pisser
cds	no	kankerlijer
asm	no	jacking off
dmc	yes	luierik
cds	no	glimmerik
cds	no	schoolmeester
ps	yes	plomperd
dmc	yes	pseudo
ddp	yes	cretin
dmc	yes	churl
an	no	duitendief
qas	no	weerhaan
or	no	appelflap
cds	no	uitvreter
svp	no	gulzig
ddp	yes	kakadoris
cds	no	pimp
qas	no	boerenhufter
cds	no	leugentje om bestwil
ddp	yes	boerenpummel
pr	no	hip
an	no	lichtekooi
ps	yes	mongoloïde ras
ddp	yes	domoor
cds	no	luierik
svp	no	krentenkakker
ps	yes	krankzinnige
asm	no	goedgelovigheid
dmc	yes	heikneuter
cds	no	plomperd
ps	yes	halfbloed
qas	no	proleet
svp	no	arrogantie
qas	no	verprutsen
cds	no	maffia
asf	no	geesteszieke
an	no	beestachtig
om	no	sodemiet
cds	no	jankerd
is	yes	zielig
ddp	yes	druiloor
cds	no	snoodaard
svp	no	hovaardij
dmc	yes	onbetamelijk
an	no	schurk
asm	no	jongeheer
an	no	snol
cds	no	snob
svp	no	krent
ddp	yes	zwakhoofdig
cds	no	kippenvlees
dmc	yes	ongehoord
dmc	yes	hooimold
dmc	yes	fraudeur
qas	no	versjteren
asm	no	kuiken
ddp	yes	bedrogene
qas	no	grobbejanus
an	no	taddik
pa	yes	rouwdouwer
ps	yes	oliebol
qas	no	verknallen
an	no	soft touch
or	no	kutje
ddp	yes	sekreet
om	no	sodemieter
ps	yes	dombo
an	no	achterlijke
ddp	yes	verlinker
svp	no	overbodigheid
an	no	kankerwijf
is	yes	sneu
cds	no	groene
asm	no	hand job
cds	no	moraliseren
cds	no	know-it-all
svp	no	hautain
asf	no	kwibus
an	no	gespuis
ps	yes	nikker
asf	no	dumbass
ddp	yes	gossiper
or	no	homo
ddp	yes	knucklehead
cds	no	politieagente
om	no	poot
an	no	onbenul
cds	no	verachtelijk
an	no	druiloor
cds	no	lafhartig
qas	no	plebejer
an	no	krenterig
qas	no	lomperd
asm	no	flouter
rci	yes	woudezel
cds	no	leeghoofd
dmc	yes	mystificatie
cds	no	softie
ddp	yes	oenig
ddp	yes	hoerenjong
qas	no	ruimen
cds	no	pocher
svp	no	fanaticus
ddp	yes	barbaar
dmc	yes	kwaad
om	no	holtor
cds	no	kwajongen
dmc	yes	misleidende
svp	no	smulpaap
dmc	yes	gannef
asf	no	stommerik
ps	yes	weetniet
cds	no	hybris
ddf	yes	jammer
cds	no	vuile hond
dmc	yes	tragische slechterik
asf	no	muis
cds	no	straatbende
cds	no	fasciste
or	no	trut
an	no	domme koe
svp	no	driftig
an	no	sufferd
cds	no	verbeelding
ddp	yes	kaffer
qas	no	verkankeren
cds	no	zondaar
dmc	yes	hobbezak
ddp	yes	vallen guy
is	yes	duitendief
cds	no	boerenlul
svp	no	onheus
dmc	yes	lijntrekker
dmc	yes	catastrofaal
cds	no	mogool
qas	no	dilettant
cds	no	boerenhufter
cds	no	kruimelaar
ps	yes	gek
or	no	simpele
re	no	date rape
qas	no	boerenpummmel
svp	no	vrek
cds	no	sluw
cds	no	stumper
or	no	onbenul
cds	no	bluffer
an	no	kutwijf
cds	no	wanker
cds	no	smeerkees
cds	no	domoor
ddp	yes	vuilak
an	no	bedrieger
cds	no	onwaarheid
pr	no	slet
svp	no	gierig
cds	no	teringlijder
or	no	domkop
cds	no	zemelap
ps	yes	ezel
qas	no	meeloper
an	no	ezel
qas	no	bumbler
an	no	dikkop
re	no	smaad
dmc	yes	woudezel
dmc	yes	barbaar
ddp	yes	gestoorde
cds	no	naarling
an	no	booswicht
cds	no	onverdraagzame
dmc	yes	kruimelaar
dmc	yes	plomperd
pr	no	prostituee
an	no	poot
cds	no	duivelse streek
asm	no	droplul
cds	no	vogelvrije
ddp	yes	ellendeling
asf	no	uilebal
an	no	rentboy
an	no	vamper
cds	no	straatbendes
cds	no	galgebrok
cds	no	kwibus
cds	no	jengel
an	no	mietje
ddp	yes	empirisme
cds	no	zwijnekeet
cds	no	ikzucht
asm	no	poepen
ps	yes	razend
ddp	yes	muttonhead
cds	no	rasploert
svp	no	gierigheid
cds	no	gauwdief
cds	no	dickhead
rci	yes	boerenkaffer
re	no	date-rape
rci	yes	boerenlul
or	no	druiloor
ps	yes	verspiller
cds	no	landloper
is	yes	bedelman
dmc	yes	grifter
dmc	yes	libertinisme
qas	no	verzieken
pr	no	poot
dmc	yes	voos
asf	no	oen
asm	no	jeerer
cds	no	egoïstisch
cds	no	kwartjesvinder
an	no	droplul
cds	no	gossiper
asm	no	bonzen
cds	no	plichtsverzaker
dmc	yes	fanaat
asf	no	babe
svp	no	intolerantie
svp	no	leegheid
ddp	yes	halvezool
asm	no	achterlijke
is	yes	gierigheid
cds	no	verteller
ddp	yes	hond
qas	no	janhagel
cds	no	zanikpot
or	no	onnozel persoon
an	no	steenezel
pa	yes	rouwdouw
qas	no	kladderaar
cds	no	arrogant
cds	no	barbaren
re	no	capo
ddf	yes	sneu
ps	yes	slungel
or	no	gleuf
ps	yes	nigra
asm	no	uilebal
dmc	yes	smeerpoets
cds	no	fanatisme
an	no	hazenhart
asf	no	vallen guy
ddp	yes	proleet
cds	no	egoïsme
asm	no	zultkop
svp	no	geërgerd
is	yes	vrek
an	no	vuilpoes
asf	no	brok
cds	no	duts
cds	no	puzzelaar
cds	no	tricker
ddp	yes	nieuwsjager
ddp	yes	onwetendheid
cds	no	zo-en-zo
pr	no	echtbreekster
cds	no	vlerk
an	no	treuzel
cds	no	geteisem qualifier
dmc	yes	nep
dmc	yes	gierig
dmc	yes	arme drommel
ps	yes	hork
dmc	yes	veinzaard
ps	yes	lomp iemand
cds	no	jokken
cds	no	kladschrijver
qas	no	onwaarheid
cds	no	klager
cds	no	eendenkuiken
ddf	yes	lilliputter
ddp	yes	jojo
asm	no	fucker
cds	no	git
cds	no	vogelvrij
is	yes	vrekkig
asm	no	sufkont
asm	no	mafkees
cds	no	aap
svp	no	aanmatiging
qas	no	vlegel
dmc	yes	plattelander
an	no	mafketel
cds	no	dweepzucht
qas	no	klungelaar
cds	no	onbescheidenheid
pa	yes	boer
cds	no	nymfomanie
an	no	vulgariteit
asm	no	nookie
asm	no	nitwit
ps	yes	dimwit
cds	no	voorstander
ps	yes	grobbejanus
cds	no	heet kompres
an	no	prickteaser
ddp	yes	boerenkinkel
cds	no	kelerelijer
or	no	dikkop
is	yes	snoodaard
cds	no	uitzuiger
cds	no	menigte
ddp	yes	schoelje
qas	no	verpesten
an	no	vrekkig
or	no	fuckhoofd
ps	yes	wisselaars
ddp	yes	folderol
an	no	oetlul
dmc	yes	laaghartig
pr	no	rentboy
svp	no	duitendief
cds	no	zaag
dmc	yes	vuilpoes
asm	no	f***
re	no	terroristisch oogmerk
dmc	yes	landloper
ps	yes	moron
cds	no	hoerenjong
svp	no	zelfvoldaanheid
asf	no	halvezool
ddp	yes	barbaars
an	no	ploert
re	no	roddelaar
dmc	yes	vrijgeest
an	no	gehaktbal
asm	no	kieren
ddp	yes	onbevoegde
cds	no	rakker
om	no	queer
cds	no	schijter
an	no	janhagel
cds	no	splashiness
or	no	dunce
pa	yes	boerenpummmel
cds	no	grobbejanus
ddp	yes	kankerlijer
pr	no	lichtekooi
ddp	yes	roddelaar
an	no	goorlap
dmc	yes	verrader
dmc	yes	sukkel
an	no	tippelaarster
asf	no	gleuf
cds	no	hooghartig
cds	no	boekenwurm
asm	no	roede
ddf	yes	lelijk
om	no	bruinwerker
pr	no	hoertje
cds	no	steenezel
cds	no	rotzak
ddp	yes	rund
cds	no	luilak
ps	yes	leeghoofd
cds	no	uil
or	no	geïnverteerde
pr	no	kreng
dmc	yes	sufferd
qas	no	roffelaar
cds	no	snoever
or	no	uilenbal
qas	no	hannesen
dmc	yes	draaikont
an	no	domme gans
cds	no	serpent
cds	no	toddik
ddp	yes	domme gans
asm	no	f bomb
dmc	yes	stank
an	no	gannef
svp	no	hooghartigheid
qas	no	rouwdouwer
an	no	modder
an	no	bietser
cds	no	aanwensel
asm	no	slurf
cds	no	eendvogel
an	no	stormen
an	no	simpele
cds	no	aanmatigend
cds	no	slimmerd
cds	no	geslepen
cds	no	krachtmens
cds	no	rookie
ps	yes	mesties
cds	no	domkop
re	no	geklets
ddp	yes	onbenullig
cds	no	broekje
ddp	yes	stumper
ddp	yes	etter
ps	yes	uilebal
cds	no	miesgasser
ddp	yes	schijt-voor-hersenen
cds	no	bikker
asm	no	f-bomb
dmc	yes	leegloper
asm	no	dombo
cds	no	clochard
or	no	nicht
ps	yes	gestoorde
cds	no	kaper
cds	no	kattekwaad
ps	yes	barbaren
cds	no	zeiksnor
cds	no	fascistische regime
ddp	yes	bal gehakt
dmc	yes	palurk
cds	no	klungelaar
cds	no	melkmuil
cds	no	kwal
ddp	yes	aangever
dmc	yes	vies ruikend
an	no	dwaas
cds	no	kattenkwaad-making
an	no	galgebrok
asm	no	fucked
asm	no	hals
svp	no	goof-off
cds	no	moneylending
cds	no	trots
om	no	homo
an	no	toddik
ddp	yes	wilde
cds	no	hondenlul
ddp	yes	lamstraal
cds	no	schoolma'am
asm	no	joystick
asf	no	mossel
asm	no	piechem
cds	no	slimmerik
asf	no	leeghoofd
asf	no	dombo
cds	no	lazerstraal
ps	yes	primitieveling
asf	no	snede
cds	no	rioolrat
cds	no	apenkop
svp	no	zeloot
re	no	diffamatie
ps	yes	druiloor
cds	no	agitator
cds	no	capo
cds	no	barbaar
cds	no	criminele bende
rci	yes	vlegel
re	no	terrorist
cds	no	dakloze
ps	yes	stommerd
ddp	yes	wisselkind
ddp	yes	drol
cds	no	zwijn
cds	no	doerak
asf	no	dommerik
ddp	yes	individu
ddp	yes	raudauwer
cds	no	pummel
cds	no	taddik
cds	no	spitsboef
an	no	diddly-shit
ddp	yes	hansworst
ddp	yes	doofus
ddp	yes	gespuis
or	no	leeghoofd
dmc	yes	barbaren
cds	no	slechte vis
dmc	yes	hongerlijder
an	no	spitsboef
an	no	zakkenwasser
ddp	yes	kuiken
an	no	flapdrol
cds	no	zeurpiet
cds	no	nitwit
cds	no	hansworst
asm	no	nooky
ddp	yes	kletsmajoor
cds	no	zeurkous
pr	no	karrenpaard
an	no	krentenweger
cds	no	eigenwaan
cds	no	kluns
cds	no	vuilnis
cds	no	paardelul
cds	no	nympho
cds	no	hongerlijder
cds	no	hufter
ps	yes	stomkop
ps	yes	vernielal
cds	no	onderkruipsel
ps	yes	uil
dmc	yes	viespeuk
cds	no	geestdrijverij
ps	yes	boerenkaffer
qas	no	verbruien
svp	no	superbia
re	no	terreurbeweging
cds	no	bangebroek
ddp	yes	lijpo
asf	no	flapdrol
ddp	yes	palurk
cds	no	donderstraal
dmc	yes	gewetenloos
re	no	terroristische daad
asf	no	kloris
cds	no	haasvreter
ddp	yes	beestachtig
an	no	goedzak
dmc	yes	barbaarse
qas	no	boerenpummel
asf	no	bal gehakt
dmc	yes	bedrog
cds	no	zak
is	yes	vagebond
asf	no	trut
qas	no	onruststoker
or	no	kalf
an	no	galgeaas
or	no	idioot
cds	no	brutale aap
svp	no	wellustig
ps	yes	krauthead
pa	yes	vlegel
ddp	yes	saphead
cds	no	bende
cds	no	idioot
qas	no	gespuis
re	no	maligner
ddp	yes	onverlaat
cds	no	onverlaat
cds	no	stomkop
asm	no	twirp
or	no	sodemieter
svp	no	eergevoel
asm	no	fuck all
svp	no	korzelig
qas	no	zielig
cds	no	impertinentie
asf	no	moroon
cds	no	hubris
cds	no	pool hosselen
ps	yes	kaffer
asm	no	fluit
cds	no	arme drommel
dmc	yes	zedenbederver
qas	no	amateurisme
cds	no	windzak
cds	no	ellendeling
qas	no	kladschilder
ps	yes	wisselbalg
cds	no	bangerd
an	no	leeghoofd
ddp	yes	sulligheid
cds	no	geniepig
cds	no	kapsones
qas	no	grote leugen
or	no	uilebal
dmc	yes	verdorven
cds	no	hooghartigheid
asm	no	mafkikker
pa	yes	boerenkarhengst
ps	yes	boerenhufter
cds	no	kruiper
qas	no	zwerver
asm	no	rampetampen
dmc	yes	onbeleefdheid
pr	no	gondel
ps	yes	boerenkarhengst
cds	no	polyhistor
cds	no	kwakzalver
ddp	yes	gek
ps	yes	half-kaste
dmc	yes	verraadster
ddp	yes	boerenhufter
dmc	yes	rouwdouwer
ddf	yes	onvoldoende
cds	no	zageman
asm	no	eikel
ddp	yes	primitieveling
asm	no	oen
dmc	yes	verfoeilijk
cds	no	inbeelding
cds	no	onderwijzeres
ps	yes	kloris
cds	no	mietje
dmc	yes	bumbler
cds	no	dreutel
ddp	yes	afgestompt
or	no	poesje
cds	no	fumbler
svp	no	inertie
pa	yes	heikneuter
cds	no	klabak
cds	no	mystifier
pr	no	minnares
pa	yes	botterik
rci	yes	rouwdouwer
cds	no	meute
asm	no	stoorzender
cds	no	zelfgenoegzaamheid
asm	no	goedgelovige
asm	no	mannelijkheid
cds	no	teringzooi
qas	no	verhaspelen
an	no	labbekak
cds	no	scum bag
qas	no	barbaar
an	no	huur jongen
is	yes	schurk
asf	no	soft touch
cds	no	lul
ps	yes	droplul
or	no	domme gans
ddp	yes	onintelligent
ddp	yes	weet niets
an	no	zoöfilie
asf	no	jan-van-gent
ddp	yes	stommeling
cds	no	leugen
cds	no	nieuwtjesjager
cds	no	grappenmaker
cds	no	boerenpummel
cds	no	ijdelheid
cds	no	lafheid
or	no	holebi
svp	no	prikkelbaar
ddp	yes	zot
asm	no	eend
cds	no	hork
an	no	schorremorrie
ps	yes	boerenpummel
ddp	yes	fuckhoofd
cds	no	smeris
or	no	poes
dmc	yes	zeloot
asm	no	kezen
cds	no	kwezel
or	no	klootzak
svp	no	eter
ddp	yes	pudden-head
cds	no	pandar
ddp	yes	plurk
re	no	boef
asm	no	sufferd
ddp	yes	sufkont
qas	no	woelgeest
asm	no	domheid
ddp	yes	steenezel
cds	no	zwakkeling
re	no	kwaadsprekerij
cds	no	preken
asf	no	gek
svp	no	rooflust
svp	no	arogant
cds	no	kaffer
an	no	onnozel persoon
svp	no	wraakzuchtig
ddp	yes	hersenloos
cds	no	shit
cds	no	rommelzooi
cds	no	brutaaltje
cds	no	verklikker
asm	no	dimwit
cds	no	prutsding
an	no	kakkebroek
ps	yes	jojo
cds	no	plebejer
rci	yes	churl
dmc	yes	trickster
cds	no	geldschieters
rci	yes	wilde
cds	no	herrie
ddp	yes	dom persoon
dmc	yes	plichtsverzaker
cds	no	slapjanus
pr	no	callgirl
ps	yes	sufkont
rci	yes	boerenkinkel
cds	no	bandieten
cds	no	druif
svp	no	fier
pr	no	vrouw van lichte zeden
an	no	zwijn
cds	no	sentimenteel gedoe
an	no	onverbiddelijkheid
or	no	bruinwerker
asm	no	fuck
cds	no	goedgelovige
an	no	gierigaard
ddp	yes	flauwekul
cds	no	schroot
cds	no	zwijnezooi
cds	no	starheid
cds	no	lijntrekker
ddp	yes	fumbler
asm	no	kalfskop
ddp	yes	ezel
asm	no	weetniet
ddp	yes	moederneuker
ps	yes	stommeling
asf	no	ezelsveulen
cds	no	drol
cds	no	lafaard
asm	no	halvezool
cds	no	weisenheimer
qas	no	paniekzaaier
dmc	yes	nietsdoener
cds	no	bengel
dmc	yes	viezerik
qas	no	palurk
qas	no	liegen
ddp	yes	onverstandige
is	yes	schraper
asm	no	homp
is	yes	krent
cds	no	chiseller
qas	no	boerenkaffer
cds	no	maffioso
ps	yes	debiel
ps	yes	kraut
ddp	yes	kwezel
dmc	yes	oplichter
re	no	bedrieger
an	no	ferociousness
dmc	yes	chawbacon
cds	no	prul
ddp	yes	loeder
svp	no	geërgerde
an	no	geteisem qualifier
cds	no	nieuweling
dmc	yes	goed-voor-niets
dmc	yes	hufter
or	no	mietje
cds	no	fanaticus
ddp	yes	geesteszieke
ddp	yes	bullshit
svp	no	roofzucht
rci	yes	primitieveling
or	no	flikker
cds	no	vallen guy
dmc	yes	simpele ziel
svp	no	kribbig
an	no	luiaard
ddp	yes	vlegel
dmc	yes	lomperik
asf	no	sufferd
ps	yes	mongoolse ras
ddp	yes	beunhaas
svp	no	hebzuchtig
cds	no	lomperik
cds	no	rukker
cds	no	steekneus
svp	no	niggardness
ddp	yes	domkop
cds	no	lapzwans
re	no	rapist
dmc	yes	afgevallene
dmc	yes	duts
cds	no	schijthuis
pr	no	deerne
cds	no	slimheid
cds	no	doetje
asf	no	pruim
cds	no	fascisme
an	no	rapalje
dmc	yes	oneerlijk
svp	no	eigendunk
cds	no	warboel
asm	no	imbeciel
cds	no	cosa nostra
asm	no	nietsnut
cds	no	grote leugen
cds	no	liegen
pr	no	wetsvoorstel strafbaarstelling misbruik prostituees die slachtoffer zijn van mensenhandel
cds	no	hoerenbaas
ps	yes	koe
cds	no	schaapskop
cds	no	mafioso
cds	no	dombo
ddp	yes	onbekwaam
ddp	yes	etterbak
dmc	yes	renegaat
ps	yes	mongolide
an	no	vuilik
cds	no	zwijneboel
asf	no	mafkees
re	no	terreurnetwerk
ddp	yes	lichtgelovig
ddp	yes	knoeier
ddp	yes	roffelaar
dmc	yes	zo-en-zo
or	no	stomkop
ddp	yes	soft touch
ddp	yes	twaddler
cds	no	domme gans
ps	yes	domme gans
cds	no	ploert
an	no	slet
ddp	yes	sufkop
asf	no	mongool
asf	no	koe
asf	no	moron
pr	no	maîtresse
pa	yes	primitieveling
cds	no	vast stedelijk afval
ddp	yes	woudezel
asf	no	flamoes
svp	no	luilak
or	no	sufferd
ddp	yes	wild dier
asf	no	eikel
cds	no	veelweter
pa	yes	pummel
or	no	dombo
dmc	yes	lummel
cds	no	gewichtigheid
an	no	uilenbal
cds	no	woekeraar
ddp	yes	lulhannes
an	no	klootzak
an	no	mafkikker
ddp	yes	barbaarse
cds	no	etterbak
dmc	yes	luilak
cds	no	leep
cds	no	operator
cds	no	practical joker
or	no	nance
ddp	yes	gehaktbal
pr	no	tippelen
dmc	yes	rouwdouw
or	no	poove
dmc	yes	scum bag
asm	no	malloot
ddp	yes	bumbler
an	no	krentenkakker
svp	no	amour propre
re	no	daad van terrorisme
cds	no	individu
svp	no	haatdragend
dmc	yes	roffelaar
qas	no	rouwdouw
ps	yes	darkie
or	no	slechte vis
pr	no	huur jongens
pr	no	slons
ddf	yes	nanus
an	no	ruwheid
is	yes	armoedzaaier
cds	no	hoerenloper
asm	no	stuk van de staart
qas	no	jaknikker
cds	no	dondersteen
or	no	spleet
cds	no	slons
svp	no	hovaardigheid
asm	no	bedvogelen
ddp	yes	sycofant
qas	no	blunderaar
asf	no	vertragen
cds	no	nieuwkomer
asm	no	appelflap
an	no	dakloze
an	no	koe
cds	no	vuilik
an	no	treuzelachtig
svp	no	luierik
ddp	yes	gemenerik
ddp	yes	reet
cds	no	boerenkaffer
cds	no	sul
an	no	hoer
dmc	yes	goorlap
pr	no	prostituée
cds	no	plurk
dmc	yes	desastreus
qas	no	churl
cds	no	corrupt
or	no	drol
or	no	vagina
asm	no	stomkop
dmc	yes	raudauwer
an	no	bangeschijter
ddp	yes	meeuw
cds	no	tragische slechterik
is	yes	krentenweger
cds	no	demagogische
cds	no	jeugdbende
qas	no	steuntrekker
qas	no	bederven
cds	no	problematiek
cds	no	amour propre
re	no	rover
cds	no	wilde
cds	no	mafkikker
asm	no	bal gehakt
asf	no	rund
re	no	zwartmakerij
an	no	domkop
cds	no	overmoed
asm	no	f*ck
ddp	yes	bot
dmc	yes	kniezen
ddp	yes	ploert
cds	no	handlangers
svp	no	furie
or	no	snee
qas	no	herrieschopper
pa	yes	plebejer
asm	no	jan-van-gent
ddp	yes	rumourmonger
ddp	yes	ettertje
cds	no	fascistische
re	no	kwatongerij
ddp	yes	hufter
svp	no	gourmandizer
asf	no	pop
ddp	yes	vrek
dmc	yes	slackers
cds	no	booswicht
cds	no	jacking off
pr	no	straatmeid
ddp	yes	klootspiraal
dmc	yes	trifler
svp	no	aanmatigend
ddp	yes	leuteraar
an	no	diddly
dmc	yes	galgeaas
asm	no	rund
ddf	yes	onderkruipsel
cds	no	jammeraar
ddp	yes	informant
pr	no	snol
an	no	woeden
rci	yes	raudauwer
cds	no	woudezel
an	no	schijter
asf	no	lijp
asm	no	idioot
dmc	yes	stinkt
an	no	goeierd
ddp	yes	homp
asf	no	oelewapper
asf	no	kalfskop
dmc	yes	lomperd
ps	yes	rund
cds	no	bloemzak
ddp	yes	suf
cds	no	debiel
cds	no	hoogmoed
ps	yes	heikneuter
cds	no	verslaafde
ddp	yes	kluns
asf	no	dunce
ddf	yes	onbevredigend
asf	no	eendvogel
asm	no	vallen guy
ps	yes	moroon
pr	no	moervos
ddp	yes	onkunde
dmc	yes	abject
om	no	homo-
om	no	gehandicapte
rci	yes	barbaren
qas	no	knoeier
asf	no	zultkop
dmc	yes	rakehell
cds	no	outlaw
re	no	terreurorganisatie
cds	no	galgeaas
an	no	schraper
cds	no	fanaat
asm	no	rammen
an	no	bloemzak
or	no	dommerik
an	no	internet hoax
asf	no	idioot
asf	no	simpele
asf	no	muttonhead
svp	no	plichtsverzaker
cds	no	onnozele bloed
an	no	flauwerik
qas	no	barbaren
svp	no	avaricieus
cds	no	wanorde
is	yes	bedelaar
asm	no	rollen in het hooi
cds	no	viezerik
an	no	hip
an	no	schaapskop
asm	no	wank
asf	no	lobbes
dmc	yes	onbeleefd
cds	no	hannes
dmc	yes	hobo
asm	no	spotter
asf	no	pussy
asm	no	oplichten
ddf	yes	kriel
ddp	yes	ferociousness
rci	yes	lomperik
asf	no	stoot
dmc	yes	zwijnjak
cds	no	ijveraar
cds	no	fascist
dmc	yes	immorele
cds	no	gangsterdom
asf	no	eend
ddp	yes	mafkikker
cds	no	cut-up
an	no	imbeciel
ps	yes	eikel
svp	no	dallier
or	no	veeleisend
ddp	yes	kletsmeier
dmc	yes	bedrieger
re	no	vilifier
cds	no	reptiel
dmc	yes	smeerkees
dmc	yes	galgebrok
ddf	yes	bedroevend
cds	no	wheeler-dealer
cds	no	omkoopbaarheid
dmc	yes	onfatsoenlijk
an	no	zwerver
ps	yes	soft touch
cds	no	sufferd
qas	no	agitator
qas	no	knoert
ddp	yes	nar
ddp	yes	ezelsveulen
cds	no	vuil
ddp	yes	plebejer
ddp	yes	lamzak
ddp	yes	geteisem qualifier
dmc	yes	gauwdief
asf	no	onnozele bloed
cds	no	lorejas
ddp	yes	gekheid
an	no	gondel
asm	no	vrijen
cds	no	fascism
rci	yes	barbaars
asf	no	dimwit
asm	no	paal
cds	no	probleem
cds	no	nietsdoener
an	no	verleidster
cds	no	nepper
an	no	dombo
dmc	yes	kaffer
asm	no	steenezel
asm	no	dommerik
dmc	yes	struikrover
cds	no	lafhartigheid
cds	no	simpele
dmc	yes	dilly-dallier
or	no	kwalitatief uitermate teleurstellend
asf	no	kwalitatief uitermate teleurstellend
ps	yes	waanzinnige
ps	yes	vlegel
ps	yes	goedgelovige
cds	no	sluwheid
cds	no	prutser
an	no	git
asm	no	rollebollen
ps	yes	wisselkind
an	no	homp
asf	no	kuiken
ddp	yes	charlatan
ddp	yes	pokkenlijder
an	no	karrenpaard
an	no	kalf
cds	no	pedant
om	no	nance
qas	no	provocateur
cds	no	woekerrente
or	no	ezelsveulen
or	no	onnozele bloed
ddp	yes	zultkop
or	no	poot
cds	no	politievrouw
re	no	schurk
asm	no	pompen
cds	no	barbaarse
qas	no	schooien
ps	yes	meeuw
ddp	yes	gossipmonger
ddp	yes	twirp
cds	no	hovaardigheid
cds	no	churl
ps	yes	rouwdouwer
ddp	yes	achterlijke
ddp	yes	plomperd
cds	no	etter
cds	no	literaire hack
cds	no	zoetje
asm	no	koe
cds	no	handlanger
pr	no	commerciële seksuele
asf	no	drol
cds	no	snood
cds	no	minkukel
cds	no	geraffineerd
ps	yes	schaapskop
svp	no	eigenwaan
ps	yes	neger
dmc	yes	taddik
asm	no	snikkel
cds	no	slordig persoon
re	no	terrorisme
ddp	yes	slechte vis
ddp	yes	uilskuiken
cds	no	kapoen
ps	yes	steenezel
om	no	flikker
cds	no	flapuit
cds	no	sufferig
om	no	sentimenteel gedoe
qas	no	verbrodden
cds	no	goedzak
qas	no	landloper
or	no	kaffer
cds	no	superbia
cds	no	gepeupel
ddp	yes	goedgelovig
svp	no	hooghartig
asf	no	vaginale
ps	yes	nigger
ddp	yes	krankzinnige
asm	no	batsen
svp	no	inhalig
cds	no	imbeciel
svp	no	no-rekening
asf	no	uil
cds	no	prullenboel
asf	no	uilskuiken
re	no	schelm
qas	no	verbroddelen
ddp	yes	schaapskop
cds	no	veeleisend
svp	no	ijdelheid
ps	yes	kleurling
re	no	gewelddadige verkrachting
an	no	inexorableness
ddp	yes	klootzak
dmc	yes	scammer
cds	no	pooiers
dmc	yes	hypocrisie
ddp	yes	kretijn
cds	no	schrijver
cds	no	tennef
dmc	yes	schurk
an	no	krentenpikker
om	no	reetkever
ps	yes	verkwister
ddp	yes	heikneuter
cds	no	conformistische
cds	no	dom
an	no	saphead
ddp	yes	schorremorrie
asm	no	onbenul
cds	no	lamzak
cds	no	klootzak
cds	no	oplichter
qas	no	tuig
an	no	smeerlap
dmc	yes	chiseler
qas	no	verknollen
an	no	stommerd
qas	no	schorremorrie
asf	no	domoor
cds	no	wijsneus
pr	no	slak
cds	no	hobbezak
ps	yes	mongoloide
ddp	yes	lariekoek
re	no	verkrachter
cds	no	halvezool
ddp	yes	smeerlap
cds	no	dweper
ddp	yes	achtergebleven
dmc	yes	loiterer
qas	no	prul
svp	no	gorger
svp	no	tightfistedness
cds	no	groveler
dmc	yes	boerenlul
rci	yes	botterik
asm	no	fu
dmc	yes	onverdraagzame
qas	no	clochard
pr	no	losbandigheid
cds	no	ikzuchtig
cds	no	pretentieus
cds	no	uilskuiken
asf	no	sukkel
or	no	vreemd
dmc	yes	stinken
cds	no	stommerd
ps	yes	verbrasser
asm	no	knarren
cds	no	groentje
an	no	druif
re	no	terroristisch
pr	no	crack hoer
asf	no	eendenkuiken
or	no	eikel
ddp	yes	simpele
ddp	yes	lazerstraal
ps	yes	boerenkinkel
ddp	yes	sufkut
